step,wall_time_s,metric,value
0,45.545,eval/walltime,26.322917938232422
0,45.545,eval/episode_reward,419.6995544433594
0,45.545,eval/episode_reward/ctrl,-0.23841971158981323
0,45.545,eval/episode_reward/forward,618.2457885742188
0,45.545,eval/episode_reward/joint,-0.1152627244591713
0,45.545,eval/episode_reward/orient,-198.19265747070312
0,45.545,eval/episode_reward/total,419.6995544433594
0,45.545,eval/episode_state/forward_vel,-0.2937047481536865
0,45.545,eval/episode_state/up_z,679.7809448242188
0,45.545,eval/episode_reward_std,617.1638793945312
0,45.545,eval/episode_reward/ctrl_std,0.0032612138893455267
0,45.545,eval/episode_reward/forward_std,24.641977310180664
0,45.545,eval/episode_reward/joint_std,0.005341093521565199
0,45.545,eval/episode_reward/orient_std,624.9583740234375
0,45.545,eval/episode_reward/total_std,617.1638793945312
0,45.545,eval/episode_state/forward_vel_std,20.993783950805664
0,45.545,eval/episode_state/up_z_std,281.69403076171875
0,45.545,eval/avg_episode_length,1000.0
0,45.545,eval/std_episode_length,0.0
0,45.545,eval/epoch_eval_time,26.322917938232422
0,45.545,eval/sps,1215.6706971122667
1048576,143.900,episode/sps,7781.189020512397
1048576,143.900,episode/length,1000.0
1048576,143.900,episode/reward/ctrl,-0.23736731231212616
1048576,143.900,episode/reward/forward,622.2361456298828
1048576,143.900,episode/reward/joint,-0.11466307535767556
1048576,143.900,episode/reward/orient,-523.5606173324585
1048576,143.900,episode/reward/total,98.32355621337891
1048576,143.900,episode/state/forward_vel,1.6933445173501969
1048576,143.900,episode/state/up_z,528.5829578113556
1048576,143.900,episode/sum_reward,98.32355621337891
1048576,143.900,episode/entropy_loss,-0.11489681303501129
1048576,143.900,episode/kl_mean,2.989140019416809
1048576,143.900,episode/learning_rate,0.0003000000142492354
1048576,143.900,episode/policy_dist_max_loc,1.1614161950349808
1048576,143.900,episode/policy_dist_max_std,1.396325603723526
1048576,143.900,episode/policy_dist_mean_loc,0.00548366126138717
1048576,143.900,episode/policy_dist_mean_std,0.6947351396083832
1048576,143.900,episode/policy_dist_min_loc,-1.131143484711647
1048576,143.900,episode/policy_dist_min_std,0.262916361540556
1048576,143.900,episode/policy_loss,0.2958384558558464
1048576,143.900,episode/total_loss,89.49870632171631
1048576,143.900,episode/v_loss,89.3177643585205
1048576,171.492,eval/walltime,53.712867736816406
1048576,171.492,training/sps,10672.079320227864
1048576,171.492,training/walltime,98.25414228439331
1048576,171.492,training/entropy_loss,-0.11492444574832916
1048576,171.492,training/kl_mean,3.0187158584594727
1048576,171.492,training/learning_rate,0.0003000000142492354
1048576,171.492,training/policy_dist_max_loc,1.1682794094085693
1048576,171.492,training/policy_dist_max_std,1.3856096267700195
1048576,171.492,training/policy_dist_mean_loc,0.005696119274944067
1048576,171.492,training/policy_dist_mean_std,0.6944220662117004
1048576,171.492,training/policy_dist_min_loc,-1.1319725513458252
1048576,171.492,training/policy_dist_min_std,0.25983867049217224
1048576,171.492,training/policy_loss,0.30036985874176025
1048576,171.492,training/total_loss,86.48635864257812
1048576,171.492,training/v_loss,86.30091094970703
1048576,171.492,eval/episode_reward,337.1153564453125
1048576,171.492,eval/episode_reward/ctrl,-0.2249930500984192
1048576,171.492,eval/episode_reward/forward,612.4601440429688
1048576,171.492,eval/episode_reward/joint,-0.08409114181995392
1048576,171.492,eval/episode_reward/orient,-275.03570556640625
1048576,171.492,eval/episode_reward/total,337.1153564453125
1048576,171.492,eval/episode_state/forward_vel,-4.5844645500183105
1048576,171.492,eval/episode_state/up_z,617.7315673828125
1048576,171.492,eval/episode_reward_std,654.3944702148438
1048576,171.492,eval/episode_reward/ctrl_std,0.002557596657425165
1048576,171.492,eval/episode_reward/forward_std,20.01373863220215
1048576,171.492,eval/episode_reward/joint_std,0.00831952877342701
1048576,171.492,eval/episode_reward/orient_std,650.781005859375
1048576,171.492,eval/episode_reward/total_std,654.3944702148438
1048576,171.492,eval/episode_state/forward_vel_std,16.482582092285156
1048576,171.492,eval/episode_state/up_z_std,302.1401672363281
1048576,171.492,eval/avg_episode_length,1000.0
1048576,171.492,eval/std_episode_length,0.0
1048576,171.492,eval/epoch_eval_time,27.389949798583984
1048576,171.492,eval/sps,1168.311743369984
2097152,256.208,episode/sps,9336.676983307649
2097152,256.208,episode/length,1000.0
2097152,256.208,episode/reward/ctrl,-0.22556240797042848
2097152,256.208,episode/reward/forward,616.9303540039062
2097152,256.208,episode/reward/joint,-0.08413836739957332
2097152,256.208,episode/reward/orient,-496.5593971633911
2097152,256.208,episode/reward/total,120.06122787475586
2097152,256.208,episode/state/forward_vel,-0.6795089261233807
2097152,256.208,episode/state/up_z,517.1336573028565
2097152,256.208,episode/sum_reward,120.06122787475586
2097152,256.208,episode/entropy_loss,-0.11246615253388882
2097152,256.208,episode/kl_mean,0.30672495618462564
2097152,256.208,episode/learning_rate,0.0003000000142492354
2097152,256.208,episode/policy_dist_max_loc,1.0457741051912308
2097152,256.208,episode/policy_dist_max_std,1.5381106841564178
2097152,256.208,episode/policy_dist_mean_loc,0.0003721669090737123
2097152,256.208,episode/policy_dist_mean_std,0.6955856746435165
2097152,256.208,episode/policy_dist_min_loc,-1.1227791368961335
2097152,256.208,episode/policy_dist_min_std,0.30987211883068083
2097152,256.208,episode/policy_loss,0.08786761857569218
2097152,256.208,episode/total_loss,74.82417659759521
2097152,256.208,episode/v_loss,74.84877479553222
2097152,265.949,eval/walltime,63.43940758705139
2097152,265.949,training/sps,12376.814390997464
2097152,265.949,training/walltime,182.97513484954834
2097152,265.949,training/entropy_loss,-0.11281096935272217
2097152,265.949,training/kl_mean,0.3465918302536011
2097152,265.949,training/learning_rate,0.0003000000142492354
2097152,265.949,training/policy_dist_max_loc,1.0002983808517456
2097152,265.949,training/policy_dist_max_std,1.4807548522949219
2097152,265.949,training/policy_dist_mean_loc,0.0012071453966200352
2097152,265.949,training/policy_dist_mean_std,0.6953012943267822
2097152,265.949,training/policy_dist_min_loc,-1.0843162536621094
2097152,265.949,training/policy_dist_min_std,0.3200565576553345
2097152,265.949,training/policy_loss,0.09545955061912537
2097152,265.949,training/total_loss,75.5609130859375
2097152,265.949,training/v_loss,75.57826232910156
2097152,265.949,eval/episode_reward,158.43798828125
2097152,265.949,eval/episode_reward/ctrl,-0.22575291991233826
2097152,265.949,eval/episode_reward/forward,620.71484375
2097152,265.949,eval/episode_reward/joint,-0.08629512786865234
2097152,265.949,eval/episode_reward/orient,-461.9646301269531
2097152,265.949,eval/episode_reward/total,158.43798828125
2097152,265.949,eval/episode_state/forward_vel,2.314621925354004
2097152,265.949,eval/episode_state/up_z,520.4346923828125
2097152,265.949,eval/episode_reward_std,961.2322998046875
2097152,265.949,eval/episode_reward/ctrl_std,0.00409700395539403
2097152,265.949,eval/episode_reward/forward_std,20.840763092041016
2097152,265.949,eval/episode_reward/joint_std,0.01426901575177908
2097152,265.949,eval/episode_reward/orient_std,957.4663696289062
2097152,265.949,eval/episode_reward/total_std,961.2322998046875
2097152,265.949,eval/episode_state/forward_vel_std,18.012134552001953
2097152,265.949,eval/episode_state/up_z_std,435.17547607421875
2097152,265.949,eval/avg_episode_length,1000.0
2097152,265.949,eval/std_episode_length,0.0
2097152,265.949,eval/epoch_eval_time,9.726539850234985
2097152,265.949,eval/sps,3289.9675005420254
3145728,340.778,episode/sps,12398.787679163357
3145728,340.778,episode/length,1000.0
3145728,340.778,episode/reward/ctrl,-0.22553542837500573
3145728,340.778,episode/reward/forward,618.8698071289062
3145728,340.778,episode/reward/joint,-0.08671443641185761
3145728,340.778,episode/reward/orient,-552.1250609588623
3145728,340.778,episode/reward/total,66.43247459411621
3145728,340.778,episode/state/forward_vel,0.35264495193958284
3145728,340.778,episode/state/up_z,480.54420516967775
3145728,340.778,episode/sum_reward,66.43247459411621
3145728,340.778,episode/entropy_loss,-0.10797536492347717
3145728,340.778,episode/kl_mean,0.006937638213858008
3145728,340.778,episode/learning_rate,0.0003000000142492354
3145728,340.778,episode/policy_dist_max_loc,1.4479283571243287
3145728,340.778,episode/policy_dist_max_std,2.286466975212097
3145728,340.778,episode/policy_dist_mean_loc,-0.010961820837110281
3145728,340.778,episode/policy_dist_mean_std,0.696666334271431
3145728,340.778,episode/policy_dist_min_loc,-1.707071954011917
3145728,340.778,episode/policy_dist_min_std,0.18685528844594956
3145728,340.778,episode/policy_loss,-0.0020503587284474633
3145728,340.778,episode/total_loss,70.75903293609619
3145728,340.778,episode/v_loss,70.86905857086181
3145728,350.516,eval/walltime,73.16295433044434
3145728,350.516,training/sps,14011.841604859477
3145728,350.516,training/walltime,257.81012296676636
3145728,350.516,training/entropy_loss,-0.10830994695425034
3145728,350.516,training/kl_mean,0.011295481584966183
3145728,350.516,training/learning_rate,0.0003000000142492354
3145728,350.516,training/policy_dist_max_loc,1.423490285873413
3145728,350.516,training/policy_dist_max_std,2.231511116027832
3145728,350.516,training/policy_dist_mean_loc,-0.009787882678210735
3145728,350.516,training/policy_dist_mean_std,0.6964883804321289
3145728,350.516,training/policy_dist_min_loc,-1.6651097536087036
3145728,350.516,training/policy_dist_min_std,0.1953752338886261
3145728,350.516,training/policy_loss,0.000846537877805531
3145728,350.516,training/total_loss,70.27742004394531
3145728,350.516,training/v_loss,70.38488006591797
3145728,350.516,eval/episode_reward,-15.10589599609375
3145728,350.516,eval/episode_reward/ctrl,-0.22490957379341125
3145728,350.516,eval/episode_reward/forward,616.4125366210938
3145728,350.516,eval/episode_reward/joint,-0.08686713874340057
3145728,350.516,eval/episode_reward/orient,-631.206298828125
3145728,350.516,eval/episode_reward/total,-15.10589599609375
3145728,350.516,eval/episode_state/forward_vel,-1.585267186164856
3145728,350.516,eval/episode_state/up_z,435.5596923828125
3145728,350.516,eval/episode_reward_std,1104.1666259765625
3145728,350.516,eval/episode_reward/ctrl_std,0.002817226108163595
3145728,350.516,eval/episode_reward/forward_std,25.269973754882812
3145728,350.516,eval/episode_reward/joint_std,0.012140973471105099
3145728,350.516,eval/episode_reward/orient_std,1100.2193603515625
3145728,350.516,eval/episode_reward/total_std,1104.1666259765625
3145728,350.516,eval/episode_state/forward_vel_std,22.087905883789062
3145728,350.516,eval/episode_state/up_z_std,507.7218017578125
3145728,350.516,eval/avg_episode_length,1000.0
3145728,350.516,eval/std_episode_length,0.0
3145728,350.516,eval/epoch_eval_time,9.723546743392944
3145728,350.516,eval/sps,3290.980219922704
4194304,425.568,episode/sps,12366.757082841248
4194304,425.568,episode/length,1000.0
4194304,425.568,episode/reward/ctrl,-0.22588603511452676
4194304,425.568,episode/reward/forward,617.4374322509766
4194304,425.568,episode/reward/joint,-0.08937370605766773
4194304,425.568,episode/reward/orient,-453.0077618789673
4194304,425.568,episode/reward/total,164.11440467834473
4194304,425.568,episode/state/forward_vel,-0.8469601929187774
4194304,425.568,episode/state/up_z,522.5328518676757
4194304,425.568,episode/sum_reward,164.11440467834473
4194304,425.568,episode/entropy_loss,-0.10721311651170254
4194304,425.568,episode/kl_mean,0.0043114192923530935
4194304,425.568,episode/learning_rate,0.0003000000142492354
4194304,425.568,episode/policy_dist_max_loc,1.4837160623073578
4194304,425.568,episode/policy_dist_max_std,2.360466424226761
4194304,425.568,episode/policy_dist_mean_loc,-0.016970460368320346
4194304,425.568,episode/policy_dist_mean_std,0.6959457886219025
4194304,425.568,episode/policy_dist_min_loc,-1.7961349487304688
4194304,425.568,episode/policy_dist_min_std,0.1671718966960907
4194304,425.568,episode/policy_loss,-0.0023737251665443184
4194304,425.568,episode/total_loss,69.17689998626709
4194304,425.568,episode/v_loss,69.28648693084716
4194304,435.430,eval/walltime,83.0092601776123
4194304,435.430,training/sps,13970.283130472282
4194304,435.430,training/walltime,332.867728471756
4194304,435.430,training/entropy_loss,-0.1073341816663742
4194304,435.430,training/kl_mean,0.005001547746360302
4194304,435.430,training/learning_rate,0.0003000000142492354
4194304,435.430,training/policy_dist_max_loc,1.4773883819580078
4194304,435.430,training/policy_dist_max_std,2.3364920616149902
4194304,435.430,training/policy_dist_mean_loc,-0.0161980502307415
4194304,435.430,training/policy_dist_mean_std,0.69582200050354
4194304,435.430,training/policy_dist_min_loc,-1.7853806018829346
4194304,435.430,training/policy_dist_min_std,0.16896013915538788
4194304,435.430,training/policy_loss,-0.001422520144842565
4194304,435.430,training/total_loss,68.4606704711914
4194304,435.430,training/v_loss,68.56942749023438
4194304,435.430,eval/episode_reward,-24.44189453125
4194304,435.430,eval/episode_reward/ctrl,-0.2272416651248932
4194304,435.430,eval/episode_reward/forward,611.4044189453125
4194304,435.430,eval/episode_reward/joint,-0.09501239657402039
4194304,435.430,eval/episode_reward/orient,-635.5244140625
4194304,435.430,eval/episode_reward/total,-24.44189453125
4194304,435.430,eval/episode_state/forward_vel,-6.233578681945801
4194304,435.430,eval/episode_state/up_z,437.4852294921875
4194304,435.430,eval/episode_reward_std,1154.4954833984375
4194304,435.430,eval/episode_reward/ctrl_std,0.004648149944841862
4194304,435.430,eval/episode_reward/forward_std,23.650171279907227
4194304,435.430,eval/episode_reward/joint_std,0.01476393360644579
4194304,435.430,eval/episode_reward/orient_std,1155.9283447265625
4194304,435.430,eval/episode_reward/total_std,1154.4954833984375
4194304,435.430,eval/episode_state/forward_vel_std,18.671916961669922
4194304,435.430,eval/episode_state/up_z_std,529.5092163085938
4194304,435.430,eval/avg_episode_length,1000.0
4194304,435.430,eval/std_episode_length,0.0
4194304,435.430,eval/epoch_eval_time,9.846305847167969
4194304,435.430,eval/sps,3249.949828564787
5242880,510.570,episode/sps,12335.914053085658
5242880,510.570,episode/length,1000.0
5242880,510.570,episode/reward/ctrl,-0.22635046109557153
5242880,510.570,episode/reward/forward,615.0325402832032
5242880,510.570,episode/reward/joint,-0.0943143093585968
5242880,510.570,episode/reward/orient,-462.78777603149416
5242880,510.570,episode/reward/total,151.92416788101195
5242880,510.570,episode/state/forward_vel,-2.9581026232987644
5242880,510.570,episode/state/up_z,510.05359039306643
5242880,510.570,episode/sum_reward,151.92416788101195
5242880,510.570,episode/entropy_loss,-0.10674427829682827
5242880,510.570,episode/kl_mean,0.004063073871657252
5242880,510.570,episode/learning_rate,0.0003000000142492354
5242880,510.570,episode/policy_dist_max_loc,1.4430181646347047
5242880,510.570,episode/policy_dist_max_std,2.411329927444458
5242880,510.570,episode/policy_dist_mean_loc,-0.02274036008864641
5242880,510.570,episode/policy_dist_mean_std,0.696002886891365
5242880,510.570,episode/policy_dist_min_loc,-1.788770534992218
5242880,510.570,episode/policy_dist_min_std,0.1569306145608425
5242880,510.570,episode/policy_loss,-0.002114871976955328
5242880,510.570,episode/total_loss,53.34841522216797
5242880,510.570,episode/v_loss,53.4572745513916
5242880,520.530,eval/walltime,92.95529365539551
5242880,520.530,training/sps,13953.939728539666
5242880,520.530,training/walltime,408.01324439048767
5242880,520.530,training/entropy_loss,-0.10678344964981079
5242880,520.530,training/kl_mean,0.004096555057913065
5242880,520.530,training/learning_rate,0.0003000000142492354
5242880,520.530,training/policy_dist_max_loc,1.448531150817871
5242880,520.530,training/policy_dist_max_std,2.4141201972961426
5242880,520.530,training/policy_dist_mean_loc,-0.022041628137230873
5242880,520.530,training/policy_dist_mean_std,0.6958396434783936
5242880,520.530,training/policy_dist_min_loc,-1.7870793342590332
5242880,520.530,training/policy_dist_min_std,0.15766119956970215
5242880,520.530,training/policy_loss,-0.0016124241519719362
5242880,520.530,training/total_loss,53.2451286315918
5242880,520.530,training/v_loss,53.35352325439453
5242880,520.530,eval/episode_reward,187.30442810058594
5242880,520.530,eval/episode_reward/ctrl,-0.2277383804321289
5242880,520.530,eval/episode_reward/forward,616.9945068359375
5242880,520.530,eval/episode_reward/joint,-0.0996699184179306
5242880,520.530,eval/episode_reward/orient,-429.36260986328125
5242880,520.530,eval/episode_reward/total,187.30442810058594
5242880,520.530,eval/episode_state/forward_vel,-2.121009349822998
5242880,520.530,eval/episode_state/up_z,503.5285949707031
5242880,520.530,eval/episode_reward_std,808.7774658203125
5242880,520.530,eval/episode_reward/ctrl_std,0.004412300884723663
5242880,520.530,eval/episode_reward/forward_std,24.301273345947266
5242880,520.530,eval/episode_reward/joint_std,0.01444239541888237
5242880,520.530,eval/episode_reward/orient_std,807.8262329101562
5242880,520.530,eval/episode_reward/total_std,808.7774658203125
5242880,520.530,eval/episode_state/forward_vel_std,20.389812469482422
5242880,520.530,eval/episode_state/up_z_std,375.0838317871094
5242880,520.530,eval/avg_episode_length,1000.0
5242880,520.530,eval/std_episode_length,0.0
5242880,520.530,eval/epoch_eval_time,9.946033477783203
5242880,520.530,eval/sps,3217.3629891232017
6291456,596.248,episode/sps,12238.606317065649
6291456,596.248,episode/length,1000.0
6291456,596.248,episode/reward/ctrl,-0.22729717969894409
6291456,596.248,episode/reward/forward,614.76876953125
6291456,596.248,episode/reward/joint,-0.09688328985124826
6291456,596.248,episode/reward/orient,-507.0509034729004
6291456,596.248,episode/reward/total,107.3937449645996
6291456,596.248,episode/state/forward_vel,-4.031388245224953
6291456,596.248,episode/state/up_z,469.23279962539675
6291456,596.248,episode/sum_reward,107.3937449645996
6291456,596.248,episode/entropy_loss,-0.10590573862195014
6291456,596.248,episode/kl_mean,0.003932808991521597
6291456,596.248,episode/learning_rate,0.0003000000142492354
6291456,596.248,episode/policy_dist_max_loc,1.432759897708893
6291456,596.248,episode/policy_dist_max_std,2.485257318019867
6291456,596.248,episode/policy_dist_mean_loc,-0.030032667461782694
6291456,596.248,episode/policy_dist_mean_std,0.696511197090149
6291456,596.248,episode/policy_dist_min_loc,-1.8654116666316987
6291456,596.248,episode/policy_dist_min_std,0.1467313577234745
6291456,596.248,episode/policy_loss,-0.0018743423093110323
6291456,596.248,episode/total_loss,49.269885597229006
6291456,596.248,episode/v_loss,49.37766563415527
6291456,606.272,eval/walltime,102.96504759788513
6291456,606.272,training/sps,13847.45348481288
6291456,606.272,training/walltime,483.7366256713867
6291456,606.272,training/entropy_loss,-0.10596352815628052
6291456,606.272,training/kl_mean,0.003884788602590561
6291456,606.272,training/learning_rate,0.0003000000142492354
6291456,606.272,training/policy_dist_max_loc,1.436903476715088
6291456,606.272,training/policy_dist_max_std,2.48099422454834
6291456,606.272,training/policy_dist_mean_loc,-0.029341109097003937
6291456,606.272,training/policy_dist_mean_std,0.6963121891021729
6291456,606.272,training/policy_dist_min_loc,-1.866971731185913
6291456,606.272,training/policy_dist_min_std,0.147939071059227
6291456,606.272,training/policy_loss,-0.0014279382303357124
6291456,606.272,training/total_loss,49.05344772338867
6291456,606.272,training/v_loss,49.16083526611328
6291456,606.272,eval/episode_reward,67.05888366699219
6291456,606.272,eval/episode_reward/ctrl,-0.23024067282676697
6291456,606.272,eval/episode_reward/forward,608.7769775390625
6291456,606.272,eval/episode_reward/joint,-0.10369571298360825
6291456,606.272,eval/episode_reward/orient,-541.38427734375
6291456,606.272,eval/episode_reward/total,67.05888366699219
6291456,606.272,eval/episode_state/forward_vel,-8.400594711303711
6291456,606.272,eval/episode_state/up_z,446.8575439453125
6291456,606.272,eval/episode_reward_std,938.84716796875
6291456,606.272,eval/episode_reward/ctrl_std,0.00483194924890995
6291456,606.272,eval/episode_reward/forward_std,24.382150650024414
6291456,606.272,eval/episode_reward/joint_std,0.016664449125528336
6291456,606.272,eval/episode_reward/orient_std,950.7758178710938
6291456,606.272,eval/episode_reward/total_std,938.84716796875
6291456,606.272,eval/episode_state/forward_vel_std,19.461196899414062
6291456,606.272,eval/episode_state/up_z_std,428.3667297363281
6291456,606.272,eval/avg_episode_length,1000.0
6291456,606.272,eval/std_episode_length,0.0
6291456,606.272,eval/epoch_eval_time,10.009753942489624
6291456,606.272,eval/sps,3196.8817798972755
7340032,682.586,episode/sps,12144.964034413106
7340032,682.586,episode/length,1000.0
7340032,682.586,episode/reward/ctrl,-0.2302451464533806
7340032,682.586,episode/reward/forward,610.7714270019532
7340032,682.586,episode/reward/joint,-0.10555149737745523
7340032,682.586,episode/reward/orient,-445.8298255157471
7340032,682.586,episode/reward/total,164.60581493377686
7340032,682.586,episode/state/forward_vel,-7.391169650629163
7340032,682.586,episode/state/up_z,484.60025787353516
7340032,682.586,episode/sum_reward,164.60581493377686
7340032,682.586,episode/entropy_loss,-0.10418543606996536
7340032,682.586,episode/kl_mean,0.004521334387827664
7340032,682.586,episode/learning_rate,0.0003000000142492354
7340032,682.586,episode/policy_dist_max_loc,1.4010599648952484
7340032,682.586,episode/policy_dist_max_std,2.48804132938385
7340032,682.586,episode/policy_dist_mean_loc,-0.03899576403200626
7340032,682.586,episode/policy_dist_mean_std,0.6965875232219696
7340032,682.586,episode/policy_dist_min_loc,-1.8684915280342103
7340032,682.586,episode/policy_dist_min_std,0.13889221206307412
7340032,682.586,episode/policy_loss,-0.0016232352040242404
7340032,682.586,episode/total_loss,35.60175270080566
7340032,682.586,episode/v_loss,35.70756137847901
7340032,692.706,eval/walltime,113.07071781158447
7340032,692.706,training/sps,13739.147269642952
7340032,692.706,training/walltime,560.0569372177124
7340032,692.706,training/entropy_loss,-0.10421296209096909
7340032,692.706,training/kl_mean,0.0046057021245360374
7340032,692.706,training/learning_rate,0.0003000000142492354
7340032,692.706,training/policy_dist_max_loc,1.4067074060440063
7340032,692.706,training/policy_dist_max_std,2.478950262069702
7340032,692.706,training/policy_dist_mean_loc,-0.03827187791466713
7340032,692.706,training/policy_dist_mean_std,0.6964181661605835
7340032,692.706,training/policy_dist_min_loc,-1.8674854040145874
7340032,692.706,training/policy_dist_min_std,0.1401958167552948
7340032,692.706,training/policy_loss,-0.0012077890569344163
7340032,692.706,training/total_loss,35.498252868652344
7340032,692.706,training/v_loss,35.60367202758789
7340032,692.706,eval/episode_reward,228.54449462890625
7340032,692.706,eval/episode_reward/ctrl,-0.23172982037067413
7340032,692.706,eval/episode_reward/forward,609.4049072265625
7340032,692.706,eval/episode_reward/joint,-0.1115918904542923
7340032,692.706,eval/episode_reward/orient,-380.51702880859375
7340032,692.706,eval/episode_reward/total,228.54449462890625
7340032,692.706,eval/episode_state/forward_vel,-8.955957412719727
7340032,692.706,eval/episode_state/up_z,511.46630859375
7340032,692.706,eval/episode_reward_std,743.5467529296875
7340032,692.706,eval/episode_reward/ctrl_std,0.004119093529880047
7340032,692.706,eval/episode_reward/forward_std,17.1105899810791
7340032,692.706,eval/episode_reward/joint_std,0.011161614209413528
7340032,692.706,eval/episode_reward/orient_std,749.214111328125
7340032,692.706,eval/episode_reward/total_std,743.5467529296875
7340032,692.706,eval/episode_state/forward_vel_std,13.778754234313965
7340032,692.706,eval/episode_state/up_z_std,334.7837219238281
7340032,692.706,eval/avg_episode_length,1000.0
7340032,692.706,eval/std_episode_length,0.0
7340032,692.706,eval/epoch_eval_time,10.10567021369934
7340032,692.706,eval/sps,3166.5391135187156
8388608,769.210,episode/sps,12104.978877630523
8388608,769.210,episode/length,1000.0
8388608,769.210,episode/reward/ctrl,-0.231006138920784
8388608,769.210,episode/reward/forward,611.2747436523438
8388608,769.210,episode/reward/joint,-0.10793750301003456
8388608,769.210,episode/reward/orient,-310.6093988037109
8388608,769.210,episode/reward/total,300.3264728927612
8388608,769.210,episode/state/forward_vel,-7.058825580328703
8388608,769.210,episode/state/up_z,532.4041719055176
8388608,769.210,episode/sum_reward,300.3264728927612
8388608,769.210,episode/entropy_loss,-0.10390477910637856
8388608,769.210,episode/kl_mean,0.004936210450250655
8388608,769.210,episode/learning_rate,0.0003000000142492354
8388608,769.210,episode/policy_dist_max_loc,1.3642104637622834
8388608,769.210,episode/policy_dist_max_std,2.4389971041679384
8388608,769.210,episode/policy_dist_mean_loc,-0.04357498109340668
8388608,769.210,episode/policy_dist_mean_std,0.6974285978078842
8388608,769.210,episode/policy_dist_min_loc,-1.8304970955848694
8388608,769.210,episode/policy_dist_min_std,0.13547745577991008
8388608,769.210,episode/policy_loss,-0.0014792211003077681
8388608,769.210,episode/total_loss,33.218486881256105
8388608,769.210,episode/v_loss,33.32387058258057
8388608,779.312,eval/walltime,123.15862488746643
8388608,779.312,training/sps,13705.294172019287
8388608,779.312,training/walltime,636.565765619278
8388608,779.312,training/entropy_loss,-0.10384220629930496
8388608,779.312,training/kl_mean,0.004824403673410416
8388608,779.312,training/learning_rate,0.0003000000142492354
8388608,779.312,training/policy_dist_max_loc,1.368883728981018
8388608,779.312,training/policy_dist_max_std,2.4402546882629395
8388608,779.312,training/policy_dist_mean_loc,-0.04311562702059746
8388608,779.312,training/policy_dist_mean_std,0.6971449851989746
8388608,779.312,training/policy_dist_min_loc,-1.8310766220092773
8388608,779.312,training/policy_dist_min_std,0.13605135679244995
8388608,779.312,training/policy_loss,-0.0010659132385626435
8388608,779.312,training/total_loss,33.145652770996094
8388608,779.312,training/v_loss,33.25055694580078
8388608,779.312,eval/episode_reward,265.18389892578125
8388608,779.312,eval/episode_reward/ctrl,-0.23467567563056946
8388608,779.312,eval/episode_reward/forward,609.3006591796875
8388608,779.312,eval/episode_reward/joint,-0.11571580916643143
8388608,779.312,eval/episode_reward/orient,-343.76654052734375
8388608,779.312,eval/episode_reward/total,265.18389892578125
8388608,779.312,eval/episode_state/forward_vel,-9.133905410766602
8388608,779.312,eval/episode_state/up_z,499.03167724609375
8388608,779.312,eval/episode_reward_std,547.8954467773438
8388608,779.312,eval/episode_reward/ctrl_std,0.004668719135224819
8388608,779.312,eval/episode_reward/forward_std,20.26108741760254
8388608,779.312,eval/episode_reward/joint_std,0.013704800046980381
8388608,779.312,eval/episode_reward/orient_std,542.798095703125
8388608,779.312,eval/episode_reward/total_std,547.8954467773438
8388608,779.312,eval/episode_state/forward_vel_std,16.52834129333496
8388608,779.312,eval/episode_state/up_z_std,239.7769775390625
8388608,779.312,eval/avg_episode_length,1000.0
8388608,779.312,eval/std_episode_length,0.0
8388608,779.312,eval/epoch_eval_time,10.087907075881958
8388608,779.312,eval/sps,3172.11486577877
9437184,856.436,episode/sps,12021.378438620204
9437184,856.436,episode/length,1000.0
9437184,856.436,episode/reward/ctrl,-0.23322549417614938
9437184,856.436,episode/reward/forward,612.8797161865234
9437184,856.436,episode/reward/joint,-0.11464844055473805
9437184,856.436,episode/reward/orient,-333.04734535217284
9437184,856.436,episode/reward/total,279.4845500564575
9437184,856.436,episode/state/forward_vel,-6.070548808574676
9437184,856.436,episode/state/up_z,504.17227005004884
9437184,856.436,episode/sum_reward,279.4845500564575
9437184,856.436,episode/entropy_loss,-0.10229884527623653
9437184,856.436,episode/kl_mean,0.005818035681731999
9437184,856.436,episode/learning_rate,0.0003000000142492354
9437184,856.436,episode/policy_dist_max_loc,1.383435937166214
9437184,856.436,episode/policy_dist_max_std,2.466928176879883
9437184,856.436,episode/policy_dist_mean_loc,-0.054232440665364263
9437184,856.436,episode/policy_dist_mean_std,0.6983756685256958
9437184,856.436,episode/policy_dist_min_loc,-1.8235027623176574
9437184,856.436,episode/policy_dist_min_std,0.12511674024164676
9437184,856.436,episode/policy_loss,-0.0019562403301824818
9437184,856.436,episode/total_loss,30.939613094329832
9437184,856.436,episode/v_loss,31.043868217468262
9437184,865.617,eval/walltime,132.3251633644104
9437184,865.617,training/sps,13594.972912562595
9437184,865.617,training/walltime,713.6954522132874
9437184,865.617,training/entropy_loss,-0.10233128070831299
9437184,865.617,training/kl_mean,0.005993169732391834
9437184,865.617,training/learning_rate,0.0003000000142492354
9437184,865.617,training/policy_dist_max_loc,1.3821983337402344
9437184,865.617,training/policy_dist_max_std,2.4618616104125977
9437184,865.617,training/policy_dist_mean_loc,-0.053342320024967194
9437184,865.617,training/policy_dist_mean_std,0.6981673240661621
9437184,865.617,training/policy_dist_min_loc,-1.8298790454864502
9437184,865.617,training/policy_dist_min_std,0.12609022855758667
9437184,865.617,training/policy_loss,-0.0013879413018003106
9437184,865.617,training/total_loss,30.386974334716797
9437184,865.617,training/v_loss,30.490694046020508
9437184,865.617,eval/episode_reward,211.4677734375
9437184,865.617,eval/episode_reward/ctrl,-0.23570169508457184
9437184,865.617,eval/episode_reward/forward,617.037353515625
9437184,865.617,eval/episode_reward/joint,-0.11879280209541321
9437184,865.617,eval/episode_reward/orient,-405.2151184082031
9437184,865.617,eval/episode_reward/total,211.4677734375
9437184,865.617,eval/episode_state/forward_vel,-3.5359339714050293
9437184,865.617,eval/episode_state/up_z,440.52716064453125
9437184,865.617,eval/episode_reward_std,425.81048583984375
9437184,865.617,eval/episode_reward/ctrl_std,0.0044868458062410355
9437184,865.617,eval/episode_reward/forward_std,20.37644386291504
9437184,865.617,eval/episode_reward/joint_std,0.016656681895256042
9437184,865.617,eval/episode_reward/orient_std,424.6619567871094
9437184,865.617,eval/episode_reward/total_std,425.81048583984375
9437184,865.617,eval/episode_state/forward_vel_std,17.944005966186523
9437184,865.617,eval/episode_state/up_z_std,228.9836883544922
9437184,865.617,eval/avg_episode_length,1000.0
9437184,865.617,eval/std_episode_length,0.0
9437184,865.617,eval/epoch_eval_time,9.16653847694397
9437184,865.617,eval/sps,3490.957909628333
10485760,944.123,episode/sps,11958.110021508955
10485760,944.123,episode/length,1000.0
10485760,944.123,episode/reward/ctrl,-0.2360093727707863
10485760,944.123,episode/reward/forward,611.3472082519531
10485760,944.123,episode/reward/joint,-0.11890324294567108
10485760,944.123,episode/reward/orient,-340.31081422328947
10485760,944.123,episode/reward/total,270.68150955200196
10485760,944.123,episode/state/forward_vel,-8.074211144149304
10485760,944.123,episode/state/up_z,489.9375177001953
10485760,944.123,episode/sum_reward,270.68150955200196
10485760,944.123,episode/entropy_loss,-0.10060708403587341
10485760,944.123,episode/kl_mean,0.007610708954744041
10485760,944.123,episode/learning_rate,0.0003000000142492354
10485760,944.123,episode/policy_dist_max_loc,1.3744475162029266
10485760,944.123,episode/policy_dist_max_std,2.3945887541770934
10485760,944.123,episode/policy_dist_mean_loc,-0.06078447505831718
10485760,944.123,episode/policy_dist_mean_std,0.6987472635507583
10485760,944.123,episode/policy_dist_min_loc,-1.8104680156707764
10485760,944.123,episode/policy_dist_min_std,0.13271050162613393
10485760,944.123,episode/policy_loss,-0.003017139743315056
10485760,944.123,episode/total_loss,13.383999416828155
10485760,944.123,episode/v_loss,13.487623651027679
10485760,951.857,eval/walltime,140.04435849189758
10485760,951.857,training/sps,13355.569801324425
10485760,951.857,training/walltime,792.2077145576477
10485760,951.857,training/entropy_loss,-0.1006258875131607
10485760,951.857,training/kl_mean,0.007825254462659359
10485760,951.857,training/learning_rate,0.0003000000142492354
10485760,951.857,training/policy_dist_max_loc,1.3759562969207764
10485760,951.857,training/policy_dist_max_std,2.3938217163085938
10485760,951.857,training/policy_dist_mean_loc,-0.060266152024269104
10485760,951.857,training/policy_dist_mean_std,0.6986697912216187
10485760,951.857,training/policy_dist_min_loc,-1.8076000213623047
10485760,951.857,training/policy_dist_min_std,0.13202260434627533
10485760,951.857,training/policy_loss,-0.002326407004147768
10485760,951.857,training/total_loss,13.326766967773438
10485760,951.857,training/v_loss,13.429719924926758
10485760,951.857,eval/episode_reward,325.3990478515625
10485760,951.857,eval/episode_reward/ctrl,-0.233058363199234
10485760,951.857,eval/episode_reward/forward,614.43359375
10485760,951.857,eval/episode_reward/joint,-0.11017049849033356
10485760,951.857,eval/episode_reward/orient,-288.69122314453125
10485760,951.857,eval/episode_reward/total,325.3990478515625
10485760,951.857,eval/episode_state/forward_vel,-6.08540153503418
10485760,951.857,eval/episode_state/up_z,559.8922729492188
10485760,951.857,eval/episode_reward_std,374.7829284667969
10485760,951.857,eval/episode_reward/ctrl_std,0.0027595774736255407
10485760,951.857,eval/episode_reward/forward_std,20.90222930908203
10485760,951.857,eval/episode_reward/joint_std,0.012552819214761257
10485760,951.857,eval/episode_reward/orient_std,377.9187316894531
10485760,951.857,eval/episode_reward/total_std,374.7829284667969
10485760,951.857,eval/episode_state/forward_vel_std,17.513856887817383
10485760,951.857,eval/episode_state/up_z_std,220.76885986328125
10485760,951.857,eval/avg_episode_length,1000.0
10485760,951.857,eval/std_episode_length,0.0
10485760,951.857,eval/epoch_eval_time,7.719195127487183
10485760,951.857,eval/sps,4145.509923185075
11534336,1030.683,episode/sps,12113.93012228477
11534336,1030.683,episode/length,1000.0
11534336,1030.683,episode/reward/ctrl,-0.23347016274929047
11534336,1030.683,episode/reward/forward,613.1336468505859
11534336,1030.683,episode/reward/joint,-0.10783638786524534
11534336,1030.683,episode/reward/orient,-268.38391611337664
11534336,1030.683,episode/reward/total,344.4083225250244
11534336,1030.683,episode/state/forward_vel,-7.035074347406626
11534336,1030.683,episode/state/up_z,583.688531036377
11534336,1030.683,episode/sum_reward,344.4083225250244
11534336,1030.683,episode/entropy_loss,-0.1045942434668541
11534336,1030.683,episode/kl_mean,0.008243041397072375
11534336,1030.683,episode/learning_rate,0.0003000000142492354
11534336,1030.683,episode/policy_dist_max_loc,1.3230919110774995
11534336,1030.683,episode/policy_dist_max_std,2.268251370191574
11534336,1030.683,episode/policy_dist_mean_loc,-0.06561275456100703
11534336,1030.683,episode/policy_dist_mean_std,0.7020240187644958
11534336,1030.683,episode/policy_dist_min_loc,-1.7180534529685973
11534336,1030.683,episode/policy_dist_min_std,0.1518105511367321
11534336,1030.683,episode/policy_loss,-0.003639157604193315
11534336,1030.683,episode/total_loss,16.7644984960556
11534336,1030.683,episode/v_loss,16.872731847763063
11534336,1037.897,eval/walltime,147.24439334869385
11534336,1037.897,training/sps,13301.553515207139
11534336,1037.897,training/walltime,871.0388073921204
11534336,1037.897,training/entropy_loss,-0.10463179647922516
11534336,1037.897,training/kl_mean,0.008463811129331589
11534336,1037.897,training/learning_rate,0.0003000000142492354
11534336,1037.897,training/policy_dist_max_loc,1.3245959281921387
11534336,1037.897,training/policy_dist_max_std,2.2689874172210693
11534336,1037.897,training/policy_dist_mean_loc,-0.06452146172523499
11534336,1037.897,training/policy_dist_mean_std,0.7018312215805054
11534336,1037.897,training/policy_dist_min_loc,-1.7148363590240479
11534336,1037.897,training/policy_dist_min_std,0.15156133472919464
11534336,1037.897,training/policy_loss,-0.002553533297032118
11534336,1037.897,training/total_loss,16.751972198486328
11534336,1037.897,training/v_loss,16.85915756225586
11534336,1037.897,eval/episode_reward,503.2696228027344
11534336,1037.897,eval/episode_reward/ctrl,-0.23247361183166504
11534336,1037.897,eval/episode_reward/forward,621.8087158203125
11534336,1037.897,eval/episode_reward/joint,-0.10042871534824371
11534336,1037.897,eval/episode_reward/orient,-118.2064208984375
11534336,1037.897,eval/episode_reward/total,503.2696228027344
11534336,1037.897,eval/episode_state/forward_vel,-2.3997998237609863
11534336,1037.897,eval/episode_state/up_z,833.4362182617188
11534336,1037.897,eval/episode_reward_std,352.5560607910156
11534336,1037.897,eval/episode_reward/ctrl_std,0.003789277747273445
11534336,1037.897,eval/episode_reward/forward_std,20.664396286010742
11534336,1037.897,eval/episode_reward/joint_std,0.015450827777385712
11534336,1037.897,eval/episode_reward/orient_std,358.2170715332031
11534336,1037.897,eval/episode_reward/total_std,352.5560607910156
11534336,1037.897,eval/episode_state/forward_vel_std,16.702617645263672
11534336,1037.897,eval/episode_state/up_z_std,195.68968200683594
11534336,1037.897,eval/avg_episode_length,1000.0
11534336,1037.897,eval/std_episode_length,0.0
11534336,1037.897,eval/epoch_eval_time,7.200034856796265
11534336,1037.897,eval/sps,4444.422928007706
12582912,1117.892,episode/sps,12023.643412535632
12582912,1117.892,episode/length,1000.0
12582912,1117.892,episode/reward/ctrl,-0.2320629295706749
12582912,1117.892,episode/reward/forward,620.3955322265625
12582912,1117.892,episode/reward/joint,-0.09813845939934254
12582912,1117.892,episode/reward/orient,-148.28523877382278
12582912,1117.892,episode/reward/total,471.78006958007813
12582912,1117.892,episode/state/forward_vel,-3.1344164395332337
12582912,1117.892,episode/state/up_z,808.2838735198975
12582912,1117.892,episode/sum_reward,471.78006958007813
12582912,1117.892,episode/entropy_loss,-0.10647880844771862
12582912,1117.892,episode/kl_mean,0.012854796443134546
12582912,1117.892,episode/learning_rate,0.0003000000142492354
12582912,1117.892,episode/policy_dist_max_loc,1.3042200112342834
12582912,1117.892,episode/policy_dist_max_std,2.0802933776378634
12582912,1117.892,episode/policy_dist_mean_loc,-0.08737958885729313
12582912,1117.892,episode/policy_dist_mean_std,0.7020593804121017
12582912,1117.892,episode/policy_dist_min_loc,-1.7098739302158357
12582912,1117.892,episode/policy_dist_min_std,0.18700011670589448
12582912,1117.892,episode/policy_loss,-0.003093060485261958
12582912,1117.892,episode/total_loss,11.526441748142242
12582912,1117.892,episode/v_loss,11.63601357460022
12582912,1124.629,eval/walltime,153.9670512676239
12582912,1124.629,training/sps,13107.064688896888
12582912,1124.629,training/walltime,951.0396332740784
12582912,1124.629,training/entropy_loss,-0.10661596059799194
12582912,1124.629,training/kl_mean,0.01724468171596527
12582912,1124.629,training/learning_rate,0.0003000000142492354
12582912,1124.629,training/policy_dist_max_loc,1.3008424043655396
12582912,1124.629,training/policy_dist_max_std,2.0910723209381104
12582912,1124.629,training/policy_dist_mean_loc,-0.08511048555374146
12582912,1124.629,training/policy_dist_mean_std,0.7020270824432373
12582912,1124.629,training/policy_dist_min_loc,-1.7094392776489258
12582912,1124.629,training/policy_dist_min_std,0.1864381581544876
12582912,1124.629,training/policy_loss,-0.000305874680634588
12582912,1124.629,training/total_loss,11.650347709655762
12582912,1124.629,training/v_loss,11.757269859313965
12582912,1124.629,eval/episode_reward,587.6610107421875
12582912,1124.629,eval/episode_reward/ctrl,-0.23245443403720856
12582912,1124.629,eval/episode_reward/forward,623.95458984375
12582912,1124.629,eval/episode_reward/joint,-0.09980088472366333
12582912,1124.629,eval/episode_reward/orient,-35.96135711669922
12582912,1124.629,eval/episode_reward/total,587.6610107421875
12582912,1124.629,eval/episode_state/forward_vel,-0.3691483736038208
12582912,1124.629,eval/episode_state/up_z,913.3782348632812
12582912,1124.629,eval/episode_reward_std,164.40977478027344
12582912,1124.629,eval/episode_reward/ctrl_std,0.0042229099199175835
12582912,1124.629,eval/episode_reward/forward_std,17.30646514892578
12582912,1124.629,eval/episode_reward/joint_std,0.01848125271499157
12582912,1124.629,eval/episode_reward/orient_std,157.93370056152344
12582912,1124.629,eval/episode_reward/total_std,164.40977478027344
12582912,1124.629,eval/episode_state/forward_vel_std,14.218013763427734
12582912,1124.629,eval/episode_state/up_z_std,94.0443344116211
12582912,1124.629,eval/avg_episode_length,1000.0
12582912,1124.629,eval/std_episode_length,0.0
12582912,1124.629,eval/epoch_eval_time,6.722657918930054
12582912,1124.629,eval/sps,4760.0220606038165
13631488,1204.932,episode/sps,12047.083081820836
13631488,1204.932,episode/length,1000.0
13631488,1204.932,episode/reward/ctrl,-0.23206281527876854
13631488,1204.932,episode/reward/forward,620.4814196777344
13631488,1204.932,episode/reward/joint,-0.09749425809830427
13631488,1204.932,episode/reward/orient,-54.246103765964506
13631488,1204.932,episode/reward/total,565.9056791788339
13631488,1204.932,episode/state/forward_vel,-3.0052566662430764
13631488,1204.932,episode/state/up_z,899.6257774353028
13631488,1204.932,episode/sum_reward,565.9056791788339
13631488,1204.932,episode/entropy_loss,-0.1069286523014307
13631488,1204.932,episode/kl_mean,0.007512159999459982
13631488,1204.932,episode/learning_rate,0.0003000000142492354
13631488,1204.932,episode/policy_dist_max_loc,1.281928195953369
13631488,1204.932,episode/policy_dist_max_std,1.987781970500946
13631488,1204.932,episode/policy_dist_mean_loc,-0.09610176093876362
13631488,1204.932,episode/policy_dist_mean_std,0.7029625743627548
13631488,1204.932,episode/policy_dist_min_loc,-1.636131969690323
13631488,1204.932,episode/policy_dist_min_std,0.19808853060007095
13631488,1204.932,episode/policy_loss,-0.0017085126423626207
13631488,1204.932,episode/total_loss,9.903339149951934
13631488,1204.932,episode/v_loss,10.011976330280303
13631488,1212.587,eval/walltime,161.60864353179932
13631488,1212.587,training/sps,13056.877541333428
13631488,1212.587,training/walltime,1031.347960948944
13631488,1212.587,training/entropy_loss,-0.10700751096010208
13631488,1212.587,training/kl_mean,0.00859147496521473
13631488,1212.587,training/learning_rate,0.0003000000142492354
13631488,1212.587,training/policy_dist_max_loc,1.2814260721206665
13631488,1212.587,training/policy_dist_max_std,1.988023281097412
13631488,1212.587,training/policy_dist_mean_loc,-0.09500645101070404
13631488,1212.587,training/policy_dist_mean_std,0.7028916478157043
13631488,1212.587,training/policy_dist_min_loc,-1.6420607566833496
13631488,1212.587,training/policy_dist_min_std,0.19715026021003723
13631488,1212.587,training/policy_loss,-0.0007736153202131391
13631488,1212.587,training/total_loss,9.901383399963379
13631488,1212.587,training/v_loss,10.009164810180664
13631488,1212.587,eval/episode_reward,617.2308959960938
13631488,1212.587,eval/episode_reward/ctrl,-0.22907710075378418
13631488,1212.587,eval/episode_reward/forward,622.8939208984375
13631488,1212.587,eval/episode_reward/joint,-0.08705620467662811
13631488,1212.587,eval/episode_reward/orient,-5.346774578094482
13631488,1212.587,eval/episode_reward/total,617.2308959960938
13631488,1212.587,eval/episode_state/forward_vel,-0.683681309223175
13631488,1212.587,eval/episode_state/up_z,941.0008544921875
13631488,1212.587,eval/episode_reward_std,15.346426010131836
13631488,1212.587,eval/episode_reward/ctrl_std,0.003910541068762541
13631488,1212.587,eval/episode_reward/forward_std,15.345561981201172
13631488,1212.587,eval/episode_reward/joint_std,0.01751706190407276
13631488,1212.587,eval/episode_reward/orient_std,2.6791515350341797
13631488,1212.587,eval/episode_reward/total_std,15.346426010131836
13631488,1212.587,eval/episode_state/forward_vel_std,12.255623817443848
13631488,1212.587,eval/episode_state/up_z_std,12.582808494567871
13631488,1212.587,eval/avg_episode_length,1000.0
13631488,1212.587,eval/std_episode_length,0.0
13631488,1212.587,eval/epoch_eval_time,7.641592264175415
13631488,1212.587,eval/sps,4187.608929361404
14680064,1291.166,episode/sps,12159.591537247108
14680064,1291.166,episode/length,1000.0
14680064,1291.166,episode/reward/ctrl,-0.22919535279273986
14680064,1291.166,episode/reward/forward,622.0549700927735
14680064,1291.166,episode/reward/joint,-0.0844923796504736
14680064,1291.166,episode/reward/orient,-50.262653414011
14680064,1291.166,episode/reward/total,571.4786122894287
14680064,1291.166,episode/state/forward_vel,-1.897597319111228
14680064,1291.166,episode/state/up_z,910.7967221832275
14680064,1291.166,episode/sum_reward,571.4786122894287
14680064,1291.166,episode/entropy_loss,-0.10908159963786603
14680064,1291.166,episode/kl_mean,0.006060155457817018
14680064,1291.166,episode/learning_rate,0.0003000000142492354
14680064,1291.166,episode/policy_dist_max_loc,1.2965511655807496
14680064,1291.166,episode/policy_dist_max_std,2.025212720632553
14680064,1291.166,episode/policy_dist_mean_loc,-0.09047125898301601
14680064,1291.166,episode/policy_dist_mean_std,0.7039957469701768
14680064,1291.166,episode/policy_dist_min_loc,-1.713183093070984
14680064,1291.166,episode/policy_dist_min_std,0.18608417496085167
14680064,1291.166,episode/policy_loss,-0.001554035742301494
14680064,1291.166,episode/total_loss,8.433782622814178
14680064,1291.166,episode/v_loss,8.544418241381646
14680064,1299.355,eval/walltime,169.7827022075653
14680064,1299.355,training/sps,13343.244661555636
14680064,1299.355,training/walltime,1109.9327449798584
14680064,1299.355,training/entropy_loss,-0.10910244286060333
14680064,1299.355,training/kl_mean,0.0064777228981256485
14680064,1299.355,training/learning_rate,0.0003000000142492354
14680064,1299.355,training/policy_dist_max_loc,1.2924551963806152
14680064,1299.355,training/policy_dist_max_std,2.0214433670043945
14680064,1299.355,training/policy_dist_mean_loc,-0.08981337398290634
14680064,1299.355,training/policy_dist_mean_std,0.7037767767906189
14680064,1299.355,training/policy_dist_min_loc,-1.710363745689392
14680064,1299.355,training/policy_dist_min_std,0.18785785138607025
14680064,1299.355,training/policy_loss,-0.0009875561809167266
14680064,1299.355,training/total_loss,8.428400039672852
14680064,1299.355,training/v_loss,8.538490295410156
14680064,1299.355,eval/episode_reward,623.4868774414062
14680064,1299.355,eval/episode_reward/ctrl,-0.22736476361751556
14680064,1299.355,eval/episode_reward/forward,630.18359375
14680064,1299.355,eval/episode_reward/joint,-0.0781298279762268
14680064,1299.355,eval/episode_reward/orient,-6.391192436218262
14680064,1299.355,eval/episode_reward/total,623.4868774414062
14680064,1299.355,eval/episode_state/forward_vel,4.2929840087890625
14680064,1299.355,eval/episode_state/up_z,940.7562866210938
14680064,1299.355,eval/episode_reward_std,16.677722930908203
14680064,1299.355,eval/episode_reward/ctrl_std,0.0037292505148798227
14680064,1299.355,eval/episode_reward/forward_std,17.03934669494629
14680064,1299.355,eval/episode_reward/joint_std,0.014155866578221321
14680064,1299.355,eval/episode_reward/orient_std,5.053582668304443
14680064,1299.355,eval/episode_reward/total_std,16.677722930908203
14680064,1299.355,eval/episode_state/forward_vel_std,13.167670249938965
14680064,1299.355,eval/episode_state/up_z_std,20.240793228149414
14680064,1299.355,eval/avg_episode_length,1000.0
14680064,1299.355,eval/std_episode_length,0.0
14680064,1299.355,eval/epoch_eval_time,8.174058675765991
14680064,1299.355,eval/sps,3914.8238677160316
15728640,1376.582,episode/sps,12276.206735748021
15728640,1376.582,episode/length,1000.0
15728640,1376.582,episode/reward/ctrl,-0.22775505602359772
15728640,1376.582,episode/reward/forward,624.9995037841796
15728640,1376.582,episode/reward/joint,-0.07985826071351766
15728640,1376.582,episode/reward/orient,-43.23001199364662
15728640,1376.582,episode/reward/total,581.4618455505371
15728640,1376.582,episode/state/forward_vel,0.597235514074564
15728640,1376.582,episode/state/up_z,915.2731932067871
15728640,1376.582,episode/sum_reward,581.4618455505371
15728640,1376.582,episode/entropy_loss,-0.11080540835857391
15728640,1376.582,episode/kl_mean,0.005947738201357424
15728640,1376.582,episode/learning_rate,0.0003000000142492354
15728640,1376.582,episode/policy_dist_max_loc,1.253721865415573
15728640,1376.582,episode/policy_dist_max_std,1.9722269546985627
15728640,1376.582,episode/policy_dist_mean_loc,-0.08445703610777855
15728640,1376.582,episode/policy_dist_mean_std,0.7052168893814087
15728640,1376.582,episode/policy_dist_min_loc,-1.6371554851531982
15728640,1376.582,episode/policy_dist_min_std,0.19132054045796396
15728640,1376.582,episode/policy_loss,-0.00118316474094172
15728640,1376.582,episode/total_loss,5.151288907825947
15728640,1376.582,episode/v_loss,5.26327748477459
15728640,1385.269,eval/walltime,178.45598554611206
15728640,1385.269,training/sps,13576.984607946442
15728640,1385.269,training/walltime,1187.164621591568
15728640,1385.269,training/entropy_loss,-0.11084744334220886
15728640,1385.269,training/kl_mean,0.0065405117347836494
15728640,1385.269,training/learning_rate,0.0003000000142492354
15728640,1385.269,training/policy_dist_max_loc,1.2402430772781372
15728640,1385.269,training/policy_dist_max_std,1.9700021743774414
15728640,1385.269,training/policy_dist_mean_loc,-0.08376205712556839
15728640,1385.269,training/policy_dist_mean_std,0.7049791812896729
15728640,1385.269,training/policy_dist_min_loc,-1.634371280670166
15728640,1385.269,training/policy_dist_min_std,0.19321365654468536
15728640,1385.269,training/policy_loss,-0.0006059993756935
15728640,1385.269,training/total_loss,5.167965888977051
15728640,1385.269,training/v_loss,5.279419422149658
15728640,1385.269,eval/episode_reward,617.8201904296875
15728640,1385.269,eval/episode_reward/ctrl,-0.22678536176681519
15728640,1385.269,eval/episode_reward/forward,625.8982543945312
15728640,1385.269,eval/episode_reward/joint,-0.07353615015745163
15728640,1385.269,eval/episode_reward/orient,-7.777572154998779
15728640,1385.269,eval/episode_reward/total,617.8201904296875
15728640,1385.269,eval/episode_state/forward_vel,1.0712229013442993
15728640,1385.269,eval/episode_state/up_z,931.0499267578125
15728640,1385.269,eval/episode_reward_std,16.51659393310547
15728640,1385.269,eval/episode_reward/ctrl_std,0.0026895867194980383
15728640,1385.269,eval/episode_reward/forward_std,15.745928764343262
15728640,1385.269,eval/episode_reward/joint_std,0.012154385447502136
15728640,1385.269,eval/episode_reward/orient_std,4.047327041625977
15728640,1385.269,eval/episode_reward/total_std,16.51659393310547
15728640,1385.269,eval/episode_state/forward_vel_std,13.189704895019531
15728640,1385.269,eval/episode_state/up_z_std,17.776004791259766
15728640,1385.269,eval/avg_episode_length,1000.0
15728640,1385.269,eval/std_episode_length,0.0
15728640,1385.269,eval/epoch_eval_time,8.673283338546753
15728640,1385.269,eval/sps,3689.4909056852907
16777216,1460.920,episode/sps,12433.0203500539
16777216,1460.920,episode/length,1000.0
16777216,1460.920,episode/reward/ctrl,-0.2271460673213005
16777216,1460.920,episode/reward/forward,626.5556109619141
16777216,1460.920,episode/reward/joint,-0.07667383410036564
16777216,1460.920,episode/reward/orient,-31.727440119981765
16777216,1460.920,episode/reward/total,594.5242719268799
16777216,1460.920,episode/state/forward_vel,1.4642982959747315
16777216,1460.920,episode/state/up_z,923.9884707641602
16777216,1460.920,episode/sum_reward,594.5242719268799
16777216,1460.920,episode/entropy_loss,-0.11193944729864597
16777216,1460.920,episode/kl_mean,0.006024300195276737
16777216,1460.920,episode/learning_rate,0.0003000000142492354
16777216,1460.920,episode/policy_dist_max_loc,1.2086336493492127
16777216,1460.920,episode/policy_dist_max_std,1.9060916054248809
16777216,1460.920,episode/policy_dist_mean_loc,-0.07561923988163471
16777216,1460.920,episode/policy_dist_mean_std,0.7066642904281616
16777216,1460.920,episode/policy_dist_min_loc,-1.5959818613529206
16777216,1460.920,episode/policy_dist_min_std,0.18688988238573073
16777216,1460.920,episode/policy_loss,-0.0019786748339538462
16777216,1460.920,episode/total_loss,3.9412474915385247
16777216,1460.920,episode/v_loss,4.055165653824806
16777216,1470.080,eval/walltime,187.602623462677
16777216,1470.080,training/sps,13859.787730437845
16777216,1470.080,training/walltime,1262.8206143379211
16777216,1470.080,training/entropy_loss,-0.11192259192466736
16777216,1470.080,training/kl_mean,0.00609287153929472
16777216,1470.080,training/learning_rate,0.0003000000142492354
16777216,1470.080,training/policy_dist_max_loc,1.2001124620437622
16777216,1470.080,training/policy_dist_max_std,1.9088000059127808
16777216,1470.080,training/policy_dist_mean_loc,-0.07601456344127655
16777216,1470.080,training/policy_dist_mean_std,0.7065337896347046
16777216,1470.080,training/policy_dist_min_loc,-1.5916218757629395
16777216,1470.080,training/policy_dist_min_std,0.18838542699813843
16777216,1470.080,training/policy_loss,-0.0014211168745532632
16777216,1470.080,training/total_loss,3.9109559059143066
16777216,1470.080,training/v_loss,4.024299144744873
16777216,1470.080,eval/episode_reward,581.35205078125
16777216,1470.080,eval/episode_reward/ctrl,-0.22656257450580597
16777216,1470.080,eval/episode_reward/forward,629.496826171875
16777216,1470.080,eval/episode_reward/joint,-0.07257024943828583
16777216,1470.080,eval/episode_reward/orient,-47.845741271972656
16777216,1470.080,eval/episode_reward/total,581.35205078125
16777216,1470.080,eval/episode_state/forward_vel,3.9183382987976074
16777216,1470.080,eval/episode_state/up_z,922.83642578125
16777216,1470.080,eval/episode_reward_std,232.6710205078125
16777216,1470.080,eval/episode_reward/ctrl_std,0.002625862369313836
16777216,1470.080,eval/episode_reward/forward_std,13.61992073059082
16777216,1470.080,eval/episode_reward/joint_std,0.007844696752727032
16777216,1470.080,eval/episode_reward/orient_std,237.248046875
16777216,1470.080,eval/episode_reward/total_std,232.6710205078125
16777216,1470.080,eval/episode_state/forward_vel_std,11.583456993103027
16777216,1470.080,eval/episode_state/up_z_std,130.1258544921875
16777216,1470.080,eval/avg_episode_length,1000.0
16777216,1470.080,eval/std_episode_length,0.0
16777216,1470.080,eval/epoch_eval_time,9.146637916564941
16777216,1470.080,eval/sps,3498.5532708195074
17825792,1544.345,episode/sps,12569.0533590306
17825792,1544.345,episode/length,1000.0
17825792,1544.345,episode/reward/ctrl,-0.2265998700261116
17825792,1544.345,episode/reward/forward,626.0058880615235
17825792,1544.345,episode/reward/joint,-0.07225451234728097
17825792,1544.345,episode/reward/orient,-48.115591802597045
17825792,1544.345,episode/reward/total,577.5914901733398
17825792,1544.345,episode/state/forward_vel,1.1647453158162535
17825792,1544.345,episode/state/up_z,914.0120208740234
17825792,1544.345,episode/sum_reward,577.5914901733398
17825792,1544.345,episode/entropy_loss,-0.11263379268348217
17825792,1544.345,episode/kl_mean,0.005640080375596881
17825792,1544.345,episode/learning_rate,0.0003000000142492354
17825792,1544.345,episode/policy_dist_max_loc,1.1555137580633164
17825792,1544.345,episode/policy_dist_max_std,1.978925151824951
17825792,1544.345,episode/policy_dist_mean_loc,-0.07047020643949509
17825792,1544.345,episode/policy_dist_mean_std,0.7086488157510757
17825792,1544.345,episode/policy_dist_min_loc,-1.6697405195236206
17825792,1544.345,episode/policy_dist_min_std,0.17013647265732287
17825792,1544.345,episode/policy_loss,-0.0020710826237336733
17825792,1544.345,episode/total_loss,5.352438907623291
17825792,1544.345,episode/v_loss,5.467143781781196
17825792,1553.851,eval/walltime,197.0940339565277
17825792,1553.851,training/sps,14118.38720012175
17825792,1553.851,training/walltime,1337.0908539295197
17825792,1553.851,training/entropy_loss,-0.1126454621553421
17825792,1553.851,training/kl_mean,0.005577093455940485
17825792,1553.851,training/learning_rate,0.0003000000142492354
17825792,1553.851,training/policy_dist_max_loc,1.1520005464553833
17825792,1553.851,training/policy_dist_max_std,1.9770314693450928
17825792,1553.851,training/policy_dist_mean_loc,-0.0706043690443039
17825792,1553.851,training/policy_dist_mean_std,0.7084419131278992
17825792,1553.851,training/policy_dist_min_loc,-1.6680712699890137
17825792,1553.851,training/policy_dist_min_std,0.17336222529411316
17825792,1553.851,training/policy_loss,-0.001615108223631978
17825792,1553.851,training/total_loss,5.362269878387451
17825792,1553.851,training/v_loss,5.4765305519104
17825792,1553.851,eval/episode_reward,629.1005859375
17825792,1553.851,eval/episode_reward/ctrl,-0.227294921875
17825792,1553.851,eval/episode_reward/forward,634.3372192382812
17825792,1553.851,eval/episode_reward/joint,-0.07510888576507568
17825792,1553.851,eval/episode_reward/orient,-4.934267044067383
17825792,1553.851,eval/episode_reward/total,629.1005859375
17825792,1553.851,eval/episode_state/forward_vel,7.715466499328613
17825792,1553.851,eval/episode_state/up_z,948.2330322265625
17825792,1553.851,eval/episode_reward_std,11.577544212341309
17825792,1553.851,eval/episode_reward/ctrl_std,0.00253570475615561
17825792,1553.851,eval/episode_reward/forward_std,12.150039672851562
17825792,1553.851,eval/episode_reward/joint_std,0.008416938595473766
17825792,1553.851,eval/episode_reward/orient_std,4.090742111206055
17825792,1553.851,eval/episode_reward/total_std,11.577544212341309
17825792,1553.851,eval/episode_state/forward_vel_std,10.956151962280273
17825792,1553.851,eval/episode_state/up_z_std,19.9160099029541
17825792,1553.851,eval/avg_episode_length,1000.0
17825792,1553.851,eval/std_episode_length,0.0
17825792,1553.851,eval/epoch_eval_time,9.491410493850708
17825792,1553.851,eval/sps,3371.4693954847016
18874368,1627.982,episode/sps,12537.208999691991
18874368,1627.982,episode/length,1000.0
18874368,1627.982,episode/reward/ctrl,-0.2268896643817425
18874368,1627.982,episode/reward/forward,627.0422137451172
18874368,1627.982,episode/reward/joint,-0.07400698341429233
18874368,1627.982,episode/reward/orient,-9.787457693815231
18874368,1627.982,episode/reward/total,616.9537772369384
18874368,1627.982,episode/state/forward_vel,2.3205623872578145
18874368,1627.982,episode/state/up_z,947.1009930419922
18874368,1627.982,episode/sum_reward,616.9537772369384
18874368,1627.982,episode/entropy_loss,-0.11281872034072876
18874368,1627.982,episode/kl_mean,0.009666239321231842
18874368,1627.982,episode/learning_rate,0.0003000000142492354
18874368,1627.982,episode/policy_dist_max_loc,1.0387540674209594
18874368,1627.982,episode/policy_dist_max_std,1.8313908851146699
18874368,1627.982,episode/policy_dist_mean_loc,-0.06401435386389494
18874368,1627.982,episode/policy_dist_mean_std,0.7090650510787964
18874368,1627.982,episode/policy_dist_min_loc,-1.543037166595459
18874368,1627.982,episode/policy_dist_min_std,0.1823635406792164
18874368,1627.982,episode/policy_loss,-0.0008330831878993195
18874368,1627.982,episode/total_loss,2.2786216583848
18874368,1627.982,episode/v_loss,2.392273489236832
18874368,1637.578,eval/walltime,206.67543625831604
18874368,1637.578,training/sps,14143.777961577056
18874368,1637.578,training/walltime,1411.2277643680573
18874368,1637.578,training/entropy_loss,-0.11283630132675171
18874368,1637.578,training/kl_mean,0.009083431214094162
18874368,1637.578,training/learning_rate,0.0003000000142492354
18874368,1637.578,training/policy_dist_max_loc,1.0597343444824219
18874368,1637.578,training/policy_dist_max_std,1.842779517173767
18874368,1637.578,training/policy_dist_mean_loc,-0.06496398150920868
18874368,1637.578,training/policy_dist_mean_std,0.7091204524040222
18874368,1637.578,training/policy_dist_min_loc,-1.5566807985305786
18874368,1637.578,training/policy_dist_min_std,0.18120424449443817
18874368,1637.578,training/policy_loss,-0.000742334988899529
18874368,1637.578,training/total_loss,2.211702346801758
18874368,1637.578,training/v_loss,2.3252809047698975
18874368,1637.578,eval/episode_reward,626.2197265625
18874368,1637.578,eval/episode_reward/ctrl,-0.22663964331150055
18874368,1637.578,eval/episode_reward/forward,629.7298583984375
18874368,1637.578,eval/episode_reward/joint,-0.07112615555524826
18874368,1637.578,eval/episode_reward/orient,-3.212402820587158
18874368,1637.578,eval/episode_reward/total,626.2197265625
18874368,1637.578,eval/episode_state/forward_vel,2.871098041534424
18874368,1637.578,eval/episode_state/up_z,958.41259765625
18874368,1637.578,eval/episode_reward_std,13.690019607543945
18874368,1637.578,eval/episode_reward/ctrl_std,0.002391924150288105
18874368,1637.578,eval/episode_reward/forward_std,13.763846397399902
18874368,1637.578,eval/episode_reward/joint_std,0.004711083602160215
18874368,1637.578,eval/episode_reward/orient_std,2.895691394805908
18874368,1637.578,eval/episode_reward/total_std,13.690019607543945
18874368,1637.578,eval/episode_state/forward_vel_std,11.481435775756836
18874368,1637.578,eval/episode_state/up_z_std,11.130863189697266
18874368,1637.578,eval/avg_episode_length,1000.0
18874368,1637.578,eval/std_episode_length,0.0
18874368,1637.578,eval/epoch_eval_time,9.58140230178833
18874368,1637.578,eval/sps,3339.8034016406273
19922944,1711.301,episode/sps,12585.129461199911
19922944,1711.301,episode/length,1000.0
19922944,1711.301,episode/reward/ctrl,-0.22726601481437683
19922944,1711.301,episode/reward/forward,630.096332397461
19922944,1711.301,episode/reward/joint,-0.07237102400511503
19922944,1711.301,episode/reward/orient,-3.5145968770980835
19922944,1711.301,episode/reward/total,626.2820147705078
19922944,1711.301,episode/state/forward_vel,3.531384249255061
19922944,1711.301,episode/state/up_z,955.8825274658203
19922944,1711.301,episode/sum_reward,626.2820147705078
19922944,1711.301,episode/entropy_loss,-0.11365936256945133
19922944,1711.301,episode/kl_mean,0.005412853634916246
19922944,1711.301,episode/learning_rate,0.0003000000142492354
19922944,1711.301,episode/policy_dist_max_loc,0.9741107779741287
19922944,1711.301,episode/policy_dist_max_std,1.7126773595809937
19922944,1711.301,episode/policy_dist_mean_loc,-0.05317682307213545
19922944,1711.301,episode/policy_dist_mean_std,0.7123509895801544
19922944,1711.301,episode/policy_dist_min_loc,-1.4637821865081788
19922944,1711.301,episode/policy_dist_min_std,0.19532488211989402
19922944,1711.301,episode/policy_loss,-0.0022029227437451483
19922944,1711.301,episode/total_loss,2.300448265373707
19922944,1711.301,episode/v_loss,2.4163105517625807
19922944,1720.899,eval/walltime,216.25964045524597
19922944,1720.899,training/sps,14222.205173842533
19922944,1720.899,training/walltime,1484.9558527469635
19922944,1720.899,training/entropy_loss,-0.11368972808122635
19922944,1720.899,training/kl_mean,0.004902937915176153
19922944,1720.899,training/learning_rate,0.0003000000142492354
19922944,1720.899,training/policy_dist_max_loc,0.9789530038833618
19922944,1720.899,training/policy_dist_max_std,1.710554838180542
19922944,1720.899,training/policy_dist_mean_loc,-0.05401015654206276
19922944,1720.899,training/policy_dist_mean_std,0.7122024297714233
19922944,1720.899,training/policy_dist_min_loc,-1.457923173904419
19922944,1720.899,training/policy_dist_min_std,0.196992427110672
19922944,1720.899,training/policy_loss,-0.0018401775741949677
19922944,1720.899,training/total_loss,2.3837814331054688
19922944,1720.899,training/v_loss,2.4993114471435547
19922944,1720.899,eval/episode_reward,618.7899780273438
19922944,1720.899,eval/episode_reward/ctrl,-0.22815555334091187
19922944,1720.899,eval/episode_reward/forward,636.8982543945312
19922944,1720.899,eval/episode_reward/joint,-0.07039963454008102
19922944,1720.899,eval/episode_reward/orient,-17.8096866607666
19922944,1720.899,eval/episode_reward/total,618.7899780273438
19922944,1720.899,eval/episode_state/forward_vel,8.632572174072266
19922944,1720.899,eval/episode_state/up_z,946.3803100585938
19922944,1720.899,eval/episode_reward_std,81.94717407226562
19922944,1720.899,eval/episode_reward/ctrl_std,0.0017720310715958476
19922944,1720.899,eval/episode_reward/forward_std,11.168678283691406
19922944,1720.899,eval/episode_reward/joint_std,0.004971168469637632
19922944,1720.899,eval/episode_reward/orient_std,79.73365783691406
19922944,1720.899,eval/episode_reward/total_std,81.94717407226562
19922944,1720.899,eval/episode_state/forward_vel_std,8.897363662719727
19922944,1720.899,eval/episode_state/up_z_std,47.761497497558594
19922944,1720.899,eval/avg_episode_length,1000.0
19922944,1720.899,eval/std_episode_length,0.0
19922944,1720.899,eval/epoch_eval_time,9.584204196929932
19922944,1720.899,eval/sps,3338.8270264786747
20971520,1793.681,episode/sps,12728.49213651486
20971520,1793.681,episode/length,1000.0
20971520,1793.681,episode/reward/ctrl,-0.22781941816210746
20971520,1793.681,episode/reward/forward,634.6564465332032
20971520,1793.681,episode/reward/joint,-0.06853830557316541
20971520,1793.681,episode/reward/orient,-7.593294539451599
20971520,1793.681,episode/reward/total,626.7667324829101
20971520,1793.681,episode/state/forward_vel,7.853656345196068
20971520,1793.681,episode/state/up_z,951.4372943115235
20971520,1793.681,episode/sum_reward,626.7667324829101
20971520,1793.681,episode/entropy_loss,-0.11424289330840111
20971520,1793.681,episode/kl_mean,0.00523243969772011
20971520,1793.681,episode/learning_rate,0.0003000000142492354
20971520,1793.681,episode/policy_dist_max_loc,0.9097215366363526
20971520,1793.681,episode/policy_dist_max_std,1.6162977385520936
20971520,1793.681,episode/policy_dist_mean_loc,-0.04169244430959225
20971520,1793.681,episode/policy_dist_mean_std,0.7153936964273453
20971520,1793.681,episode/policy_dist_min_loc,-1.3978474783897399
20971520,1793.681,episode/policy_dist_min_std,0.2241497015953064
20971520,1793.681,episode/policy_loss,-0.0027688224060693754
20971520,1793.681,episode/total_loss,2.4626228618621826
20971520,1793.681,episode/v_loss,2.5796345874667166
20971520,1799.592,eval/walltime,222.15679907798767
20971520,1799.592,training/sps,14406.063199274638
20971520,1799.592,training/walltime,1557.7429831027985
20971520,1799.592,training/entropy_loss,-0.11426031589508057
20971520,1799.592,training/kl_mean,0.004731742665171623
20971520,1799.592,training/learning_rate,0.0003000000142492354
20971520,1799.592,training/policy_dist_max_loc,0.9095145463943481
20971520,1799.592,training/policy_dist_max_std,1.6124156713485718
20971520,1799.592,training/policy_dist_mean_loc,-0.04240969568490982
20971520,1799.592,training/policy_dist_mean_std,0.7153944373130798
20971520,1799.592,training/policy_dist_min_loc,-1.3876705169677734
20971520,1799.592,training/policy_dist_min_std,0.22713761031627655
20971520,1799.592,training/policy_loss,-0.0023971376940608025
20971520,1799.592,training/total_loss,2.434143543243408
20971520,1799.592,training/v_loss,2.5508008003234863
20971520,1799.592,eval/episode_reward,630.941650390625
20971520,1799.592,eval/episode_reward/ctrl,-0.22824208438396454
20971520,1799.592,eval/episode_reward/forward,641.0638427734375
20971520,1799.592,eval/episode_reward/joint,-0.0674281120300293
20971520,1799.592,eval/episode_reward/orient,-9.826478958129883
20971520,1799.592,eval/episode_reward/total,630.941650390625
20971520,1799.592,eval/episode_state/forward_vel,12.602977752685547
20971520,1799.592,eval/episode_state/up_z,951.634521484375
20971520,1799.592,eval/episode_reward_std,52.17607879638672
20971520,1799.592,eval/episode_reward/ctrl_std,0.0016494160518050194
20971520,1799.592,eval/episode_reward/forward_std,19.92873764038086
20971520,1799.592,eval/episode_reward/joint_std,0.004717348609119654
20971520,1799.592,eval/episode_reward/orient_std,37.75358581542969
20971520,1799.592,eval/episode_reward/total_std,52.17607879638672
20971520,1799.592,eval/episode_state/forward_vel_std,16.29164695739746
20971520,1799.592,eval/episode_state/up_z_std,24.923919677734375
20971520,1799.592,eval/avg_episode_length,1000.0
20971520,1799.592,eval/std_episode_length,0.0
20971520,1799.592,eval/epoch_eval_time,5.897158622741699
20971520,1799.592,eval/sps,5426.342082201378
0,33.498,eval/walltime,22.056040048599243
0,33.498,eval/episode_reward,419.6221923828125
0,33.498,eval/episode_reward/ctrl,-0.23817841708660126
0,33.498,eval/episode_reward/forward,619.0919189453125
0,33.498,eval/episode_reward/joint,-0.1159265786409378
0,33.498,eval/episode_reward/orient,-199.11558532714844
0,33.498,eval/episode_reward/total,419.6221923828125
0,33.498,eval/episode_state/forward_vel,-0.8960486650466919
0,33.498,eval/episode_state/up_z,679.425537109375
0,33.498,eval/episode_reward_std,617.6707153320312
0,33.498,eval/episode_reward/ctrl_std,0.003118854248896241
0,33.498,eval/episode_reward/forward_std,24.168994903564453
0,33.498,eval/episode_reward/joint_std,0.005299490876495838
0,33.498,eval/episode_reward/orient_std,624.9337768554688
0,33.498,eval/episode_reward/total_std,617.6707153320312
0,33.498,eval/episode_state/forward_vel_std,18.99336051940918
0,33.498,eval/episode_state/up_z_std,281.95623779296875
0,33.498,eval/avg_episode_length,1000.0
0,33.498,eval/std_episode_length,0.0
0,33.498,eval/epoch_eval_time,22.056040048599243
0,33.498,eval/sps,1450.849741362901
22020096,1860.787,episode/sps,15625.658871245792
22020096,1860.787,episode/length,1000.0
22020096,1860.787,episode/reward/ctrl,-0.22802984237670898
22020096,1860.787,episode/reward/forward,643.2726092529297
22020096,1860.787,episode/reward/joint,-0.06746620029211044
22020096,1860.787,episode/reward/orient,-13.307857403755188
22020096,1860.787,episode/reward/total,629.6693130493164
22020096,1860.787,episode/state/forward_vel,14.239883502423764
22020096,1860.787,episode/state/up_z,949.7992565917968
22020096,1860.787,episode/sum_reward,629.6693130493164
22020096,1860.787,episode/entropy_loss,-0.11468384116888046
22020096,1860.787,episode/kl_mean,0.006300494931638241
22020096,1860.787,episode/learning_rate,0.0003000000142492354
22020096,1860.787,episode/policy_dist_max_loc,0.7839151310920716
22020096,1860.787,episode/policy_dist_max_std,1.4950754427909851
22020096,1860.787,episode/policy_dist_mean_loc,-0.02669312132522464
22020096,1860.787,episode/policy_dist_mean_std,0.7169654202461243
22020096,1860.787,episode/policy_dist_min_loc,-1.2368853759765626
22020096,1860.787,episode/policy_dist_min_std,0.254117369055748
22020096,1860.787,episode/policy_loss,-0.004117034949013032
22020096,1860.787,episode/total_loss,1.332056955844164
22020096,1860.787,episode/v_loss,1.4508578297495842
22020096,1870.279,eval/walltime,231.6341905593872
22020096,1870.279,training/sps,17133.386573934084
22020096,1870.279,training/walltime,1618.9437267780304
22020096,1870.279,training/entropy_loss,-0.11469916999340057
22020096,1870.279,training/kl_mean,0.005810211878269911
22020096,1870.279,training/learning_rate,0.0003000000142492354
22020096,1870.279,training/policy_dist_max_loc,0.7858726382255554
22020096,1870.279,training/policy_dist_max_std,1.5022475719451904
22020096,1870.279,training/policy_dist_mean_loc,-0.027244077995419502
22020096,1870.279,training/policy_dist_mean_std,0.7168527841567993
22020096,1870.279,training/policy_dist_min_loc,-1.2446069717407227
22020096,1870.279,training/policy_dist_min_std,0.25264960527420044
22020096,1870.279,training/policy_loss,-0.003570183180272579
22020096,1870.279,training/total_loss,1.3585931062698364
22020096,1870.279,training/v_loss,1.4768624305725098
22020096,1870.279,eval/episode_reward,636.9586181640625
22020096,1870.279,eval/episode_reward/ctrl,-0.22896388173103333
22020096,1870.279,eval/episode_reward/forward,641.81640625
22020096,1870.279,eval/episode_reward/joint,-0.06489018350839615
22020096,1870.279,eval/episode_reward/orient,-4.563936233520508
22020096,1870.279,eval/episode_reward/total,636.9586181640625
22020096,1870.279,eval/episode_state/forward_vel,12.69487476348877
22020096,1870.279,eval/episode_state/up_z,957.2645874023438
22020096,1870.279,eval/episode_reward_std,13.85225772857666
22020096,1870.279,eval/episode_reward/ctrl_std,0.0015012305229902267
22020096,1870.279,eval/episode_reward/forward_std,14.923696517944336
22020096,1870.279,eval/episode_reward/joint_std,0.004318708553910255
22020096,1870.279,eval/episode_reward/orient_std,5.182357311248779
22020096,1870.279,eval/episode_reward/total_std,13.85225772857666
22020096,1870.279,eval/episode_state/forward_vel_std,12.807613372802734
22020096,1870.279,eval/episode_state/up_z_std,11.169469833374023
22020096,1870.279,eval/avg_episode_length,1000.0
22020096,1870.279,eval/std_episode_length,0.0
22020096,1870.279,eval/epoch_eval_time,9.477391481399536
22020096,1870.279,eval/sps,3376.456492570098
1048576,120.496,episode/sps,9134.566794035138
1048576,120.496,episode/length,1000.0
1048576,120.496,episode/reward/ctrl,-0.23753051176667214
1048576,120.496,episode/reward/forward,622.0697399902343
1048576,120.496,episode/reward/joint,-0.11462930552661418
1048576,120.496,episode/reward/orient,-568.3426321792602
1048576,120.496,episode/reward/total,53.37492462158203
1048576,120.496,episode/state/forward_vel,1.283998568058014
1048576,120.496,episode/state/up_z,510.3310707092285
1048576,120.496,episode/sum_reward,53.37492462158203
1048576,120.496,episode/entropy_loss,-0.11474824383854866
1048576,120.496,episode/kl_mean,2.953250918388367
1048576,120.496,episode/learning_rate,0.0003000000142492354
1048576,120.496,episode/policy_dist_max_loc,1.1174035269021987
1048576,120.496,episode/policy_dist_max_std,1.430224118232727
1048576,120.496,episode/policy_dist_mean_loc,0.007279346827417612
1048576,120.496,episode/policy_dist_mean_std,0.6937302398681641
1048576,120.496,episode/policy_dist_min_loc,-1.0820011287927627
1048576,120.496,episode/policy_dist_min_std,0.26193942621350286
1048576,120.496,episode/policy_loss,0.28086633920669557
1048576,120.496,episode/total_loss,89.8346629333496
1048576,120.496,episode/v_loss,89.66854469299317
1048576,142.314,eval/walltime,43.85977244377136
1048576,142.314,training/sps,12052.66065563336
1048576,142.314,training/walltime,86.99954557418823
1048576,142.314,training/entropy_loss,-0.11479082703590393
1048576,142.314,training/kl_mean,2.987349271774292
1048576,142.314,training/learning_rate,0.0003000000142492354
1048576,142.314,training/policy_dist_max_loc,1.1319384574890137
1048576,142.314,training/policy_dist_max_std,1.4180952310562134
1048576,142.314,training/policy_dist_mean_loc,0.007163696922361851
1048576,142.314,training/policy_dist_mean_std,0.6934911012649536
1048576,142.314,training/policy_dist_min_loc,-1.0931602716445923
1048576,142.314,training/policy_dist_min_std,0.2581316828727722
1048576,142.314,training/policy_loss,0.28571873903274536
1048576,142.314,training/total_loss,86.66133880615234
1048576,142.314,training/v_loss,86.49040985107422
1048576,142.314,eval/episode_reward,392.8811340332031
1048576,142.314,eval/episode_reward/ctrl,-0.22377070784568787
1048576,142.314,eval/episode_reward/forward,612.9144287109375
1048576,142.314,eval/episode_reward/joint,-0.08409489691257477
1048576,142.314,eval/episode_reward/orient,-219.7252960205078
1048576,142.314,eval/episode_reward/total,392.8811340332031
1048576,142.314,eval/episode_state/forward_vel,-4.223420143127441
1048576,142.314,eval/episode_state/up_z,651.0745849609375
1048576,142.314,eval/episode_reward_std,616.6533203125
1048576,142.314,eval/episode_reward/ctrl_std,0.0023444402031600475
1048576,142.314,eval/episode_reward/forward_std,23.329938888549805
1048576,142.314,eval/episode_reward/joint_std,0.007886349223554134
1048576,142.314,eval/episode_reward/orient_std,608.8553466796875
1048576,142.314,eval/episode_reward/total_std,616.6533203125
1048576,142.314,eval/episode_state/forward_vel_std,18.510385513305664
1048576,142.314,eval/episode_state/up_z_std,279.46630859375
1048576,142.314,eval/avg_episode_length,1000.0
1048576,142.314,eval/std_episode_length,0.0
1048576,142.314,eval/epoch_eval_time,21.80373239517212
1048576,142.314,eval/sps,1467.6386326905015
23068672,1936.994,episode/sps,13759.527587687408
23068672,1936.994,episode/length,1000.0
23068672,1936.994,episode/reward/ctrl,-0.22883965507149695
23068672,1936.994,episode/reward/forward,647.9440045166016
23068672,1936.994,episode/reward/joint,-0.06657031528651715
23068672,1936.994,episode/reward/orient,-13.364690834283829
23068672,1936.994,episode/reward/total,634.2838980102539
23068672,1936.994,episode/state/forward_vel,17.71259864449501
23068672,1936.994,episode/state/up_z,954.3702844238281
23068672,1936.994,episode/sum_reward,634.2838980102539
23068672,1936.994,episode/entropy_loss,-0.1148646792024374
23068672,1936.994,episode/kl_mean,0.0047283934685401615
23068672,1936.994,episode/learning_rate,0.0003000000142492354
23068672,1936.994,episode/policy_dist_max_loc,0.7147266328334808
23068672,1936.994,episode/policy_dist_max_std,1.313266625404358
23068672,1936.994,episode/policy_dist_mean_loc,-0.023736982345581054
23068672,1936.994,episode/policy_dist_mean_std,0.7201734989881515
23068672,1936.994,episode/policy_dist_min_loc,-1.0719188445806502
23068672,1936.994,episode/policy_dist_min_std,0.30873695939779283
23068672,1936.994,episode/policy_loss,-0.002285357973887585
23068672,1936.994,episode/total_loss,1.7863114914298057
23068672,1936.994,episode/v_loss,1.9034615284204484
23068672,1942.892,eval/walltime,237.5175495147705
23068672,1942.892,training/sps,15715.980204177726
23068672,1942.892,training/walltime,1685.664095878601
23068672,1942.892,training/entropy_loss,-0.11486918479204178
23068672,1942.892,training/kl_mean,0.004208320751786232
23068672,1942.892,training/learning_rate,0.0003000000142492354
23068672,1942.892,training/policy_dist_max_loc,0.7162309885025024
23068672,1942.892,training/policy_dist_max_std,1.3254199028015137
23068672,1942.892,training/policy_dist_mean_loc,-0.023904509842395782
23068672,1942.892,training/policy_dist_mean_std,0.7198267579078674
23068672,1942.892,training/policy_dist_min_loc,-1.0861461162567139
23068672,1942.892,training/policy_dist_min_std,0.3036291003227234
23068672,1942.892,training/policy_loss,-0.001908371690660715
23068672,1942.892,training/total_loss,1.8320698738098145
23068672,1942.892,training/v_loss,1.9488475322723389
23068672,1942.892,eval/episode_reward,647.0510864257812
23068672,1942.892,eval/episode_reward/ctrl,-0.22978121042251587
23068672,1942.892,eval/episode_reward/forward,650.2545776367188
23068672,1942.892,eval/episode_reward/joint,-0.0673658549785614
23068672,1942.892,eval/episode_reward/orient,-2.906367540359497
23068672,1942.892,eval/episode_reward/total,647.0510864257812
23068672,1942.892,eval/episode_state/forward_vel,19.299455642700195
23068672,1942.892,eval/episode_state/up_z,960.5753784179688
23068672,1942.892,eval/episode_reward_std,15.734067916870117
23068672,1942.892,eval/episode_reward/ctrl_std,0.0017532160272821784
23068672,1942.892,eval/episode_reward/forward_std,15.934558868408203
23068672,1942.892,eval/episode_reward/joint_std,0.004337688442319632
23068672,1942.892,eval/episode_reward/orient_std,2.07909893989563
23068672,1942.892,eval/episode_reward/total_std,15.734067916870117
23068672,1942.892,eval/episode_state/forward_vel_std,13.28109073638916
23068672,1942.892,eval/episode_state/up_z_std,7.494990348815918
23068672,1942.892,eval/avg_episode_length,1000.0
23068672,1942.892,eval/std_episode_length,0.0
23068672,1942.892,eval/epoch_eval_time,5.883358955383301
23068672,1942.892,eval/sps,5439.069797147062
24117248,2018.102,episode/sps,12928.194508637116
24117248,2018.102,episode/length,1000.0
24117248,2018.102,episode/reward/ctrl,-0.2294377279281616
24117248,2018.102,episode/reward/forward,648.3620434570313
24117248,2018.102,episode/reward/joint,-0.06763667695224285
24117248,2018.102,episode/reward/orient,-15.781475205421447
24117248,2018.102,episode/reward/total,632.28347366333
24117248,2018.102,episode/state/forward_vel,18.430954578071834
24117248,2018.102,episode/state/up_z,950.2707507324219
24117248,2018.102,episode/sum_reward,632.28347366333
24117248,2018.102,episode/entropy_loss,-0.11485424108803272
24117248,2018.102,episode/kl_mean,0.005249790723901242
24117248,2018.102,episode/learning_rate,0.0003000000142492354
24117248,2018.102,episode/policy_dist_max_loc,0.7048489761352539
24117248,2018.102,episode/policy_dist_max_std,1.312912005186081
24117248,2018.102,episode/policy_dist_mean_loc,-0.01987276516854763
24117248,2018.102,episode/policy_dist_mean_std,0.720416887998581
24117248,2018.102,episode/policy_dist_min_loc,-1.063076444864273
24117248,2018.102,episode/policy_dist_min_std,0.3237081374228001
24117248,2018.102,episode/policy_loss,-0.0025335566856665537
24117248,2018.102,episode/total_loss,1.107911636978388
24117248,2018.102,episode/v_loss,1.2252994400262833
2097152,228.803,episode/sps,9681.435429497198
2097152,228.803,episode/length,1000.0
2097152,228.803,episode/reward/ctrl,-0.22443828716874123
2097152,228.803,episode/reward/forward,614.084091796875
2097152,228.803,episode/reward/joint,-0.08417736623436213
2097152,228.803,episode/reward/orient,-526.4805143737793
2097152,228.803,episode/reward/total,87.29501350402832
2097152,228.803,episode/state/forward_vel,-3.2517733217775824
2097152,228.803,episode/state/up_z,504.8801089477539
2097152,228.803,episode/sum_reward,87.29501350402832
2097152,228.803,episode/entropy_loss,-0.11165372915565967
2097152,228.803,episode/kl_mean,0.1933272312581539
2097152,228.803,episode/learning_rate,0.0003000000142492354
2097152,228.803,episode/policy_dist_max_loc,1.1018907111883163
2097152,228.803,episode/policy_dist_max_std,1.690945417881012
2097152,228.803,episode/policy_dist_mean_loc,0.001795557709338027
2097152,228.803,episode/policy_dist_mean_std,0.693804783821106
2097152,228.803,episode/policy_dist_min_loc,-1.2109295934438706
2097152,228.803,episode/policy_dist_min_std,0.27974630415439605
2097152,228.803,episode/policy_loss,0.06350983373820782
2097152,228.803,episode/total_loss,77.96662090301514
2097152,228.803,episode/v_loss,78.01476467132568
24117248,2025.494,eval/walltime,244.89586853981018
24117248,2025.494,training/sps,13940.923552467055
24117248,2025.494,training/walltime,1760.8797726631165
24117248,2025.494,training/entropy_loss,-0.11487449705600739
24117248,2025.494,training/kl_mean,0.004622277803719044
24117248,2025.494,training/learning_rate,0.0003000000142492354
24117248,2025.494,training/policy_dist_max_loc,0.7028776407241821
24117248,2025.494,training/policy_dist_max_std,1.3290126323699951
24117248,2025.494,training/policy_dist_mean_loc,-0.020891942083835602
24117248,2025.494,training/policy_dist_mean_std,0.7202517986297607
24117248,2025.494,training/policy_dist_min_loc,-1.0750737190246582
24117248,2025.494,training/policy_dist_min_std,0.3185293972492218
24117248,2025.494,training/policy_loss,-0.002136139664798975
24117248,2025.494,training/total_loss,1.1074681282043457
24117248,2025.494,training/v_loss,1.2244787216186523
24117248,2025.494,eval/episode_reward,648.4290771484375
24117248,2025.494,eval/episode_reward/ctrl,-0.22968460619449615
24117248,2025.494,eval/episode_reward/forward,651.7451782226562
24117248,2025.494,eval/episode_reward/joint,-0.06740137189626694
24117248,2025.494,eval/episode_reward/orient,-3.0191102027893066
24117248,2025.494,eval/episode_reward/total,648.4290771484375
24117248,2025.494,eval/episode_state/forward_vel,20.58400535583496
24117248,2025.494,eval/episode_state/up_z,960.254638671875
24117248,2025.494,eval/episode_reward_std,13.31973934173584
24117248,2025.494,eval/episode_reward/ctrl_std,0.001475654891692102
24117248,2025.494,eval/episode_reward/forward_std,13.262184143066406
24117248,2025.494,eval/episode_reward/joint_std,0.004381166771054268
24117248,2025.494,eval/episode_reward/orient_std,2.084153413772583
24117248,2025.494,eval/episode_reward/total_std,13.31973934173584
24117248,2025.494,eval/episode_state/forward_vel_std,11.163169860839844
24117248,2025.494,eval/episode_state/up_z_std,9.279112815856934
24117248,2025.494,eval/avg_episode_length,1000.0
24117248,2025.494,eval/std_episode_length,0.0
24117248,2025.494,eval/epoch_eval_time,7.378319025039673
24117248,2025.494,eval/sps,4337.031225053045
2097152,236.219,eval/walltime,51.26036787033081
2097152,236.219,training/sps,12123.075699788531
2097152,236.219,training/walltime,173.4937674999237
2097152,236.219,training/entropy_loss,-0.11211195588111877
2097152,236.219,training/kl_mean,0.2305832803249359
2097152,236.219,training/learning_rate,0.0003000000142492354
2097152,236.219,training/policy_dist_max_loc,1.0478124618530273
2097152,236.219,training/policy_dist_max_std,1.6147559881210327
2097152,236.219,training/policy_dist_mean_loc,0.0028432016260921955
2097152,236.219,training/policy_dist_mean_std,0.6937178373336792
2097152,236.219,training/policy_dist_min_loc,-1.1462891101837158
2097152,236.219,training/policy_dist_min_std,0.29369962215423584
2097152,236.219,training/policy_loss,0.07206211984157562
2097152,236.219,training/total_loss,79.38334655761719
2097152,236.219,training/v_loss,79.42340087890625
2097152,236.219,eval/episode_reward,83.44569396972656
2097152,236.219,eval/episode_reward/ctrl,-0.22381119430065155
2097152,236.219,eval/episode_reward/forward,618.75390625
2097152,236.219,eval/episode_reward/joint,-0.0881098210811615
2097152,236.219,eval/episode_reward/orient,-534.9961547851562
2097152,236.219,eval/episode_reward/total,83.44569396972656
2097152,236.219,eval/episode_state/forward_vel,0.6526885032653809
2097152,236.219,eval/episode_state/up_z,500.4219970703125
2097152,236.219,eval/episode_reward_std,1082.5057373046875
2097152,236.219,eval/episode_reward/ctrl_std,0.0028975647874176502
2097152,236.219,eval/episode_reward/forward_std,19.897335052490234
2097152,236.219,eval/episode_reward/joint_std,0.012693787924945354
2097152,236.219,eval/episode_reward/orient_std,1083.5245361328125
2097152,236.219,eval/episode_reward/total_std,1082.5057373046875
2097152,236.219,eval/episode_state/forward_vel_std,17.492801666259766
2097152,236.219,eval/episode_state/up_z_std,493.1982421875
2097152,236.219,eval/avg_episode_length,1000.0
2097152,236.219,eval/std_episode_length,0.0
2097152,236.219,eval/epoch_eval_time,7.400595426559448
2097152,236.219,eval/sps,4323.976404000896
25165824,2100.627,episode/sps,12706.225773223769
25165824,2100.627,episode/length,1000.0
25165824,2100.627,episode/reward/ctrl,-0.23001758515834808
25165824,2100.627,episode/reward/forward,650.3120520019531
25165824,2100.627,episode/reward/joint,-0.06839524567127228
25165824,2100.627,episode/reward/orient,-8.60105329632759
25165824,2100.627,episode/reward/total,641.4126129150391
25165824,2100.627,episode/state/forward_vel,19.551660912036894
25165824,2100.627,episode/state/up_z,955.838989868164
25165824,2100.627,episode/sum_reward,641.4126129150391
25165824,2100.627,episode/entropy_loss,-0.11488514825701714
25165824,2100.627,episode/kl_mean,0.005075665707699954
25165824,2100.627,episode/learning_rate,0.0003000000142492354
25165824,2100.627,episode/policy_dist_max_loc,0.7104672116041183
25165824,2100.627,episode/policy_dist_max_std,1.2133959996700288
25165824,2100.627,episode/policy_dist_mean_loc,-0.02328352939337492
25165824,2100.627,episode/policy_dist_mean_std,0.722178708910942
25165824,2100.627,episode/policy_dist_min_loc,-0.9822804737091064
25165824,2100.627,episode/policy_dist_min_std,0.3593836408853531
25165824,2100.627,episode/policy_loss,-0.0028572198159235993
25165824,2100.627,episode/total_loss,0.725522409081459
25165824,2100.627,episode/v_loss,0.8432647731900215
3145728,312.270,episode/sps,12562.781854304918
3145728,312.270,episode/length,1000.0
3145728,312.270,episode/reward/ctrl,-0.22400591269135475
3145728,312.270,episode/reward/forward,619.4202679443359
3145728,312.270,episode/reward/joint,-0.08725333213806152
3145728,312.270,episode/reward/orient,-486.82287879943846
3145728,312.270,episode/reward/total,132.2861228942871
3145728,312.270,episode/state/forward_vel,0.562863794118166
3145728,312.270,episode/state/up_z,519.2143126487732
3145728,312.270,episode/sum_reward,132.2861228942871
3145728,312.270,episode/entropy_loss,-0.10773412197828293
3145728,312.270,episode/kl_mean,0.005742777222767472
3145728,312.270,episode/learning_rate,0.0003000000142492354
3145728,312.270,episode/policy_dist_max_loc,1.5014702093601227
3145728,312.270,episode/policy_dist_max_std,2.377586913108826
3145728,312.270,episode/policy_dist_mean_loc,-0.00893484013620764
3145728,312.270,episode/policy_dist_mean_std,0.69336645424366
3145728,312.270,episode/policy_dist_min_loc,-1.791832413673401
3145728,312.270,episode/policy_dist_min_std,0.1576371146738529
3145728,312.270,episode/policy_loss,-0.0022462042488041335
3145728,312.270,episode/total_loss,62.61677810668945
3145728,312.270,episode/v_loss,62.72675815582275
25165824,2108.366,eval/walltime,252.62101364135742
25165824,2108.366,training/sps,13955.376208527796
25165824,2108.366,training/walltime,1836.0175535678864
25165824,2108.366,training/entropy_loss,-0.11489483714103699
25165824,2108.366,training/kl_mean,0.004598765168339014
25165824,2108.366,training/learning_rate,0.0003000000142492354
25165824,2108.366,training/policy_dist_max_loc,0.7083621025085449
25165824,2108.366,training/policy_dist_max_std,1.2109768390655518
25165824,2108.366,training/policy_dist_mean_loc,-0.022855527698993683
25165824,2108.366,training/policy_dist_mean_std,0.7218819260597229
25165824,2108.366,training/policy_dist_min_loc,-0.9779689908027649
25165824,2108.366,training/policy_dist_min_std,0.35827895998954773
25165824,2108.366,training/policy_loss,-0.0023787938989698887
25165824,2108.366,training/total_loss,0.7402480840682983
25165824,2108.366,training/v_loss,0.857521653175354
25165824,2108.366,eval/episode_reward,647.2529296875
25165824,2108.366,eval/episode_reward/ctrl,-0.23008275032043457
25165824,2108.366,eval/episode_reward/forward,651.890869140625
25165824,2108.366,eval/episode_reward/joint,-0.06955258548259735
25165824,2108.366,eval/episode_reward/orient,-4.338275909423828
25165824,2108.366,eval/episode_reward/total,647.2529296875
25165824,2108.366,eval/episode_state/forward_vel,20.95183563232422
25165824,2108.366,eval/episode_state/up_z,952.5934448242188
25165824,2108.366,eval/episode_reward_std,20.247011184692383
25165824,2108.366,eval/episode_reward/ctrl_std,0.002023350214585662
25165824,2108.366,eval/episode_reward/forward_std,18.317581176757812
25165824,2108.366,eval/episode_reward/joint_std,0.0041085295379161835
25165824,2108.366,eval/episode_reward/orient_std,4.19532585144043
25165824,2108.366,eval/episode_reward/total_std,20.247011184692383
25165824,2108.366,eval/episode_state/forward_vel_std,14.48814582824707
25165824,2108.366,eval/episode_state/up_z_std,12.028962135314941
25165824,2108.366,eval/avg_episode_length,1000.0
25165824,2108.366,eval/std_episode_length,0.0
25165824,2108.366,eval/epoch_eval_time,7.725145101547241
25165824,2108.366,eval/sps,4142.317015325814
3145728,318.540,eval/walltime,57.50763559341431
3145728,318.540,training/sps,13785.256458361964
3145728,318.540,training/walltime,249.5588014125824
3145728,318.540,training/entropy_loss,-0.10799407958984375
3145728,318.540,training/kl_mean,0.008650192990899086
3145728,318.540,training/learning_rate,0.0003000000142492354
3145728,318.540,training/policy_dist_max_loc,1.488776683807373
3145728,318.540,training/policy_dist_max_std,2.3365464210510254
3145728,318.540,training/policy_dist_mean_loc,-0.007826775312423706
3145728,318.540,training/policy_dist_mean_std,0.6932116746902466
3145728,318.540,training/policy_dist_min_loc,-1.7573931217193604
3145728,318.540,training/policy_dist_min_std,0.16304734349250793
3145728,318.540,training/policy_loss,-0.00011886460561072454
3145728,318.540,training/total_loss,62.54816818237305
3145728,318.540,training/v_loss,62.656280517578125
3145728,318.540,eval/episode_reward,189.85580444335938
3145728,318.540,eval/episode_reward/ctrl,-0.22429423034191132
3145728,318.540,eval/episode_reward/forward,616.5103149414062
3145728,318.540,eval/episode_reward/joint,-0.0909929871559143
3145728,318.540,eval/episode_reward/orient,-426.33905029296875
3145728,318.540,eval/episode_reward/total,189.85580444335938
3145728,318.540,eval/episode_state/forward_vel,-1.152575969696045
3145728,318.540,eval/episode_state/up_z,534.0867309570312
3145728,318.540,eval/episode_reward_std,895.8597412109375
3145728,318.540,eval/episode_reward/ctrl_std,0.002403812948614359
3145728,318.540,eval/episode_reward/forward_std,28.94502830505371
3145728,318.540,eval/episode_reward/joint_std,0.01221527624875307
3145728,318.540,eval/episode_reward/orient_std,892.528564453125
3145728,318.540,eval/episode_reward/total_std,895.8597412109375
3145728,318.540,eval/episode_state/forward_vel_std,21.253433227539062
3145728,318.540,eval/episode_state/up_z_std,419.6236267089844
3145728,318.540,eval/avg_episode_length,1000.0
3145728,318.540,eval/std_episode_length,0.0
3145728,318.540,eval/epoch_eval_time,6.247267723083496
3145728,318.540,eval/sps,5122.239260174621
4194304,377.614,episode/sps,16047.165874186965
4194304,377.614,episode/length,1000.0
4194304,377.614,episode/reward/ctrl,-0.22459812924265862
4194304,377.614,episode/reward/forward,619.2139117431641
4194304,377.614,episode/reward/joint,-0.09240644920617341
4194304,377.614,episode/reward/orient,-377.76352142333985
4194304,377.614,episode/reward/total,241.13337158203126
4194304,377.614,episode/state/forward_vel,0.31975643754005434
4194304,377.614,episode/state/up_z,565.0097274780273
4194304,377.614,episode/sum_reward,241.13337158203126
4194304,377.614,episode/entropy_loss,-0.10701769873499871
4194304,377.614,episode/kl_mean,0.004269245078321546
4194304,377.614,episode/learning_rate,0.0003000000142492354
4194304,377.614,episode/policy_dist_max_loc,1.489644021987915
4194304,377.614,episode/policy_dist_max_std,2.467920467853546
4194304,377.614,episode/policy_dist_mean_loc,-0.015409908015280962
4194304,377.614,episode/policy_dist_mean_std,0.6927823877334595
4194304,377.614,episode/policy_dist_min_loc,-1.8058112800121306
4194304,377.614,episode/policy_dist_min_std,0.15043762885034084
4194304,377.614,episode/policy_loss,-0.002367213848629035
4194304,377.614,episode/total_loss,59.89311424255371
4194304,377.614,episode/v_loss,60.002498893737794
4194304,386.605,eval/walltime,66.47690963745117
4194304,386.605,training/sps,17746.482767855185
4194304,386.605,training/walltime,308.64521384239197
4194304,386.605,training/entropy_loss,-0.10707858204841614
4194304,386.605,training/kl_mean,0.004763187374919653
4194304,386.605,training/learning_rate,0.0003000000142492354
4194304,386.605,training/policy_dist_max_loc,1.4945274591445923
4194304,386.605,training/policy_dist_max_std,2.461538314819336
4194304,386.605,training/policy_dist_mean_loc,-0.014723479747772217
4194304,386.605,training/policy_dist_mean_std,0.692613422870636
4194304,386.605,training/policy_dist_min_loc,-1.7999037504196167
4194304,386.605,training/policy_dist_min_std,0.151469886302948
4194304,386.605,training/policy_loss,-0.0015490403166040778
4194304,386.605,training/total_loss,59.32439422607422
4194304,386.605,training/v_loss,59.43302536010742
4194304,386.605,eval/episode_reward,94.56367492675781
4194304,386.605,eval/episode_reward/ctrl,-0.22619695961475372
4194304,386.605,eval/episode_reward/forward,610.0715942382812
4194304,386.605,eval/episode_reward/joint,-0.09743087738752365
4194304,386.605,eval/episode_reward/orient,-515.1841430664062
4194304,386.605,eval/episode_reward/total,94.56367492675781
4194304,386.605,eval/episode_state/forward_vel,-7.829370498657227
4194304,386.605,eval/episode_state/up_z,488.3544006347656
4194304,386.605,eval/episode_reward_std,994.8114013671875
4194304,386.605,eval/episode_reward/ctrl_std,0.004427327308803797
4194304,386.605,eval/episode_reward/forward_std,21.415590286254883
4194304,386.605,eval/episode_reward/joint_std,0.013288219459354877
4194304,386.605,eval/episode_reward/orient_std,996.9677124023438
4194304,386.605,eval/episode_reward/total_std,994.8114013671875
4194304,386.605,eval/episode_state/forward_vel_std,18.214017868041992
4194304,386.605,eval/episode_state/up_z_std,467.33148193359375
4194304,386.605,eval/avg_episode_length,1000.0
4194304,386.605,eval/std_episode_length,0.0
4194304,386.605,eval/epoch_eval_time,8.969274044036865
4194304,386.605,eval/sps,3567.73578807918
5242880,456.843,episode/sps,13234.765815819936
5242880,456.843,episode/length,1000.0
5242880,456.843,episode/reward/ctrl,-0.22533241227269174
5242880,456.843,episode/reward/forward,615.6090594482422
5242880,456.843,episode/reward/joint,-0.09666559804230929
5242880,456.843,episode/reward/orient,-353.93930088043214
5242880,456.843,episode/reward/total,261.3477108383179
5242880,456.843,episode/state/forward_vel,-2.4635414995253084
5242880,456.843,episode/state/up_z,567.5401264953613
5242880,456.843,episode/sum_reward,261.3477108383179
5242880,456.843,episode/entropy_loss,-0.10602031983435153
5242880,456.843,episode/kl_mean,0.0046873874193988745
5242880,456.843,episode/learning_rate,0.0003000000142492354
5242880,456.843,episode/policy_dist_max_loc,1.4550082743167878
5242880,456.843,episode/policy_dist_max_std,2.5189598965644837
5242880,456.843,episode/policy_dist_mean_loc,-0.023522224351763724
5242880,456.843,episode/policy_dist_mean_std,0.6928528398275375
5242880,456.843,episode/policy_dist_min_loc,-1.9077108216285705
5242880,456.843,episode/policy_dist_min_std,0.13257535018026828
5242880,456.843,episode/policy_loss,-0.0024602261336985976
5242880,456.843,episode/total_loss,47.88820350646973
5242880,456.843,episode/v_loss,47.996684093475345
5242880,463.172,eval/walltime,72.78661942481995
5242880,463.172,training/sps,14926.525451364125
5242880,463.172,training/walltime,378.89438223838806
5242880,463.172,training/entropy_loss,-0.1060514897108078
5242880,463.172,training/kl_mean,0.004874262493103743
5242880,463.172,training/learning_rate,0.0003000000142492354
5242880,463.172,training/policy_dist_max_loc,1.460818886756897
5242880,463.172,training/policy_dist_max_std,2.5156548023223877
5242880,463.172,training/policy_dist_mean_loc,-0.02275547757744789
5242880,463.172,training/policy_dist_mean_std,0.6926865577697754
5242880,463.172,training/policy_dist_min_loc,-1.9087895154953003
5242880,463.172,training/policy_dist_min_std,0.13347935676574707
5242880,463.172,training/policy_loss,-0.0018027399200946093
5242880,463.172,training/total_loss,47.79240417480469
5242880,463.172,training/v_loss,47.90026092529297
5242880,463.172,eval/episode_reward,421.02783203125
5242880,463.172,eval/episode_reward/ctrl,-0.22770646214485168
5242880,463.172,eval/episode_reward/forward,619.9992065429688
5242880,463.172,eval/episode_reward/joint,-0.10601935535669327
5242880,463.172,eval/episode_reward/orient,-198.63766479492188
5242880,463.172,eval/episode_reward/total,421.02783203125
5242880,463.172,eval/episode_state/forward_vel,0.15911638736724854
5242880,463.172,eval/episode_state/up_z,631.667236328125
5242880,463.172,eval/episode_reward_std,252.469970703125
5242880,463.172,eval/episode_reward/ctrl_std,0.0034795699175447226
5242880,463.172,eval/episode_reward/forward_std,24.219919204711914
5242880,463.172,eval/episode_reward/joint_std,0.011751262471079826
5242880,463.172,eval/episode_reward/orient_std,256.5606384277344
5242880,463.172,eval/episode_reward/total_std,252.469970703125
5242880,463.172,eval/episode_state/forward_vel_std,19.738250732421875
5242880,463.172,eval/episode_state/up_z_std,134.1153564453125
5242880,463.172,eval/avg_episode_length,1000.0
5242880,463.172,eval/std_episode_length,0.0
5242880,463.172,eval/epoch_eval_time,6.309709787368774
5242880,463.172,eval/sps,5071.548625589702
6291456,540.190,episode/sps,12580.820722117864
6291456,540.190,episode/length,1000.0
6291456,540.190,episode/reward/ctrl,-0.22686772286891937
6291456,540.190,episode/reward/forward,614.7949133300781
6291456,540.190,episode/reward/joint,-0.10067017167806626
6291456,540.190,episode/reward/orient,-514.2155870819092
6291456,540.190,episode/reward/total,100.25189521789551
6291456,540.190,episode/state/forward_vel,-4.242728218138218
6291456,540.190,episode/state/up_z,470.26480068206786
6291456,540.190,episode/sum_reward,100.25189521789551
6291456,540.190,episode/entropy_loss,-0.10467376470565797
6291456,540.190,episode/kl_mean,0.0041621302394196395
6291456,540.190,episode/learning_rate,0.0003000000142492354
6291456,540.190,episode/policy_dist_max_loc,1.4818716156482696
6291456,540.190,episode/policy_dist_max_std,2.6066633081436157
6291456,540.190,episode/policy_dist_mean_loc,-0.03229353036731482
6291456,540.190,episode/policy_dist_mean_std,0.6929584968090058
6291456,540.190,episode/policy_dist_min_loc,-1.9730281710624695
6291456,540.190,episode/policy_dist_min_std,0.11386313050985336
6291456,540.190,episode/policy_loss,-0.0016803744883509353
6291456,540.190,episode/total_loss,40.102067966461185
6291456,540.190,episode/v_loss,40.20842220306397
6291456,547.190,eval/walltime,79.76674699783325
6291456,547.190,training/sps,13612.724453102584
6291456,547.190,training/walltime,455.92348861694336
6291456,547.190,training/entropy_loss,-0.10471044480800629
6291456,547.190,training/kl_mean,0.004496883600950241
6291456,547.190,training/learning_rate,0.0003000000142492354
6291456,547.190,training/policy_dist_max_loc,1.4821810722351074
6291456,547.190,training/policy_dist_max_std,2.59843111038208
6291456,547.190,training/policy_dist_mean_loc,-0.03177938237786293
6291456,547.190,training/policy_dist_mean_std,0.6927899718284607
6291456,547.190,training/policy_dist_min_loc,-1.976143717765808
6291456,547.190,training/policy_dist_min_std,0.11594385653734207
6291456,547.190,training/policy_loss,-0.0011429224396124482
6291456,547.190,training/total_loss,39.879302978515625
6291456,547.190,training/v_loss,39.98515319824219
6291456,547.190,eval/episode_reward,109.96505737304688
6291456,547.190,eval/episode_reward/ctrl,-0.23032605648040771
6291456,547.190,eval/episode_reward/forward,612.7086181640625
6291456,547.190,eval/episode_reward/joint,-0.10888389497995377
6291456,547.190,eval/episode_reward/orient,-502.4044494628906
6291456,547.190,eval/episode_reward/total,109.96505737304688
6291456,547.190,eval/episode_state/forward_vel,-5.97359561920166
6291456,547.190,eval/episode_state/up_z,467.08319091796875
6291456,547.190,eval/episode_reward_std,921.1004028320312
6291456,547.190,eval/episode_reward/ctrl_std,0.004308201372623444
6291456,547.190,eval/episode_reward/forward_std,19.72136688232422
6291456,547.190,eval/episode_reward/joint_std,0.015097906813025475
6291456,547.190,eval/episode_reward/orient_std,921.7802124023438
6291456,547.190,eval/episode_reward/total_std,921.1004028320312
6291456,547.190,eval/episode_state/forward_vel_std,16.291484832763672
6291456,547.190,eval/episode_state/up_z_std,421.3408508300781
6291456,547.190,eval/avg_episode_length,1000.0
6291456,547.190,eval/std_episode_length,0.0
6291456,547.190,eval/epoch_eval_time,6.980127573013306
6291456,547.190,eval/sps,4584.443431051171
7340032,625.416,episode/sps,12303.430606061693
7340032,625.416,episode/length,1000.0
7340032,625.416,episode/reward/ctrl,-0.23032820403575896
7340032,625.416,episode/reward/forward,613.8716973876953
7340032,625.416,episode/reward/joint,-0.11008358523249626
7340032,625.416,episode/reward/orient,-397.6457160949707
7340032,625.416,episode/reward/total,215.88553455352783
7340032,625.416,episode/state/forward_vel,-4.945168275386095
7340032,625.416,episode/state/up_z,507.7807471466065
7340032,625.416,episode/sum_reward,215.88553455352783
7340032,625.416,episode/entropy_loss,-0.10188161633908749
7340032,625.416,episode/kl_mean,0.005138359209522605
7340032,625.416,episode/learning_rate,0.0003000000142492354
7340032,625.416,episode/policy_dist_max_loc,1.4947221863269806
7340032,625.416,episode/policy_dist_max_std,2.63782516002655
7340032,625.416,episode/policy_dist_mean_loc,-0.044969194307923316
7340032,625.416,episode/policy_dist_mean_std,0.6918247759342193
7340032,625.416,episode/policy_dist_min_loc,-1.9838654816150665
7340032,625.416,episode/policy_dist_min_std,0.10865945599973202
7340032,625.416,episode/policy_loss,-0.001662852437584661
7340032,625.416,episode/total_loss,34.09023063659668
7340032,625.416,episode/v_loss,34.19377517700195
7340032,633.898,eval/walltime,88.23466229438782
7340032,633.898,training/sps,13403.562925894432
7340032,633.898,training/walltime,534.1546280384064
7340032,633.898,training/entropy_loss,-0.10193600505590439
7340032,633.898,training/kl_mean,0.005616459064185619
7340032,633.898,training/learning_rate,0.0003000000142492354
7340032,633.898,training/policy_dist_max_loc,1.4946426153182983
7340032,633.898,training/policy_dist_max_std,2.62865948677063
7340032,633.898,training/policy_dist_mean_loc,-0.043908972293138504
7340032,633.898,training/policy_dist_mean_std,0.6917847990989685
7340032,633.898,training/policy_dist_min_loc,-1.9840672016143799
7340032,633.898,training/policy_dist_min_std,0.10989218205213547
7340032,633.898,training/policy_loss,-0.0011098934337496758
7340032,633.898,training/total_loss,33.9881477355957
7340032,633.898,training/v_loss,34.09119415283203
7340032,633.898,eval/episode_reward,248.63504028320312
7340032,633.898,eval/episode_reward/ctrl,-0.2334345132112503
7340032,633.898,eval/episode_reward/forward,614.501708984375
7340032,633.898,eval/episode_reward/joint,-0.12052604556083679
7340032,633.898,eval/episode_reward/orient,-365.51287841796875
7340032,633.898,eval/episode_reward/total,248.63504028320312
7340032,633.898,eval/episode_state/forward_vel,-5.592429161071777
7340032,633.898,eval/episode_state/up_z,523.9130859375
7340032,633.898,eval/episode_reward_std,745.0009765625
7340032,633.898,eval/episode_reward/ctrl_std,0.004788970109075308
7340032,633.898,eval/episode_reward/forward_std,22.06766700744629
7340032,633.898,eval/episode_reward/joint_std,0.010581489652395248
7340032,633.898,eval/episode_reward/orient_std,746.254638671875
7340032,633.898,eval/episode_reward/total_std,745.0009765625
7340032,633.898,eval/episode_state/forward_vel_std,18.4981689453125
7340032,633.898,eval/episode_state/up_z_std,334.6695556640625
7340032,633.898,eval/avg_episode_length,1000.0
7340032,633.898,eval/std_episode_length,0.0
7340032,633.898,eval/epoch_eval_time,8.467915296554565
7340032,633.898,eval/sps,3778.970251747817
8388608,711.251,episode/sps,12216.230929941925
8388608,711.251,episode/length,1000.0
8388608,711.251,episode/reward/ctrl,-0.23272329270839692
8388608,711.251,episode/reward/forward,614.6989270019532
8388608,711.251,episode/reward/joint,-0.11800300911068916
8388608,711.251,episode/reward/orient,-274.3917152404785
8388608,711.251,episode/reward/total,339.9564799499512
8388608,711.251,episode/state/forward_vel,-4.4927336585521696
8388608,711.251,episode/state/up_z,561.4035963439942
8388608,711.251,episode/sum_reward,339.9564799499512
8388608,711.251,episode/entropy_loss,-0.09997225955128669
8388608,711.251,episode/kl_mean,0.006412197966128587
8388608,711.251,episode/learning_rate,0.0003000000142492354
8388608,711.251,episode/policy_dist_max_loc,1.505275548696518
8388608,711.251,episode/policy_dist_max_std,2.7056942224502563
8388608,711.251,episode/policy_dist_mean_loc,-0.05439875911921263
8388608,711.251,episode/policy_dist_mean_std,0.691807997226715
8388608,711.251,episode/policy_dist_min_loc,-2.0578321838378906
8388608,711.251,episode/policy_dist_min_std,0.10007822431623936
8388608,711.251,episode/policy_loss,-0.0022954481770284473
8388608,711.251,episode/total_loss,37.25330062866211
8388608,711.251,episode/v_loss,37.355568161010744
8388608,720.678,eval/walltime,97.6472020149231
8388608,720.678,training/sps,13554.828908366988
8388608,720.678,training/walltime,611.5127420425415
8388608,720.678,training/entropy_loss,-0.09995214641094208
8388608,720.678,training/kl_mean,0.006970388814806938
8388608,720.678,training/learning_rate,0.0003000000142492354
8388608,720.678,training/policy_dist_max_loc,1.5010952949523926
8388608,720.678,training/policy_dist_max_std,2.7099130153656006
8388608,720.678,training/policy_dist_mean_loc,-0.0538242906332016
8388608,720.678,training/policy_dist_mean_std,0.6916656494140625
8388608,720.678,training/policy_dist_min_loc,-2.0657806396484375
8388608,720.678,training/policy_dist_min_std,0.10036230087280273
8388608,720.678,training/policy_loss,-0.0015056019183248281
8388608,720.678,training/total_loss,36.87593078613281
8388608,720.678,training/v_loss,36.977394104003906
8388608,720.678,eval/episode_reward,279.25244140625
8388608,720.678,eval/episode_reward/ctrl,-0.23868577182292938
8388608,720.678,eval/episode_reward/forward,608.244140625
8388608,720.678,eval/episode_reward/joint,-0.12895236909389496
8388608,720.678,eval/episode_reward/orient,-328.6239318847656
8388608,720.678,eval/episode_reward/total,279.25244140625
8388608,720.678,eval/episode_state/forward_vel,-10.55003547668457
8388608,720.678,eval/episode_state/up_z,507.74749755859375
8388608,720.678,eval/episode_reward_std,540.410888671875
8388608,720.678,eval/episode_reward/ctrl_std,0.005159569904208183
8388608,720.678,eval/episode_reward/forward_std,15.599163055419922
8388608,720.678,eval/episode_reward/joint_std,0.013322748243808746
8388608,720.678,eval/episode_reward/orient_std,539.5440673828125
8388608,720.678,eval/episode_reward/total_std,540.410888671875
8388608,720.678,eval/episode_state/forward_vel_std,12.715947151184082
8388608,720.678,eval/episode_state/up_z_std,240.9228057861328
8388608,720.678,eval/avg_episode_length,1000.0
8388608,720.678,eval/std_episode_length,0.0
8388608,720.678,eval/epoch_eval_time,9.412539720535278
8388608,720.678,eval/sps,3399.720049009281
9437184,799.729,episode/sps,11851.22861815126
9437184,799.729,episode/length,1000.0
9437184,799.729,episode/reward/ctrl,-0.23760560348629953
9437184,799.729,episode/reward/forward,613.6595935058593
9437184,799.729,episode/reward/joint,-0.12964855052530766
9437184,799.729,episode/reward/orient,-313.4687156677246
9437184,799.729,episode/reward/total,299.8236207199097
9437184,799.729,episode/state/forward_vel,-5.999235543608665
9437184,799.729,episode/state/up_z,514.3169109725952
9437184,799.729,episode/sum_reward,299.8236207199097
9437184,799.729,episode/entropy_loss,-0.09537260733544826
9437184,799.729,episode/kl_mean,0.007260869722813368
9437184,799.729,episode/learning_rate,0.0003000000142492354
9437184,799.729,episode/policy_dist_max_loc,1.5381148910522462
9437184,799.729,episode/policy_dist_max_std,2.7053011417388917
9437184,799.729,episode/policy_dist_mean_loc,-0.06764036640524865
9437184,799.729,episode/policy_dist_mean_std,0.6917638683319092
9437184,799.729,episode/policy_dist_min_loc,-2.0027839553356173
9437184,799.729,episode/policy_dist_min_std,0.10050671510398387
9437184,799.729,episode/policy_loss,-0.002105337570537813
9437184,799.729,episode/total_loss,28.815524101257324
9437184,799.729,episode/v_loss,28.91300200462341
9437184,809.169,eval/walltime,107.06616878509521
9437184,809.169,training/sps,13262.529637403952
9437184,809.169,training/walltime,690.5757887363434
9437184,809.169,training/entropy_loss,-0.09544986486434937
9437184,809.169,training/kl_mean,0.008549931459128857
9437184,809.169,training/learning_rate,0.0003000000142492354
9437184,809.169,training/policy_dist_max_loc,1.539315938949585
9437184,809.169,training/policy_dist_max_std,2.7047882080078125
9437184,809.169,training/policy_dist_mean_loc,-0.06693391501903534
9437184,809.169,training/policy_dist_mean_std,0.6916777491569519
9437184,809.169,training/policy_dist_min_loc,-2.011246919631958
9437184,809.169,training/policy_dist_min_std,0.10080860555171967
9437184,809.169,training/policy_loss,-0.0012829098850488663
9437184,809.169,training/total_loss,28.502140045166016
9437184,809.169,training/v_loss,28.5988712310791
9437184,809.169,eval/episode_reward,149.68101501464844
9437184,809.169,eval/episode_reward/ctrl,-0.24088768661022186
9437184,809.169,eval/episode_reward/forward,607.8611450195312
9437184,809.169,eval/episode_reward/joint,-0.13284796476364136
9437184,809.169,eval/episode_reward/orient,-457.8065490722656
9437184,809.169,eval/episode_reward/total,149.68101501464844
9437184,809.169,eval/episode_state/forward_vel,-11.199254989624023
9437184,809.169,eval/episode_state/up_z,434.032958984375
9437184,809.169,eval/episode_reward_std,716.6251220703125
9437184,809.169,eval/episode_reward/ctrl_std,0.0046289353631436825
9437184,809.169,eval/episode_reward/forward_std,21.712932586669922
9437184,809.169,eval/episode_reward/joint_std,0.011948398314416409
9437184,809.169,eval/episode_reward/orient_std,719.5488891601562
9437184,809.169,eval/episode_reward/total_std,716.6251220703125
9437184,809.169,eval/episode_state/forward_vel_std,17.1190128326416
9437184,809.169,eval/episode_state/up_z_std,317.9320983886719
9437184,809.169,eval/avg_episode_length,1000.0
9437184,809.169,eval/std_episode_length,0.0
9437184,809.169,eval/epoch_eval_time,9.41896677017212
9437184,809.169,eval/sps,3397.4002436591295
10485760,887.833,episode/sps,11901.594496973094
10485760,887.833,episode/length,1000.0
10485760,887.833,episode/reward/ctrl,-0.24141353711485863
10485760,887.833,episode/reward/forward,612.0714697265626
10485760,887.833,episode/reward/joint,-0.13469711046665908
10485760,887.833,episode/reward/orient,-278.20461830616
10485760,887.833,episode/reward/total,333.4907300567627
10485760,887.833,episode/state/forward_vel,-8.297991988956928
10485760,887.833,episode/state/up_z,519.2744494724274
10485760,887.833,episode/sum_reward,333.4907300567627
10485760,887.833,episode/entropy_loss,-0.09215202562510967
10485760,887.833,episode/kl_mean,0.007841327395290136
10485760,887.833,episode/learning_rate,0.0003000000142492354
10485760,887.833,episode/policy_dist_max_loc,1.544850103855133
10485760,887.833,episode/policy_dist_max_std,2.648347308635712
10485760,887.833,episode/policy_dist_mean_loc,-0.0741523489356041
10485760,887.833,episode/policy_dist_mean_std,0.691623933315277
10485760,887.833,episode/policy_dist_min_loc,-2.0156990659236906
10485760,887.833,episode/policy_dist_min_std,0.10057774290442467
10485760,887.833,episode/policy_loss,-0.0019085216798703187
10485760,887.833,episode/total_loss,12.151769406795502
10485760,887.833,episode/v_loss,12.24582995057106
10485760,897.163,eval/walltime,116.37516140937805
10485760,897.163,training/sps,13327.787857753037
10485760,897.163,training/walltime,769.2517108917236
10485760,897.163,training/entropy_loss,-0.0922132134437561
10485760,897.163,training/kl_mean,0.009567882865667343
10485760,897.163,training/learning_rate,0.0003000000142492354
10485760,897.163,training/policy_dist_max_loc,1.5472972393035889
10485760,897.163,training/policy_dist_max_std,2.647639036178589
10485760,897.163,training/policy_dist_mean_loc,-0.07355483621358871
10485760,897.163,training/policy_dist_mean_std,0.6916455030441284
10485760,897.163,training/policy_dist_min_loc,-2.0182292461395264
10485760,897.163,training/policy_dist_min_std,0.09992405772209167
10485760,897.163,training/policy_loss,-0.000871398369781673
10485760,897.163,training/total_loss,12.17399787902832
10485760,897.163,training/v_loss,12.267082214355469
10485760,897.163,eval/episode_reward,274.290283203125
10485760,897.163,eval/episode_reward/ctrl,-0.23855645954608917
10485760,897.163,eval/episode_reward/forward,611.6988525390625
10485760,897.163,eval/episode_reward/joint,-0.12972766160964966
10485760,897.163,eval/episode_reward/orient,-337.04034423828125
10485760,897.163,eval/episode_reward/total,274.290283203125
10485760,897.163,eval/episode_state/forward_vel,-8.173401832580566
10485760,897.163,eval/episode_state/up_z,512.50439453125
10485760,897.163,eval/episode_reward_std,561.0252075195312
10485760,897.163,eval/episode_reward/ctrl_std,0.0028616811614483595
10485760,897.163,eval/episode_reward/forward_std,18.929906845092773
10485760,897.163,eval/episode_reward/joint_std,0.0064819143153727055
10485760,897.163,eval/episode_reward/orient_std,558.2902221679688
10485760,897.163,eval/episode_reward/total_std,561.0252075195312
10485760,897.163,eval/episode_state/forward_vel_std,14.72801685333252
10485760,897.163,eval/episode_state/up_z_std,256.4844665527344
10485760,897.163,eval/avg_episode_length,1000.0
10485760,897.163,eval/std_episode_length,0.0
10485760,897.163,eval/epoch_eval_time,9.308992624282837
10485760,897.163,eval/sps,3437.5362932963194
11534336,975.078,episode/sps,12018.770001045104
11534336,975.078,episode/length,1000.0
11534336,975.078,episode/reward/ctrl,-0.2391807173192501
11534336,975.078,episode/reward/forward,610.9464367675781
11534336,975.078,episode/reward/joint,-0.12863758228719235
11534336,975.078,episode/reward/orient,-255.90031976699828
11534336,975.078,episode/reward/total,354.67831203460696
11534336,975.078,episode/state/forward_vel,-9.035416917949915
11534336,975.078,episode/state/up_z,552.0541522216797
11534336,975.078,episode/sum_reward,354.67831203460696
11534336,975.078,episode/entropy_loss,-0.09607061922550202
11534336,975.078,episode/kl_mean,0.006498850383795798
11534336,975.078,episode/learning_rate,0.0003000000142492354
11534336,975.078,episode/policy_dist_max_loc,1.5130171167850495
11534336,975.078,episode/policy_dist_max_std,2.5899194645881654
11534336,975.078,episode/policy_dist_mean_loc,-0.07633935011923314
11534336,975.078,episode/policy_dist_mean_std,0.6944252836704254
11534336,975.078,episode/policy_dist_min_loc,-1.9802419471740722
11534336,975.078,episode/policy_dist_min_std,0.10793906904757022
11534336,975.078,episode/policy_loss,-0.0019500735605834053
11534336,975.078,episode/total_loss,18.83747684955597
11534336,975.078,episode/v_loss,18.935497689247132
11534336,984.537,eval/walltime,125.81317925453186
11534336,984.537,training/sps,13455.889030560747
11534336,984.537,training/walltime,847.1786317825317
11534336,984.537,training/entropy_loss,-0.09607239812612534
11534336,984.537,training/kl_mean,0.006663862615823746
11534336,984.537,training/learning_rate,0.0003000000142492354
11534336,984.537,training/policy_dist_max_loc,1.5123865604400635
11534336,984.537,training/policy_dist_max_std,2.597263813018799
11534336,984.537,training/policy_dist_mean_loc,-0.07567954063415527
11534336,984.537,training/policy_dist_mean_std,0.6942670941352844
11534336,984.537,training/policy_dist_min_loc,-1.9824011325836182
11534336,984.537,training/policy_dist_min_std,0.10688768327236176
11534336,984.537,training/policy_loss,-0.0013804814079776406
11534336,984.537,training/total_loss,18.809946060180664
11534336,984.537,training/v_loss,18.907400131225586
11534336,984.537,eval/episode_reward,444.7897644042969
11534336,984.537,eval/episode_reward/ctrl,-0.2402801662683487
11534336,984.537,eval/episode_reward/forward,617.0405883789062
11534336,984.537,eval/episode_reward/joint,-0.12449269741773605
11534336,984.537,eval/episode_reward/orient,-171.88600158691406
11534336,984.537,eval/episode_reward/total,444.7897644042969
11534336,984.537,eval/episode_state/forward_vel,-5.2001190185546875
11534336,984.537,eval/episode_state/up_z,669.6102294921875
11534336,984.537,eval/episode_reward_std,188.71444702148438
11534336,984.537,eval/episode_reward/ctrl_std,0.003489814465865493
11534336,984.537,eval/episode_reward/forward_std,25.270301818847656
11534336,984.537,eval/episode_reward/joint_std,0.010676367208361626
11534336,984.537,eval/episode_reward/orient_std,185.31072998046875
11534336,984.537,eval/episode_reward/total_std,188.71444702148438
11534336,984.537,eval/episode_state/forward_vel_std,19.72956085205078
11534336,984.537,eval/episode_state/up_z_std,127.95866394042969
11534336,984.537,eval/avg_episode_length,1000.0
11534336,984.537,eval/std_episode_length,0.0
11534336,984.537,eval/epoch_eval_time,9.438017845153809
11534336,984.537,eval/sps,3390.542434334474
12582912,1062.788,episode/sps,11955.018255993933
12582912,1062.788,episode/length,1000.0
12582912,1062.788,episode/reward/ctrl,-0.24023886278271675
12582912,1062.788,episode/reward/forward,614.7068334960937
12582912,1062.788,episode/reward/joint,-0.12689217396080493
12582912,1062.788,episode/reward/orient,-235.36150257587434
12582912,1062.788,episode/reward/total,378.97828369140626
12582912,1062.788,episode/state/forward_vel,-7.0527519355900585
12582912,1062.788,episode/state/up_z,618.3017632293701
12582912,1062.788,episode/sum_reward,378.97828369140626
12582912,1062.788,episode/entropy_loss,-0.09633416205644607
12582912,1062.788,episode/kl_mean,0.011976839760318398
12582912,1062.788,episode/learning_rate,0.0003000000142492354
12582912,1062.788,episode/policy_dist_max_loc,1.4849518597126008
12582912,1062.788,episode/policy_dist_max_std,2.4601006960868834
12582912,1062.788,episode/policy_dist_mean_loc,-0.09408426463603974
12582912,1062.788,episode/policy_dist_mean_std,0.6946175217628479
12582912,1062.788,episode/policy_dist_min_loc,-1.9981226325035095
12582912,1062.788,episode/policy_dist_min_std,0.11709059834480286
12582912,1062.788,episode/policy_loss,-0.004355907297867816
12582912,1062.788,episode/total_loss,9.1685515999794
12582912,1062.788,episode/v_loss,9.269241709709167
12582912,1072.379,eval/walltime,135.38326930999756
12582912,1072.379,training/sps,13398.268668027978
12582912,1072.379,training/walltime,925.4406838417053
12582912,1072.379,training/entropy_loss,-0.09646923840045929
12582912,1072.379,training/kl_mean,0.014721990562975407
12582912,1072.379,training/learning_rate,0.0003000000142492354
12582912,1072.379,training/policy_dist_max_loc,1.4858282804489136
12582912,1072.379,training/policy_dist_max_std,2.460946559906006
12582912,1072.379,training/policy_dist_mean_loc,-0.09272900223731995
12582912,1072.379,training/policy_dist_mean_std,0.694514274597168
12582912,1072.379,training/policy_dist_min_loc,-1.9971494674682617
12582912,1072.379,training/policy_dist_min_std,0.11639676988124847
12582912,1072.379,training/policy_loss,-0.0019551701843738556
12582912,1072.379,training/total_loss,9.384687423706055
12582912,1072.379,training/v_loss,9.483111381530762
12582912,1072.379,eval/episode_reward,593.676025390625
12582912,1072.379,eval/episode_reward/ctrl,-0.24354124069213867
12582912,1072.379,eval/episode_reward/forward,623.189697265625
12582912,1072.379,eval/episode_reward/joint,-0.12484343349933624
12582912,1072.379,eval/episode_reward/orient,-29.14525604248047
12582912,1072.379,eval/episode_reward/total,593.676025390625
12582912,1072.379,eval/episode_state/forward_vel,-2.645817279815674
12582912,1072.379,eval/episode_state/up_z,877.915283203125
12582912,1072.379,eval/episode_reward_std,58.61494445800781
12582912,1072.379,eval/episode_reward/ctrl_std,0.005557711701840162
12582912,1072.379,eval/episode_reward/forward_std,16.112398147583008
12582912,1072.379,eval/episode_reward/joint_std,0.017691435292363167
12582912,1072.379,eval/episode_reward/orient_std,56.771095275878906
12582912,1072.379,eval/episode_reward/total_std,58.61494445800781
12582912,1072.379,eval/episode_state/forward_vel_std,12.552583694458008
12582912,1072.379,eval/episode_state/up_z_std,90.422119140625
12582912,1072.379,eval/avg_episode_length,1000.0
12582912,1072.379,eval/std_episode_length,0.0
12582912,1072.379,eval/epoch_eval_time,9.570090055465698
12582912,1072.379,eval/sps,3343.751188811861
13631488,1152.098,episode/sps,11740.864933142162
13631488,1152.098,episode/length,1000.0
13631488,1152.098,episode/reward/ctrl,-0.2442499116063118
13631488,1152.098,episode/reward/forward,618.5268438720703
13631488,1152.098,episode/reward/joint,-0.12759495191276074
13631488,1152.098,episode/reward/orient,-83.41051518678665
13631488,1152.098,episode/reward/total,534.7445329666137
13631488,1152.098,episode/state/forward_vel,-5.137166832834482
13631488,1152.098,episode/state/up_z,854.7989889526367
13631488,1152.098,episode/sum_reward,534.7445329666137
13631488,1152.098,episode/entropy_loss,-0.09489735744893552
13631488,1152.098,episode/kl_mean,0.015392175456508995
13631488,1152.098,episode/learning_rate,0.0003000000142492354
13631488,1152.098,episode/policy_dist_max_loc,1.5056693589687347
13631488,1152.098,episode/policy_dist_max_std,2.3608257508277894
13631488,1152.098,episode/policy_dist_mean_loc,-0.1322170203924179
13631488,1152.098,episode/policy_dist_mean_std,0.6944841921329499
13631488,1152.098,episode/policy_dist_min_loc,-1.9279677271842957
13631488,1152.098,episode/policy_dist_min_std,0.12700683526694775
13631488,1152.098,episode/policy_loss,-0.0014389235599082894
13631488,1152.098,episode/total_loss,6.963507252931595
13631488,1152.098,episode/v_loss,7.0598435616493225
13631488,1161.840,eval/walltime,145.1110076904297
13631488,1161.840,training/sps,13152.479868781387
13631488,1161.840,training/walltime,1005.1652688980103
13631488,1161.840,training/entropy_loss,-0.09525425732135773
13631488,1161.840,training/kl_mean,0.024585450068116188
13631488,1161.840,training/learning_rate,0.0003000000142492354
13631488,1161.840,training/policy_dist_max_loc,1.5103868246078491
13631488,1161.840,training/policy_dist_max_std,2.3729095458984375
13631488,1161.840,training/policy_dist_mean_loc,-0.1301431953907013
13631488,1161.840,training/policy_dist_mean_std,0.6946454048156738
13631488,1161.840,training/policy_dist_min_loc,-1.9428002834320068
13631488,1161.840,training/policy_dist_min_std,0.1253197342157364
13631488,1161.840,training/policy_loss,0.0022535519674420357
13631488,1161.840,training/total_loss,7.162354469299316
13631488,1161.840,training/v_loss,7.255355358123779
13631488,1161.840,eval/episode_reward,612.043701171875
13631488,1161.840,eval/episode_reward/ctrl,-0.2436961978673935
13631488,1161.840,eval/episode_reward/forward,620.7940673828125
13631488,1161.840,eval/episode_reward/joint,-0.1297522485256195
13631488,1161.840,eval/episode_reward/orient,-8.376928329467773
13631488,1161.840,eval/episode_reward/total,612.043701171875
13631488,1161.840,eval/episode_state/forward_vel,-4.437420845031738
13631488,1161.840,eval/episode_state/up_z,921.41064453125
13631488,1161.840,eval/episode_reward_std,14.554764747619629
13631488,1161.840,eval/episode_reward/ctrl_std,0.0036291987635195255
13631488,1161.840,eval/episode_reward/forward_std,14.357909202575684
13631488,1161.840,eval/episode_reward/joint_std,0.01060309074819088
13631488,1161.840,eval/episode_reward/orient_std,2.3724653720855713
13631488,1161.840,eval/episode_reward/total_std,14.554764747619629
13631488,1161.840,eval/episode_state/forward_vel_std,10.505759239196777
13631488,1161.840,eval/episode_state/up_z_std,10.196779251098633
13631488,1161.840,eval/avg_episode_length,1000.0
13631488,1161.840,eval/std_episode_length,0.0
13631488,1161.840,eval/epoch_eval_time,9.727738380432129
13631488,1161.840,eval/sps,3289.5621519149536
14680064,1242.001,episode/sps,11663.325175115842
14680064,1242.001,episode/length,1000.0
14680064,1242.001,episode/reward/ctrl,-0.242669780254364
14680064,1242.001,episode/reward/forward,620.6276989746094
14680064,1242.001,episode/reward/joint,-0.12581016473472117
14680064,1242.001,episode/reward/orient,-59.02610531568527
14680064,1242.001,episode/reward/total,561.2331088066101
14680064,1242.001,episode/state/forward_vel,-4.015319670438767
14680064,1242.001,episode/state/up_z,890.4573913574219
14680064,1242.001,episode/sum_reward,561.2331088066101
14680064,1242.001,episode/entropy_loss,-0.09583198234438896
14680064,1242.001,episode/kl_mean,0.008180307280272246
14680064,1242.001,episode/learning_rate,0.0003000000142492354
14680064,1242.001,episode/policy_dist_max_loc,1.5195271742343903
14680064,1242.001,episode/policy_dist_max_std,2.367153778076172
14680064,1242.001,episode/policy_dist_mean_loc,-0.1391284540295601
14680064,1242.001,episode/policy_dist_mean_std,0.6947119814157486
14680064,1242.001,episode/policy_dist_min_loc,-2.0045662784576415
14680064,1242.001,episode/policy_dist_min_std,0.12008226208388806
14680064,1242.001,episode/policy_loss,-0.0015205645498645025
14680064,1242.001,episode/total_loss,7.077145980596542
14680064,1242.001,episode/v_loss,7.1744984996318815
14680064,1251.538,eval/walltime,154.6334342956543
14680064,1251.538,training/sps,13079.890301577445
14680064,1251.538,training/walltime,1085.3323020935059
14680064,1251.538,training/entropy_loss,-0.09592950344085693
14680064,1251.538,training/kl_mean,0.01074967160820961
14680064,1251.538,training/learning_rate,0.0003000000142492354
14680064,1251.538,training/policy_dist_max_loc,1.5227103233337402
14680064,1251.538,training/policy_dist_max_std,2.367086410522461
14680064,1251.538,training/policy_dist_mean_loc,-0.13815602660179138
14680064,1251.538,training/policy_dist_mean_std,0.6946427822113037
14680064,1251.538,training/policy_dist_min_loc,-2.005995273590088
14680064,1251.538,training/policy_dist_min_std,0.11971928924322128
14680064,1251.538,training/policy_loss,-0.00024146621581166983
14680064,1251.538,training/total_loss,7.10805606842041
14680064,1251.538,training/v_loss,7.204226970672607
14680064,1251.538,eval/episode_reward,621.6730346679688
14680064,1251.538,eval/episode_reward/ctrl,-0.2386188507080078
14680064,1251.538,eval/episode_reward/forward,628.3260498046875
14680064,1251.538,eval/episode_reward/joint,-0.11805187165737152
14680064,1251.538,eval/episode_reward/orient,-6.296403884887695
14680064,1251.538,eval/episode_reward/total,621.6730346679688
14680064,1251.538,eval/episode_state/forward_vel,2.322533130645752
14680064,1251.538,eval/episode_state/up_z,932.767578125
14680064,1251.538,eval/episode_reward_std,11.168089866638184
14680064,1251.538,eval/episode_reward/ctrl_std,0.005937376990914345
14680064,1251.538,eval/episode_reward/forward_std,11.010093688964844
14680064,1251.538,eval/episode_reward/joint_std,0.019302230328321457
14680064,1251.538,eval/episode_reward/orient_std,1.865573525428772
14680064,1251.538,eval/episode_reward/total_std,11.168089866638184
14680064,1251.538,eval/episode_state/forward_vel_std,8.201783180236816
14680064,1251.538,eval/episode_state/up_z_std,9.00982666015625
14680064,1251.538,eval/avg_episode_length,1000.0
14680064,1251.538,eval/std_episode_length,0.0
14680064,1251.538,eval/epoch_eval_time,9.52242660522461
14680064,1251.538,eval/sps,3360.487964532356
15728640,1331.374,episode/sps,11732.68876383243
15728640,1331.374,episode/length,1000.0
15728640,1331.374,episode/reward/ctrl,-0.24011995881795883
15728640,1331.374,episode/reward/forward,624.200580444336
15728640,1331.374,episode/reward/joint,-0.1221262463927269
15728640,1331.374,episode/reward/orient,-74.94444861173629
15728640,1331.374,episode/reward/total,548.8939770507812
15728640,1331.374,episode/state/forward_vel,-0.547701730132103
15728640,1331.374,episode/state/up_z,892.0060877227784
15728640,1331.374,episode/sum_reward,548.8939770507812
15728640,1331.374,episode/entropy_loss,-0.09927642583847046
15728640,1331.374,episode/kl_mean,0.006870441124774516
15728640,1331.374,episode/learning_rate,0.0003000000142492354
15728640,1331.374,episode/policy_dist_max_loc,1.4507151854038238
15728640,1331.374,episode/policy_dist_max_std,2.303915482759476
15728640,1331.374,episode/policy_dist_mean_loc,-0.13403415590524673
15728640,1331.374,episode/policy_dist_mean_std,0.6972435700893402
15728640,1331.374,episode/policy_dist_min_loc,-1.9781733644008637
15728640,1331.374,episode/policy_dist_min_std,0.12737293660640717
15728640,1331.374,episode/policy_loss,-0.0006409195392916444
15728640,1331.374,episode/total_loss,4.389070563912392
15728640,1331.374,episode/v_loss,4.488987909257412
15728640,1339.411,eval/walltime,162.64875268936157
15728640,1339.411,training/sps,13133.32285815291
15728640,1339.411,training/walltime,1165.1731779575348
15728640,1339.411,training/entropy_loss,-0.09930703788995743
15728640,1339.411,training/kl_mean,0.007309517823159695
15728640,1339.411,training/learning_rate,0.0003000000142492354
15728640,1339.411,training/policy_dist_max_loc,1.4483098983764648
15728640,1339.411,training/policy_dist_max_std,2.311936378479004
15728640,1339.411,training/policy_dist_mean_loc,-0.133254736661911
15728640,1339.411,training/policy_dist_mean_std,0.6969441175460815
15728640,1339.411,training/policy_dist_min_loc,-1.9789631366729736
15728640,1339.411,training/policy_dist_min_std,0.1264791190624237
15728640,1339.411,training/policy_loss,-0.0001766984787536785
15728640,1339.411,training/total_loss,4.431944847106934
15728640,1339.411,training/v_loss,4.531428337097168
15728640,1339.411,eval/episode_reward,617.0745849609375
15728640,1339.411,eval/episode_reward/ctrl,-0.2375030815601349
15728640,1339.411,eval/episode_reward/forward,623.238525390625
15728640,1339.411,eval/episode_reward/joint,-0.1152290403842926
15728640,1339.411,eval/episode_reward/orient,-5.811347484588623
15728640,1339.411,eval/episode_reward/total,617.0745849609375
15728640,1339.411,eval/episode_state/forward_vel,-1.724544882774353
15728640,1339.411,eval/episode_state/up_z,936.3486328125
15728640,1339.411,eval/episode_reward_std,11.586334228515625
15728640,1339.411,eval/episode_reward/ctrl_std,0.004878511652350426
15728640,1339.411,eval/episode_reward/forward_std,11.353480339050293
15728640,1339.411,eval/episode_reward/joint_std,0.017580462619662285
15728640,1339.411,eval/episode_reward/orient_std,2.7667653560638428
15728640,1339.411,eval/episode_reward/total_std,11.586334228515625
15728640,1339.411,eval/episode_state/forward_vel_std,8.687902450561523
15728640,1339.411,eval/episode_state/up_z_std,14.526421546936035
15728640,1339.411,eval/avg_episode_length,1000.0
15728640,1339.411,eval/std_episode_length,0.0
15728640,1339.411,eval/epoch_eval_time,8.015318393707275
15728640,1339.411,eval/sps,3992.3554409420335
16777216,1420.467,episode/sps,11769.428193142705
16777216,1420.467,episode/length,1000.0
16777216,1420.467,episode/reward/ctrl,-0.2389845934510231
16777216,1420.467,episode/reward/forward,624.6723620605469
16777216,1420.467,episode/reward/joint,-0.11925104819238186
16777216,1420.467,episode/reward/orient,-23.768916511535643
16777216,1420.467,episode/reward/total,600.5452278900146
16777216,1420.467,episode/state/forward_vel,-0.7236694297194481
16777216,1420.467,episode/state/up_z,922.4177575683593
16777216,1420.467,episode/sum_reward,600.5452278900146
16777216,1420.467,episode/entropy_loss,-0.10106506176292897
16777216,1420.467,episode/kl_mean,0.0066002738988026975
16777216,1420.467,episode/learning_rate,0.0003000000142492354
16777216,1420.467,episode/policy_dist_max_loc,1.4412139093875884
16777216,1420.467,episode/policy_dist_max_std,2.248624017238617
16777216,1420.467,episode/policy_dist_mean_loc,-0.12958179838955403
16777216,1420.467,episode/policy_dist_mean_std,0.6989919954538345
16777216,1420.467,episode/policy_dist_min_loc,-1.8880000877380372
16777216,1420.467,episode/policy_dist_min_std,0.13761111468076706
16777216,1420.467,episode/policy_loss,-0.0015188465060782619
16777216,1420.467,episode/total_loss,2.6954094445705414
16777216,1420.467,episode/v_loss,2.7979933428764343
16777216,1428.262,eval/walltime,170.4241020679474
16777216,1428.262,training/sps,12934.657270334561
16777216,1428.262,training/walltime,1246.2403433322906
16777216,1428.262,training/entropy_loss,-0.10101526230573654
16777216,1428.262,training/kl_mean,0.006693531759083271
16777216,1428.262,training/learning_rate,0.0003000000142492354
16777216,1428.262,training/policy_dist_max_loc,1.4435844421386719
16777216,1428.262,training/policy_dist_max_std,2.23854398727417
16777216,1428.262,training/policy_dist_mean_loc,-0.12956218421459198
16777216,1428.262,training/policy_dist_mean_std,0.6986970901489258
16777216,1428.262,training/policy_dist_min_loc,-1.884183406829834
16777216,1428.262,training/policy_dist_min_std,0.13802571594715118
16777216,1428.262,training/policy_loss,-0.0009886871557682753
16777216,1428.262,training/total_loss,2.650756359100342
16777216,1428.262,training/v_loss,2.7527599334716797
16777216,1428.262,eval/episode_reward,597.1031494140625
16777216,1428.262,eval/episode_reward/ctrl,-0.23712441325187683
16777216,1428.262,eval/episode_reward/forward,627.72998046875
16777216,1428.262,eval/episode_reward/joint,-0.11209094524383545
16777216,1428.262,eval/episode_reward/orient,-30.277475357055664
16777216,1428.262,eval/episode_reward/total,597.1031494140625
16777216,1428.262,eval/episode_state/forward_vel,1.3186708688735962
16777216,1428.262,eval/episode_state/up_z,923.5859985351562
16777216,1428.262,eval/episode_reward_std,136.44775390625
16777216,1428.262,eval/episode_reward/ctrl_std,0.004980718716979027
16777216,1428.262,eval/episode_reward/forward_std,15.257421493530273
16777216,1428.262,eval/episode_reward/joint_std,0.01932455599308014
16777216,1428.262,eval/episode_reward/orient_std,138.24835205078125
16777216,1428.262,eval/episode_reward/total_std,136.44775390625
16777216,1428.262,eval/episode_state/forward_vel_std,11.254424095153809
16777216,1428.262,eval/episode_state/up_z_std,77.83907318115234
16777216,1428.262,eval/avg_episode_length,1000.0
16777216,1428.262,eval/std_episode_length,0.0
16777216,1428.262,eval/epoch_eval_time,7.775349378585815
16777216,1428.262,eval/sps,4115.570689097469
17825792,1507.685,episode/sps,12022.501156667575
17825792,1507.685,episode/length,1000.0
17825792,1507.685,episode/reward/ctrl,-0.2357626511156559
17825792,1507.685,episode/reward/forward,624.8896466064454
17825792,1507.685,episode/reward/joint,-0.10622373722493648
17825792,1507.685,episode/reward/orient,-38.89417041420936
17825792,1507.685,episode/reward/total,585.6535050582886
17825792,1507.685,episode/state/forward_vel,-0.597675736695528
17825792,1507.685,episode/state/up_z,919.0009005737305
17825792,1507.685,episode/sum_reward,585.6535050582886
17825792,1507.685,episode/entropy_loss,-0.10404769502580166
17825792,1507.685,episode/kl_mean,0.006444459091871977
17825792,1507.685,episode/learning_rate,0.0003000000142492354
17825792,1507.685,episode/policy_dist_max_loc,1.445097235441208
17825792,1507.685,episode/policy_dist_max_std,2.314972825050354
17825792,1507.685,episode/policy_dist_mean_loc,-0.12060873493552209
17825792,1507.685,episode/policy_dist_mean_std,0.7025618267059326
17825792,1507.685,episode/policy_dist_min_loc,-1.9389808988571167
17825792,1507.685,episode/policy_dist_min_std,0.13058851785957815
17825792,1507.685,episode/policy_loss,-0.001276177202234976
17825792,1507.685,episode/total_loss,6.359590691924095
17825792,1507.685,episode/v_loss,6.464914500117302
17825792,1516.755,eval/walltime,179.48063039779663
17825792,1516.755,training/sps,13201.638460006438
17825792,1516.755,training/walltime,1325.6680600643158
17825792,1516.755,training/entropy_loss,-0.10409633815288544
17825792,1516.755,training/kl_mean,0.006662543397396803
17825792,1516.755,training/learning_rate,0.0003000000142492354
17825792,1516.755,training/policy_dist_max_loc,1.4354662895202637
17825792,1516.755,training/policy_dist_max_std,2.3058762550354004
17825792,1516.755,training/policy_dist_mean_loc,-0.11991526186466217
17825792,1516.755,training/policy_dist_mean_std,0.7025738954544067
17825792,1516.755,training/policy_dist_min_loc,-1.9266959428787231
17825792,1516.755,training/policy_dist_min_std,0.13225772976875305
17825792,1516.755,training/policy_loss,-0.000778509012889117
17825792,1516.755,training/total_loss,6.4077911376953125
17825792,1516.755,training/v_loss,6.512665748596191
17825792,1516.755,eval/episode_reward,626.69873046875
17825792,1516.755,eval/episode_reward/ctrl,-0.23310810327529907
17825792,1516.755,eval/episode_reward/forward,632.0619506835938
17825792,1516.755,eval/episode_reward/joint,-0.09311531484127045
17825792,1516.755,eval/episode_reward/orient,-5.0369768142700195
17825792,1516.755,eval/episode_reward/total,626.69873046875
17825792,1516.755,eval/episode_state/forward_vel,6.064696788787842
17825792,1516.755,eval/episode_state/up_z,944.2243041992188
17825792,1516.755,eval/episode_reward_std,15.612395286560059
17825792,1516.755,eval/episode_reward/ctrl_std,0.0045474194921553135
17825792,1516.755,eval/episode_reward/forward_std,15.657112121582031
17825792,1516.755,eval/episode_reward/joint_std,0.017926421016454697
17825792,1516.755,eval/episode_reward/orient_std,3.382695198059082
17825792,1516.755,eval/episode_reward/total_std,15.612395286560059
17825792,1516.755,eval/episode_state/forward_vel_std,13.756770133972168
17825792,1516.755,eval/episode_state/up_z_std,15.938508987426758
17825792,1516.755,eval/avg_episode_length,1000.0
17825792,1516.755,eval/std_episode_length,0.0
17825792,1516.755,eval/epoch_eval_time,9.056528329849243
17825792,1516.755,eval/sps,3533.3627671137288
18874368,1593.899,episode/sps,12162.395192072601
18874368,1593.899,episode/length,1000.0
18874368,1593.899,episode/reward/ctrl,-0.23310663804411888
18874368,1593.899,episode/reward/forward,627.7871807861328
18874368,1593.899,episode/reward/joint,-0.09160737380385399
18874368,1593.899,episode/reward/orient,-7.600699352025986
18874368,1593.899,episode/reward/total,619.861708984375
18874368,1593.899,episode/state/forward_vel,2.306136776432395
18874368,1593.899,episode/state/up_z,945.0555621337891
18874368,1593.899,episode/sum_reward,619.861708984375
18874368,1593.899,episode/entropy_loss,-0.10796925239264965
18874368,1593.899,episode/kl_mean,0.007165968618355691
18874368,1593.899,episode/learning_rate,0.0003000000142492354
18874368,1593.899,episode/policy_dist_max_loc,1.3475101947784425
18874368,1593.899,episode/policy_dist_max_std,2.1892569172382355
18874368,1593.899,episode/policy_dist_mean_loc,-0.09481350257992745
18874368,1593.899,episode/policy_dist_mean_std,0.7087782269716263
18874368,1593.899,episode/policy_dist_min_loc,-1.8155721998214722
18874368,1593.899,episode/policy_dist_min_std,0.15026485592126845
18874368,1593.899,episode/policy_loss,-0.001984706497460138
18874368,1593.899,episode/total_loss,1.9684080426394939
18874368,1593.899,episode/v_loss,2.0783619919419287
18874368,1603.260,eval/walltime,188.82671570777893
18874368,1603.260,training/sps,13591.439742871717
18874368,1603.260,training/walltime,1402.817796945572
18874368,1603.260,training/entropy_loss,-0.10798056423664093
18874368,1603.260,training/kl_mean,0.007598456460982561
18874368,1603.260,training/learning_rate,0.0003000000142492354
18874368,1603.260,training/policy_dist_max_loc,1.3518595695495605
18874368,1603.260,training/policy_dist_max_std,2.1901235580444336
18874368,1603.260,training/policy_dist_mean_loc,-0.09585446119308472
18874368,1603.260,training/policy_dist_mean_std,0.7086062431335449
18874368,1603.260,training/policy_dist_min_loc,-1.8189928531646729
18874368,1603.260,training/policy_dist_min_std,0.14984318614006042
18874368,1603.260,training/policy_loss,-0.0012348622549325228
18874368,1603.260,training/total_loss,1.9538071155548096
18874368,1603.260,training/v_loss,2.0630226135253906
18874368,1603.260,eval/episode_reward,625.4332275390625
18874368,1603.260,eval/episode_reward/ctrl,-0.23422950506210327
18874368,1603.260,eval/episode_reward/forward,630.5510864257812
18874368,1603.260,eval/episode_reward/joint,-0.09386514127254486
18874368,1603.260,eval/episode_reward/orient,-4.789905548095703
18874368,1603.260,eval/episode_reward/total,625.4332275390625
18874368,1603.260,eval/episode_state/forward_vel,3.9968819618225098
18874368,1603.260,eval/episode_state/up_z,947.2156982421875
18874368,1603.260,eval/episode_reward_std,15.113083839416504
18874368,1603.260,eval/episode_reward/ctrl_std,0.0040465532802045345
18874368,1603.260,eval/episode_reward/forward_std,13.175167083740234
18874368,1603.260,eval/episode_reward/joint_std,0.02008245699107647
18874368,1603.260,eval/episode_reward/orient_std,4.302366733551025
18874368,1603.260,eval/episode_reward/total_std,15.113083839416504
18874368,1603.260,eval/episode_state/forward_vel_std,10.38097858428955
18874368,1603.260,eval/episode_state/up_z_std,15.810566902160645
18874368,1603.260,eval/avg_episode_length,1000.0
18874368,1603.260,eval/std_episode_length,0.0
18874368,1603.260,eval/epoch_eval_time,9.3460853099823
18874368,1603.260,eval/sps,3423.8934204700304
19922944,1680.202,episode/sps,12149.978473643887
19922944,1680.202,episode/length,1000.0
19922944,1680.202,episode/reward/ctrl,-0.23374585464596748
19922944,1680.202,episode/reward/forward,630.4044036865234
19922944,1680.202,episode/reward/joint,-0.08971253834664822
19922944,1680.202,episode/reward/orient,-4.60998856306076
19922944,1680.202,episode/reward/total,625.4709442138671
19922944,1680.202,episode/state/forward_vel,4.2330727484077215
19922944,1680.202,episode/state/up_z,950.4079962158203
19922944,1680.202,episode/sum_reward,625.4709442138671
19922944,1680.202,episode/entropy_loss,-0.10857869736850262
19922944,1680.202,episode/kl_mean,0.005176789616234601
19922944,1680.202,episode/learning_rate,0.0003000000142492354
19922944,1680.202,episode/policy_dist_max_loc,1.2760873413085938
19922944,1680.202,episode/policy_dist_max_std,2.318199599981308
19922944,1680.202,episode/policy_dist_mean_loc,-0.09664125703275203
19922944,1680.202,episode/policy_dist_mean_std,0.7125787073373795
19922944,1680.202,episode/policy_dist_min_loc,-1.9183163964748382
19922944,1680.202,episode/policy_dist_min_std,0.13609982334077358
19922944,1680.202,episode/policy_loss,-0.0014034958282718435
19922944,1680.202,episode/total_loss,3.1101481190323828
19922944,1680.202,episode/v_loss,3.220130287408829
19922944,1689.374,eval/walltime,197.97707748413086
19922944,1689.374,training/sps,13625.987758967129
19922944,1689.374,training/walltime,1479.771924495697
19922944,1689.374,training/entropy_loss,-0.10861869156360626
19922944,1689.374,training/kl_mean,0.00537676690146327
19922944,1689.374,training/learning_rate,0.0003000000142492354
19922944,1689.374,training/policy_dist_max_loc,1.2799153327941895
19922944,1689.374,training/policy_dist_max_std,2.3346829414367676
19922944,1689.374,training/policy_dist_mean_loc,-0.09677111357450485
19922944,1689.374,training/policy_dist_mean_std,0.7125229835510254
19922944,1689.374,training/policy_dist_min_loc,-1.922856330871582
19922944,1689.374,training/policy_dist_min_std,0.13568750023841858
19922944,1689.374,training/policy_loss,-0.000941992737352848
19922944,1689.374,training/total_loss,3.1314926147460938
19922944,1689.374,training/v_loss,3.241053342819214
19922944,1689.374,eval/episode_reward,597.7899169921875
19922944,1689.374,eval/episode_reward/ctrl,-0.23444268107414246
19922944,1689.374,eval/episode_reward/forward,627.82666015625
19922944,1689.374,eval/episode_reward/joint,-0.08698311448097229
19922944,1689.374,eval/episode_reward/orient,-29.715307235717773
19922944,1689.374,eval/episode_reward/total,597.7899169921875
19922944,1689.374,eval/episode_state/forward_vel,1.695535659790039
19922944,1689.374,eval/episode_state/up_z,942.8076171875
19922944,1689.374,eval/episode_reward_std,154.35255432128906
19922944,1689.374,eval/episode_reward/ctrl_std,0.0026155756786465645
19922944,1689.374,eval/episode_reward/forward_std,17.306610107421875
19922944,1689.374,eval/episode_reward/joint_std,0.010485646314918995
19922944,1689.374,eval/episode_reward/orient_std,147.43228149414062
19922944,1689.374,eval/episode_reward/total_std,154.35255432128906
19922944,1689.374,eval/episode_state/forward_vel_std,12.72337532043457
19922944,1689.374,eval/episode_state/up_z_std,82.80816650390625
19922944,1689.374,eval/avg_episode_length,1000.0
19922944,1689.374,eval/std_episode_length,0.0
19922944,1689.374,eval/epoch_eval_time,9.150361776351929
19922944,1689.374,eval/sps,3497.129488661352
20971520,1765.747,episode/sps,12257.523151806647
20971520,1765.747,episode/length,1000.0
20971520,1765.747,episode/reward/ctrl,-0.2339698453247547
20971520,1765.747,episode/reward/forward,633.8542541503906
20971520,1765.747,episode/reward/joint,-0.08635504953563214
20971520,1765.747,episode/reward/orient,-75.80597613930702
20971520,1765.747,episode/reward/total,557.7279151916504
20971520,1765.747,episode/state/forward_vel,6.853858664780855
20971520,1765.747,episode/state/up_z,918.7487097167968
20971520,1765.747,episode/sum_reward,557.7279151916504
20971520,1765.747,episode/entropy_loss,-0.10991189248859883
20971520,1765.747,episode/kl_mean,0.0059190610609948634
20971520,1765.747,episode/learning_rate,0.0003000000142492354
20971520,1765.747,episode/policy_dist_max_loc,1.2298703360557557
20971520,1765.747,episode/policy_dist_max_std,2.2986460638046267
20971520,1765.747,episode/policy_dist_mean_loc,-0.0864575781673193
20971520,1765.747,episode/policy_dist_mean_std,0.717129647731781
20971520,1765.747,episode/policy_dist_min_loc,-1.8302797555923462
20971520,1765.747,episode/policy_dist_min_std,0.1420843965560198
20971520,1765.747,episode/policy_loss,-0.0019497727576526813
20971520,1765.747,episode/total_loss,5.640676663517952
20971520,1765.747,episode/v_loss,5.752538312673568
20971520,1774.705,eval/walltime,206.91365551948547
20971520,1774.705,training/sps,13727.450590663198
20971520,1774.705,training/walltime,1556.1572659015656
20971520,1774.705,training/entropy_loss,-0.1099669337272644
20971520,1774.705,training/kl_mean,0.005824218038469553
20971520,1774.705,training/learning_rate,0.0003000000142492354
20971520,1774.705,training/policy_dist_max_loc,1.227338433265686
20971520,1774.705,training/policy_dist_max_std,2.2972311973571777
20971520,1774.705,training/policy_dist_mean_loc,-0.08607146143913269
20971520,1774.705,training/policy_dist_mean_std,0.7168768644332886
20971520,1774.705,training/policy_dist_min_loc,-1.8295245170593262
20971520,1774.705,training/policy_dist_min_std,0.1427178680896759
20971520,1774.705,training/policy_loss,-0.0014268008526414633
20971520,1774.705,training/total_loss,5.659882068634033
20971520,1774.705,training/v_loss,5.771275520324707
20971520,1774.705,eval/episode_reward,623.0196533203125
20971520,1774.705,eval/episode_reward/ctrl,-0.2349238395690918
20971520,1774.705,eval/episode_reward/forward,634.38037109375
20971520,1774.705,eval/episode_reward/joint,-0.08324319124221802
20971520,1774.705,eval/episode_reward/orient,-11.042692184448242
20971520,1774.705,eval/episode_reward/total,623.0196533203125
20971520,1774.705,eval/episode_state/forward_vel,6.725869178771973
20971520,1774.705,eval/episode_state/up_z,954.2213745117188
20971520,1774.705,eval/episode_reward_std,53.9202995300293
20971520,1774.705,eval/episode_reward/ctrl_std,0.002511161845177412
20971520,1774.705,eval/episode_reward/forward_std,13.979955673217773
20971520,1774.705,eval/episode_reward/joint_std,0.004095190670341253
20971520,1774.705,eval/episode_reward/orient_std,45.47425079345703
20971520,1774.705,eval/episode_reward/total_std,53.9202995300293
20971520,1774.705,eval/episode_state/forward_vel_std,11.61770248413086
20971520,1774.705,eval/episode_state/up_z_std,27.612783432006836
20971520,1774.705,eval/avg_episode_length,1000.0
20971520,1774.705,eval/std_episode_length,0.0
20971520,1774.705,eval/epoch_eval_time,8.936578035354614
20971520,1774.705,eval/sps,3580.788963449162
22020096,1849.377,episode/sps,12538.270858390671
22020096,1849.377,episode/length,1000.0
22020096,1849.377,episode/reward/ctrl,-0.23498771607875824
22020096,1849.377,episode/reward/forward,637.5416412353516
22020096,1849.377,episode/reward/joint,-0.0845865797996521
22020096,1849.377,episode/reward/orient,-7.359244958758354
22020096,1849.377,episode/reward/total,629.8628332519531
22020096,1849.377,episode/state/forward_vel,9.628910424560308
22020096,1849.377,episode/state/up_z,958.0872534179688
22020096,1849.377,episode/sum_reward,629.8628332519531
22020096,1849.377,episode/entropy_loss,-0.11149610690772534
22020096,1849.377,episode/kl_mean,0.009286909606307745
22020096,1849.377,episode/learning_rate,0.0003000000142492354
22020096,1849.377,episode/policy_dist_max_loc,1.1335558259487153
22020096,1849.377,episode/policy_dist_max_std,2.121185861825943
22020096,1849.377,episode/policy_dist_mean_loc,-0.0648016831278801
22020096,1849.377,episode/policy_dist_mean_std,0.722963457107544
22020096,1849.377,episode/policy_dist_min_loc,-1.701259149312973
22020096,1849.377,episode/policy_dist_min_std,0.17474621251225472
22020096,1849.377,episode/policy_loss,-0.0018627170048421248
22020096,1849.377,episode/total_loss,1.1842691184580325
22020096,1849.377,episode/v_loss,1.297627939283848
22020096,1858.353,eval/walltime,215.86818885803223
22020096,1858.353,training/sps,14040.104745939698
22020096,1858.353,training/walltime,1630.8416090011597
22020096,1858.353,training/entropy_loss,-0.1115274578332901
22020096,1858.353,training/kl_mean,0.008838915266096592
22020096,1858.353,training/learning_rate,0.0003000000142492354
22020096,1858.353,training/policy_dist_max_loc,1.12955904006958
22020096,1858.353,training/policy_dist_max_std,2.10506010055542
22020096,1858.353,training/policy_dist_mean_loc,-0.06488208472728729
22020096,1858.353,training/policy_dist_mean_std,0.7227002382278442
22020096,1858.353,training/policy_dist_min_loc,-1.6862131357192993
22020096,1858.353,training/policy_dist_min_std,0.1763399839401245
22020096,1858.353,training/policy_loss,-0.0016467946115881205
22020096,1858.353,training/total_loss,1.1948673725128174
22020096,1858.353,training/v_loss,1.3080416917800903
22020096,1858.353,eval/episode_reward,641.470703125
22020096,1858.353,eval/episode_reward/ctrl,-0.23634514212608337
22020096,1858.353,eval/episode_reward/forward,645.332275390625
22020096,1858.353,eval/episode_reward/joint,-0.08235989511013031
22020096,1858.353,eval/episode_reward/orient,-3.542823553085327
22020096,1858.353,eval/episode_reward/total,641.470703125
22020096,1858.353,eval/episode_state/forward_vel,15.35010051727295
22020096,1858.353,eval/episode_state/up_z,961.271484375
22020096,1858.353,eval/episode_reward_std,16.551685333251953
22020096,1858.353,eval/episode_reward/ctrl_std,0.002484560012817383
22020096,1858.353,eval/episode_reward/forward_std,15.012697219848633
22020096,1858.353,eval/episode_reward/joint_std,0.006272164173424244
22020096,1858.353,eval/episode_reward/orient_std,5.135669231414795
22020096,1858.353,eval/episode_reward/total_std,16.551685333251953
22020096,1858.353,eval/episode_state/forward_vel_std,11.667495727539062
22020096,1858.353,eval/episode_state/up_z_std,8.588624954223633
22020096,1858.353,eval/avg_episode_length,1000.0
22020096,1858.353,eval/std_episode_length,0.0
22020096,1858.353,eval/epoch_eval_time,8.954533338546753
22020096,1858.353,eval/sps,3573.6088962055655
23068672,1932.240,episode/sps,12654.423473320694
23068672,1932.240,episode/length,1000.0
23068672,1932.240,episode/reward/ctrl,-0.2362731397151947
23068672,1932.240,episode/reward/forward,646.4641595458984
23068672,1932.240,episode/reward/joint,-0.0820950336009264
23068672,1932.240,episode/reward/orient,-11.982624862790107
23068672,1932.240,episode/reward/total,634.1632446289062
23068672,1932.240,episode/state/forward_vel,16.359826260507106
23068672,1932.240,episode/state/up_z,958.8992691040039
23068672,1932.240,episode/sum_reward,634.1632446289062
23068672,1932.240,episode/entropy_loss,-0.11236871160566807
23068672,1932.240,episode/kl_mean,0.005494877146556974
23068672,1932.240,episode/learning_rate,0.0003000000142492354
23068672,1932.240,episode/policy_dist_max_loc,1.0486867547035217
23068672,1932.240,episode/policy_dist_max_std,2.021299946308136
23068672,1932.240,episode/policy_dist_mean_loc,-0.047659817226231097
23068672,1932.240,episode/policy_dist_mean_std,0.7287736690044403
23068672,1932.240,episode/policy_dist_min_loc,-1.635661551952362
23068672,1932.240,episode/policy_dist_min_std,0.1888536213338375
23068672,1932.240,episode/policy_loss,-0.0019495812655077316
23068672,1932.240,episode/total_loss,2.712094163298607
23068672,1932.240,episode/v_loss,2.826412470638752
23068672,1941.158,eval/walltime,224.76638054847717
23068672,1941.158,training/sps,14189.51044888303
23068672,1941.158,training/walltime,1704.7395777702332
23068672,1941.158,training/entropy_loss,-0.11236895620822906
23068672,1941.158,training/kl_mean,0.00545402429997921
23068672,1941.158,training/learning_rate,0.0003000000142492354
23068672,1941.158,training/policy_dist_max_loc,1.0532244443893433
23068672,1941.158,training/policy_dist_max_std,2.0253467559814453
23068672,1941.158,training/policy_dist_mean_loc,-0.0483209602534771
23068672,1941.158,training/policy_dist_mean_std,0.7282401323318481
23068672,1941.158,training/policy_dist_min_loc,-1.640496015548706
23068672,1941.158,training/policy_dist_min_std,0.18876516819000244
23068672,1941.158,training/policy_loss,-0.0015514418482780457
23068672,1941.158,training/total_loss,2.6995315551757812
23068672,1941.158,training/v_loss,2.8134517669677734
23068672,1941.158,eval/episode_reward,650.72021484375
23068672,1941.158,eval/episode_reward/ctrl,-0.23788094520568848
23068672,1941.158,eval/episode_reward/forward,653.5071411132812
23068672,1941.158,eval/episode_reward/joint,-0.08431318402290344
23068672,1941.158,eval/episode_reward/orient,-2.4648361206054688
23068672,1941.158,eval/episode_reward/total,650.72021484375
23068672,1941.158,eval/episode_state/forward_vel,22.065383911132812
23068672,1941.158,eval/episode_state/up_z,967.6325073242188
23068672,1941.158,eval/episode_reward_std,14.719660758972168
23068672,1941.158,eval/episode_reward/ctrl_std,0.0019345734035596251
23068672,1941.158,eval/episode_reward/forward_std,14.462591171264648
23068672,1941.158,eval/episode_reward/joint_std,0.005084772128611803
23068672,1941.158,eval/episode_reward/orient_std,2.411165475845337
23068672,1941.158,eval/episode_reward/total_std,14.719660758972168
23068672,1941.158,eval/episode_state/forward_vel_std,12.410883903503418
23068672,1941.158,eval/episode_state/up_z_std,7.310271263122559
23068672,1941.158,eval/avg_episode_length,1000.0
23068672,1941.158,eval/std_episode_length,0.0
23068672,1941.158,eval/epoch_eval_time,8.898191690444946
23068672,1941.158,eval/sps,3596.2363043226223
24117248,2015.252,episode/sps,12631.545138579524
24117248,2015.252,episode/length,1000.0
24117248,2015.252,episode/reward/ctrl,-0.23744530856609344
24117248,2015.252,episode/reward/forward,648.235771484375
24117248,2015.252,episode/reward/joint,-0.08348134323954583
24117248,2015.252,episode/reward/orient,-23.955734753012656
24117248,2015.252,episode/reward/total,623.9590339660645
24117248,2015.252,episode/state/forward_vel,18.262803210616113
24117248,2015.252,episode/state/up_z,951.6683586120605
24117248,2015.252,episode/sum_reward,623.9590339660645
24117248,2015.252,episode/entropy_loss,-0.11251168265938759
24117248,2015.252,episode/kl_mean,0.005099595286883414
24117248,2015.252,episode/learning_rate,0.0003000000142492354
24117248,2015.252,episode/policy_dist_max_loc,1.0291509479284286
24117248,2015.252,episode/policy_dist_max_std,1.921055166721344
24117248,2015.252,episode/policy_dist_mean_loc,-0.043197176270186904
24117248,2015.252,episode/policy_dist_mean_std,0.7311252200603485
24117248,2015.252,episode/policy_dist_min_loc,-1.5166274285316468
24117248,2015.252,episode/policy_dist_min_std,0.21573787041008471
24117248,2015.252,episode/policy_loss,-0.0024538285372545945
24117248,2015.252,episode/total_loss,1.3823132885992526
24117248,2015.252,episode/v_loss,1.4972787913680077
24117248,2024.228,eval/walltime,233.7213008403778
24117248,2024.228,training/sps,14149.658880214467
24117248,2024.228,training/walltime,1778.8456752300262
24117248,2024.228,training/entropy_loss,-0.11252669990062714
24117248,2024.228,training/kl_mean,0.004891874268651009
24117248,2024.228,training/learning_rate,0.0003000000142492354
24117248,2024.228,training/policy_dist_max_loc,1.0293794870376587
24117248,2024.228,training/policy_dist_max_std,1.9413295984268188
24117248,2024.228,training/policy_dist_mean_loc,-0.04385683685541153
24117248,2024.228,training/policy_dist_mean_std,0.7311592698097229
24117248,2024.228,training/policy_dist_min_loc,-1.5275640487670898
24117248,2024.228,training/policy_dist_min_std,0.21172288060188293
24117248,2024.228,training/policy_loss,-0.002028060145676136
24117248,2024.228,training/total_loss,1.3886170387268066
24117248,2024.228,training/v_loss,1.503171682357788
24117248,2024.228,eval/episode_reward,647.7889404296875
24117248,2024.228,eval/episode_reward/ctrl,-0.2377658486366272
24117248,2024.228,eval/episode_reward/forward,650.4736328125
24117248,2024.228,eval/episode_reward/joint,-0.08365873992443085
24117248,2024.228,eval/episode_reward/orient,-2.363316059112549
24117248,2024.228,eval/episode_reward/total,647.7889404296875
24117248,2024.228,eval/episode_state/forward_vel,19.678119659423828
24117248,2024.228,eval/episode_state/up_z,964.4407958984375
24117248,2024.228,eval/episode_reward_std,15.547764778137207
24117248,2024.228,eval/episode_reward/ctrl_std,0.002011778298765421
24117248,2024.228,eval/episode_reward/forward_std,15.101283073425293
24117248,2024.228,eval/episode_reward/joint_std,0.006166618783026934
24117248,2024.228,eval/episode_reward/orient_std,1.4838509559631348
24117248,2024.228,eval/episode_reward/total_std,15.547764778137207
24117248,2024.228,eval/episode_state/forward_vel_std,12.55265998840332
24117248,2024.228,eval/episode_state/up_z_std,8.080921173095703
24117248,2024.228,eval/avg_episode_length,1000.0
24117248,2024.228,eval/std_episode_length,0.0
24117248,2024.228,eval/epoch_eval_time,8.954920291900635
24117248,2024.228,eval/sps,3573.454476076433
25165824,2098.740,episode/sps,12559.655765171745
25165824,2098.740,episode/length,1000.0
25165824,2098.740,episode/reward/ctrl,-0.23812031641602516
25165824,2098.740,episode/reward/forward,652.1932922363281
25165824,2098.740,episode/reward/joint,-0.08435529343783855
25165824,2098.740,episode/reward/orient,-4.442881561219692
25165824,2098.740,episode/reward/total,647.427982788086
25165824,2098.740,episode/state/forward_vel,21.41736253619194
25165824,2098.740,episode/state/up_z,961.8185632324219
25165824,2098.740,episode/sum_reward,647.427982788086
25165824,2098.740,episode/entropy_loss,-0.11268571838736534
25165824,2098.740,episode/kl_mean,0.004574260062072426
25165824,2098.740,episode/learning_rate,0.0003000000142492354
25165824,2098.740,episode/policy_dist_max_loc,1.0681841689348222
25165824,2098.740,episode/policy_dist_max_std,1.8682661306858064
25165824,2098.740,episode/policy_dist_mean_loc,-0.04358899246901274
25165824,2098.740,episode/policy_dist_mean_std,0.7331802105903625
25165824,2098.740,episode/policy_dist_min_loc,-1.4977961444854737
25165824,2098.740,episode/policy_dist_min_std,0.2260618132352829
25165824,2098.740,episode/policy_loss,-0.002355738447222393
25165824,2098.740,episode/total_loss,0.8191408105194569
25165824,2098.740,episode/v_loss,0.934182268679142
25165824,2107.744,eval/walltime,242.7043833732605
25165824,2107.744,training/sps,14070.409398335181
25165824,2107.744,training/walltime,1853.3691642284393
25165824,2107.744,training/entropy_loss,-0.11270924657583237
25165824,2107.744,training/kl_mean,0.004569231998175383
25165824,2107.744,training/learning_rate,0.0003000000142492354
25165824,2107.744,training/policy_dist_max_loc,1.0641674995422363
25165824,2107.744,training/policy_dist_max_std,1.875432014465332
25165824,2107.744,training/policy_dist_mean_loc,-0.04415486380457878
25165824,2107.744,training/policy_dist_mean_std,0.733100414276123
25165824,2107.744,training/policy_dist_min_loc,-1.4956499338150024
25165824,2107.744,training/policy_dist_min_std,0.22540977597236633
25165824,2107.744,training/policy_loss,-0.0019438473973423243
25165824,2107.744,training/total_loss,0.8435991406440735
25165824,2107.744,training/v_loss,0.9582522511482239
25165824,2107.744,eval/episode_reward,647.0004272460938
25165824,2107.744,eval/episode_reward/ctrl,-0.23807519674301147
25165824,2107.744,eval/episode_reward/forward,651.1982421875
25165824,2107.744,eval/episode_reward/joint,-0.08408816158771515
25165824,2107.744,eval/episode_reward/orient,-3.8757195472717285
25165824,2107.744,eval/episode_reward/total,647.0004272460938
25165824,2107.744,eval/episode_state/forward_vel,20.29151153564453
25165824,2107.744,eval/episode_state/up_z,956.3114013671875
25165824,2107.744,eval/episode_reward_std,21.273046493530273
25165824,2107.744,eval/episode_reward/ctrl_std,0.0020866477862000465
25165824,2107.744,eval/episode_reward/forward_std,19.045312881469727
25165824,2107.744,eval/episode_reward/joint_std,0.004142243415117264
25165824,2107.744,eval/episode_reward/orient_std,4.024113178253174
25165824,2107.744,eval/episode_reward/total_std,21.273046493530273
25165824,2107.744,eval/episode_state/forward_vel_std,16.200761795043945
25165824,2107.744,eval/episode_state/up_z_std,14.306475639343262
25165824,2107.744,eval/avg_episode_length,1000.0
25165824,2107.744,eval/std_episode_length,0.0
25165824,2107.744,eval/epoch_eval_time,8.98308253288269
25165824,2107.744,eval/sps,3562.2515860077633
