step,wall_time_s,metric,value
0,46.667,eval/walltime,27.570919036865234
0,46.667,eval/episode_reward,527.668701171875
0,46.667,eval/episode_reward/ctrl,-0.2769871950149536
0,46.667,eval/episode_reward/forward,621.7745361328125
0,46.667,eval/episode_reward/joint,-0.1160224974155426
0,46.667,eval/episode_reward/orient,-93.71280670166016
0,46.667,eval/episode_reward/total,527.668701171875
0,46.667,eval/episode_state/forward_vel,-3.0741138458251953
0,46.667,eval/episode_state/up_z,798.5005493164062
0,46.667,eval/episode_reward_std,210.46958923339844
0,46.667,eval/episode_reward/ctrl_std,0.004315939731895924
0,46.667,eval/episode_reward/forward_std,19.037832260131836
0,46.667,eval/episode_reward/joint_std,0.0058922478929162025
0,46.667,eval/episode_reward/orient_std,207.12550354003906
0,46.667,eval/episode_reward/total_std,210.46958923339844
0,46.667,eval/episode_state/forward_vel_std,14.793885231018066
0,46.667,eval/episode_state/up_z_std,172.3126220703125
0,46.667,eval/avg_episode_length,1000.0
0,46.667,eval/std_episode_length,0.0
0,46.667,eval/epoch_eval_time,27.570919036865234
0,46.667,eval/sps,4642.572843830503
4194304,322.203,episode/sps,13404.85090368329
4194304,322.203,episode/length,1000.0
4194304,322.203,episode/reward/ctrl,-0.27735781133174897
4194304,322.203,episode/reward/forward,620.8993194580078
4194304,322.203,episode/reward/joint,-0.11594584383070469
4194304,322.203,episode/reward/orient,-112.87279608249665
4194304,322.203,episode/reward/total,507.63315155029295
4194304,322.203,episode/state/forward_vel,-4.3222686183452605
4194304,322.203,episode/state/up_z,783.6148157119751
4194304,322.203,episode/sum_reward,507.63315155029295
4194304,322.203,episode/entropy_loss,-0.11291276045143604
4194304,322.203,episode/kl_mean,4.323296332359314
4194304,322.203,episode/learning_rate,0.0003000000142492354
4194304,322.203,episode/policy_dist_max_loc,2.484996404647827
4194304,322.203,episode/policy_dist_max_std,3.377224631309509
4194304,322.203,episode/policy_dist_mean_loc,-0.044636749122291805
4194304,322.203,episode/policy_dist_mean_std,0.7280259776115418
4194304,322.203,episode/policy_dist_min_loc,-3.4352875661849978
4194304,322.203,episode/policy_dist_min_std,0.040034534931182864
4194304,322.203,episode/policy_loss,0.2715559214353561
4194304,322.203,episode/total_loss,8.775520536899567
4194304,322.203,episode/v_loss,8.616877419948578
4194304,349.678,eval/walltime,54.85516309738159
4194304,349.678,training/sps,15227.998154433231
4194304,349.678,training/walltime,275.43370819091797
4194304,349.678,training/entropy_loss,-0.11311173439025879
4194304,349.678,training/kl_mean,4.40799617767334
4194304,349.678,training/learning_rate,0.0003000000142492354
4194304,349.678,training/policy_dist_max_loc,2.471916675567627
4194304,349.678,training/policy_dist_max_std,3.217453718185425
4194304,349.678,training/policy_dist_mean_loc,-0.04055410251021385
4194304,349.678,training/policy_dist_mean_std,0.7243242859840393
4194304,349.678,training/policy_dist_min_loc,-3.4049553871154785
4194304,349.678,training/policy_dist_min_std,0.04130612686276436
4194304,349.678,training/policy_loss,0.2744362950325012
4194304,349.678,training/total_loss,10.828251838684082
4194304,349.678,training/v_loss,10.666927337646484
4194304,349.678,eval/episode_reward,571.0628051757812
4194304,349.678,eval/episode_reward/ctrl,-0.25405728816986084
4194304,349.678,eval/episode_reward/forward,616.4099731445312
4194304,349.678,eval/episode_reward/joint,-0.0817265659570694
4194304,349.678,eval/episode_reward/orient,-45.011417388916016
4194304,349.678,eval/episode_reward/total,571.0628051757812
4194304,349.678,eval/episode_state/forward_vel,-8.076346397399902
4194304,349.678,eval/episode_state/up_z,885.1182861328125
4194304,349.678,eval/episode_reward_std,222.67662048339844
4194304,349.678,eval/episode_reward/ctrl_std,0.0047367531806230545
4194304,349.678,eval/episode_reward/forward_std,15.27161693572998
4194304,349.678,eval/episode_reward/joint_std,0.007957994006574154
4194304,349.678,eval/episode_reward/orient_std,221.86102294921875
4194304,349.678,eval/episode_reward/total_std,222.67662048339844
4194304,349.678,eval/episode_state/forward_vel_std,12.623626708984375
4194304,349.678,eval/episode_state/up_z_std,143.46713256835938
4194304,349.678,eval/avg_episode_length,1000.0
4194304,349.678,eval/std_episode_length,0.0
4194304,349.678,eval/epoch_eval_time,27.284244060516357
4194304,349.678,eval/sps,4691.352258691736
8388608,609.868,episode/sps,14580.530915131923
8388608,609.868,episode/length,1000.0
8388608,609.868,episode/reward/ctrl,-0.25407232776284217
8388608,609.868,episode/reward/forward,616.4429577636719
8388608,609.868,episode/reward/joint,-0.08189878605306149
8388608,609.868,episode/reward/orient,-55.81105177402496
8388608,609.868,episode/reward/total,560.2958944702149
8388608,609.868,episode/state/forward_vel,-7.6108321437239645
8388608,609.868,episode/state/up_z,879.3292617797852
8388608,609.868,episode/sum_reward,560.2958944702149
8388608,609.868,episode/entropy_loss,-0.10934587895870208
8388608,609.868,episode/kl_mean,0.05078759398311376
8388608,609.868,episode/learning_rate,0.0003000000142492354
8388608,609.868,episode/policy_dist_max_loc,2.3254777908325197
8388608,609.868,episode/policy_dist_max_std,3.3498793411254884
8388608,609.868,episode/policy_dist_mean_loc,-0.07607032492756843
8388608,609.868,episode/policy_dist_mean_std,0.7704595804214478
8388608,609.868,episode/policy_dist_min_loc,-3.071448276042938
8388608,609.868,episode/policy_dist_min_std,0.04037144949659705
8388608,609.868,episode/policy_loss,0.014479947295039892
8388608,609.868,episode/total_loss,3.5515315675735475
8388608,609.868,episode/v_loss,3.646397486925125
8388608,620.495,eval/walltime,65.4685709476471
8388608,620.495,training/sps,16119.834916324638
8388608,620.495,training/walltime,535.6289286613464
8388608,620.495,training/entropy_loss,-0.10980218648910522
8388608,620.495,training/kl_mean,0.08710292726755142
8388608,620.495,training/learning_rate,0.0003000000142492354
8388608,620.495,training/policy_dist_max_loc,2.3460264205932617
8388608,620.495,training/policy_dist_max_std,3.4167110919952393
8388608,620.495,training/policy_dist_mean_loc,-0.07418389618396759
8388608,620.495,training/policy_dist_mean_std,0.7665936350822449
8388608,620.495,training/policy_dist_min_loc,-3.1231307983398438
8388608,620.495,training/policy_dist_min_std,0.0404374785721302
8388608,620.495,training/policy_loss,0.022992916405200958
8388608,620.495,training/total_loss,3.5827748775482178
8388608,620.495,training/v_loss,3.669584035873413
8388608,620.495,eval/episode_reward,610.924560546875
8388608,620.495,eval/episode_reward/ctrl,-0.25257211923599243
8388608,620.495,eval/episode_reward/forward,619.3118896484375
8388608,620.495,eval/episode_reward/joint,-0.08224523067474365
8388608,620.495,eval/episode_reward/orient,-8.052600860595703
8388608,620.495,eval/episode_reward/total,610.924560546875
8388608,620.495,eval/episode_state/forward_vel,-6.218155384063721
8388608,620.495,eval/episode_state/up_z,939.9325561523438
8388608,620.495,eval/episode_reward_std,19.964397430419922
8388608,620.495,eval/episode_reward/ctrl_std,0.004203327465802431
8388608,620.495,eval/episode_reward/forward_std,16.228317260742188
8388608,620.495,eval/episode_reward/joint_std,0.007052293047308922
8388608,620.495,eval/episode_reward/orient_std,8.087105751037598
8388608,620.495,eval/episode_reward/total_std,19.964397430419922
8388608,620.495,eval/episode_state/forward_vel_std,12.90362548828125
8388608,620.495,eval/episode_state/up_z_std,26.198190689086914
8388608,620.495,eval/avg_episode_length,1000.0
8388608,620.495,eval/std_episode_length,0.0
8388608,620.495,eval/epoch_eval_time,10.613407850265503
8388608,620.495,eval/sps,12060.216831938478
12582912,871.782,episode/sps,16014.0389528897
12582912,871.782,episode/length,1000.0
12582912,871.782,episode/reward/ctrl,-0.25374696716666223
12582912,871.782,episode/reward/forward,620.8276245117188
12582912,871.782,episode/reward/joint,-0.08319406270980835
12582912,871.782,episode/reward/orient,-15.090890824198723
12582912,871.782,episode/reward/total,605.3997904968262
12582912,871.782,episode/state/forward_vel,-4.556095120236278
12582912,871.782,episode/state/up_z,933.5243365478516
12582912,871.782,episode/sum_reward,605.3997904968262
12582912,871.782,episode/entropy_loss,-0.10941243089735508
12582912,871.782,episode/kl_mean,0.006219663075171411
12582912,871.782,episode/learning_rate,0.0003000000142492354
12582912,871.782,episode/policy_dist_max_loc,2.3103726887702942
12582912,871.782,episode/policy_dist_max_std,3.1474546504020693
12582912,871.782,episode/policy_dist_mean_loc,-0.08778813816606998
12582912,871.782,episode/policy_dist_mean_std,0.7675908988714218
12582912,871.782,episode/policy_dist_min_loc,-2.9827164006233216
12582912,871.782,episode/policy_dist_min_std,0.04424839142709971
12582912,871.782,episode/policy_loss,-0.0023284235410392286
12582912,871.782,episode/total_loss,3.7989424800872804
12582912,871.782,episode/v_loss,3.910683324337006
12582912,882.424,eval/walltime,76.09684133529663
12582912,882.424,training/sps,16690.95690815741
12582912,882.424,training/walltime,786.9209320545197
12582912,882.424,training/entropy_loss,-0.1094094067811966
12582912,882.424,training/kl_mean,0.006128847133368254
12582912,882.424,training/learning_rate,0.0003000000142492354
12582912,882.424,training/policy_dist_max_loc,2.312972068786621
12582912,882.424,training/policy_dist_max_std,3.1491003036499023
12582912,882.424,training/policy_dist_mean_loc,-0.08719351142644882
12582912,882.424,training/policy_dist_mean_std,0.7672590017318726
12582912,882.424,training/policy_dist_min_loc,-2.985440254211426
12582912,882.424,training/policy_dist_min_std,0.04455962032079697
12582912,882.424,training/policy_loss,-0.001981467707082629
12582912,882.424,training/total_loss,3.7782931327819824
12582912,882.424,training/v_loss,3.8896842002868652
12582912,882.424,eval/episode_reward,606.3327026367188
12582912,882.424,eval/episode_reward/ctrl,-0.2529065012931824
12582912,882.424,eval/episode_reward/forward,626.7049560546875
12582912,882.424,eval/episode_reward/joint,-0.08544471859931946
12582912,882.424,eval/episode_reward/orient,-20.03382110595703
12582912,882.424,eval/episode_reward/total,606.3327026367188
12582912,882.424,eval/episode_state/forward_vel,0.0193130224943161
12582912,882.424,eval/episode_state/up_z,949.4619140625
12582912,882.424,eval/episode_reward_std,127.54580688476562
12582912,882.424,eval/episode_reward/ctrl_std,0.003912675194442272
12582912,882.424,eval/episode_reward/forward_std,16.347415924072266
12582912,882.424,eval/episode_reward/joint_std,0.005937755573540926
12582912,882.424,eval/episode_reward/orient_std,126.43822479248047
12582912,882.424,eval/episode_reward/total_std,127.54580688476562
12582912,882.424,eval/episode_state/forward_vel_std,13.601038932800293
12582912,882.424,eval/episode_state/up_z_std,72.62181854248047
12582912,882.424,eval/avg_episode_length,1000.0
12582912,882.424,eval/std_episode_length,0.0
12582912,882.424,eval/epoch_eval_time,10.628270387649536
12582912,882.424,eval/sps,12043.351865487068
16777216,1548.815,episode/sps,6195.128871462401
16777216,1548.815,episode/length,1000.0
16777216,1548.815,episode/reward/ctrl,-0.2524220286309719
16777216,1548.815,episode/reward/forward,625.434794921875
16777216,1548.815,episode/reward/joint,-0.08336021602153779
16777216,1548.815,episode/reward/orient,-4.548591634035111
16777216,1548.815,episode/reward/total,620.5504028320313
16777216,1548.815,episode/state/forward_vel,-1.2296777284145355
16777216,1548.815,episode/state/up_z,956.6638256835937
16777216,1548.815,episode/sum_reward,620.5504028320313
16777216,1548.815,episode/entropy_loss,-0.10955667607486248
16777216,1548.815,episode/kl_mean,0.0056957258563488725
16777216,1548.815,episode/learning_rate,0.0003000000142492354
16777216,1548.815,episode/policy_dist_max_loc,2.2781229424476623
16777216,1548.815,episode/policy_dist_max_std,3.097952723503113
16777216,1548.815,episode/policy_dist_mean_loc,-0.09797542236745357
16777216,1548.815,episode/policy_dist_mean_std,0.7659371650218963
16777216,1548.815,episode/policy_dist_min_loc,-2.9343817830085754
16777216,1548.815,episode/policy_dist_min_std,0.04987927673384547
16777216,1548.815,episode/policy_loss,-0.0020049215137260034
16777216,1548.815,episode/total_loss,3.7905930352210997
16777216,1548.815,episode/v_loss,3.90215463578701
16777216,1593.459,eval/walltime,120.72350549697876
16777216,1593.459,training/sps,6294.003823613397
16777216,1593.459,training/walltime,1453.3177309036255
16777216,1593.459,training/entropy_loss,-0.10957375168800354
16777216,1593.459,training/kl_mean,0.005275321193039417
16777216,1593.459,training/learning_rate,0.0003000000142492354
16777216,1593.459,training/policy_dist_max_loc,2.2833776473999023
16777216,1593.459,training/policy_dist_max_std,3.0927481651306152
16777216,1593.459,training/policy_dist_mean_loc,-0.09706106781959534
16777216,1593.459,training/policy_dist_mean_std,0.7656047344207764
16777216,1593.459,training/policy_dist_min_loc,-2.941328763961792
16777216,1593.459,training/policy_dist_min_std,0.05000840872526169
16777216,1593.459,training/policy_loss,-0.001596512389369309
16777216,1593.459,training/total_loss,3.80026912689209
16777216,1593.459,training/v_loss,3.9114394187927246
16777216,1593.459,eval/episode_reward,621.8026733398438
16777216,1593.459,eval/episode_reward/ctrl,-0.2528216242790222
16777216,1593.459,eval/episode_reward/forward,627.5372924804688
16777216,1593.459,eval/episode_reward/joint,-0.08718302845954895
16777216,1593.459,eval/episode_reward/orient,-5.394632339477539
16777216,1593.459,eval/episode_reward/total,621.8026733398438
16777216,1593.459,eval/episode_state/forward_vel,1.0865122079849243
16777216,1593.459,eval/episode_state/up_z,959.24755859375
16777216,1593.459,eval/episode_reward_std,21.962059020996094
16777216,1593.459,eval/episode_reward/ctrl_std,0.0033884141594171524
16777216,1593.459,eval/episode_reward/forward_std,14.281872749328613
16777216,1593.459,eval/episode_reward/joint_std,0.007948500104248524
16777216,1593.459,eval/episode_reward/orient_std,14.692904472351074
16777216,1593.459,eval/episode_reward/total_std,21.962059020996094
16777216,1593.459,eval/episode_state/forward_vel_std,11.830628395080566
16777216,1593.459,eval/episode_state/up_z_std,18.90237045288086
16777216,1593.459,eval/avg_episode_length,1000.0
16777216,1593.459,eval/std_episode_length,0.0
16777216,1593.459,eval/epoch_eval_time,44.62666416168213
16777216,1593.459,eval/sps,2868.2403761181163
20971520,2892.817,episode/sps,3120.7563697871215
20971520,2892.817,episode/length,1000.0
20971520,2892.817,episode/reward/ctrl,-0.2527297991514206
20971520,2892.817,episode/reward/forward,625.3001416015625
20971520,2892.817,episode/reward/joint,-0.08716371312737464
20971520,2892.817,episode/reward/orient,-3.961782149672508
20971520,2892.817,episode/reward/total,620.9984497070312
20971520,2892.817,episode/state/forward_vel,-0.833801479190588
20971520,2892.817,episode/state/up_z,961.1154534912109
20971520,2892.817,episode/sum_reward,620.9984497070312
20971520,2892.817,episode/entropy_loss,-0.10981048345565796
20971520,2892.817,episode/kl_mean,0.004735669521614909
20971520,2892.817,episode/learning_rate,0.0003000000142492354
20971520,2892.817,episode/policy_dist_max_loc,2.279593918323517
20971520,2892.817,episode/policy_dist_max_std,3.0564770793914793
20971520,2892.817,episode/policy_dist_mean_loc,-0.1031314941495657
20971520,2892.817,episode/policy_dist_mean_std,0.7672122359275818
20971520,2892.817,episode/policy_dist_min_loc,-2.9424765706062317
20971520,2892.817,episode/policy_dist_min_std,0.049628421980887655
20971520,2892.817,episode/policy_loss,-0.0010904434605618007
20971520,2892.817,episode/total_loss,4.107401588261127
20971520,2892.817,episode/v_loss,4.218302501440048
20971520,2936.022,eval/walltime,163.91100645065308
20971520,2936.022,training/sps,3227.9660326891785
20971520,2936.022,training/walltime,2752.68208527565
20971520,2936.022,training/entropy_loss,-0.10980965197086334
20971520,2936.022,training/kl_mean,0.004441297613084316
20971520,2936.022,training/learning_rate,0.0003000000142492354
20971520,2936.022,training/policy_dist_max_loc,2.2814440727233887
20971520,2936.022,training/policy_dist_max_std,3.0475659370422363
20971520,2936.022,training/policy_dist_mean_loc,-0.10205919295549393
20971520,2936.022,training/policy_dist_mean_std,0.7668158411979675
20971520,2936.022,training/policy_dist_min_loc,-2.94472336769104
20971520,2936.022,training/policy_dist_min_std,0.050011273473501205
20971520,2936.022,training/policy_loss,-0.0008278724853880703
20971520,2936.022,training/total_loss,4.11693000793457
20971520,2936.022,training/v_loss,4.227567672729492
20971520,2936.022,eval/episode_reward,607.67578125
20971520,2936.022,eval/episode_reward/ctrl,-0.2541900873184204
20971520,2936.022,eval/episode_reward/forward,628.9161987304688
20971520,2936.022,eval/episode_reward/joint,-0.08738608658313751
20971520,2936.022,eval/episode_reward/orient,-20.8988037109375
20971520,2936.022,eval/episode_reward/total,607.67578125
20971520,2936.022,eval/episode_state/forward_vel,2.015815496444702
20971520,2936.022,eval/episode_state/up_z,954.3943481445312
20971520,2936.022,eval/episode_reward_std,197.2803955078125
20971520,2936.022,eval/episode_reward/ctrl_std,0.004190301522612572
20971520,2936.022,eval/episode_reward/forward_std,14.636861801147461
20971520,2936.022,eval/episode_reward/joint_std,0.006822691299021244
20971520,2936.022,eval/episode_reward/orient_std,195.11215209960938
20971520,2936.022,eval/episode_reward/total_std,197.2803955078125
20971520,2936.022,eval/episode_state/forward_vel_std,11.505433082580566
20971520,2936.022,eval/episode_state/up_z_std,102.73464965820312
20971520,2936.022,eval/avg_episode_length,1000.0
20971520,2936.022,eval/std_episode_length,0.0
20971520,2936.022,eval/epoch_eval_time,43.187500953674316
20971520,2936.022,eval/sps,2963.820484480012
25165824,4240.619,episode/sps,3111.9596767959574
25165824,4240.619,episode/length,1000.0
25165824,4240.619,episode/reward/ctrl,-0.2544122652709484
25165824,4240.619,episode/reward/forward,628.2967736816406
25165824,4240.619,episode/reward/joint,-0.08821063712239266
25165824,4240.619,episode/reward/orient,-75.22852090343832
25165824,4240.619,episode/reward/total,552.7256671142578
25165824,4240.619,episode/state/forward_vel,2.115931444168091
25165824,4240.619,episode/state/up_z,926.786473236084
25165824,4240.619,episode/sum_reward,552.7256671142578
25165824,4240.619,episode/entropy_loss,-0.10987911552190781
25165824,4240.619,episode/kl_mean,0.004539228868670761
25165824,4240.619,episode/learning_rate,0.0003000000142492354
25165824,4240.619,episode/policy_dist_max_loc,2.268437342643738
25165824,4240.619,episode/policy_dist_max_std,2.9667721343040467
25165824,4240.619,episode/policy_dist_mean_loc,-0.10532938092947006
25165824,4240.619,episode/policy_dist_mean_std,0.7707939666509628
25165824,4240.619,episode/policy_dist_min_loc,-2.898578267097473
25165824,4240.619,episode/policy_dist_min_std,0.05022695407271385
25165824,4240.619,episode/policy_loss,-0.0007771642203442753
25165824,4240.619,episode/total_loss,3.471822444796562
25165824,4240.619,episode/v_loss,3.582478711605072
25165824,4282.613,eval/walltime,205.88928771018982
25165824,4282.613,training/sps,3215.005040844325
25165824,4282.613,training/walltime,4057.284705400467
25165824,4282.613,training/entropy_loss,-0.10987260192632675
25165824,4282.613,training/kl_mean,0.004263417329639196
25165824,4282.613,training/learning_rate,0.0003000000142492354
25165824,4282.613,training/policy_dist_max_loc,2.2708635330200195
25165824,4282.613,training/policy_dist_max_std,2.9623217582702637
25165824,4282.613,training/policy_dist_mean_loc,-0.1047251895070076
25165824,4282.613,training/policy_dist_mean_std,0.7705205678939819
25165824,4282.613,training/policy_dist_min_loc,-2.899536609649658
25165824,4282.613,training/policy_dist_min_std,0.049856916069984436
25165824,4282.613,training/policy_loss,-0.0006126394146122038
25165824,4282.613,training/total_loss,3.5095362663269043
25165824,4282.613,training/v_loss,3.6200215816497803
25165824,4282.613,eval/episode_reward,623.2889404296875
25165824,4282.613,eval/episode_reward/ctrl,-0.2538151443004608
25165824,4282.613,eval/episode_reward/forward,627.259765625
25165824,4282.613,eval/episode_reward/joint,-0.08994507789611816
25165824,4282.613,eval/episode_reward/orient,-3.6270015239715576
25165824,4282.613,eval/episode_reward/total,623.2889404296875
25165824,4282.613,eval/episode_state/forward_vel,1.4763847589492798
25165824,4282.613,eval/episode_state/up_z,965.823974609375
25165824,4282.613,eval/episode_reward_std,17.154809951782227
25165824,4282.613,eval/episode_reward/ctrl_std,0.0038442579098045826
25165824,4282.613,eval/episode_reward/forward_std,14.77868366241455
25165824,4282.613,eval/episode_reward/joint_std,0.005959891714155674
25165824,4282.613,eval/episode_reward/orient_std,6.493789196014404
25165824,4282.613,eval/episode_reward/total_std,17.154809951782227
25165824,4282.613,eval/episode_state/forward_vel_std,11.663838386535645
25165824,4282.613,eval/episode_state/up_z_std,11.113327026367188
25165824,4282.613,eval/avg_episode_length,1000.0
25165824,4282.613,eval/std_episode_length,0.0
25165824,4282.613,eval/epoch_eval_time,41.97828125953674
25165824,4282.613,eval/sps,3049.1958260182605
29360128,5578.387,episode/sps,3135.299432571874
29360128,5578.387,episode/length,1000.0
29360128,5578.387,episode/reward/ctrl,-0.2533570249378681
29360128,5578.387,episode/reward/forward,628.7053503417969
29360128,5578.387,episode/reward/joint,-0.09142723858356476
29360128,5578.387,episode/reward/orient,-3.4589431524276733
29360128,5578.387,episode/reward/total,624.9016638183593
29360128,5578.387,episode/state/forward_vel,2.610507756024599
29360128,5578.387,episode/state/up_z,964.405503540039
29360128,5578.387,episode/sum_reward,624.9016638183593
29360128,5578.387,episode/entropy_loss,-0.11017620600759984
29360128,5578.387,episode/kl_mean,0.004040425894781947
29360128,5578.387,episode/learning_rate,0.0003000000142492354
29360128,5578.387,episode/policy_dist_max_loc,2.273093531131744
29360128,5578.387,episode/policy_dist_max_std,2.9280400037765504
29360128,5578.387,episode/policy_dist_mean_loc,-0.10292275808751583
29360128,5578.387,episode/policy_dist_mean_std,0.7703546625375748
29360128,5578.387,episode/policy_dist_min_loc,-2.927466101646423
29360128,5578.387,episode/policy_dist_min_std,0.05106256630271673
29360128,5578.387,episode/policy_loss,-0.0005179712245444534
29360128,5578.387,episode/total_loss,3.684932280778885
29360128,5578.387,episode/v_loss,3.7956264638900756
29360128,5623.385,eval/walltime,250.87036037445068
29360128,5623.385,training/sps,3236.896227041973
29360128,5623.385,training/walltime,5353.064275026321
29360128,5623.385,training/entropy_loss,-0.110166996717453
29360128,5623.385,training/kl_mean,0.00376810017041862
29360128,5623.385,training/learning_rate,0.0003000000142492354
29360128,5623.385,training/policy_dist_max_loc,2.2692489624023438
29360128,5623.385,training/policy_dist_max_std,2.9298582077026367
29360128,5623.385,training/policy_dist_mean_loc,-0.10310348868370056
29360128,5623.385,training/policy_dist_mean_std,0.7699944972991943
29360128,5623.385,training/policy_dist_min_loc,-2.918295383453369
29360128,5623.385,training/policy_dist_min_std,0.05119236931204796
29360128,5623.385,training/policy_loss,-0.00038242293521761894
29360128,5623.385,training/total_loss,3.6761157512664795
29360128,5623.385,training/v_loss,3.786665201187134
29360128,5623.385,eval/episode_reward,613.6031494140625
29360128,5623.385,eval/episode_reward/ctrl,-0.25341111421585083
29360128,5623.385,eval/episode_reward/forward,630.3883666992188
29360128,5623.385,eval/episode_reward/joint,-0.0865781307220459
29360128,5623.385,eval/episode_reward/orient,-16.445280075073242
29360128,5623.385,eval/episode_reward/total,613.6031494140625
29360128,5623.385,eval/episode_state/forward_vel,3.7377376556396484
29360128,5623.385,eval/episode_state/up_z,958.0079345703125
29360128,5623.385,eval/episode_reward_std,157.30322265625
29360128,5623.385,eval/episode_reward/ctrl_std,0.003584762569516897
29360128,5623.385,eval/episode_reward/forward_std,13.67558765411377
29360128,5623.385,eval/episode_reward/joint_std,0.0055406405590474606
29360128,5623.385,eval/episode_reward/orient_std,154.3921661376953
29360128,5623.385,eval/episode_reward/total_std,157.30322265625
29360128,5623.385,eval/episode_state/forward_vel_std,11.026711463928223
29360128,5623.385,eval/episode_state/up_z_std,83.57069396972656
29360128,5623.385,eval/avg_episode_length,1000.0
29360128,5623.385,eval/std_episode_length,0.0
29360128,5623.385,eval/epoch_eval_time,44.981072664260864
29360128,5623.385,eval/sps,2845.6413424240272
33554432,6927.320,episode/sps,3109.349324406441
33554432,6927.320,episode/length,1000.0
33554432,6927.320,episode/reward/ctrl,-0.2534061010181904
33554432,6927.320,episode/reward/forward,631.0345251464844
33554432,6927.320,episode/reward/joint,-0.08781004562973976
33554432,6927.320,episode/reward/orient,-2.346125801205635
33554432,6927.320,episode/reward/total,628.347197265625
33554432,6927.320,episode/state/forward_vel,4.622693011425436
33554432,6927.320,episode/state/up_z,967.6492175292968
33554432,6927.320,episode/sum_reward,628.347197265625
33554432,6927.320,episode/entropy_loss,-0.11060061112046242
33554432,6927.320,episode/kl_mean,0.0043875271221622825
33554432,6927.320,episode/learning_rate,0.0003000000142492354
33554432,6927.320,episode/policy_dist_max_loc,2.24900203704834
33554432,6927.320,episode/policy_dist_max_std,2.92429233789444
33554432,6927.320,episode/policy_dist_mean_loc,-0.10175383180379867
33554432,6927.320,episode/policy_dist_mean_std,0.7733698028326035
33554432,6927.320,episode/policy_dist_min_loc,-2.896226854324341
33554432,6927.320,episode/policy_dist_min_std,0.051941301207989454
33554432,6927.320,episode/policy_loss,-0.0008579215694044251
33554432,6927.320,episode/total_loss,3.0151306861639022
33554432,6927.320,episode/v_loss,3.1265892106294633
33554432,6970.955,eval/walltime,294.4874458312988
33554432,6970.955,training/sps,3216.6354421859555
33554432,6970.955,training/walltime,6657.005637168884
33554432,6970.955,training/entropy_loss,-0.11059768497943878
33554432,6970.955,training/kl_mean,0.003950788639485836
33554432,6970.955,training/learning_rate,0.0003000000142492354
33554432,6970.955,training/policy_dist_max_loc,2.2443392276763916
33554432,6970.955,training/policy_dist_max_std,2.9137978553771973
33554432,6970.955,training/policy_dist_mean_loc,-0.10155052691698074
33554432,6970.955,training/policy_dist_mean_std,0.7728467583656311
33554432,6970.955,training/policy_dist_min_loc,-2.8943119049072266
33554432,6970.955,training/policy_dist_min_std,0.05225948244333267
33554432,6970.955,training/policy_loss,-0.0006739265518262982
33554432,6970.955,training/total_loss,3.033661365509033
33554432,6970.955,training/v_loss,3.144932746887207
33554432,6970.955,eval/episode_reward,630.064453125
33554432,6970.955,eval/episode_reward/ctrl,-0.2558788061141968
33554432,6970.955,eval/episode_reward/forward,633.3657836914062
33554432,6970.955,eval/episode_reward/joint,-0.08699354529380798
33554432,6970.955,eval/episode_reward/orient,-2.958547592163086
33554432,6970.955,eval/episode_reward/total,630.064453125
33554432,6970.955,eval/episode_state/forward_vel,6.7978515625
33554432,6970.955,eval/episode_state/up_z,965.9742431640625
33554432,6970.955,eval/episode_reward_std,13.745793342590332
33554432,6970.955,eval/episode_reward/ctrl_std,0.004791715182363987
33554432,6970.955,eval/episode_reward/forward_std,13.742321014404297
33554432,6970.955,eval/episode_reward/joint_std,0.005999952554702759
33554432,6970.955,eval/episode_reward/orient_std,3.7968034744262695
33554432,6970.955,eval/episode_reward/total_std,13.745793342590332
33554432,6970.955,eval/episode_state/forward_vel_std,11.85896110534668
33554432,6970.955,eval/episode_state/up_z_std,13.227519035339355
33554432,6970.955,eval/avg_episode_length,1000.0
33554432,6970.955,eval/std_episode_length,0.0
33554432,6970.955,eval/epoch_eval_time,43.617085456848145
33554432,6970.955,eval/sps,2934.629828181315
37748736,7999.021,episode/sps,3913.6874591942774
37748736,7999.021,episode/length,1000.0
37748736,7999.021,episode/reward/ctrl,-0.2562882362306118
37748736,7999.021,episode/reward/forward,631.7924346923828
37748736,7999.021,episode/reward/joint,-0.08735788278281689
37748736,7999.021,episode/reward/orient,-2.984485327601433
37748736,7999.021,episode/reward/total,628.4643072509766
37748736,7999.021,episode/state/forward_vel,5.571563814878464
37748736,7999.021,episode/state/up_z,968.0361596679687
37748736,7999.021,episode/sum_reward,628.4643072509766
37748736,7999.021,episode/entropy_loss,-0.11030748389661311
37748736,7999.021,episode/kl_mean,0.004575019185431302
37748736,7999.021,episode/learning_rate,0.0003000000142492354
37748736,7999.021,episode/policy_dist_max_loc,2.3339473748207094
37748736,7999.021,episode/policy_dist_max_std,2.9097410154342653
37748736,7999.021,episode/policy_dist_mean_loc,-0.10327233470976353
37748736,7999.021,episode/policy_dist_mean_std,0.7798239576816559
37748736,7999.021,episode/policy_dist_min_loc,-2.8886705684661864
37748736,7999.021,episode/policy_dist_min_std,0.05183940917253494
37748736,7999.021,episode/policy_loss,-0.0007962885334563907
37748736,7999.021,episode/total_loss,3.1127049911022184
37748736,7999.021,episode/v_loss,3.223808753490448
37748736,8041.835,eval/walltime,337.28523683547974
37748736,8041.835,training/sps,4079.7736477614685
37748736,8041.835,training/walltime,7685.078359365463
37748736,8041.835,training/entropy_loss,-0.1103159487247467
37748736,8041.835,training/kl_mean,0.004294895566999912
37748736,8041.835,training/learning_rate,0.0003000000142492354
37748736,8041.835,training/policy_dist_max_loc,2.325885534286499
37748736,8041.835,training/policy_dist_max_std,2.905911445617676
37748736,8041.835,training/policy_dist_mean_loc,-0.1031939759850502
37748736,8041.835,training/policy_dist_mean_std,0.7795261740684509
37748736,8041.835,training/policy_dist_min_loc,-2.8837831020355225
37748736,8041.835,training/policy_dist_min_std,0.05176418274641037
37748736,8041.835,training/policy_loss,-0.0006436735857278109
37748736,8041.835,training/total_loss,3.0895228385925293
37748736,8041.835,training/v_loss,3.2004828453063965
37748736,8041.835,eval/episode_reward,633.664306640625
37748736,8041.835,eval/episode_reward/ctrl,-0.2579830288887024
37748736,8041.835,eval/episode_reward/forward,637.7516479492188
37748736,8041.835,eval/episode_reward/joint,-0.08440454304218292
37748736,8041.835,eval/episode_reward/orient,-3.7449769973754883
37748736,8041.835,eval/episode_reward/total,633.664306640625
37748736,8041.835,eval/episode_state/forward_vel,9.849531173706055
37748736,8041.835,eval/episode_state/up_z,960.287841796875
37748736,8041.835,eval/episode_reward_std,14.438924789428711
37748736,8041.835,eval/episode_reward/ctrl_std,0.004009767435491085
37748736,8041.835,eval/episode_reward/forward_std,13.893628120422363
37748736,8041.835,eval/episode_reward/joint_std,0.004821255803108215
37748736,8041.835,eval/episode_reward/orient_std,4.0328049659729
37748736,8041.835,eval/episode_reward/total_std,14.438924789428711
37748736,8041.835,eval/episode_state/forward_vel_std,11.733379364013672
37748736,8041.835,eval/episode_state/up_z_std,17.64634895324707
37748736,8041.835,eval/avg_episode_length,1000.0
37748736,8041.835,eval/std_episode_length,0.0
37748736,8041.835,eval/epoch_eval_time,42.79779100418091
37748736,8041.835,eval/sps,2990.808567374323
41943040,9332.645,episode/sps,3145.0442157673224
41943040,9332.645,episode/length,1000.0
41943040,9332.645,episode/reward/ctrl,-0.2576208907365799
41943040,9332.645,episode/reward/forward,639.3553045654297
41943040,9332.645,episode/reward/joint,-0.08437639348208904
41943040,9332.645,episode/reward/orient,-39.101152039319274
41943040,9332.645,episode/reward/total,599.9121618652343
41943040,9332.645,episode/state/forward_vel,11.08692790299654
41943040,9332.645,episode/state/up_z,943.2898077392579
41943040,9332.645,episode/sum_reward,599.9121618652343
41943040,9332.645,episode/entropy_loss,-0.11018393836915492
41943040,9332.645,episode/kl_mean,0.004641604276839644
41943040,9332.645,episode/learning_rate,0.0003000000142492354
41943040,9332.645,episode/policy_dist_max_loc,2.335700409412384
41943040,9332.645,episode/policy_dist_max_std,2.9408145689964296
41943040,9332.645,episode/policy_dist_mean_loc,-0.10533480249345302
41943040,9332.645,episode/policy_dist_mean_std,0.7860879278182984
41943040,9332.645,episode/policy_dist_min_loc,-2.9037136936187746
41943040,9332.645,episode/policy_dist_min_std,0.05086338922381401
41943040,9332.645,episode/policy_loss,-0.0010576050460804254
41943040,9332.645,episode/total_loss,3.0339644399285315
41943040,9332.645,episode/v_loss,3.145205987095833
41943040,9375.638,eval/walltime,380.2624750137329
41943040,9375.638,training/sps,3249.3465862366534
41943040,9375.638,training/walltime,8975.892955064774
41943040,9375.638,training/entropy_loss,-0.11020074784755707
41943040,9375.638,training/kl_mean,0.004283417947590351
41943040,9375.638,training/learning_rate,0.0003000000142492354
41943040,9375.638,training/policy_dist_max_loc,2.3346195220947266
41943040,9375.638,training/policy_dist_max_std,2.940326452255249
41943040,9375.638,training/policy_dist_mean_loc,-0.10516070574522018
41943040,9375.638,training/policy_dist_mean_std,0.7857025861740112
41943040,9375.638,training/policy_dist_min_loc,-2.900156259536743
41943040,9375.638,training/policy_dist_min_std,0.05109301954507828
41943040,9375.638,training/policy_loss,-0.0008390166331082582
41943040,9375.638,training/total_loss,3.0360522270202637
41943040,9375.638,training/v_loss,3.147091865539551
41943040,9375.638,eval/episode_reward,605.8890380859375
41943040,9375.638,eval/episode_reward/ctrl,-0.2599821984767914
41943040,9375.638,eval/episode_reward/forward,638.04931640625
41943040,9375.638,eval/episode_reward/joint,-0.0870240181684494
41943040,9375.638,eval/episode_reward/orient,-31.813182830810547
41943040,9375.638,eval/episode_reward/total,605.8890380859375
41943040,9375.638,eval/episode_state/forward_vel,10.827853202819824
41943040,9375.638,eval/episode_state/up_z,954.6361083984375
41943040,9375.638,eval/episode_reward_std,328.50115966796875
41943040,9375.638,eval/episode_reward/ctrl_std,0.004462416283786297
41943040,9375.638,eval/episode_reward/forward_std,17.937318801879883
41943040,9375.638,eval/episode_reward/joint_std,0.005533169489353895
41943040,9375.638,eval/episode_reward/orient_std,321.2748107910156
41943040,9375.638,eval/episode_reward/total_std,328.50115966796875
41943040,9375.638,eval/episode_state/forward_vel_std,14.1239652633667
41943040,9375.638,eval/episode_state/up_z_std,163.729736328125
41943040,9375.638,eval/avg_episode_length,1000.0
41943040,9375.638,eval/std_episode_length,0.0
41943040,9375.638,eval/epoch_eval_time,42.977238178253174
41943040,9375.638,eval/sps,2978.320744322957
46137344,10677.459,episode/sps,3118.871610504115
46137344,10677.459,episode/length,1000.0
46137344,10677.459,episode/reward/ctrl,-0.25849929451942444
46137344,10677.459,episode/reward/forward,639.2932196044922
46137344,10677.459,episode/reward/joint,-0.08569442301988602
46137344,10677.459,episode/reward/orient,-47.78872088462114
46137344,10677.459,episode/reward/total,591.1603109741211
46137344,10677.459,episode/state/forward_vel,11.465127441063522
46137344,10677.459,episode/state/up_z,944.5539678955079
46137344,10677.459,episode/sum_reward,591.1603109741211
46137344,10677.459,episode/entropy_loss,-0.10992212697863579
46137344,10677.459,episode/kl_mean,0.004952833852730692
46137344,10677.459,episode/learning_rate,0.0003000000142492354
46137344,10677.459,episode/policy_dist_max_loc,2.347487382888794
46137344,10677.459,episode/policy_dist_max_std,2.9024278903007508
46137344,10677.459,episode/policy_dist_mean_loc,-0.10412230342626572
46137344,10677.459,episode/policy_dist_mean_std,0.7890605765581131
46137344,10677.459,episode/policy_dist_min_loc,-2.8228411507606506
46137344,10677.459,episode/policy_dist_min_std,0.055444552302360534
46137344,10677.459,episode/policy_loss,-0.001614731878216844
46137344,10677.459,episode/total_loss,2.6286955636739733
46137344,10677.459,episode/v_loss,2.7402324208617213
46137344,10719.800,eval/walltime,422.58545446395874
46137344,10719.800,training/sps,3221.859969378497
46137344,10719.800,training/walltime,10277.71986246109
46137344,10719.800,training/entropy_loss,-0.10992768406867981
46137344,10719.800,training/kl_mean,0.0044996547512710094
46137344,10719.800,training/learning_rate,0.0003000000142492354
46137344,10719.800,training/policy_dist_max_loc,2.3369059562683105
46137344,10719.800,training/policy_dist_max_std,2.8915257453918457
46137344,10719.800,training/policy_dist_mean_loc,-0.10506421327590942
46137344,10719.800,training/policy_dist_mean_std,0.7886593341827393
46137344,10719.800,training/policy_dist_min_loc,-2.8053321838378906
46137344,10719.800,training/policy_dist_min_std,0.055479496717453
46137344,10719.800,training/policy_loss,-0.0013457308523356915
46137344,10719.800,training/total_loss,2.6225056648254395
46137344,10719.800,training/v_loss,2.733778953552246
46137344,10719.800,eval/episode_reward,637.8034057617188
46137344,10719.800,eval/episode_reward/ctrl,-0.26023638248443604
46137344,10719.800,eval/episode_reward/forward,649.2249145507812
46137344,10719.800,eval/episode_reward/joint,-0.08736539632081985
46137344,10719.800,eval/episode_reward/orient,-11.073919296264648
46137344,10719.800,eval/episode_reward/total,637.8034057617188
46137344,10719.800,eval/episode_state/forward_vel,20.377700805664062
46137344,10719.800,eval/episode_state/up_z,964.6257934570312
46137344,10719.800,eval/episode_reward_std,103.5965805053711
46137344,10719.800,eval/episode_reward/ctrl_std,0.003978685010224581
46137344,10719.800,eval/episode_reward/forward_std,19.59794044494629
46137344,10719.800,eval/episode_reward/joint_std,0.0057210782542824745
46137344,10719.800,eval/episode_reward/orient_std,97.62969970703125
46137344,10719.800,eval/episode_reward/total_std,103.5965805053711
46137344,10719.800,eval/episode_state/forward_vel_std,16.643104553222656
46137344,10719.800,eval/episode_state/up_z_std,53.052764892578125
46137344,10719.800,eval/avg_episode_length,1000.0
46137344,10719.800,eval/std_episode_length,0.0
46137344,10719.800,eval/epoch_eval_time,42.32297945022583
46137344,10719.800,eval/sps,3024.3617453855086
50331648,11993.120,episode/sps,3187.9833740622603
50331648,11993.120,episode/length,1000.0
50331648,11993.120,episode/reward/ctrl,-0.26037045508623125
50331648,11993.120,episode/reward/forward,649.1137414550781
50331648,11993.120,episode/reward/joint,-0.0870549076795578
50331648,11993.120,episode/reward/orient,-2.5552433973550794
50331648,11993.120,episode/reward/total,646.2111163330078
50331648,11993.120,episode/state/forward_vel,20.129339090809225
50331648,11993.120,episode/state/up_z,968.9490338134766
50331648,11993.120,episode/sum_reward,646.2111163330078
50331648,11993.120,episode/entropy_loss,-0.10978884071111679
50331648,11993.120,episode/kl_mean,0.0050623287353664635
50331648,11993.120,episode/learning_rate,0.0003000000142492354
50331648,11993.120,episode/policy_dist_max_loc,2.3100241231918335
50331648,11993.120,episode/policy_dist_max_std,2.7772285032272337
50331648,11993.120,episode/policy_dist_mean_loc,-0.10065236061811447
50331648,11993.120,episode/policy_dist_mean_std,0.7926908844709396
50331648,11993.120,episode/policy_dist_min_loc,-2.764163680076599
50331648,11993.120,episode/policy_dist_min_std,0.05856828834861517
50331648,11993.120,episode/policy_loss,-0.0016608647000975908
50331648,11993.120,episode/total_loss,2.2356615442037584
50331648,11993.120,episode/v_loss,2.347111246585846
50331648,12041.915,eval/walltime,471.3644845485687
50331648,12041.915,training/sps,3293.9752098785125
50331648,12041.915,training/walltime,11551.045778036118
50331648,12041.915,training/entropy_loss,-0.10982737690210342
50331648,12041.915,training/kl_mean,0.004684607498347759
50331648,12041.915,training/learning_rate,0.0003000000142492354
50331648,12041.915,training/policy_dist_max_loc,2.3076601028442383
50331648,12041.915,training/policy_dist_max_std,2.7831692695617676
50331648,12041.915,training/policy_dist_mean_loc,-0.10071949660778046
50331648,12041.915,training/policy_dist_mean_std,0.7922183871269226
50331648,12041.915,training/policy_dist_min_loc,-2.758852005004883
50331648,12041.915,training/policy_dist_min_std,0.05846045911312103
50331648,12041.915,training/policy_loss,-0.0013582170940935612
50331648,12041.915,training/total_loss,2.180647134780884
50331648,12041.915,training/v_loss,2.29183292388916
50331648,12041.915,eval/episode_reward,645.7457275390625
50331648,12041.915,eval/episode_reward/ctrl,-0.26426106691360474
50331648,12041.915,eval/episode_reward/forward,657.2266845703125
50331648,12041.915,eval/episode_reward/joint,-0.0922652930021286
50331648,12041.915,eval/episode_reward/orient,-11.124371528625488
50331648,12041.915,eval/episode_reward/total,645.7457275390625
50331648,12041.915,eval/episode_state/forward_vel,27.458667755126953
50331648,12041.915,eval/episode_state/up_z,964.73681640625
50331648,12041.915,eval/episode_reward_std,80.97686767578125
50331648,12041.915,eval/episode_reward/ctrl_std,0.004636076744645834
50331648,12041.915,eval/episode_reward/forward_std,20.474414825439453
50331648,12041.915,eval/episode_reward/joint_std,0.006149745546281338
50331648,12041.915,eval/episode_reward/orient_std,72.4954605102539
50331648,12041.915,eval/episode_reward/total_std,80.97686767578125
50331648,12041.915,eval/episode_state/forward_vel_std,17.224321365356445
50331648,12041.915,eval/episode_state/up_z_std,43.126216888427734
50331648,12041.915,eval/avg_episode_length,1000.0
50331648,12041.915,eval/std_episode_length,0.0
50331648,12041.915,eval/epoch_eval_time,48.779030084609985
50331648,12041.915,eval/sps,2624.0784160319868
54525952,13321.925,episode/sps,3156.4485062907593
54525952,13321.925,episode/length,1000.0
54525952,13321.925,episode/reward/ctrl,-0.26309216529130935
54525952,13321.925,episode/reward/forward,654.2149548339844
54525952,13321.925,episode/reward/joint,-0.09149911791086197
54525952,13321.925,episode/reward/orient,-42.506341353058815
54525952,13321.925,episode/reward/total,611.3538989257812
54525952,13321.925,episode/state/forward_vel,24.95458205610514
54525952,13321.925,episode/state/up_z,948.9928085327149
54525952,13321.925,episode/sum_reward,611.3538989257812
54525952,13321.925,episode/entropy_loss,-0.10902029372751713
54525952,13321.925,episode/kl_mean,0.0049697519978508355
54525952,13321.925,episode/learning_rate,0.0003000000142492354
54525952,13321.925,episode/policy_dist_max_loc,2.3664311504364015
54525952,13321.925,episode/policy_dist_max_std,2.7390061140060427
54525952,13321.925,episode/policy_dist_mean_loc,-0.10167799778282642
54525952,13321.925,episode/policy_dist_mean_std,0.7985994440317153
54525952,13321.925,episode/policy_dist_min_loc,-2.7963429641723634
54525952,13321.925,episode/policy_dist_min_std,0.057434097416698936
54525952,13321.925,episode/policy_loss,-0.0013850835552148056
54525952,13321.925,episode/total_loss,1.9908161529898643
54525952,13321.925,episode/v_loss,2.1012215393781664
54525952,13365.020,eval/walltime,514.4420716762543
54525952,13365.020,training/sps,3276.759209492153
54525952,13365.020,training/walltime,12831.061712026596
54525952,13365.020,training/entropy_loss,-0.10905857384204865
54525952,13365.020,training/kl_mean,0.004624515771865845
54525952,13365.020,training/learning_rate,0.0003000000142492354
54525952,13365.020,training/policy_dist_max_loc,2.356835126876831
54525952,13365.020,training/policy_dist_max_std,2.744063377380371
54525952,13365.020,training/policy_dist_mean_loc,-0.10171830654144287
54525952,13365.020,training/policy_dist_mean_std,0.7982861995697021
54525952,13365.020,training/policy_dist_min_loc,-2.7925076484680176
54525952,13365.020,training/policy_dist_min_std,0.057146064937114716
54525952,13365.020,training/policy_loss,-0.0011464760173112154
54525952,13365.020,training/total_loss,1.9664307832717896
54525952,13365.020,training/v_loss,2.0766358375549316
54525952,13365.020,eval/episode_reward,650.0529174804688
54525952,13365.020,eval/episode_reward/ctrl,-0.2659841775894165
54525952,13365.020,eval/episode_reward/forward,657.5738525390625
54525952,13365.020,eval/episode_reward/joint,-0.09558410197496414
54525952,13365.020,eval/episode_reward/orient,-7.159306049346924
54525952,13365.020,eval/episode_reward/total,650.0529174804688
54525952,13365.020,eval/episode_state/forward_vel,27.613162994384766
54525952,13365.020,eval/episode_state/up_z,964.1180419921875
54525952,13365.020,eval/episode_reward_std,57.317813873291016
54525952,13365.020,eval/episode_reward/ctrl_std,0.004453947301954031
54525952,13365.020,eval/episode_reward/forward_std,20.08501625061035
54525952,13365.020,eval/episode_reward/joint_std,0.006168529856950045
54525952,13365.020,eval/episode_reward/orient_std,46.82182312011719
54525952,13365.020,eval/episode_reward/total_std,57.317813873291016
54525952,13365.020,eval/episode_state/forward_vel_std,16.79521942138672
54525952,13365.020,eval/episode_state/up_z_std,27.067598342895508
54525952,13365.020,eval/avg_episode_length,1000.0
54525952,13365.020,eval/std_episode_length,0.0
54525952,13365.020,eval/epoch_eval_time,43.07758712768555
54525952,13365.020,eval/sps,2971.3827661841265
58720256,14396.177,episode/sps,3904.393908867117
58720256,14396.177,episode/length,1000.0
58720256,14396.177,episode/reward/ctrl,-0.2652500042319298
58720256,14396.177,episode/reward/forward,657.2967407226563
58720256,14396.177,episode/reward/joint,-0.09502045713365077
58720256,14396.177,episode/reward/orient,-2.9736925745010376
58720256,14396.177,episode/reward/total,653.9628167724609
58720256,14396.177,episode/state/forward_vel,27.411298398971557
58720256,14396.177,episode/state/up_z,966.9113317871094
58720256,14396.177,episode/sum_reward,653.9628167724609
58720256,14396.177,episode/entropy_loss,-0.10833490170538425
58720256,14396.177,episode/kl_mean,0.004661322552710772
58720256,14396.177,episode/learning_rate,0.0003000000142492354
58720256,14396.177,episode/policy_dist_max_loc,2.3772307229042053
58720256,14396.177,episode/policy_dist_max_std,2.7595093417167664
58720256,14396.177,episode/policy_dist_mean_loc,-0.10479974061250687
58720256,14396.177,episode/policy_dist_mean_std,0.8034750366210938
58720256,14396.177,episode/policy_dist_min_loc,-2.761659474372864
58720256,14396.177,episode/policy_dist_min_std,0.06113704353570938
58720256,14396.177,episode/policy_loss,-0.0009845633432269097
58720256,14396.177,episode/total_loss,1.8450450637936593
58720256,14396.177,episode/v_loss,1.9543645301461219
58720256,14441.130,eval/walltime,559.3793344497681
58720256,14441.130,training/sps,4067.5495810434136
58720256,14441.130,training/walltime,13862.22406578064
58720256,14441.130,training/entropy_loss,-0.108316570520401
58720256,14441.130,training/kl_mean,0.004608419723808765
58720256,14441.130,training/learning_rate,0.0003000000142492354
58720256,14441.130,training/policy_dist_max_loc,2.3636817932128906
58720256,14441.130,training/policy_dist_max_std,2.75665020942688
58720256,14441.130,training/policy_dist_mean_loc,-0.10457010567188263
58720256,14441.130,training/policy_dist_mean_std,0.8033301830291748
58720256,14441.130,training/policy_dist_min_loc,-2.746314287185669
58720256,14441.130,training/policy_dist_min_std,0.06146475672721863
58720256,14441.130,training/policy_loss,-0.0007895695744082332
58720256,14441.130,training/total_loss,1.8251957893371582
58720256,14441.130,training/v_loss,1.9343019723892212
58720256,14441.130,eval/episode_reward,657.9869995117188
58720256,14441.130,eval/episode_reward/ctrl,-0.26837560534477234
58720256,14441.130,eval/episode_reward/forward,661.5245361328125
58720256,14441.130,eval/episode_reward/joint,-0.09543134272098541
58720256,14441.130,eval/episode_reward/orient,-3.173689365386963
58720256,14441.130,eval/episode_reward/total,657.9869995117188
58720256,14441.130,eval/episode_state/forward_vel,31.367584228515625
58720256,14441.130,eval/episode_state/up_z,965.84375
58720256,14441.130,eval/episode_reward_std,23.533065795898438
58720256,14441.130,eval/episode_reward/ctrl_std,0.004533551633358002
58720256,14441.130,eval/episode_reward/forward_std,22.205245971679688
58720256,14441.130,eval/episode_reward/joint_std,0.005640177987515926
58720256,14441.130,eval/episode_reward/orient_std,5.472753047943115
58720256,14441.130,eval/episode_reward/total_std,23.533065795898438
58720256,14441.130,eval/episode_state/forward_vel_std,18.728925704956055
58720256,14441.130,eval/episode_state/up_z_std,8.082393646240234
58720256,14441.130,eval/avg_episode_length,1000.0
58720256,14441.130,eval/std_episode_length,0.0
58720256,14441.130,eval/epoch_eval_time,44.937262773513794
58720256,14441.130,eval/sps,2848.4155932043936
62914560,15728.730,episode/sps,3147.5706369348036
62914560,15728.730,episode/length,1000.0
62914560,15728.730,episode/reward/ctrl,-0.26731554985046385
62914560,15728.730,episode/reward/forward,658.1613360595703
62914560,15728.730,episode/reward/joint,-0.09579717501997947
62914560,15728.730,episode/reward/orient,-2.4509868997335436
62914560,15728.730,episode/reward/total,655.347290649414
62914560,15728.730,episode/state/forward_vel,28.204284417033197
62914560,15728.730,episode/state/up_z,967.2589532470703
62914560,15728.730,episode/sum_reward,655.347290649414
62914560,15728.730,episode/entropy_loss,-0.10793449513614178
62914560,15728.730,episode/kl_mean,0.004190536148380488
62914560,15728.730,episode/learning_rate,0.0003000000142492354
62914560,15728.730,episode/policy_dist_max_loc,2.3585815119743345
62914560,15728.730,episode/policy_dist_max_std,2.7085441732406617
62914560,15728.730,episode/policy_dist_mean_loc,-0.11085734948515892
62914560,15728.730,episode/policy_dist_mean_std,0.806524149775505
62914560,15728.730,episode/policy_dist_min_loc,-2.7879876351356505
62914560,15728.730,episode/policy_dist_min_std,0.06134175859391689
62914560,15728.730,episode/policy_loss,-0.0008513246109941974
62914560,15728.730,episode/total_loss,1.9542028099298476
62914560,15728.730,episode/v_loss,2.0629886317253114
62914560,15773.336,eval/walltime,603.9700956344604
62914560,15773.336,training/sps,3257.4463383906786
62914560,15773.336,training/walltime,15149.829006671906
62914560,15773.336,training/entropy_loss,-0.10789775848388672
62914560,15773.336,training/kl_mean,0.004304558038711548
62914560,15773.336,training/learning_rate,0.0003000000142492354
62914560,15773.336,training/policy_dist_max_loc,2.357937812805176
62914560,15773.336,training/policy_dist_max_std,2.713784694671631
62914560,15773.336,training/policy_dist_mean_loc,-0.1100989431142807
62914560,15773.336,training/policy_dist_mean_std,0.8066027760505676
62914560,15773.336,training/policy_dist_min_loc,-2.791958808898926
62914560,15773.336,training/policy_dist_min_std,0.061338167637586594
62914560,15773.336,training/policy_loss,-0.0006455864058807492
62914560,15773.336,training/total_loss,1.9217627048492432
62914560,15773.336,training/v_loss,2.030306100845337
62914560,15773.336,eval/episode_reward,661.302001953125
62914560,15773.336,eval/episode_reward/ctrl,-0.2688635587692261
62914560,15773.336,eval/episode_reward/forward,664.3388671875
62914560,15773.336,eval/episode_reward/joint,-0.09727554768323898
62914560,15773.336,eval/episode_reward/orient,-2.6706666946411133
62914560,15773.336,eval/episode_reward/total,661.302001953125
62914560,15773.336,eval/episode_state/forward_vel,33.78843688964844
62914560,15773.336,eval/episode_state/up_z,966.1566162109375
62914560,15773.336,eval/episode_reward_std,23.19046974182129
62914560,15773.336,eval/episode_reward/ctrl_std,0.004120722413063049
62914560,15773.336,eval/episode_reward/forward_std,22.744497299194336
62914560,15773.336,eval/episode_reward/joint_std,0.006224534939974546
62914560,15773.336,eval/episode_reward/orient_std,2.4127275943756104
62914560,15773.336,eval/episode_reward/total_std,23.19046974182129
62914560,15773.336,eval/episode_state/forward_vel_std,19.034313201904297
62914560,15773.336,eval/episode_state/up_z_std,6.631494522094727
62914560,15773.336,eval/avg_episode_length,1000.0
62914560,15773.336,eval/std_episode_length,0.0
62914560,15773.336,eval/epoch_eval_time,44.59076118469238
62914560,15773.336,eval/sps,2870.549786531594
67108864,17065.852,episode/sps,3136.8138147109644
67108864,17065.852,episode/length,1000.0
67108864,17065.852,episode/reward/ctrl,-0.269690203666687
67108864,17065.852,episode/reward/forward,660.6294232177735
67108864,17065.852,episode/reward/joint,-0.09699813738465309
67108864,17065.852,episode/reward/orient,-2.8003827047348024
67108864,17065.852,episode/reward/total,657.462378540039
67108864,17065.852,episode/state/forward_vel,30.717290829643606
67108864,17065.852,episode/state/up_z,967.1187414550782
67108864,17065.852,episode/sum_reward,657.462378540039
67108864,17065.852,episode/entropy_loss,-0.10699835993349552
67108864,17065.852,episode/kl_mean,0.004351764908060432
67108864,17065.852,episode/learning_rate,0.0003000000142492354
67108864,17065.852,episode/policy_dist_max_loc,2.3565576481819153
67108864,17065.852,episode/policy_dist_max_std,2.7774554085731507
67108864,17065.852,episode/policy_dist_mean_loc,-0.1144613979011774
67108864,17065.852,episode/policy_dist_mean_std,0.8103226882219314
67108864,17065.852,episode/policy_dist_min_loc,-2.812382185459137
67108864,17065.852,episode/policy_dist_min_std,0.058623506240546706
67108864,17065.852,episode/policy_loss,-0.0006619229794159764
67108864,17065.852,episode/total_loss,1.8941003662347793
67108864,17065.852,episode/v_loss,2.0017606443166733
67108864,17109.694,eval/walltime,647.795990228653
67108864,17109.694,training/sps,3245.0543928479415
67108864,17109.694,training/walltime,16442.35094690323
67108864,17109.694,training/entropy_loss,-0.10699985921382904
67108864,17109.694,training/kl_mean,0.004256839863955975
67108864,17109.694,training/learning_rate,0.0003000000142492354
67108864,17109.694,training/policy_dist_max_loc,2.3501133918762207
67108864,17109.694,training/policy_dist_max_std,2.7676072120666504
67108864,17109.694,training/policy_dist_mean_loc,-0.1145344004034996
67108864,17109.694,training/policy_dist_mean_std,0.8102574348449707
67108864,17109.694,training/policy_dist_min_loc,-2.8036625385284424
67108864,17109.694,training/policy_dist_min_std,0.05856504663825035
67108864,17109.694,training/policy_loss,-0.00044719487777911127
67108864,17109.694,training/total_loss,1.8812897205352783
67108864,17109.694,training/v_loss,1.988736629486084
67108864,17109.694,eval/episode_reward,634.68359375
67108864,17109.694,eval/episode_reward/ctrl,-0.27017784118652344
67108864,17109.694,eval/episode_reward/forward,668.548095703125
67108864,17109.694,eval/episode_reward/joint,-0.09802979230880737
67108864,17109.694,eval/episode_reward/orient,-33.496299743652344
67108864,17109.694,eval/episode_reward/total,634.68359375
67108864,17109.694,eval/episode_state/forward_vel,37.394187927246094
67108864,17109.694,eval/episode_state/up_z,950.011962890625
67108864,17109.694,eval/episode_reward_std,305.1217346191406
67108864,17109.694,eval/episode_reward/ctrl_std,0.0047575365751981735
67108864,17109.694,eval/episode_reward/forward_std,22.75688362121582
67108864,17109.694,eval/episode_reward/joint_std,0.005176382139325142
67108864,17109.694,eval/episode_reward/orient_std,295.4768981933594
67108864,17109.694,eval/episode_reward/total_std,305.1217346191406
67108864,17109.694,eval/episode_state/forward_vel_std,19.30807113647461
67108864,17109.694,eval/episode_state/up_z_std,154.0682373046875
67108864,17109.694,eval/avg_episode_length,1000.0
67108864,17109.694,eval/std_episode_length,0.0
67108864,17109.694,eval/epoch_eval_time,43.825894594192505
67108864,17109.694,eval/sps,2920.6477399998503
71303168,18317.103,episode/sps,3352.0883942983683
71303168,18317.103,episode/length,1000.0
71303168,18317.103,episode/reward/ctrl,-0.270042681992054
71303168,18317.103,episode/reward/forward,661.7463079833984
71303168,18317.103,episode/reward/joint,-0.0987742630392313
71303168,18317.103,episode/reward/orient,-3.4846014726161956
71303168,18317.103,episode/reward/total,657.8928878784179
71303168,18317.103,episode/state/forward_vel,31.667763857841493
71303168,18317.103,episode/state/up_z,965.5563671875
71303168,18317.103,episode/sum_reward,657.8928878784179
71303168,18317.103,episode/entropy_loss,-0.10702701523900032
71303168,18317.103,episode/kl_mean,0.004944559552241117
71303168,18317.103,episode/learning_rate,0.0003000000142492354
71303168,18317.103,episode/policy_dist_max_loc,2.3236289620399475
71303168,18317.103,episode/policy_dist_max_std,2.740713727474213
71303168,18317.103,episode/policy_dist_mean_loc,-0.11749116025865078
71303168,18317.103,episode/policy_dist_mean_std,0.8109360349178314
71303168,18317.103,episode/policy_dist_min_loc,-2.736988618373871
71303168,18317.103,episode/policy_dist_min_std,0.05789024718105793
71303168,18317.103,episode/policy_loss,-0.0010078819045156707
71303168,18317.103,episode/total_loss,2.8645001766085625
71303168,18317.103,episode/v_loss,2.972535079717636
71303168,18366.843,eval/walltime,697.520830154419
71303168,18366.843,training/sps,3473.790298232426
71303168,18366.843,training/walltime,17649.765223503113
71303168,18366.843,training/entropy_loss,-0.10702675580978394
71303168,18366.843,training/kl_mean,0.004861918743699789
71303168,18366.843,training/learning_rate,0.0003000000142492354
71303168,18366.843,training/policy_dist_max_loc,2.3157036304473877
71303168,18366.843,training/policy_dist_max_std,2.7475881576538086
71303168,18366.843,training/policy_dist_mean_loc,-0.11765197664499283
71303168,18366.843,training/policy_dist_mean_std,0.8108564019203186
71303168,18366.843,training/policy_dist_min_loc,-2.7384767532348633
71303168,18366.843,training/policy_dist_min_std,0.058307111263275146
71303168,18366.843,training/policy_loss,-0.0007285299943760037
71303168,18366.843,training/total_loss,2.864388942718506
71303168,18366.843,training/v_loss,2.972144365310669
71303168,18366.843,eval/episode_reward,645.8538208007812
71303168,18366.843,eval/episode_reward/ctrl,-0.2709312438964844
71303168,18366.843,eval/episode_reward/forward,667.366943359375
71303168,18366.843,eval/episode_reward/joint,-0.09799796342849731
71303168,18366.843,eval/episode_reward/orient,-21.144195556640625
71303168,18366.843,eval/episode_reward/total,645.8538208007812
71303168,18366.843,eval/episode_state/forward_vel,36.750633239746094
71303168,18366.843,eval/episode_state/up_z,957.0748291015625
71303168,18366.843,eval/episode_reward_std,212.0284881591797
71303168,18366.843,eval/episode_reward/ctrl_std,0.004325083922594786
71303168,18366.843,eval/episode_reward/forward_std,22.878273010253906
71303168,18366.843,eval/episode_reward/joint_std,0.005619495175778866
71303168,18366.843,eval/episode_reward/orient_std,207.33633422851562
71303168,18366.843,eval/episode_reward/total_std,212.0284881591797
71303168,18366.843,eval/episode_state/forward_vel_std,19.910362243652344
71303168,18366.843,eval/episode_state/up_z_std,108.3753890991211
71303168,18366.843,eval/avg_episode_length,1000.0
71303168,18366.843,eval/std_episode_length,0.0
71303168,18366.843,eval/epoch_eval_time,49.72483992576599
71303168,18366.843,eval/sps,2574.1661550060426
75497472,19656.718,episode/sps,3130.9783628115033
75497472,19656.718,episode/length,1000.0
75497472,19656.718,episode/reward/ctrl,-0.2713376793265343
75497472,19656.718,episode/reward/forward,667.020757446289
75497472,19656.718,episode/reward/joint,-0.09843111246824264
75497472,19656.718,episode/reward/orient,-38.33483462154865
75497472,19656.718,episode/reward/total,628.3161358642578
75497472,19656.718,episode/state/forward_vel,36.28825798869133
75497472,19656.718,episode/state/up_z,948.8599273681641
75497472,19656.718,episode/sum_reward,628.3161358642578
75497472,19656.718,episode/entropy_loss,-0.10659745641052723
75497472,19656.718,episode/kl_mean,0.004584597432985902
75497472,19656.718,episode/learning_rate,0.0003000000142492354
75497472,19656.718,episode/policy_dist_max_loc,2.344930040836334
75497472,19656.718,episode/policy_dist_max_std,2.5921711802482603
75497472,19656.718,episode/policy_dist_mean_loc,-0.1250524728745222
75497472,19656.718,episode/policy_dist_mean_std,0.8125780475139618
75497472,19656.718,episode/policy_dist_min_loc,-2.720736017227173
75497472,19656.718,episode/policy_dist_min_std,0.060389372333884236
75497472,19656.718,episode/policy_loss,-0.0005199865163740469
75497472,19656.718,episode/total_loss,3.2293028429150583
75497472,19656.718,episode/v_loss,3.336420284509659
75497472,19705.106,eval/walltime,745.892725944519
75497472,19705.106,training/sps,3251.6998536691394
75497472,19705.106,training/walltime,18939.64565181732
75497472,19705.106,training/entropy_loss,-0.10659467428922653
75497472,19705.106,training/kl_mean,0.004792637657374144
75497472,19705.106,training/learning_rate,0.0003000000142492354
75497472,19705.106,training/policy_dist_max_loc,2.338416576385498
75497472,19705.106,training/policy_dist_max_std,2.599736452102661
75497472,19705.106,training/policy_dist_mean_loc,-0.12437677383422852
75497472,19705.106,training/policy_dist_mean_std,0.8126564621925354
75497472,19705.106,training/policy_dist_min_loc,-2.7152926921844482
75497472,19705.106,training/policy_dist_min_std,0.060723379254341125
75497472,19705.106,training/policy_loss,-0.00020981839043088257
75497472,19705.106,training/total_loss,3.1816039085388184
75497472,19705.106,training/v_loss,3.2884082794189453
75497472,19705.106,eval/episode_reward,663.3834228515625
75497472,19705.106,eval/episode_reward/ctrl,-0.27339228987693787
75497472,19705.106,eval/episode_reward/forward,665.7338256835938
75497472,19705.106,eval/episode_reward/joint,-0.09987302124500275
75497472,19705.106,eval/episode_reward/orient,-1.97706937789917
75497472,19705.106,eval/episode_reward/total,663.3834228515625
75497472,19705.106,eval/episode_state/forward_vel,34.85197448730469
75497472,19705.106,eval/episode_state/up_z,969.2919311523438
75497472,19705.106,eval/episode_reward_std,23.85823631286621
75497472,19705.106,eval/episode_reward/ctrl_std,0.004129267297685146
75497472,19705.106,eval/episode_reward/forward_std,23.42246437072754
75497472,19705.106,eval/episode_reward/joint_std,0.005596916191279888
75497472,19705.106,eval/episode_reward/orient_std,2.2306647300720215
75497472,19705.106,eval/episode_reward/total_std,23.85823631286621
75497472,19705.106,eval/episode_state/forward_vel_std,19.7246036529541
75497472,19705.106,eval/episode_state/up_z_std,5.826929569244385
75497472,19705.106,eval/avg_episode_length,1000.0
75497472,19705.106,eval/std_episode_length,0.0
75497472,19705.106,eval/epoch_eval_time,48.3718957901001
75497472,19705.106,eval/sps,2646.164635668399
79691776,20746.265,episode/sps,3849.584965660787
79691776,20746.265,episode/length,1000.0
79691776,20746.265,episode/reward/ctrl,-0.27258743822574616
79691776,20746.265,episode/reward/forward,668.9827996826172
79691776,20746.265,episode/reward/joint,-0.09961289919912815
79691776,20746.265,episode/reward/orient,-2.2434733098745347
79691776,20746.265,episode/reward/total,666.3671527099609
79691776,20746.265,episode/state/forward_vel,37.65610919237137
79691776,20746.265,episode/state/up_z,969.382255859375
79691776,20746.265,episode/sum_reward,666.3671527099609
79691776,20746.265,episode/entropy_loss,-0.10560737632215023
79691776,20746.265,episode/kl_mean,0.004784812349826097
79691776,20746.265,episode/learning_rate,0.0003000000142492354
79691776,20746.265,episode/policy_dist_max_loc,2.330910050868988
79691776,20746.265,episode/policy_dist_max_std,2.682233603000641
79691776,20746.265,episode/policy_dist_mean_loc,-0.12709357097744942
79691776,20746.265,episode/policy_dist_mean_std,0.8179907304048538
79691776,20746.265,episode/policy_dist_min_loc,-2.7201174664497376
79691776,20746.265,episode/policy_dist_min_std,0.05569593342021108
79691776,20746.265,episode/policy_loss,-0.0006123887054855004
79691776,20746.265,episode/total_loss,1.8863222435116769
79691776,20746.265,episode/v_loss,1.9925420290231706
79691776,20790.808,eval/walltime,790.4205741882324
79691776,20790.808,training/sps,4028.4752160060702
79691776,20790.808,training/walltime,19980.809808254242
79691776,20790.808,training/entropy_loss,-0.10557512938976288
79691776,20790.808,training/kl_mean,0.004647162742912769
79691776,20790.808,training/learning_rate,0.0003000000142492354
79691776,20790.808,training/policy_dist_max_loc,2.3311171531677246
79691776,20790.808,training/policy_dist_max_std,2.6874306201934814
79691776,20790.808,training/policy_dist_mean_loc,-0.12760141491889954
79691776,20790.808,training/policy_dist_mean_std,0.8181381821632385
79691776,20790.808,training/policy_dist_min_loc,-2.722050666809082
79691776,20790.808,training/policy_dist_min_std,0.05527527630329132
79691776,20790.808,training/policy_loss,-0.0004221309209242463
79691776,20790.808,training/total_loss,1.8977560997009277
79691776,20790.808,training/v_loss,2.003753185272217
79691776,20790.808,eval/episode_reward,642.7578125
79691776,20790.808,eval/episode_reward/ctrl,-0.27528879046440125
79691776,20790.808,eval/episode_reward/forward,667.678466796875
79691776,20790.808,eval/episode_reward/joint,-0.10132025927305222
79691776,20790.808,eval/episode_reward/orient,-24.544025421142578
79691776,20790.808,eval/episode_reward/total,642.7578125
79691776,20790.808,eval/episode_state/forward_vel,37.03080749511719
79691776,20790.808,eval/episode_state/up_z,956.8637084960938
79691776,20790.808,eval/episode_reward_std,243.26336669921875
79691776,20790.808,eval/episode_reward/ctrl_std,0.004936718847602606
79691776,20790.808,eval/episode_reward/forward_std,26.95340347290039
79691776,20790.808,eval/episode_reward/joint_std,0.005809073336422443
79691776,20790.808,eval/episode_reward/orient_std,243.49578857421875
79691776,20790.808,eval/episode_reward/total_std,243.26336669921875
79691776,20790.808,eval/episode_state/forward_vel_std,22.87163734436035
79691776,20790.808,eval/episode_state/up_z_std,127.32056427001953
79691776,20790.808,eval/avg_episode_length,1000.0
79691776,20790.808,eval/std_episode_length,0.0
79691776,20790.808,eval/epoch_eval_time,44.52784824371338
79691776,20790.808,eval/sps,2874.6055569409095
83886080,22118.812,episode/sps,3055.8542899287013
83886080,22118.812,episode/length,1000.0
83886080,22118.812,episode/reward/ctrl,-0.27524144262075423
83886080,22118.812,episode/reward/forward,670.0421307373047
83886080,22118.812,episode/reward/joint,-0.10181877568364144
83886080,22118.812,episode/reward/orient,-1.9277094691991805
83886080,22118.812,episode/reward/total,667.7373266601562
83886080,22118.812,episode/state/forward_vel,38.1864834690094
83886080,22118.812,episode/state/up_z,968.2356164550781
83886080,22118.812,episode/sum_reward,667.7373266601562
83886080,22118.812,episode/entropy_loss,-0.10518723048269749
83886080,22118.812,episode/kl_mean,0.00452237730845809
83886080,22118.812,episode/learning_rate,0.0003000000142492354
83886080,22118.812,episode/policy_dist_max_loc,2.3323599004745486
83886080,22118.812,episode/policy_dist_max_std,2.6617633056640626
83886080,22118.812,episode/policy_dist_mean_loc,-0.12904151737689973
83886080,22118.812,episode/policy_dist_mean_std,0.819875722527504
83886080,22118.812,episode/policy_dist_min_loc,-2.752961986064911
83886080,22118.812,episode/policy_dist_min_std,0.054198546446859834
83886080,22118.812,episode/policy_loss,-0.0006316754744329955
83886080,22118.812,episode/total_loss,2.111158508956432
83886080,22118.812,episode/v_loss,2.2169774186611177
83886080,22164.205,eval/walltime,835.796945810318
83886080,22164.205,training/sps,3158.3368080788623
83886080,22164.205,training/walltime,21308.820167779922
83886080,22164.205,training/entropy_loss,-0.1051344946026802
83886080,22164.205,training/kl_mean,0.004601237364113331
83886080,22164.205,training/learning_rate,0.0003000000142492354
83886080,22164.205,training/policy_dist_max_loc,2.329524278640747
83886080,22164.205,training/policy_dist_max_std,2.6548404693603516
83886080,22164.205,training/policy_dist_mean_loc,-0.12938815355300903
83886080,22164.205,training/policy_dist_mean_std,0.8197435736656189
83886080,22164.205,training/policy_dist_min_loc,-2.7467851638793945
83886080,22164.205,training/policy_dist_min_std,0.05490062013268471
83886080,22164.205,training/policy_loss,-0.000382354948669672
83886080,22164.205,training/total_loss,2.108893394470215
83886080,22164.205,training/v_loss,2.2144103050231934
83886080,22164.205,eval/episode_reward,671.3265380859375
83886080,22164.205,eval/episode_reward/ctrl,-0.2763754725456238
83886080,22164.205,eval/episode_reward/forward,674.056884765625
83886080,22164.205,eval/episode_reward/joint,-0.10166244208812714
83886080,22164.205,eval/episode_reward/orient,-2.3522109985351562
83886080,22164.205,eval/episode_reward/total,671.3265380859375
83886080,22164.205,eval/episode_state/forward_vel,42.952857971191406
83886080,22164.205,eval/episode_state/up_z,968.427001953125
83886080,22164.205,eval/episode_reward_std,22.264888763427734
83886080,22164.205,eval/episode_reward/ctrl_std,0.004291504621505737
83886080,22164.205,eval/episode_reward/forward_std,22.07931137084961
83886080,22164.205,eval/episode_reward/joint_std,0.005153889302164316
83886080,22164.205,eval/episode_reward/orient_std,2.6595230102539062
83886080,22164.205,eval/episode_reward/total_std,22.264888763427734
83886080,22164.205,eval/episode_state/forward_vel_std,18.99254035949707
83886080,22164.205,eval/episode_state/up_z_std,5.916163444519043
83886080,22164.205,eval/avg_episode_length,1000.0
83886080,22164.205,eval/std_episode_length,0.0
83886080,22164.205,eval/epoch_eval_time,45.37637162208557
83886080,22164.205,eval/sps,2820.851368770523
88080384,23469.192,episode/sps,3106.0176775593613
88080384,23469.192,episode/length,1000.0
88080384,23469.192,episode/reward/ctrl,-0.2763227534294128
88080384,23469.192,episode/reward/forward,673.6366180419922
88080384,23469.192,episode/reward/joint,-0.10093943327665329
88080384,23469.192,episode/reward/orient,-2.7677791583538056
88080384,23469.192,episode/reward/total,670.4915856933594
88080384,23469.192,episode/state/forward_vel,42.60806925058365
88080384,23469.192,episode/state/up_z,967.781019897461
88080384,23469.192,episode/sum_reward,670.4915856933594
88080384,23469.192,episode/entropy_loss,-0.10452552914619445
88080384,23469.192,episode/kl_mean,0.005173670134972781
88080384,23469.192,episode/learning_rate,0.0003000000142492354
88080384,23469.192,episode/policy_dist_max_loc,2.34166891336441
88080384,23469.192,episode/policy_dist_max_std,2.586722528934479
88080384,23469.192,episode/policy_dist_mean_loc,-0.13559741005301476
88080384,23469.192,episode/policy_dist_mean_std,0.8222801637649536
88080384,23469.192,episode/policy_dist_min_loc,-2.7361683368682863
88080384,23469.192,episode/policy_dist_min_std,0.0556265589222312
88080384,23469.192,episode/policy_loss,-0.00037162275519222023
88080384,23469.192,episode/total_loss,3.1720847687125207
88080384,23469.192,episode/v_loss,3.276981914937496
88080384,23515.778,eval/walltime,882.3670167922974
88080384,23515.778,training/sps,3214.0439002180024
88080384,23515.778,training/walltime,22613.812921524048
88080384,23515.778,training/entropy_loss,-0.10448727756738663
88080384,23515.778,training/kl_mean,0.0054140398278832436
88080384,23515.778,training/learning_rate,0.0003000000142492354
88080384,23515.778,training/policy_dist_max_loc,2.3346967697143555
88080384,23515.778,training/policy_dist_max_std,2.594195604324341
88080384,23515.778,training/policy_dist_mean_loc,-0.1353350728750229
88080384,23515.778,training/policy_dist_mean_std,0.8223445415496826
88080384,23515.778,training/policy_dist_min_loc,-2.734868049621582
88080384,23515.778,training/policy_dist_min_std,0.055941592901945114
88080384,23515.778,training/policy_loss,-9.498941653873771e-05
88080384,23515.778,training/total_loss,3.1699464321136475
88080384,23515.778,training/v_loss,3.2745285034179688
88080384,23515.778,eval/episode_reward,668.2867431640625
88080384,23515.778,eval/episode_reward/ctrl,-0.27705755829811096
88080384,23515.778,eval/episode_reward/forward,670.91943359375
88080384,23515.778,eval/episode_reward/joint,-0.10162363946437836
88080384,23515.778,eval/episode_reward/orient,-2.254030466079712
88080384,23515.778,eval/episode_reward/total,668.2867431640625
88080384,23515.778,eval/episode_state/forward_vel,40.261329650878906
88080384,23515.778,eval/episode_state/up_z,969.0514526367188
88080384,23515.778,eval/episode_reward_std,26.214984893798828
88080384,23515.778,eval/episode_reward/ctrl_std,0.004267870914191008
88080384,23515.778,eval/episode_reward/forward_std,26.097158432006836
88080384,23515.778,eval/episode_reward/joint_std,0.005769913550466299
88080384,23515.778,eval/episode_reward/orient_std,2.975064516067505
88080384,23515.778,eval/episode_reward/total_std,26.214984893798828
88080384,23515.778,eval/episode_state/forward_vel_std,22.78244972229004
88080384,23515.778,eval/episode_state/up_z_std,5.882055282592773
88080384,23515.778,eval/avg_episode_length,1000.0
88080384,23515.778,eval/std_episode_length,0.0
88080384,23515.778,eval/epoch_eval_time,46.57007098197937
88080384,23515.778,eval/sps,2748.5463797023317
92274688,24813.727,episode/sps,3119.519905581068
92274688,24813.727,episode/length,1000.0
92274688,24813.727,episode/reward/ctrl,-0.27725171923637393
92274688,24813.727,episode/reward/forward,674.9425982666015
92274688,24813.727,episode/reward/joint,-0.10270541250705718
92274688,24813.727,episode/reward/orient,-2.1439999747276306
92274688,24813.727,episode/reward/total,672.4186596679688
92274688,24813.727,episode/state/forward_vel,43.40752724528313
92274688,24813.727,episode/state/up_z,968.8184368896484
92274688,24813.727,episode/sum_reward,672.4186596679688
92274688,24813.727,episode/entropy_loss,-0.10458545938134194
92274688,24813.727,episode/kl_mean,0.0048740485613234345
92274688,24813.727,episode/learning_rate,0.0003000000142492354
92274688,24813.727,episode/policy_dist_max_loc,2.373844678401947
92274688,24813.727,episode/policy_dist_max_std,2.6572226214408876
92274688,24813.727,episode/policy_dist_mean_loc,-0.1348609709739685
92274688,24813.727,episode/policy_dist_mean_std,0.8242175525426865
92274688,24813.727,episode/policy_dist_min_loc,-2.7054013538360597
92274688,24813.727,episode/policy_dist_min_std,0.05084214523434639
92274688,24813.727,episode/policy_loss,-0.0006763526718714275
92274688,24813.727,episode/total_loss,3.084551360309124
92274688,24813.727,episode/v_loss,3.189813172519207
92274688,24865.017,eval/walltime,933.6403450965881
92274688,24865.017,training/sps,3231.474408265018
92274688,24865.017,training/walltime,23911.766570568085
92274688,24865.017,training/entropy_loss,-0.10458914190530777
92274688,24865.017,training/kl_mean,0.004904371686279774
92274688,24865.017,training/learning_rate,0.0003000000142492354
92274688,24865.017,training/policy_dist_max_loc,2.368499279022217
92274688,24865.017,training/policy_dist_max_std,2.6539435386657715
92274688,24865.017,training/policy_dist_mean_loc,-0.13480286300182343
92274688,24865.017,training/policy_dist_mean_std,0.8240780830383301
92274688,24865.017,training/policy_dist_min_loc,-2.7078967094421387
92274688,24865.017,training/policy_dist_min_std,0.05084163695573807
92274688,24865.017,training/policy_loss,-0.00038922729436308146
92274688,24865.017,training/total_loss,3.064058303833008
92274688,24865.017,training/v_loss,3.169036626815796
92274688,24865.017,eval/episode_reward,645.1591186523438
92274688,24865.017,eval/episode_reward/ctrl,-0.279366672039032
92274688,24865.017,eval/episode_reward/forward,675.7727661132812
92274688,24865.017,eval/episode_reward/joint,-0.10304847359657288
92274688,24865.017,eval/episode_reward/orient,-30.231239318847656
92274688,24865.017,eval/episode_reward/total,645.1591186523438
92274688,24865.017,eval/episode_state/forward_vel,44.32731628417969
92274688,24865.017,eval/episode_state/up_z,954.9014282226562
92274688,24865.017,eval/episode_reward_std,320.107421875
92274688,24865.017,eval/episode_reward/ctrl_std,0.004414360038936138
92274688,24865.017,eval/episode_reward/forward_std,23.099523544311523
92274688,24865.017,eval/episode_reward/joint_std,0.005287975072860718
92274688,24865.017,eval/episode_reward/orient_std,316.69305419921875
92274688,24865.017,eval/episode_reward/total_std,320.107421875
92274688,24865.017,eval/episode_state/forward_vel_std,19.886812210083008
92274688,24865.017,eval/episode_state/up_z_std,161.93431091308594
92274688,24865.017,eval/avg_episode_length,1000.0
92274688,24865.017,eval/std_episode_length,0.0
92274688,24865.017,eval/epoch_eval_time,51.27332830429077
92274688,24865.017,eval/sps,2496.4246370034925
96468992,26173.384,episode/sps,3084.8250150484
96468992,26173.384,episode/length,1000.0
96468992,26173.384,episode/reward/ctrl,-0.28027340650558474
96468992,26173.384,episode/reward/forward,672.1663287353516
96468992,26173.384,episode/reward/joint,-0.10306650981307029
96468992,26173.384,episode/reward/orient,-2.042314826250076
96468992,26173.384,episode/reward/total,669.7406671142578
96468992,26173.384,episode/state/forward_vel,41.164721450060604
96468992,26173.384,episode/state/up_z,969.914878540039
96468992,26173.384,episode/sum_reward,669.7406671142578
96468992,26173.384,episode/entropy_loss,-0.10348569355905056
96468992,26173.384,episode/kl_mean,0.005208962489850819
96468992,26173.384,episode/learning_rate,0.0003000000142492354
96468992,26173.384,episode/policy_dist_max_loc,2.422354302406311
96468992,26173.384,episode/policy_dist_max_std,2.592932050228119
96468992,26173.384,episode/policy_dist_mean_loc,-0.1380768223106861
96468992,26173.384,episode/policy_dist_mean_std,0.8276356959342956
96468992,26173.384,episode/policy_dist_min_loc,-2.6831594920158386
96468992,26173.384,episode/policy_dist_min_std,0.05033670999109745
96468992,26173.384,episode/policy_loss,-0.0006259661926742411
96468992,26173.384,episode/total_loss,4.10067019790411
96468992,26173.384,episode/v_loss,4.204781851768494
96468992,26217.137,eval/walltime,977.3773226737976
96468992,26217.137,training/sps,3205.740171104951
96468992,26217.137,training/walltime,25220.13960647583
96468992,26217.137,training/entropy_loss,-0.10344638675451279
96468992,26217.137,training/kl_mean,0.005320018623024225
96468992,26217.137,training/learning_rate,0.0003000000142492354
96468992,26217.137,training/policy_dist_max_loc,2.4160845279693604
96468992,26217.137,training/policy_dist_max_std,2.5914437770843506
96468992,26217.137,training/policy_dist_mean_loc,-0.13781040906906128
96468992,26217.137,training/policy_dist_mean_std,0.8276299238204956
96468992,26217.137,training/policy_dist_min_loc,-2.6815998554229736
96468992,26217.137,training/policy_dist_min_std,0.05095865577459335
96468992,26217.137,training/policy_loss,-0.0003338454698678106
96468992,26217.137,training/total_loss,4.098514556884766
96468992,26217.137,training/v_loss,4.202295303344727
96468992,26217.137,eval/episode_reward,673.3745727539062
96468992,26217.137,eval/episode_reward/ctrl,-0.28360921144485474
96468992,26217.137,eval/episode_reward/forward,676.0263671875
96468992,26217.137,eval/episode_reward/joint,-0.1055392324924469
96468992,26217.137,eval/episode_reward/orient,-2.262624979019165
96468992,26217.137,eval/episode_reward/total,673.3745727539062
96468992,26217.137,eval/episode_state/forward_vel,44.60186004638672
96468992,26217.137,eval/episode_state/up_z,969.4578857421875
96468992,26217.137,eval/episode_reward_std,23.603073120117188
96468992,26217.137,eval/episode_reward/ctrl_std,0.003748704679310322
96468992,26217.137,eval/episode_reward/forward_std,22.745830535888672
96468992,26217.137,eval/episode_reward/joint_std,0.005183321423828602
96468992,26217.137,eval/episode_reward/orient_std,6.520949840545654
96468992,26217.137,eval/episode_reward/total_std,23.603073120117188
96468992,26217.137,eval/episode_state/forward_vel_std,20.299121856689453
96468992,26217.137,eval/episode_state/up_z_std,7.381049633026123
96468992,26217.137,eval/avg_episode_length,1000.0
96468992,26217.137,eval/std_episode_length,0.0
96468992,26217.137,eval/epoch_eval_time,43.73697757720947
96468992,26217.137,eval/sps,2926.585399597855
100663296,27257.720,episode/sps,3868.0858181879685
100663296,27257.720,episode/length,1000.0
100663296,27257.720,episode/reward/ctrl,-0.2826660507917404
100663296,27257.720,episode/reward/forward,677.6987139892578
100663296,27257.720,episode/reward/joint,-0.10515255935490131
100663296,27257.720,episode/reward/orient,-39.25950763821602
100663296,27257.720,episode/reward/total,638.0514013671875
100663296,27257.720,episode/state/forward_vel,46.22005042552948
100663296,27257.720,episode/state/up_z,950.5095715332031
100663296,27257.720,episode/sum_reward,638.0514013671875
100663296,27257.720,episode/entropy_loss,-0.10177830524742604
100663296,27257.720,episode/kl_mean,0.005373440743423999
100663296,27257.720,episode/learning_rate,0.0003000000142492354
100663296,27257.720,episode/policy_dist_max_loc,2.4338622426986696
100663296,27257.720,episode/policy_dist_max_std,2.5565301752090455
100663296,27257.720,episode/policy_dist_mean_loc,-0.14663013353943824
100663296,27257.720,episode/policy_dist_mean_std,0.8330505430698395
100663296,27257.720,episode/policy_dist_min_loc,-2.687091348171234
100663296,27257.720,episode/policy_dist_min_std,0.046925587933510544
100663296,27257.720,episode/policy_loss,-0.0005020911955216433
100663296,27257.720,episode/total_loss,3.565460251569748
100663296,27257.720,episode/v_loss,3.6677406644821167
100663296,27305.628,eval/walltime,1025.269453048706
100663296,27305.628,training/sps,4030.703944859853
100663296,27305.628,training/walltime,26260.728063821793
100663296,27305.628,training/entropy_loss,-0.10176779329776764
100663296,27305.628,training/kl_mean,0.005611504428088665
100663296,27305.628,training/learning_rate,0.0003000000142492354
100663296,27305.628,training/policy_dist_max_loc,2.4296319484710693
100663296,27305.628,training/policy_dist_max_std,2.5599405765533447
100663296,27305.628,training/policy_dist_mean_loc,-0.14666485786437988
100663296,27305.628,training/policy_dist_mean_std,0.8329454660415649
100663296,27305.628,training/policy_dist_min_loc,-2.6867423057556152
100663296,27305.628,training/policy_dist_min_std,0.04700832441449165
100663296,27305.628,training/policy_loss,-0.0002526809403207153
100663296,27305.628,training/total_loss,3.469123363494873
100663296,27305.628,training/v_loss,3.571143627166748
100663296,27305.628,eval/episode_reward,673.1311645507812
100663296,27305.628,eval/episode_reward/ctrl,-0.28264090418815613
100663296,27305.628,eval/episode_reward/forward,675.93798828125
100663296,27305.628,eval/episode_reward/joint,-0.1053445041179657
100663296,27305.628,eval/episode_reward/orient,-2.4188075065612793
100663296,27305.628,eval/episode_reward/total,673.1311645507812
100663296,27305.628,eval/episode_state/forward_vel,44.499114990234375
100663296,27305.628,eval/episode_state/up_z,968.177490234375
100663296,27305.628,eval/episode_reward_std,22.916948318481445
100663296,27305.628,eval/episode_reward/ctrl_std,0.004039060324430466
100663296,27305.628,eval/episode_reward/forward_std,22.345436096191406
100663296,27305.628,eval/episode_reward/joint_std,0.005275416653603315
100663296,27305.628,eval/episode_reward/orient_std,3.6931562423706055
100663296,27305.628,eval/episode_reward/total_std,22.916948318481445
100663296,27305.628,eval/episode_state/forward_vel_std,19.60019302368164
100663296,27305.628,eval/episode_state/up_z_std,6.712831497192383
100663296,27305.628,eval/avg_episode_length,1000.0
100663296,27305.628,eval/std_episode_length,0.0
100663296,27305.628,eval/epoch_eval_time,47.89213037490845
100663296,27305.628,eval/sps,2672.6729213754397
0,41.945,eval/walltime,23.086232662200928
0,41.945,eval/episode_reward,550.68212890625
0,41.945,eval/episode_reward/ctrl,-0.2770952582359314
0,41.945,eval/episode_reward/forward,619.6278076171875
0,41.945,eval/episode_reward/joint,-0.11584752798080444
0,41.945,eval/episode_reward/orient,-68.5526351928711
0,41.945,eval/episode_reward/total,550.68212890625
0,41.945,eval/episode_state/forward_vel,-5.008275985717773
0,41.945,eval/episode_state/up_z,797.3973388671875
0,41.945,eval/episode_reward_std,62.84657287597656
0,41.945,eval/episode_reward/ctrl_std,0.004560830071568489
0,41.945,eval/episode_reward/forward_std,18.612098693847656
0,41.945,eval/episode_reward/joint_std,0.006168590392917395
0,41.945,eval/episode_reward/orient_std,55.072776794433594
0,41.945,eval/episode_reward/total_std,62.84657287597656
0,41.945,eval/episode_state/forward_vel_std,13.672242164611816
0,41.945,eval/episode_state/up_z_std,126.51095581054688
0,41.945,eval/avg_episode_length,1000.0
0,41.945,eval/std_episode_length,0.0
0,41.945,eval/epoch_eval_time,23.086232662200928
0,41.945,eval/sps,1386.1074896119183
1048576,121.514,episode/sps,9319.3977249987
1048576,121.514,episode/length,1000.0
1048576,121.514,episode/reward/ctrl,-0.276731872856617
1048576,121.514,episode/reward/forward,621.5130096435547
1048576,121.514,episode/reward/joint,-0.11699673838913441
1048576,121.514,episode/reward/orient,-102.7126001405716
1048576,121.514,episode/reward/total,518.4067053222657
1048576,121.514,episode/state/forward_vel,-4.430470985770225
1048576,121.514,episode/state/up_z,776.1584259033203
1048576,121.514,episode/sum_reward,518.4067053222657
1048576,121.514,episode/entropy_loss,-0.11369351916015148
1048576,121.514,episode/kl_mean,4.202841143608094
1048576,121.514,episode/learning_rate,0.0003000000142492354
1048576,121.514,episode/policy_dist_max_loc,2.0175921523571017
1048576,121.514,episode/policy_dist_max_std,2.2758843994140623
1048576,121.514,episode/policy_dist_mean_loc,-0.03843746127560735
1048576,121.514,episode/policy_dist_mean_std,0.7179454165697098
1048576,121.514,episode/policy_dist_min_loc,-2.7740120887756348
1048576,121.514,episode/policy_dist_min_std,0.06578322425484658
1048576,121.514,episode/policy_loss,0.28332729265093803
1048576,121.514,episode/total_loss,8.35498418688774
1048576,121.514,episode/v_loss,8.185350416898727
1048576,147.010,eval/walltime,48.375959396362305
1048576,147.010,training/sps,13193.16636578136
1048576,147.010,training/walltime,79.47872185707092
1048576,147.010,training/entropy_loss,-0.11374500393867493
1048576,147.010,training/kl_mean,4.301658630371094
1048576,147.010,training/learning_rate,0.0003000000142492354
1048576,147.010,training/policy_dist_max_loc,2.0327646732330322
1048576,147.010,training/policy_dist_max_std,2.2836296558380127
1048576,147.010,training/policy_dist_mean_loc,-0.03596114367246628
1048576,147.010,training/policy_dist_mean_std,0.716091513633728
1048576,147.010,training/policy_dist_min_loc,-2.799546241760254
1048576,147.010,training/policy_dist_min_std,0.06408587843179703
1048576,147.010,training/policy_loss,0.2898293733596802
1048576,147.010,training/total_loss,10.396539688110352
1048576,147.010,training/v_loss,10.220455169677734
1048576,147.010,eval/episode_reward,551.572998046875
1048576,147.010,eval/episode_reward/ctrl,-0.24099567532539368
1048576,147.010,eval/episode_reward/forward,624.1942138671875
1048576,147.010,eval/episode_reward/joint,-0.06954377889633179
1048576,147.010,eval/episode_reward/orient,-72.3107681274414
1048576,147.010,eval/episode_reward/total,551.572998046875
1048576,147.010,eval/episode_state/forward_vel,-2.39544677734375
1048576,147.010,eval/episode_state/up_z,911.994140625
1048576,147.010,eval/episode_reward_std,379.3733825683594
1048576,147.010,eval/episode_reward/ctrl_std,0.003323450917378068
1048576,147.010,eval/episode_reward/forward_std,13.78889274597168
1048576,147.010,eval/episode_reward/joint_std,0.006874142214655876
1048576,147.010,eval/episode_reward/orient_std,372.67755126953125
1048576,147.010,eval/episode_reward/total_std,379.3733825683594
1048576,147.010,eval/episode_state/forward_vel_std,10.798429489135742
1048576,147.010,eval/episode_state/up_z_std,207.77467346191406
1048576,147.010,eval/avg_episode_length,1000.0
1048576,147.010,eval/std_episode_length,0.0
1048576,147.010,eval/epoch_eval_time,25.289726734161377
1048576,147.010,eval/sps,1265.335934087986
2097152,224.355,episode/sps,10196.135784404538
2097152,224.355,episode/length,1000.0
2097152,224.355,episode/reward/ctrl,-0.24106592655181885
2097152,224.355,episode/reward/forward,625.1023760986328
2097152,224.355,episode/reward/joint,-0.06936981663107872
2097152,224.355,episode/reward/orient,-50.37225959479809
2097152,224.355,episode/reward/total,574.4196786499024
2097152,224.355,episode/state/forward_vel,-1.526914468407631
2097152,224.355,episode/state/up_z,926.6422473144531
2097152,224.355,episode/sum_reward,574.4196786499024
2097152,224.355,episode/entropy_loss,-0.11258174359798431
2097152,224.355,episode/kl_mean,0.02245915725827217
2097152,224.355,episode/learning_rate,0.0003000000142492354
2097152,224.355,episode/policy_dist_max_loc,1.652989137172699
2097152,224.355,episode/policy_dist_max_std,2.0371664345264433
2097152,224.355,episode/policy_dist_mean_loc,-0.06686846528202295
2097152,224.355,episode/policy_dist_mean_std,0.7421390378475189
2097152,224.355,episode/policy_dist_min_loc,-2.303801666498184
2097152,224.355,episode/policy_dist_min_std,0.1050201515480876
2097152,224.355,episode/policy_loss,0.004637974420038517
2097152,224.355,episode/total_loss,4.563103952407837
2097152,224.355,episode/v_loss,4.671047738194465
2097152,234.439,eval/walltime,58.44545078277588
2097152,234.439,training/sps,13556.262148447004
2097152,234.439,training/walltime,156.82865715026855
2097152,234.439,training/entropy_loss,-0.11271871626377106
2097152,234.439,training/kl_mean,0.03253760188817978
2097152,234.439,training/learning_rate,0.0003000000142492354
2097152,234.439,training/policy_dist_max_loc,1.6598944664001465
2097152,234.439,training/policy_dist_max_std,2.0231423377990723
2097152,234.439,training/policy_dist_mean_loc,-0.06481613963842392
2097152,234.439,training/policy_dist_mean_std,0.740402102470398
2097152,234.439,training/policy_dist_min_loc,-2.3321938514709473
2097152,234.439,training/policy_dist_min_std,0.10274892300367355
2097152,234.439,training/policy_loss,0.008123258128762245
2097152,234.439,training/total_loss,4.6086039543151855
2097152,234.439,training/v_loss,4.713199138641357
2097152,234.439,eval/episode_reward,623.43505859375
2097152,234.439,eval/episode_reward/ctrl,-0.24261903762817383
2097152,234.439,eval/episode_reward/forward,628.7962036132812
2097152,234.439,eval/episode_reward/joint,-0.07505679875612259
2097152,234.439,eval/episode_reward/orient,-5.043428897857666
2097152,234.439,eval/episode_reward/total,623.43505859375
2097152,234.439,eval/episode_state/forward_vel,1.2464218139648438
2097152,234.439,eval/episode_state/up_z,955.048095703125
2097152,234.439,eval/episode_reward_std,16.904109954833984
2097152,234.439,eval/episode_reward/ctrl_std,0.0033886744640767574
2097152,234.439,eval/episode_reward/forward_std,14.181976318359375
2097152,234.439,eval/episode_reward/joint_std,0.006138046272099018
2097152,234.439,eval/episode_reward/orient_std,4.9921746253967285
2097152,234.439,eval/episode_reward/total_std,16.904109954833984
2097152,234.439,eval/episode_state/forward_vel_std,10.613080024719238
2097152,234.439,eval/episode_state/up_z_std,18.127565383911133
2097152,234.439,eval/avg_episode_length,1000.0
2097152,234.439,eval/std_episode_length,0.0
2097152,234.439,eval/epoch_eval_time,10.069491386413574
2097152,234.439,eval/sps,3177.9162195993854
3145728,308.573,episode/sps,12450.62302460246
3145728,308.573,episode/length,1000.0
3145728,308.573,episode/reward/ctrl,-0.24223459124565125
3145728,308.573,episode/reward/forward,627.2942126464844
3145728,308.573,episode/reward/joint,-0.07319476019591092
3145728,308.573,episode/reward/orient,-25.03024367570877
3145728,308.573,episode/reward/total,601.9484954833985
3145728,308.573,episode/state/forward_vel,0.685878034979105
3145728,308.573,episode/state/up_z,942.9588517761231
3145728,308.573,episode/sum_reward,601.9484954833985
3145728,308.573,episode/entropy_loss,-0.11207869283854961
3145728,308.573,episode/kl_mean,0.005081658356357366
3145728,308.573,episode/learning_rate,0.0003000000142492354
3145728,308.573,episode/policy_dist_max_loc,1.6394439482688903
3145728,308.573,episode/policy_dist_max_std,2.087203406095505
3145728,308.573,episode/policy_dist_mean_loc,-0.07746709428727627
3145728,308.573,episode/policy_dist_mean_std,0.7456132751703263
3145728,308.573,episode/policy_dist_min_loc,-2.2669726419448852
3145728,308.573,episode/policy_dist_min_std,0.09965508110821247
3145728,308.573,episode/policy_loss,-0.0022101855659275318
3145728,308.573,episode/total_loss,4.18056890964508
3145728,308.573,episode/v_loss,4.2948578029870985
3145728,320.311,eval/walltime,70.1676709651947
3145728,320.311,training/sps,14143.153657938152
3145728,320.311,training/walltime,230.9688401222229
3145728,320.311,training/entropy_loss,-0.11211135983467102
3145728,320.311,training/kl_mean,0.004994002170860767
3145728,320.311,training/learning_rate,0.0003000000142492354
3145728,320.311,training/policy_dist_max_loc,1.638852596282959
3145728,320.311,training/policy_dist_max_std,2.0847887992858887
3145728,320.311,training/policy_dist_mean_loc,-0.0765032172203064
3145728,320.311,training/policy_dist_mean_std,0.7452532052993774
3145728,320.311,training/policy_dist_min_loc,-2.282735824584961
3145728,320.311,training/policy_dist_min_std,0.0991811752319336
3145728,320.311,training/policy_loss,-0.0018011631909757853
3145728,320.311,training/total_loss,4.172390937805176
3145728,320.311,training/v_loss,4.286303520202637
3145728,320.311,eval/episode_reward,629.4910888671875
3145728,320.311,eval/episode_reward/ctrl,-0.24392414093017578
3145728,320.311,eval/episode_reward/forward,632.6676025390625
3145728,320.311,eval/episode_reward/joint,-0.07707679271697998
3145728,320.311,eval/episode_reward/orient,-2.855736017227173
3145728,320.311,eval/episode_reward/total,629.4910888671875
3145728,320.311,eval/episode_state/forward_vel,4.733453750610352
3145728,320.311,eval/episode_state/up_z,964.1549072265625
3145728,320.311,eval/episode_reward_std,15.580044746398926
3145728,320.311,eval/episode_reward/ctrl_std,0.0028572240844368935
3145728,320.311,eval/episode_reward/forward_std,15.129520416259766
3145728,320.311,eval/episode_reward/joint_std,0.0060892910696566105
3145728,320.311,eval/episode_reward/orient_std,3.1281630992889404
3145728,320.311,eval/episode_reward/total_std,15.580044746398926
3145728,320.311,eval/episode_state/forward_vel_std,11.86373233795166
3145728,320.311,eval/episode_state/up_z_std,15.737029075622559
3145728,320.311,eval/avg_episode_length,1000.0
3145728,320.311,eval/std_episode_length,0.0
3145728,320.311,eval/epoch_eval_time,11.722220182418823
3145728,320.311,eval/sps,2729.8582949323986
4194304,392.869,episode/sps,12439.305389128833
4194304,392.869,episode/length,1000.0
4194304,392.869,episode/reward/ctrl,-0.24330913737416268
4194304,392.869,episode/reward/forward,626.429970703125
4194304,392.869,episode/reward/joint,-0.07623320043087006
4194304,392.869,episode/reward/orient,-15.15301369935274
4194304,392.869,episode/reward/total,610.9574249267578
4194304,392.869,episode/state/forward_vel,0.021246068924665452
4194304,392.869,episode/state/up_z,954.1313217163085
4194304,392.869,episode/sum_reward,610.9574249267578
4194304,392.869,episode/entropy_loss,-0.11186972580850124
4194304,392.869,episode/kl_mean,0.0037677945289760826
4194304,392.869,episode/learning_rate,0.0003000000142492354
4194304,392.869,episode/policy_dist_max_loc,1.6784866344928742
4194304,392.869,episode/policy_dist_max_std,2.146101386547089
4194304,392.869,episode/policy_dist_mean_loc,-0.08326795354485511
4194304,392.869,episode/policy_dist_mean_std,0.7502075415849686
4194304,392.869,episode/policy_dist_min_loc,-2.3981085538864138
4194304,392.869,episode/policy_dist_min_std,0.0984233095496893
4194304,392.869,episode/policy_loss,-0.0010805399983655662
4194304,392.869,episode/total_loss,2.9130868300795556
4194304,392.869,episode/v_loss,3.026037098169327
4194304,404.412,eval/walltime,81.69567608833313
4194304,404.412,training/sps,14450.453618546217
4194304,404.412,training/walltime,303.53237533569336
4194304,404.412,training/entropy_loss,-0.11185302585363388
4194304,404.412,training/kl_mean,0.003585223574191332
4194304,404.412,training/learning_rate,0.0003000000142492354
4194304,404.412,training/policy_dist_max_loc,1.677605152130127
4194304,404.412,training/policy_dist_max_std,2.148379325866699
4194304,404.412,training/policy_dist_mean_loc,-0.08314710855484009
4194304,404.412,training/policy_dist_mean_std,0.7498529553413391
4194304,404.412,training/policy_dist_min_loc,-2.4083385467529297
4194304,404.412,training/policy_dist_min_std,0.09792739897966385
4194304,404.412,training/policy_loss,-0.0009534202981740236
4194304,404.412,training/total_loss,2.988049030303955
4194304,404.412,training/v_loss,3.100855827331543
4194304,404.412,eval/episode_reward,604.2979736328125
4194304,404.412,eval/episode_reward/ctrl,-0.24744842946529388
4194304,404.412,eval/episode_reward/forward,635.286865234375
4194304,404.412,eval/episode_reward/joint,-0.0780106857419014
4194304,404.412,eval/episode_reward/orient,-30.66351890563965
4194304,404.412,eval/episode_reward/total,604.2979736328125
4194304,404.412,eval/episode_state/forward_vel,7.010309219360352
4194304,404.412,eval/episode_state/up_z,942.1542358398438
4194304,404.412,eval/episode_reward_std,101.28264617919922
4194304,404.412,eval/episode_reward/ctrl_std,0.0031301851850003004
4194304,404.412,eval/episode_reward/forward_std,14.628506660461426
4194304,404.412,eval/episode_reward/joint_std,0.0052518476732075214
4194304,404.412,eval/episode_reward/orient_std,97.72918701171875
4194304,404.412,eval/episode_reward/total_std,101.28264617919922
4194304,404.412,eval/episode_state/forward_vel_std,12.211508750915527
4194304,404.412,eval/episode_state/up_z_std,63.96989059448242
4194304,404.412,eval/avg_episode_length,1000.0
4194304,404.412,eval/std_episode_length,0.0
4194304,404.412,eval/epoch_eval_time,11.528005123138428
4194304,404.412,eval/sps,2775.8488704842107
5242880,479.939,episode/sps,12042.951442946873
5242880,479.939,episode/length,1000.0
5242880,479.939,episode/reward/ctrl,-0.24699942782521248
5242880,479.939,episode/reward/forward,627.8964172363281
5242880,479.939,episode/reward/joint,-0.07804024063050746
5242880,479.939,episode/reward/orient,-69.94905488014221
5242880,479.939,episode/reward/total,557.6223376464844
5242880,479.939,episode/state/forward_vel,1.5426390427350998
5242880,479.939,episode/state/up_z,924.8946551513671
5242880,479.939,episode/sum_reward,557.6223376464844
5242880,479.939,episode/entropy_loss,-0.11163474656641484
5242880,479.939,episode/kl_mean,0.004850198663771153
5242880,479.939,episode/learning_rate,0.0003000000142492354
5242880,479.939,episode/policy_dist_max_loc,1.6401258540153503
5242880,479.939,episode/policy_dist_max_std,2.2261434960365296
5242880,479.939,episode/policy_dist_mean_loc,-0.08873705446720123
5242880,479.939,episode/policy_dist_mean_std,0.756403580904007
5242880,479.939,episode/policy_dist_min_loc,-2.327304912805557
5242880,479.939,episode/policy_dist_min_std,0.09926602493971587
5242880,479.939,episode/policy_loss,-0.001897655923385173
5242880,479.939,episode/total_loss,4.248800309598446
5242880,479.939,episode/v_loss,4.362332717180252
5242880,488.882,eval/walltime,90.6231939792633
5242880,488.882,training/sps,13882.483310432845
5242880,488.882,training/walltime,379.06468296051025
5242880,488.882,training/entropy_loss,-0.11162377893924713
5242880,488.882,training/kl_mean,0.004430033266544342
5242880,488.882,training/learning_rate,0.0003000000142492354
5242880,488.882,training/policy_dist_max_loc,1.635920763015747
5242880,488.882,training/policy_dist_max_std,2.2259063720703125
5242880,488.882,training/policy_dist_mean_loc,-0.08790981769561768
5242880,488.882,training/policy_dist_mean_std,0.7560802698135376
5242880,488.882,training/policy_dist_min_loc,-2.3242411613464355
5242880,488.882,training/policy_dist_min_std,0.09879188239574432
5242880,488.882,training/policy_loss,-0.001506216125562787
5242880,488.882,training/total_loss,4.298012733459473
5242880,488.882,training/v_loss,4.411142826080322
5242880,488.882,eval/episode_reward,604.4344482421875
5242880,488.882,eval/episode_reward/ctrl,-0.2517857551574707
5242880,488.882,eval/episode_reward/forward,632.9453735351562
5242880,488.882,eval/episode_reward/joint,-0.08267749845981598
5242880,488.882,eval/episode_reward/orient,-28.17637062072754
5242880,488.882,eval/episode_reward/total,604.4344482421875
5242880,488.882,eval/episode_state/forward_vel,5.3383684158325195
5242880,488.882,eval/episode_state/up_z,936.3270263671875
5242880,488.882,eval/episode_reward_std,119.2584228515625
5242880,488.882,eval/episode_reward/ctrl_std,0.00389305641874671
5242880,488.882,eval/episode_reward/forward_std,15.637532234191895
5242880,488.882,eval/episode_reward/joint_std,0.0051565770991146564
5242880,488.882,eval/episode_reward/orient_std,119.24931335449219
5242880,488.882,eval/episode_reward/total_std,119.2584228515625
5242880,488.882,eval/episode_state/forward_vel_std,13.105584144592285
5242880,488.882,eval/episode_state/up_z_std,63.21467971801758
5242880,488.882,eval/avg_episode_length,1000.0
5242880,488.882,eval/std_episode_length,0.0
5242880,488.882,eval/epoch_eval_time,8.927517890930176
5242880,488.882,eval/sps,3584.422948343804
6291456,566.854,episode/sps,12064.277788447791
6291456,566.854,episode/length,1000.0
6291456,566.854,episode/reward/ctrl,-0.25181740403175357
6291456,566.854,episode/reward/forward,631.9205767822266
6291456,566.854,episode/reward/joint,-0.08268782913684845
6291456,566.854,episode/reward/orient,-5.465864034295082
6291456,566.854,episode/reward/total,626.1202172851563
6291456,566.854,episode/state/forward_vel,5.064314550757408
6291456,566.854,episode/state/up_z,949.6638653564453
6291456,566.854,episode/sum_reward,626.1202172851563
6291456,566.854,episode/entropy_loss,-0.11074326008558273
6291456,566.854,episode/kl_mean,0.005360672569368035
6291456,566.854,episode/learning_rate,0.0003000000142492354
6291456,566.854,episode/policy_dist_max_loc,1.6312446415424346
6291456,566.854,episode/policy_dist_max_std,2.3422798907756803
6291456,566.854,episode/policy_dist_mean_loc,-0.09909171856939793
6291456,566.854,episode/policy_dist_mean_std,0.7653701269626617
6291456,566.854,episode/policy_dist_min_loc,-2.4344580245018004
6291456,566.854,episode/policy_dist_min_std,0.10358902368694543
6291456,566.854,episode/policy_loss,-0.0013778452327824198
6291456,566.854,episode/total_loss,2.4508572663366794
6291456,566.854,episode/v_loss,2.5629783824086187
6291456,574.085,eval/walltime,97.84006237983704
6291456,574.085,training/sps,13447.099209789785
6291456,574.085,training/walltime,457.04254150390625
6291456,574.085,training/entropy_loss,-0.11072774231433868
6291456,574.085,training/kl_mean,0.0057252137921750546
6291456,574.085,training/learning_rate,0.0003000000142492354
6291456,574.085,training/policy_dist_max_loc,1.6261003017425537
6291456,574.085,training/policy_dist_max_std,2.3486552238464355
6291456,574.085,training/policy_dist_mean_loc,-0.09880432486534119
6291456,574.085,training/policy_dist_mean_std,0.7652698755264282
6291456,574.085,training/policy_dist_min_loc,-2.4237265586853027
6291456,574.085,training/policy_dist_min_std,0.10232577472925186
6291456,574.085,training/policy_loss,-0.00077690405305475
6291456,574.085,training/total_loss,2.4733376502990723
6291456,574.085,training/v_loss,2.5848426818847656
6291456,574.085,eval/episode_reward,517.8150024414062
6291456,574.085,eval/episode_reward/ctrl,-0.2513079345226288
6291456,574.085,eval/episode_reward/forward,629.6036987304688
6291456,574.085,eval/episode_reward/joint,-0.0821571946144104
6291456,574.085,eval/episode_reward/orient,-111.45539093017578
6291456,574.085,eval/episode_reward/total,517.8150024414062
6291456,574.085,eval/episode_state/forward_vel,3.072434186935425
6291456,574.085,eval/episode_state/up_z,902.7081909179688
6291456,574.085,eval/episode_reward_std,597.1764526367188
6291456,574.085,eval/episode_reward/ctrl_std,0.0038758062291890383
6291456,574.085,eval/episode_reward/forward_std,17.31060218811035
6291456,574.085,eval/episode_reward/joint_std,0.006315914914011955
6291456,574.085,eval/episode_reward/orient_std,596.1187133789062
6291456,574.085,eval/episode_reward/total_std,597.1764526367188
6291456,574.085,eval/episode_state/forward_vel_std,13.562577247619629
6291456,574.085,eval/episode_state/up_z_std,309.99920654296875
6291456,574.085,eval/avg_episode_length,1000.0
6291456,574.085,eval/std_episode_length,0.0
6291456,574.085,eval/epoch_eval_time,7.2168684005737305
6291456,574.085,eval/sps,4434.0561894486045
7340032,651.274,episode/sps,12420.924861161
7340032,651.274,episode/length,1000.0
7340032,651.274,episode/reward/ctrl,-0.2510395909845829
7340032,651.274,episode/reward/forward,632.5758990478515
7340032,651.274,episode/reward/joint,-0.0817495721578598
7340032,651.274,episode/reward/orient,-3.820915445834398
7340032,651.274,episode/reward/total,628.4222137451172
7340032,651.274,episode/state/forward_vel,5.517275828570128
7340032,651.274,episode/state/up_z,962.3798266601563
7340032,651.274,episode/sum_reward,628.4222137451172
7340032,651.274,episode/entropy_loss,-0.11055480010807514
7340032,651.274,episode/kl_mean,0.005241775647737086
7340032,651.274,episode/learning_rate,0.0003000000142492354
7340032,651.274,episode/policy_dist_max_loc,1.6275812196731567
7340032,651.274,episode/policy_dist_max_std,2.2892716121673584
7340032,651.274,episode/policy_dist_mean_loc,-0.09947457417845726
7340032,651.274,episode/policy_dist_mean_std,0.7671908462047576
7340032,651.274,episode/policy_dist_min_loc,-2.363136614561081
7340032,651.274,episode/policy_dist_min_std,0.09790337182581425
7340032,651.274,episode/policy_loss,-0.0021009098463400733
7340032,651.274,episode/total_loss,1.0099122054874896
7340032,651.274,episode/v_loss,1.122567918598652
7340032,662.053,eval/walltime,108.60347867012024
7340032,662.053,training/sps,13583.508830753253
7340032,662.053,training/walltime,534.2373232841492
7340032,662.053,training/entropy_loss,-0.11058460175991058
7340032,662.053,training/kl_mean,0.004774349741637707
7340032,662.053,training/learning_rate,0.0003000000142492354
7340032,662.053,training/policy_dist_max_loc,1.6263222694396973
7340032,662.053,training/policy_dist_max_std,2.2892446517944336
7340032,662.053,training/policy_dist_mean_loc,-0.09968633204698563
7340032,662.053,training/policy_dist_mean_std,0.7670282125473022
7340032,662.053,training/policy_dist_min_loc,-2.3578946590423584
7340032,662.053,training/policy_dist_min_std,0.09715914726257324
7340032,662.053,training/policy_loss,-0.0016673945356160402
7340032,662.053,training/total_loss,1.0456912517547607
7340032,662.053,training/v_loss,1.1579432487487793
7340032,662.053,eval/episode_reward,630.3392333984375
7340032,662.053,eval/episode_reward/ctrl,-0.2521986663341522
7340032,662.053,eval/episode_reward/forward,634.0537109375
7340032,662.053,eval/episode_reward/joint,-0.08274061232805252
7340032,662.053,eval/episode_reward/orient,-3.379582405090332
7340032,662.053,eval/episode_reward/total,630.3392333984375
7340032,662.053,eval/episode_state/forward_vel,6.5741400718688965
7340032,662.053,eval/episode_state/up_z,968.767578125
7340032,662.053,eval/episode_reward_std,15.391910552978516
7340032,662.053,eval/episode_reward/ctrl_std,0.00342997326515615
7340032,662.053,eval/episode_reward/forward_std,13.037986755371094
7340032,662.053,eval/episode_reward/joint_std,0.005127836484462023
7340032,662.053,eval/episode_reward/orient_std,7.119133472442627
7340032,662.053,eval/episode_reward/total_std,15.391910552978516
7340032,662.053,eval/episode_state/forward_vel_std,11.609354972839355
7340032,662.053,eval/episode_state/up_z_std,12.904895782470703
7340032,662.053,eval/avg_episode_length,1000.0
7340032,662.053,eval/std_episode_length,0.0
7340032,662.053,eval/epoch_eval_time,10.763416290283203
7340032,662.053,eval/sps,2973.0337596333948
8388608,735.708,episode/sps,12418.900287069851
8388608,735.708,episode/length,1000.0
8388608,735.708,episode/reward/ctrl,-0.25324720874428747
8388608,735.708,episode/reward/forward,635.5905291748047
8388608,735.708,episode/reward/joint,-0.08487291693687439
8388608,735.708,episode/reward/orient,-3.0578519034385683
8388608,735.708,episode/reward/total,632.1944818115235
8388608,735.708,episode/state/forward_vel,9.099057600796222
8388608,735.708,episode/state/up_z,966.8124505615234
8388608,735.708,episode/sum_reward,632.1944818115235
8388608,735.708,episode/entropy_loss,-0.11062570869922637
8388608,735.708,episode/kl_mean,0.004189514599274844
8388608,735.708,episode/learning_rate,0.0003000000142492354
8388608,735.708,episode/policy_dist_max_loc,1.5655757284164429
8388608,735.708,episode/policy_dist_max_std,2.3173334217071533
8388608,735.708,episode/policy_dist_mean_loc,-0.10031250715255738
8388608,735.708,episode/policy_dist_mean_std,0.7692888528108597
8388608,735.708,episode/policy_dist_min_loc,-2.315803824663162
8388608,735.708,episode/policy_dist_min_std,0.10299977175891399
8388608,735.708,episode/policy_loss,-0.0010384222881111781
8388608,735.708,episode/total_loss,6.834978505671025
8388608,735.708,episode/v_loss,6.946642681956291
8388608,747.460,eval/walltime,120.34025382995605
8388608,747.460,training/sps,14235.063858941034
8388608,747.460,training/walltime,607.8988122940063
8388608,747.460,training/entropy_loss,-0.11063943803310394
8388608,747.460,training/kl_mean,0.004036987200379372
8388608,747.460,training/learning_rate,0.0003000000142492354
8388608,747.460,training/policy_dist_max_loc,1.5557582378387451
8388608,747.460,training/policy_dist_max_std,2.309403657913208
8388608,747.460,training/policy_dist_mean_loc,-0.10010987520217896
8388608,747.460,training/policy_dist_mean_std,0.7686979174613953
8388608,747.460,training/policy_dist_min_loc,-2.3141582012176514
8388608,747.460,training/policy_dist_min_std,0.10421602427959442
8388608,747.460,training/policy_loss,-0.00078391726128757
8388608,747.460,training/total_loss,6.964567184448242
8388608,747.460,training/v_loss,7.075990200042725
8388608,747.460,eval/episode_reward,635.8507080078125
8388608,747.460,eval/episode_reward/ctrl,-0.25048306584358215
8388608,747.460,eval/episode_reward/forward,637.89453125
8388608,747.460,eval/episode_reward/joint,-0.08283334970474243
8388608,747.460,eval/episode_reward/orient,-1.710376262664795
8388608,747.460,eval/episode_reward/total,635.8507080078125
8388608,747.460,eval/episode_state/forward_vel,9.72347640991211
8388608,747.460,eval/episode_state/up_z,975.1417236328125
8388608,747.460,eval/episode_reward_std,14.104750633239746
8388608,747.460,eval/episode_reward/ctrl_std,0.004624648950994015
8388608,747.460,eval/episode_reward/forward_std,14.398124694824219
8388608,747.460,eval/episode_reward/joint_std,0.0063072810880839825
8388608,747.460,eval/episode_reward/orient_std,1.4971110820770264
8388608,747.460,eval/episode_reward/total_std,14.104750633239746
8388608,747.460,eval/episode_state/forward_vel_std,12.53140640258789
8388608,747.460,eval/episode_state/up_z_std,9.996332168579102
8388608,747.460,eval/avg_episode_length,1000.0
8388608,747.460,eval/std_episode_length,0.0
8388608,747.460,eval/epoch_eval_time,11.736775159835815
8388608,747.460,eval/sps,2726.472950551746
9437184,823.664,episode/sps,11921.61870309896
9437184,823.664,episode/length,1000.0
9437184,823.664,episode/reward/ctrl,-0.25044240564107895
9437184,823.664,episode/reward/forward,633.8843328857422
9437184,823.664,episode/reward/joint,-0.08188098542392254
9437184,823.664,episode/reward/orient,-1.7863927835226059
9437184,823.664,episode/reward/total,631.7656573486328
9437184,823.664,episode/state/forward_vel,6.950568668693304
9437184,823.664,episode/state/up_z,974.7161291503907
9437184,823.664,episode/sum_reward,631.7656573486328
9437184,823.664,episode/entropy_loss,-0.111255569383502
9437184,823.664,episode/kl_mean,0.004451495250687003
9437184,823.664,episode/learning_rate,0.0003000000142492354
9437184,823.664,episode/policy_dist_max_loc,1.5990339875221253
9437184,823.664,episode/policy_dist_max_std,2.316166043281555
9437184,823.664,episode/policy_dist_mean_loc,-0.10202559515833855
9437184,823.664,episode/policy_dist_mean_std,0.7664324605464935
9437184,823.664,episode/policy_dist_min_loc,-2.447000175714493
9437184,823.664,episode/policy_dist_min_std,0.0930702424235642
9437184,823.664,episode/policy_loss,-0.0010385925450827926
9437184,823.664,episode/total_loss,3.115816850066185
9437184,823.664,episode/v_loss,3.228111009001732
9437184,831.501,eval/walltime,128.1632378101349
9437184,831.501,training/sps,13759.116326639107
9437184,831.501,training/walltime,684.108357667923
9437184,831.501,training/entropy_loss,-0.11125746369361877
9437184,831.501,training/kl_mean,0.004098559729754925
9437184,831.501,training/learning_rate,0.0003000000142492354
9437184,831.501,training/policy_dist_max_loc,1.5904386043548584
9437184,831.501,training/policy_dist_max_std,2.308789014816284
9437184,831.501,training/policy_dist_mean_loc,-0.10204630345106125
9437184,831.501,training/policy_dist_mean_std,0.7660833597183228
9437184,831.501,training/policy_dist_min_loc,-2.4364852905273438
9437184,831.501,training/policy_dist_min_std,0.09319634735584259
9437184,831.501,training/policy_loss,-0.0008471087785437703
9437184,831.501,training/total_loss,3.0132179260253906
9437184,831.501,training/v_loss,3.1253225803375244
9437184,831.501,eval/episode_reward,638.6346435546875
9437184,831.501,eval/episode_reward/ctrl,-0.24922893941402435
9437184,831.501,eval/episode_reward/forward,640.3770751953125
9437184,831.501,eval/episode_reward/joint,-0.0831524133682251
9437184,831.501,eval/episode_reward/orient,-1.4099998474121094
9437184,831.501,eval/episode_reward/total,638.6346435546875
9437184,831.501,eval/episode_state/forward_vel,11.863653182983398
9437184,831.501,eval/episode_state/up_z,975.7034912109375
9437184,831.501,eval/episode_reward_std,10.758650779724121
9437184,831.501,eval/episode_reward/ctrl_std,0.004652570467442274
9437184,831.501,eval/episode_reward/forward_std,10.941644668579102
9437184,831.501,eval/episode_reward/joint_std,0.005713540595024824
9437184,831.501,eval/episode_reward/orient_std,1.0337347984313965
9437184,831.501,eval/episode_reward/total_std,10.758650779724121
9437184,831.501,eval/episode_state/forward_vel_std,9.223844528198242
9437184,831.501,eval/episode_state/up_z_std,9.079327583312988
9437184,831.501,eval/avg_episode_length,1000.0
9437184,831.501,eval/std_episode_length,0.0
9437184,831.501,eval/epoch_eval_time,7.822983980178833
9437184,831.501,eval/sps,4090.5107413077535
10485760,909.094,episode/sps,12274.067753915762
10485760,909.094,episode/length,1000.0
10485760,909.094,episode/reward/ctrl,-0.2499234476685524
10485760,909.094,episode/reward/forward,636.0840789794922
10485760,909.094,episode/reward/joint,-0.08362364083528519
10485760,909.094,episode/reward/orient,-2.115591293498874
10485760,909.094,episode/reward/total,633.6349456787109
10485760,909.094,episode/state/forward_vel,8.810759203024208
10485760,909.094,episode/state/up_z,974.3830340576172
10485760,909.094,episode/sum_reward,633.6349456787109
10485760,909.094,episode/entropy_loss,-0.111324692517519
10485760,909.094,episode/kl_mean,0.004706149958074093
10485760,909.094,episode/learning_rate,0.0003000000142492354
10485760,909.094,episode/policy_dist_max_loc,1.5964054250717163
10485760,909.094,episode/policy_dist_max_std,2.253508722782135
10485760,909.094,episode/policy_dist_mean_loc,-0.10419978968799114
10485760,909.094,episode/policy_dist_mean_std,0.764821275472641
10485760,909.094,episode/policy_dist_min_loc,-2.2819748771190644
10485760,909.094,episode/policy_dist_min_std,0.09323242705315352
10485760,909.094,episode/policy_loss,-0.0019119968530139887
10485760,909.094,episode/total_loss,3.4664811277389527
10485760,909.094,episode/v_loss,3.579717818200588
10485760,918.201,eval/walltime,137.2554144859314
10485760,918.201,training/sps,13512.72654671122
10485760,918.201,training/walltime,761.7075006961823
10485760,918.201,training/entropy_loss,-0.1113729476928711
10485760,918.201,training/kl_mean,0.004423291888087988
10485760,918.201,training/learning_rate,0.0003000000142492354
10485760,918.201,training/policy_dist_max_loc,1.5981366634368896
10485760,918.201,training/policy_dist_max_std,2.2487573623657227
10485760,918.201,training/policy_dist_mean_loc,-0.10360005497932434
10485760,918.201,training/policy_dist_mean_std,0.7644141912460327
10485760,918.201,training/policy_dist_min_loc,-2.2878596782684326
10485760,918.201,training/policy_dist_min_std,0.09332428872585297
10485760,918.201,training/policy_loss,-0.001478525809943676
10485760,918.201,training/total_loss,3.557648181915283
10485760,918.201,training/v_loss,3.670499801635742
10485760,918.201,eval/episode_reward,590.3155517578125
10485760,918.201,eval/episode_reward/ctrl,-0.24902771413326263
10485760,918.201,eval/episode_reward/forward,639.943359375
10485760,918.201,eval/episode_reward/joint,-0.08412366360425949
10485760,918.201,eval/episode_reward/orient,-49.294517517089844
10485760,918.201,eval/episode_reward/total,590.3155517578125
10485760,918.201,eval/episode_state/forward_vel,13.426013946533203
10485760,918.201,eval/episode_state/up_z,945.2203369140625
10485760,918.201,eval/episode_reward_std,268.5374450683594
10485760,918.201,eval/episode_reward/ctrl_std,0.003512223716825247
10485760,918.201,eval/episode_reward/forward_std,20.912593841552734
10485760,918.201,eval/episode_reward/joint_std,0.00505990581586957
10485760,918.201,eval/episode_reward/orient_std,255.55616760253906
10485760,918.201,eval/episode_reward/total_std,268.5374450683594
10485760,918.201,eval/episode_state/forward_vel_std,16.5479679107666
10485760,918.201,eval/episode_state/up_z_std,138.60923767089844
10485760,918.201,eval/avg_episode_length,1000.0
10485760,918.201,eval/std_episode_length,0.0
10485760,918.201,eval/epoch_eval_time,9.092176675796509
10485760,918.201,eval/sps,3519.5092595576602
11534336,992.454,episode/sps,12578.98142668223
11534336,992.454,episode/length,1000.0
11534336,992.454,episode/reward/ctrl,-0.25029213160276415
11534336,992.454,episode/reward/forward,641.5595104980468
11534336,992.454,episode/reward/joint,-0.0854619462043047
11534336,992.454,episode/reward/orient,-1.782292881011963
11534336,992.454,episode/reward/total,639.4415020751953
11534336,992.454,episode/state/forward_vel,14.05840591803193
11534336,992.454,episode/state/up_z,973.9022076416015
11534336,992.454,episode/sum_reward,639.4415020751953
11534336,992.454,episode/entropy_loss,-0.11101198799908162
11534336,992.454,episode/kl_mean,0.006086017303168774
11534336,992.454,episode/learning_rate,0.0003000000142492354
11534336,992.454,episode/policy_dist_max_loc,1.675482701063156
11534336,992.454,episode/policy_dist_max_std,2.338837743997574
11534336,992.454,episode/policy_dist_mean_loc,-0.10160307697951794
11534336,992.454,episode/policy_dist_mean_std,0.7648844611644745
11534336,992.454,episode/policy_dist_min_loc,-2.512244900465012
11534336,992.454,episode/policy_dist_min_std,0.09513448882848025
11534336,992.454,episode/policy_loss,-0.0014773720400989988
11534336,992.454,episode/total_loss,2.8536232614517214
11534336,992.454,episode/v_loss,2.966112623512745
11534336,1004.162,eval/walltime,148.94973945617676
11534336,1004.162,training/sps,14120.681598105333
11534336,1004.162,training/walltime,835.965672492981
11534336,1004.162,training/entropy_loss,-0.1110236868262291
11534336,1004.162,training/kl_mean,0.00556956697255373
11534336,1004.162,training/learning_rate,0.0003000000142492354
11534336,1004.162,training/policy_dist_max_loc,1.66465425491333
11534336,1004.162,training/policy_dist_max_std,2.331451416015625
11534336,1004.162,training/policy_dist_mean_loc,-0.10185705125331879
11534336,1004.162,training/policy_dist_mean_std,0.7645249366760254
11534336,1004.162,training/policy_dist_min_loc,-2.501293420791626
11534336,1004.162,training/policy_dist_min_std,0.09622202813625336
11534336,1004.162,training/policy_loss,-0.001198332291096449
11534336,1004.162,training/total_loss,2.8566837310791016
11534336,1004.162,training/v_loss,2.968905448913574
11534336,1004.162,eval/episode_reward,641.229736328125
11534336,1004.162,eval/episode_reward/ctrl,-0.24987909197807312
11534336,1004.162,eval/episode_reward/forward,643.701904296875
11534336,1004.162,eval/episode_reward/joint,-0.08834375441074371
11534336,1004.162,eval/episode_reward/orient,-2.13385272026062
11534336,1004.162,eval/episode_reward/total,641.229736328125
11534336,1004.162,eval/episode_state/forward_vel,16.979454040527344
11534336,1004.162,eval/episode_state/up_z,969.948974609375
11534336,1004.162,eval/episode_reward_std,20.88616371154785
11534336,1004.162,eval/episode_reward/ctrl_std,0.003859950229525566
11534336,1004.162,eval/episode_reward/forward_std,19.874618530273438
11534336,1004.162,eval/episode_reward/joint_std,0.004246497061103582
11534336,1004.162,eval/episode_reward/orient_std,2.366281032562256
11534336,1004.162,eval/episode_reward/total_std,20.88616371154785
11534336,1004.162,eval/episode_state/forward_vel_std,16.90159034729004
11534336,1004.162,eval/episode_state/up_z_std,7.505406379699707
11534336,1004.162,eval/avg_episode_length,1000.0
11534336,1004.162,eval/std_episode_length,0.0
11534336,1004.162,eval/epoch_eval_time,11.694324970245361
11534336,1004.162,eval/sps,2736.369998389792
12582912,1079.693,episode/sps,12019.583511296114
12582912,1079.693,episode/length,1000.0
12582912,1079.693,episode/reward/ctrl,-0.25059779688715933
12582912,1079.693,episode/reward/forward,648.0880230712891
12582912,1079.693,episode/reward/joint,-0.08764229074120522
12582912,1079.693,episode/reward/orient,-2.5176524436473846
12582912,1079.693,episode/reward/total,645.2321850585937
12582912,1079.693,episode/state/forward_vel,20.216981947422028
12582912,1079.693,episode/state/up_z,969.7486657714844
12582912,1079.693,episode/sum_reward,645.2321850585937
12582912,1079.693,episode/entropy_loss,-0.11134814493358135
12582912,1079.693,episode/kl_mean,0.005232267596293241
12582912,1079.693,episode/learning_rate,0.0003000000142492354
12582912,1079.693,episode/policy_dist_max_loc,1.6498657250404358
12582912,1079.693,episode/policy_dist_max_std,2.2902231681346894
12582912,1079.693,episode/policy_dist_mean_loc,-0.09663022123277187
12582912,1079.693,episode/policy_dist_mean_std,0.7652818793058396
12582912,1079.693,episode/policy_dist_min_loc,-2.348387048244476
12582912,1079.693,episode/policy_dist_min_std,0.0994183697551489
12582912,1079.693,episode/policy_loss,-0.0020962439212598837
12582912,1079.693,episode/total_loss,1.901005797982216
12582912,1079.693,episode/v_loss,2.0144501754641535
12582912,1087.421,eval/walltime,156.6636085510254
12582912,1087.421,training/sps,13881.834889181866
12582912,1087.421,training/walltime,911.5015082359314
12582912,1087.421,training/entropy_loss,-0.1113622635602951
12582912,1087.421,training/kl_mean,0.0046257018111646175
12582912,1087.421,training/learning_rate,0.0003000000142492354
12582912,1087.421,training/policy_dist_max_loc,1.6501209735870361
12582912,1087.421,training/policy_dist_max_std,2.2951788902282715
12582912,1087.421,training/policy_dist_mean_loc,-0.09732721000909805
12582912,1087.421,training/policy_dist_mean_std,0.7647297382354736
12582912,1087.421,training/policy_dist_min_loc,-2.3676631450653076
12582912,1087.421,training/policy_dist_min_std,0.09876313805580139
12582912,1087.421,training/policy_loss,-0.001727858791127801
12582912,1087.421,training/total_loss,1.8973681926727295
12582912,1087.421,training/v_loss,2.010458469390869
12582912,1087.421,eval/episode_reward,648.8512573242188
12582912,1087.421,eval/episode_reward/ctrl,-0.24996893107891083
12582912,1087.421,eval/episode_reward/forward,651.8653564453125
12582912,1087.421,eval/episode_reward/joint,-0.08682675659656525
12582912,1087.421,eval/episode_reward/orient,-2.6773736476898193
12582912,1087.421,eval/episode_reward/total,648.8512573242188
12582912,1087.421,eval/episode_state/forward_vel,23.4229793548584
12582912,1087.421,eval/episode_state/up_z,967.3624267578125
12582912,1087.421,eval/episode_reward_std,14.19660758972168
12582912,1087.421,eval/episode_reward/ctrl_std,0.003901746356859803
12582912,1087.421,eval/episode_reward/forward_std,14.830646514892578
12582912,1087.421,eval/episode_reward/joint_std,0.00613856315612793
12582912,1087.421,eval/episode_reward/orient_std,4.184453964233398
12582912,1087.421,eval/episode_reward/total_std,14.19660758972168
12582912,1087.421,eval/episode_state/forward_vel_std,12.58463191986084
12582912,1087.421,eval/episode_state/up_z_std,7.499842166900635
12582912,1087.421,eval/avg_episode_length,1000.0
12582912,1087.421,eval/std_episode_length,0.0
12582912,1087.421,eval/epoch_eval_time,7.713869094848633
12582912,1087.421,eval/sps,4148.372186062866
13631488,1164.122,episode/sps,12419.627562247073
13631488,1164.122,episode/length,1000.0
13631488,1164.122,episode/reward/ctrl,-0.2490208153426647
13631488,1164.122,episode/reward/forward,653.0261950683594
13631488,1164.122,episode/reward/joint,-0.08663067936897278
13631488,1164.122,episode/reward/orient,-20.550821291804315
13631488,1164.122,episode/reward/total,632.1396472930908
13631488,1164.122,episode/state/forward_vel,24.468870918750763
13631488,1164.122,episode/state/up_z,956.2853762817383
13631488,1164.122,episode/sum_reward,632.1396472930908
13631488,1164.122,episode/entropy_loss,-0.11162683241069317
13631488,1164.122,episode/kl_mean,0.005162071667145937
13631488,1164.122,episode/learning_rate,0.0003000000142492354
13631488,1164.122,episode/policy_dist_max_loc,1.594816086292267
13631488,1164.122,episode/policy_dist_max_std,2.2543587505817415
13631488,1164.122,episode/policy_dist_mean_loc,-0.08899868361651897
13631488,1164.122,episode/policy_dist_mean_std,0.7640017056465149
13631488,1164.122,episode/policy_dist_min_loc,-2.3544886541366576
13631488,1164.122,episode/policy_dist_min_std,0.10364419929683208
13631488,1164.122,episode/policy_loss,-0.0012865673360647634
13631488,1164.122,episode/total_loss,1.5767702692747116
13631488,1164.122,episode/v_loss,1.6896836587786674
13631488,1174.008,eval/walltime,166.53536248207092
13631488,1174.008,training/sps,13669.919934695896
13631488,1174.008,training/walltime,988.2083218097687
13631488,1174.008,training/entropy_loss,-0.11166299879550934
13631488,1174.008,training/kl_mean,0.004774683620780706
13631488,1174.008,training/learning_rate,0.0003000000142492354
13631488,1174.008,training/policy_dist_max_loc,1.5950660705566406
13631488,1174.008,training/policy_dist_max_std,2.254154920578003
13631488,1174.008,training/policy_dist_mean_loc,-0.08950840681791306
13631488,1174.008,training/policy_dist_mean_std,0.763634443283081
13631488,1174.008,training/policy_dist_min_loc,-2.347848415374756
13631488,1174.008,training/policy_dist_min_std,0.10350628942251205
13631488,1174.008,training/policy_loss,-0.0008813765598461032
13631488,1174.008,training/total_loss,1.6205514669418335
13631488,1174.008,training/v_loss,1.7330957651138306
13631488,1174.008,eval/episode_reward,645.698486328125
13631488,1174.008,eval/episode_reward/ctrl,-0.25122886896133423
13631488,1174.008,eval/episode_reward/forward,649.626953125
13631488,1174.008,eval/episode_reward/joint,-0.08677761256694794
13631488,1174.008,eval/episode_reward/orient,-3.590460777282715
13631488,1174.008,eval/episode_reward/total,645.698486328125
13631488,1174.008,eval/episode_state/forward_vel,22.116445541381836
13631488,1174.008,eval/episode_state/up_z,963.897216796875
13631488,1174.008,eval/episode_reward_std,18.20901107788086
13631488,1174.008,eval/episode_reward/ctrl_std,0.004178457427769899
13631488,1174.008,eval/episode_reward/forward_std,18.643945693969727
13631488,1174.008,eval/episode_reward/joint_std,0.006078112404793501
13631488,1174.008,eval/episode_reward/orient_std,3.471426486968994
13631488,1174.008,eval/episode_reward/total_std,18.20901107788086
13631488,1174.008,eval/episode_state/forward_vel_std,15.467289924621582
13631488,1174.008,eval/episode_state/up_z_std,7.647521018981934
13631488,1174.008,eval/avg_episode_length,1000.0
13631488,1174.008,eval/std_episode_length,0.0
13631488,1174.008,eval/epoch_eval_time,9.871753931045532
13631488,1174.008,eval/sps,3241.571885150386
14680064,1247.201,episode/sps,12621.343581407617
14680064,1247.201,episode/length,1000.0
14680064,1247.201,episode/reward/ctrl,-0.2510883021354675
14680064,1247.201,episode/reward/forward,652.5254821777344
14680064,1247.201,episode/reward/joint,-0.08728862315416336
14680064,1247.201,episode/reward/orient,-21.74407339274883
14680064,1247.201,episode/reward/total,630.4430065917969
14680064,1247.201,episode/state/forward_vel,23.220299322605133
14680064,1247.201,episode/state/up_z,956.1451730728149
14680064,1247.201,episode/sum_reward,630.4430065917969
14680064,1247.201,episode/entropy_loss,-0.11164568282663823
14680064,1247.201,episode/kl_mean,0.004264461505226791
14680064,1247.201,episode/learning_rate,0.0003000000142492354
14680064,1247.201,episode/policy_dist_max_loc,1.5614691865444184
14680064,1247.201,episode/policy_dist_max_std,2.2211365091800688
14680064,1247.201,episode/policy_dist_mean_loc,-0.08448716670274735
14680064,1247.201,episode/policy_dist_mean_std,0.7674545013904571
14680064,1247.201,episode/policy_dist_min_loc,-2.2453008913993835
14680064,1247.201,episode/policy_dist_min_std,0.10900242455303669
14680064,1247.201,episode/policy_loss,-0.0013010191515786572
14680064,1247.201,episode/total_loss,1.7793830247223377
14680064,1247.201,episode/v_loss,1.892329735159874
14680064,1258.227,eval/walltime,177.54715943336487
14680064,1258.227,training/sps,14325.125169356252
14680064,1258.227,training/walltime,1061.406704902649
14680064,1258.227,training/entropy_loss,-0.11163784563541412
14680064,1258.227,training/kl_mean,0.003906409256160259
14680064,1258.227,training/learning_rate,0.0003000000142492354
14680064,1258.227,training/policy_dist_max_loc,1.5670244693756104
14680064,1258.227,training/policy_dist_max_std,2.224207878112793
14680064,1258.227,training/policy_dist_mean_loc,-0.08491437137126923
14680064,1258.227,training/policy_dist_mean_std,0.7672587633132935
14680064,1258.227,training/policy_dist_min_loc,-2.2422688007354736
14680064,1258.227,training/policy_dist_min_std,0.10865280777215958
14680064,1258.227,training/policy_loss,-0.001020168187096715
14680064,1258.227,training/total_loss,1.6928129196166992
14680064,1258.227,training/v_loss,1.8054710626602173
14680064,1258.227,eval/episode_reward,652.0443725585938
14680064,1258.227,eval/episode_reward/ctrl,-0.24956201016902924
14680064,1258.227,eval/episode_reward/forward,655.0533447265625
14680064,1258.227,eval/episode_reward/joint,-0.08334814012050629
14680064,1258.227,eval/episode_reward/orient,-2.675964117050171
14680064,1258.227,eval/episode_reward/total,652.0443725585938
14680064,1258.227,eval/episode_state/forward_vel,25.641136169433594
14680064,1258.227,eval/episode_state/up_z,964.7265014648438
14680064,1258.227,eval/episode_reward_std,17.750926971435547
14680064,1258.227,eval/episode_reward/ctrl_std,0.0035418078768998384
14680064,1258.227,eval/episode_reward/forward_std,17.08864974975586
14680064,1258.227,eval/episode_reward/joint_std,0.005046347621828318
14680064,1258.227,eval/episode_reward/orient_std,2.114955186843872
14680064,1258.227,eval/episode_reward/total_std,17.750926971435547
14680064,1258.227,eval/episode_state/forward_vel_std,13.813502311706543
14680064,1258.227,eval/episode_state/up_z_std,6.914729118347168
14680064,1258.227,eval/avg_episode_length,1000.0
14680064,1258.227,eval/std_episode_length,0.0
14680064,1258.227,eval/epoch_eval_time,11.011796951293945
14680064,1258.227,eval/sps,2905.974396507541
15728640,1334.884,episode/sps,11958.72712927117
15728640,1334.884,episode/length,1000.0
15728640,1334.884,episode/reward/ctrl,-0.24890438124537467
15728640,1334.884,episode/reward/forward,657.6440423583985
15728640,1334.884,episode/reward/joint,-0.08334103338420391
15728640,1334.884,episode/reward/orient,-9.69272999048233
15728640,1334.884,episode/reward/total,647.6190603256225
15728640,1334.884,episode/state/forward_vel,28.012305333018304
15728640,1334.884,episode/state/up_z,960.7587072753906
15728640,1334.884,episode/sum_reward,647.6190603256225
15728640,1334.884,episode/entropy_loss,-0.11207592561841011
15728640,1334.884,episode/kl_mean,0.005192247054073959
15728640,1334.884,episode/learning_rate,0.0003000000142492354
15728640,1334.884,episode/policy_dist_max_loc,1.5760329532623292
15728640,1334.884,episode/policy_dist_max_std,2.2004461491107943
15728640,1334.884,episode/policy_dist_mean_loc,-0.08288374952971936
15728640,1334.884,episode/policy_dist_mean_std,0.765670051574707
15728640,1334.884,episode/policy_dist_min_loc,-2.264554580450058
15728640,1334.884,episode/policy_dist_min_std,0.10615067403763533
15728640,1334.884,episode/policy_loss,-0.0011065791800501756
15728640,1334.884,episode/total_loss,1.2649105589091778
15728640,1334.884,episode/v_loss,1.37809306204319
15728640,1341.481,eval/walltime,184.1299602985382
15728640,1341.481,training/sps,13677.728395741771
15728640,1341.481,training/walltime,1138.0697274208069
15728640,1341.481,training/entropy_loss,-0.11210761964321136
15728640,1341.481,training/kl_mean,0.0044726962223649025
15728640,1341.481,training/learning_rate,0.0003000000142492354
15728640,1341.481,training/policy_dist_max_loc,1.5743846893310547
15728640,1341.481,training/policy_dist_max_std,2.205934524536133
15728640,1341.481,training/policy_dist_mean_loc,-0.08263680338859558
15728640,1341.481,training/policy_dist_mean_std,0.7653145790100098
15728640,1341.481,training/policy_dist_min_loc,-2.266866683959961
15728640,1341.481,training/policy_dist_min_std,0.10709424316883087
15728640,1341.481,training/policy_loss,-0.0008948842296376824
15728640,1341.481,training/total_loss,1.254020094871521
15728640,1341.481,training/v_loss,1.3670226335525513
15728640,1341.481,eval/episode_reward,650.5391845703125
15728640,1341.481,eval/episode_reward/ctrl,-0.25226718187332153
15728640,1341.481,eval/episode_reward/forward,656.419921875
15728640,1341.481,eval/episode_reward/joint,-0.08531608432531357
15728640,1341.481,eval/episode_reward/orient,-5.543240547180176
15728640,1341.481,eval/episode_reward/total,650.5391845703125
15728640,1341.481,eval/episode_state/forward_vel,28.214271545410156
15728640,1341.481,eval/episode_state/up_z,963.0950317382812
15728640,1341.481,eval/episode_reward_std,26.84488296508789
15728640,1341.481,eval/episode_reward/ctrl_std,0.004018252715468407
15728640,1341.481,eval/episode_reward/forward_std,20.873226165771484
15728640,1341.481,eval/episode_reward/joint_std,0.006071099545806646
15728640,1341.481,eval/episode_reward/orient_std,8.911384582519531
15728640,1341.481,eval/episode_reward/total_std,26.84488296508789
15728640,1341.481,eval/episode_state/forward_vel_std,17.216188430786133
15728640,1341.481,eval/episode_state/up_z_std,11.365801811218262
15728640,1341.481,eval/avg_episode_length,1000.0
15728640,1341.481,eval/std_episode_length,0.0
15728640,1341.481,eval/epoch_eval_time,6.58280086517334
15728640,1341.481,eval/sps,4861.152669724176
16777216,1417.673,episode/sps,12665.692746936898
16777216,1417.673,episode/length,1000.0
16777216,1417.673,episode/reward/ctrl,-0.25143167555332185
16777216,1417.673,episode/reward/forward,657.350580444336
16777216,1417.673,episode/reward/joint,-0.08465230628848076
16777216,1417.673,episode/reward/orient,-5.218243069648743
16777216,1417.673,episode/reward/total,651.7962994384766
16777216,1417.673,episode/state/forward_vel,28.167113958597184
16777216,1417.673,episode/state/up_z,965.0312493896485
16777216,1417.673,episode/sum_reward,651.7962994384766
16777216,1417.673,episode/entropy_loss,-0.11175224304199219
16777216,1417.673,episode/kl_mean,0.004359334905166179
16777216,1417.673,episode/learning_rate,0.0003000000142492354
16777216,1417.673,episode/policy_dist_max_loc,1.5458426368236542
16777216,1417.673,episode/policy_dist_max_std,2.2707720911502838
16777216,1417.673,episode/policy_dist_mean_loc,-0.08888070888817311
16777216,1417.673,episode/policy_dist_mean_std,0.772301796078682
16777216,1417.673,episode/policy_dist_min_loc,-2.226221137046814
16777216,1417.673,episode/policy_dist_min_std,0.10752225499600172
16777216,1417.673,episode/policy_loss,-0.0015938667274895124
16777216,1417.673,episode/total_loss,3.8110632303357126
16777216,1417.673,episode/v_loss,3.9244093623757363
16777216,1429.299,eval/walltime,195.74114298820496
16777216,1429.299,training/sps,13761.353473262707
16777216,1429.299,training/walltime,1214.266883611679
16777216,1429.299,training/entropy_loss,-0.11177749186754227
16777216,1429.299,training/kl_mean,0.003922221250832081
16777216,1429.299,training/learning_rate,0.0003000000142492354
16777216,1429.299,training/policy_dist_max_loc,1.5476570129394531
16777216,1429.299,training/policy_dist_max_std,2.2653965950012207
16777216,1429.299,training/policy_dist_mean_loc,-0.08819611370563507
16777216,1429.299,training/policy_dist_mean_std,0.7719779014587402
16777216,1429.299,training/policy_dist_min_loc,-2.222200393676758
16777216,1429.299,training/policy_dist_min_std,0.10852452367544174
16777216,1429.299,training/policy_loss,-0.001234365743584931
16777216,1429.299,training/total_loss,3.892854928970337
16777216,1429.299,training/v_loss,4.005867004394531
16777216,1429.299,eval/episode_reward,636.0248413085938
16777216,1429.299,eval/episode_reward/ctrl,-0.25362923741340637
16777216,1429.299,eval/episode_reward/forward,658.6995849609375
16777216,1429.299,eval/episode_reward/joint,-0.0879872590303421
16777216,1429.299,eval/episode_reward/orient,-22.332962036132812
16777216,1429.299,eval/episode_reward/total,636.0248413085938
16777216,1429.299,eval/episode_state/forward_vel,29.723243713378906
16777216,1429.299,eval/episode_state/up_z,953.7774658203125
16777216,1429.299,eval/episode_reward_std,114.0998764038086
16777216,1429.299,eval/episode_reward/ctrl_std,0.0038497073110193014
16777216,1429.299,eval/episode_reward/forward_std,17.783222198486328
16777216,1429.299,eval/episode_reward/joint_std,0.005796649493277073
16777216,1429.299,eval/episode_reward/orient_std,105.53829193115234
16777216,1429.299,eval/episode_reward/total_std,114.0998764038086
16777216,1429.299,eval/episode_state/forward_vel_std,14.79593276977539
16777216,1429.299,eval/episode_state/up_z_std,63.93909454345703
16777216,1429.299,eval/avg_episode_length,1000.0
16777216,1429.299,eval/std_episode_length,0.0
16777216,1429.299,eval/epoch_eval_time,11.611182689666748
16777216,1429.299,eval/sps,2755.9638716629674
17825792,1502.514,episode/sps,12359.30409767667
17825792,1502.514,episode/length,1000.0
17825792,1502.514,episode/reward/ctrl,-0.2523034884035587
17825792,1502.514,episode/reward/forward,657.2224084472656
17825792,1502.514,episode/reward/joint,-0.08632138051092625
17825792,1502.514,episode/reward/orient,-6.171151342988014
17825792,1502.514,episode/reward/total,650.7125952148438
17825792,1502.514,episode/state/forward_vel,27.948856264427306
17825792,1502.514,episode/state/up_z,966.8206420898438
17825792,1502.514,episode/sum_reward,650.7125952148438
17825792,1502.514,episode/entropy_loss,-0.11169871613383293
17825792,1502.514,episode/kl_mean,0.0038113658223301173
17825792,1502.514,episode/learning_rate,0.0003000000142492354
17825792,1502.514,episode/policy_dist_max_loc,1.5664342761039733
17825792,1502.514,episode/policy_dist_max_std,2.329689465761185
17825792,1502.514,episode/policy_dist_mean_loc,-0.08719532527029514
17825792,1502.514,episode/policy_dist_mean_std,0.7736752688884735
17825792,1502.514,episode/policy_dist_min_loc,-2.274078598022461
17825792,1502.514,episode/policy_dist_min_std,0.11303603366017341
17825792,1502.514,episode/policy_loss,-0.0014805466163670645
17825792,1502.514,episode/total_loss,1.4476702211797237
17825792,1502.514,episode/v_loss,1.5608494997024536
17825792,1511.781,eval/walltime,204.9944670200348
17825792,1511.781,training/sps,14320.803874239886
17825792,1511.781,training/walltime,1287.4873542785645
17825792,1511.781,training/entropy_loss,-0.11170956492424011
17825792,1511.781,training/kl_mean,0.003540268400683999
17825792,1511.781,training/learning_rate,0.0003000000142492354
17825792,1511.781,training/policy_dist_max_loc,1.5618276596069336
17825792,1511.781,training/policy_dist_max_std,2.33160400390625
17825792,1511.781,training/policy_dist_mean_loc,-0.0876154750585556
17825792,1511.781,training/policy_dist_mean_std,0.7732653617858887
17825792,1511.781,training/policy_dist_min_loc,-2.2798776626586914
17825792,1511.781,training/policy_dist_min_std,0.11226746439933777
17825792,1511.781,training/policy_loss,-0.001226384425535798
17825792,1511.781,training/total_loss,1.4377059936523438
17825792,1511.781,training/v_loss,1.5506420135498047
17825792,1511.781,eval/episode_reward,569.994384765625
17825792,1511.781,eval/episode_reward/ctrl,-0.25378501415252686
17825792,1511.781,eval/episode_reward/forward,659.46435546875
17825792,1511.781,eval/episode_reward/joint,-0.08706238865852356
17825792,1511.781,eval/episode_reward/orient,-89.12908935546875
17825792,1511.781,eval/episode_reward/total,569.994384765625
17825792,1511.781,eval/episode_state/forward_vel,30.032228469848633
17825792,1511.781,eval/episode_state/up_z,920.3914184570312
17825792,1511.781,eval/episode_reward_std,359.35638427734375
17825792,1511.781,eval/episode_reward/ctrl_std,0.0025829970836639404
17825792,1511.781,eval/episode_reward/forward_std,19.916629791259766
17825792,1511.781,eval/episode_reward/joint_std,0.004634785931557417
17825792,1511.781,eval/episode_reward/orient_std,353.76873779296875
17825792,1511.781,eval/episode_reward/total_std,359.35638427734375
17825792,1511.781,eval/episode_state/forward_vel_std,17.390625
17825792,1511.781,eval/episode_state/up_z_std,189.64830017089844
17825792,1511.781,eval/avg_episode_length,1000.0
17825792,1511.781,eval/std_episode_length,0.0
17825792,1511.781,eval/epoch_eval_time,9.253324031829834
17825792,1511.781,eval/sps,3458.2167327033544
18874368,1588.197,episode/sps,12237.851732544428
18874368,1588.197,episode/length,1000.0
18874368,1588.197,episode/reward/ctrl,-0.254077780097723
18874368,1588.197,episode/reward/forward,661.4593481445313
18874368,1588.197,episode/reward/joint,-0.08813839755952359
18874368,1588.197,episode/reward/orient,-30.133837375044823
18874368,1588.197,episode/reward/total,630.9832586669922
18874368,1588.197,episode/state/forward_vel,31.27167350292206
18874368,1588.197,episode/state/up_z,953.1332366943359
18874368,1588.197,episode/sum_reward,630.9832586669922
18874368,1588.197,episode/entropy_loss,-0.11149623923003674
18874368,1588.197,episode/kl_mean,0.004595963978208602
18874368,1588.197,episode/learning_rate,0.0003000000142492354
18874368,1588.197,episode/policy_dist_max_loc,1.5162749242782594
18874368,1588.197,episode/policy_dist_max_std,2.275837652683258
18874368,1588.197,episode/policy_dist_mean_loc,-0.08871514610946178
18874368,1588.197,episode/policy_dist_mean_std,0.7780479645729065
18874368,1588.197,episode/policy_dist_min_loc,-2.2163316011428833
18874368,1588.197,episode/policy_dist_min_std,0.11489191431552172
18874368,1588.197,episode/policy_loss,-0.0014817683093133382
18874368,1588.197,episode/total_loss,2.093916311562061
18874368,1588.197,episode/v_loss,2.206894299387932
18874368,1596.818,eval/walltime,213.60004353523254
18874368,1596.818,training/sps,13720.87258056435
18874368,1596.818,training/walltime,1363.9093160629272
18874368,1596.818,training/entropy_loss,-0.1114821583032608
18874368,1596.818,training/kl_mean,0.004184341989457607
18874368,1596.818,training/learning_rate,0.0003000000142492354
18874368,1596.818,training/policy_dist_max_loc,1.514075517654419
18874368,1596.818,training/policy_dist_max_std,2.270793914794922
18874368,1596.818,training/policy_dist_mean_loc,-0.088807612657547
18874368,1596.818,training/policy_dist_mean_std,0.7778972387313843
18874368,1596.818,training/policy_dist_min_loc,-2.2127366065979004
18874368,1596.818,training/policy_dist_min_std,0.11521980166435242
18874368,1596.818,training/policy_loss,-0.001215059426613152
18874368,1596.818,training/total_loss,1.9937632083892822
18874368,1596.818,training/v_loss,2.1064603328704834
18874368,1596.818,eval/episode_reward,648.688720703125
18874368,1596.818,eval/episode_reward/ctrl,-0.2554543912410736
18874368,1596.818,eval/episode_reward/forward,657.7676391601562
18874368,1596.818,eval/episode_reward/joint,-0.08968030661344528
18874368,1596.818,eval/episode_reward/orient,-8.733826637268066
18874368,1596.818,eval/episode_reward/total,648.688720703125
18874368,1596.818,eval/episode_state/forward_vel,27.974803924560547
18874368,1596.818,eval/episode_state/up_z,963.8544921875
18874368,1596.818,eval/episode_reward_std,47.7466926574707
18874368,1596.818,eval/episode_reward/ctrl_std,0.0031518368050456047
18874368,1596.818,eval/episode_reward/forward_std,21.760950088500977
18874368,1596.818,eval/episode_reward/joint_std,0.005640482995659113
18874368,1596.818,eval/episode_reward/orient_std,33.53178405761719
18874368,1596.818,eval/episode_reward/total_std,47.7466926574707
18874368,1596.818,eval/episode_state/forward_vel_std,18.108348846435547
18874368,1596.818,eval/episode_state/up_z_std,23.767641067504883
18874368,1596.818,eval/avg_episode_length,1000.0
18874368,1596.818,eval/std_episode_length,0.0
18874368,1596.818,eval/epoch_eval_time,8.605576515197754
18874368,1596.818,eval/sps,3718.5190258301536
19922944,1670.687,episode/sps,12711.599609017636
19922944,1670.687,episode/length,1000.0
19922944,1670.687,episode/reward/ctrl,-0.2553194123506546
19922944,1670.687,episode/reward/forward,662.6048919677735
19922944,1670.687,episode/reward/joint,-0.08873184710741043
19922944,1670.687,episode/reward/orient,-2.0045877850055693
19922944,1670.687,episode/reward/total,660.2562573242187
19922944,1670.687,episode/state/forward_vel,32.88236482441425
19922944,1670.687,episode/state/up_z,968.1740783691406
19922944,1670.687,episode/sum_reward,660.2562573242187
19922944,1670.687,episode/entropy_loss,-0.11119240023195744
19922944,1670.687,episode/kl_mean,0.00508740825811401
19922944,1670.687,episode/learning_rate,0.0003000000142492354
19922944,1670.687,episode/policy_dist_max_loc,1.5774831771850586
19922944,1670.687,episode/policy_dist_max_std,2.3179044830799103
19922944,1670.687,episode/policy_dist_mean_loc,-0.09006333954632283
19922944,1670.687,episode/policy_dist_mean_std,0.7803767132759094
19922944,1670.687,episode/policy_dist_min_loc,-2.170448715686798
19922944,1670.687,episode/policy_dist_min_std,0.11976674493402242
19922944,1670.687,episode/policy_loss,-0.0015352158375026193
19922944,1670.687,episode/total_loss,2.4102202963829042
19922944,1670.687,episode/v_loss,2.5229479002952577
19922944,1682.271,eval/walltime,225.17017364501953
19922944,1682.271,training/sps,14193.99261947299
19922944,1682.271,training/walltime,1437.7839493751526
19922944,1682.271,training/entropy_loss,-0.11122310161590576
19922944,1682.271,training/kl_mean,0.004598373547196388
19922944,1682.271,training/learning_rate,0.0003000000142492354
19922944,1682.271,training/policy_dist_max_loc,1.5797563791275024
19922944,1682.271,training/policy_dist_max_std,2.314634084701538
19922944,1682.271,training/policy_dist_mean_loc,-0.08907197415828705
19922944,1682.271,training/policy_dist_mean_std,0.7800065875053406
19922944,1682.271,training/policy_dist_min_loc,-2.169872760772705
19922944,1682.271,training/policy_dist_min_std,0.12003245949745178
19922944,1682.271,training/policy_loss,-0.001241045305505395
19922944,1682.271,training/total_loss,2.4594781398773193
19922944,1682.271,training/v_loss,2.5719423294067383
19922944,1682.271,eval/episode_reward,590.3504638671875
19922944,1682.271,eval/episode_reward/ctrl,-0.25659608840942383
19922944,1682.271,eval/episode_reward/forward,665.8736572265625
19922944,1682.271,eval/episode_reward/joint,-0.09039107710123062
19922944,1682.271,eval/episode_reward/orient,-75.17620849609375
19922944,1682.271,eval/episode_reward/total,590.3504638671875
19922944,1682.271,eval/episode_state/forward_vel,35.24711990356445
19922944,1682.271,eval/episode_state/up_z,930.2883911132812
19922944,1682.271,eval/episode_reward_std,416.9944152832031
19922944,1682.271,eval/episode_reward/ctrl_std,0.0036824101116508245
19922944,1682.271,eval/episode_reward/forward_std,21.7994441986084
19922944,1682.271,eval/episode_reward/joint_std,0.0059007746167480946
19922944,1682.271,eval/episode_reward/orient_std,410.3482971191406
19922944,1682.271,eval/episode_reward/total_std,416.9944152832031
19922944,1682.271,eval/episode_state/forward_vel_std,18.625558853149414
19922944,1682.271,eval/episode_state/up_z_std,219.9761199951172
19922944,1682.271,eval/avg_episode_length,1000.0
19922944,1682.271,eval/std_episode_length,0.0
19922944,1682.271,eval/epoch_eval_time,11.570130109786987
19922944,1682.271,eval/sps,2765.742450288585
20971520,1757.671,episode/sps,12054.797268763723
20971520,1757.671,episode/length,1000.0
20971520,1757.671,episode/reward/ctrl,-0.2571012806892395
20971520,1757.671,episode/reward/forward,660.3909826660156
20971520,1757.671,episode/reward/joint,-0.0909466552734375
20971520,1757.671,episode/reward/orient,-10.924133227467538
20971520,1757.671,episode/reward/total,649.1188522338867
20971520,1757.671,episode/state/forward_vel,31.524501266777516
20971520,1757.671,episode/state/up_z,963.754234008789
20971520,1757.671,episode/sum_reward,649.1188522338867
20971520,1757.671,episode/entropy_loss,-0.11077675193548203
20971520,1757.671,episode/kl_mean,0.00479047853499651
20971520,1757.671,episode/learning_rate,0.0003000000142492354
20971520,1757.671,episode/policy_dist_max_loc,1.6159577453136444
20971520,1757.671,episode/policy_dist_max_std,2.305772361755371
20971520,1757.671,episode/policy_dist_mean_loc,-0.08985254056751728
20971520,1757.671,episode/policy_dist_mean_std,0.7838543671369552
20971520,1757.671,episode/policy_dist_min_loc,-2.1570124053955078
20971520,1757.671,episode/policy_dist_min_std,0.10693952254951
20971520,1757.671,episode/policy_loss,-0.002035175122437067
20971520,1757.671,episode/total_loss,1.3228969502449035
20971520,1757.671,episode/v_loss,1.4357088801264764
20971520,1764.918,eval/walltime,232.40327215194702
20971520,1764.918,training/sps,13905.938994588858
20971520,1764.918,training/walltime,1513.1888537406921
20971520,1764.918,training/entropy_loss,-0.11080532521009445
20971520,1764.918,training/kl_mean,0.0043122489005327225
20971520,1764.918,training/learning_rate,0.0003000000142492354
20971520,1764.918,training/policy_dist_max_loc,1.6118667125701904
20971520,1764.918,training/policy_dist_max_std,2.30263614654541
20971520,1764.918,training/policy_dist_mean_loc,-0.09044495970010757
20971520,1764.918,training/policy_dist_mean_std,0.7835410833358765
20971520,1764.918,training/policy_dist_min_loc,-2.158412456512451
20971520,1764.918,training/policy_dist_min_std,0.10593181103467941
20971520,1764.918,training/policy_loss,-0.0016819093143567443
20971520,1764.918,training/total_loss,1.2682750225067139
20971520,1764.918,training/v_loss,1.3807623386383057
20971520,1764.918,eval/episode_reward,658.97314453125
20971520,1764.918,eval/episode_reward/ctrl,-0.2567315101623535
20971520,1764.918,eval/episode_reward/forward,661.3536987304688
20971520,1764.918,eval/episode_reward/joint,-0.08790664374828339
20971520,1764.918,eval/episode_reward/orient,-2.0360608100891113
20971520,1764.918,eval/episode_reward/total,658.97314453125
20971520,1764.918,eval/episode_state/forward_vel,32.5516357421875
20971520,1764.918,eval/episode_state/up_z,969.199462890625
20971520,1764.918,eval/episode_reward_std,25.405109405517578
20971520,1764.918,eval/episode_reward/ctrl_std,0.002798980101943016
20971520,1764.918,eval/episode_reward/forward_std,25.452545166015625
20971520,1764.918,eval/episode_reward/joint_std,0.0054602064192295074
20971520,1764.918,eval/episode_reward/orient_std,2.1689977645874023
20971520,1764.918,eval/episode_reward/total_std,25.405109405517578
20971520,1764.918,eval/episode_state/forward_vel_std,21.671926498413086
20971520,1764.918,eval/episode_state/up_z_std,6.04052734375
20971520,1764.918,eval/avg_episode_length,1000.0
20971520,1764.918,eval/std_episode_length,0.0
20971520,1764.918,eval/epoch_eval_time,7.23309850692749
20971520,1764.918,eval/sps,4424.106759966292
22020096,1841.210,episode/sps,12551.819152406932
22020096,1841.210,episode/length,1000.0
22020096,1841.210,episode/reward/ctrl,-0.2563593748211861
22020096,1841.210,episode/reward/forward,667.5526220703125
22020096,1841.210,episode/reward/joint,-0.08860721684992313
22020096,1841.210,episode/reward/orient,-2.413042876124382
22020096,1841.210,episode/reward/total,664.7945751953125
22020096,1841.210,episode/state/forward_vel,37.64870169401169
22020096,1841.210,episode/state/up_z,967.942748413086
22020096,1841.210,episode/sum_reward,664.7945751953125
22020096,1841.210,episode/entropy_loss,-0.11080467782914638
22020096,1841.210,episode/kl_mean,0.0054993660212494435
22020096,1841.210,episode/learning_rate,0.0003000000142492354
22020096,1841.210,episode/policy_dist_max_loc,1.630310298204422
22020096,1841.210,episode/policy_dist_max_std,2.1842825496196747
22020096,1841.210,episode/policy_dist_mean_loc,-0.08886552102863789
22020096,1841.210,episode/policy_dist_mean_std,0.7810849642753601
22020096,1841.210,episode/policy_dist_min_loc,-2.203417671918869
22020096,1841.210,episode/policy_dist_min_std,0.11924135845154524
22020096,1841.210,episode/policy_loss,-0.0022210377897135913
22020096,1841.210,episode/total_loss,1.1449408933520318
22020096,1841.210,episode/v_loss,1.2579666012525559
22020096,1851.502,eval/walltime,242.6810474395752
22020096,1851.502,training/sps,13743.202002658965
22020096,1851.502,training/walltime,1589.4866480827332
22020096,1851.502,training/entropy_loss,-0.11079409718513489
22020096,1851.502,training/kl_mean,0.00537605956196785
22020096,1851.502,training/learning_rate,0.0003000000142492354
22020096,1851.502,training/policy_dist_max_loc,1.6217089891433716
22020096,1851.502,training/policy_dist_max_std,2.1796345710754395
22020096,1851.502,training/policy_dist_mean_loc,-0.08838921785354614
22020096,1851.502,training/policy_dist_mean_std,0.7809514999389648
22020096,1851.502,training/policy_dist_min_loc,-2.200714349746704
22020096,1851.502,training/policy_dist_min_std,0.12013314664363861
22020096,1851.502,training/policy_loss,-0.0018043696181848645
22020096,1851.502,training/total_loss,1.157975435256958
22020096,1851.502,training/v_loss,1.2705738544464111
22020096,1851.502,eval/episode_reward,668.7489013671875
22020096,1851.502,eval/episode_reward/ctrl,-0.25739026069641113
22020096,1851.502,eval/episode_reward/forward,671.5338134765625
22020096,1851.502,eval/episode_reward/joint,-0.08878618478775024
22020096,1851.502,eval/episode_reward/orient,-2.4386634826660156
22020096,1851.502,eval/episode_reward/total,668.7489013671875
22020096,1851.502,eval/episode_state/forward_vel,41.88818359375
22020096,1851.502,eval/episode_state/up_z,966.6048583984375
22020096,1851.502,eval/episode_reward_std,21.737010955810547
22020096,1851.502,eval/episode_reward/ctrl_std,0.002725292695686221
22020096,1851.502,eval/episode_reward/forward_std,21.626413345336914
22020096,1851.502,eval/episode_reward/joint_std,0.005358386319130659
22020096,1851.502,eval/episode_reward/orient_std,1.8902982473373413
22020096,1851.502,eval/episode_reward/total_std,21.737010955810547
22020096,1851.502,eval/episode_state/forward_vel_std,18.583589553833008
22020096,1851.502,eval/episode_state/up_z_std,6.591484546661377
22020096,1851.502,eval/avg_episode_length,1000.0
22020096,1851.502,eval/std_episode_length,0.0
22020096,1851.502,eval/epoch_eval_time,10.277775287628174
22020096,1851.502,eval/sps,3113.514267870777
23068672,1924.465,episode/sps,12594.879197286758
23068672,1924.465,episode/length,1000.0
23068672,1924.465,episode/reward/ctrl,-0.25699496164917945
23068672,1924.465,episode/reward/forward,669.8677142333985
23068672,1924.465,episode/reward/joint,-0.08850738361477851
23068672,1924.465,episode/reward/orient,-11.278746212124824
23068672,1924.465,episode/reward/total,658.2434692382812
23068672,1924.465,episode/state/forward_vel,40.32732028722763
23068672,1924.465,episode/state/up_z,962.4182690429687
23068672,1924.465,episode/sum_reward,658.2434692382812
23068672,1924.465,episode/entropy_loss,-0.11062073431909085
23068672,1924.465,episode/kl_mean,0.004356197386514395
23068672,1924.465,episode/learning_rate,0.0003000000142492354
23068672,1924.465,episode/policy_dist_max_loc,1.571242733001709
23068672,1924.465,episode/policy_dist_max_std,2.309467204809189
23068672,1924.465,episode/policy_dist_mean_loc,-0.09242751181125641
23068672,1924.465,episode/policy_dist_mean_std,0.7836042433977127
23068672,1924.465,episode/policy_dist_min_loc,-2.3961008310317995
23068672,1924.465,episode/policy_dist_min_std,0.10883820582181215
23068672,1924.465,episode/policy_loss,-0.0016669182569603435
23068672,1924.465,episode/total_loss,2.1781960266828535
23068672,1924.465,episode/v_loss,2.2904836946725844
23068672,1935.194,eval/walltime,253.39653420448303
23068672,1935.194,training/sps,14370.396164805972
23068672,1935.194,training/walltime,1662.454434633255
23068672,1935.194,training/entropy_loss,-0.1106029525399208
23068672,1935.194,training/kl_mean,0.004089271649718285
23068672,1935.194,training/learning_rate,0.0003000000142492354
23068672,1935.194,training/policy_dist_max_loc,1.585209846496582
23068672,1935.194,training/policy_dist_max_std,2.309929370880127
23068672,1935.194,training/policy_dist_mean_loc,-0.09216033667325974
23068672,1935.194,training/policy_dist_mean_std,0.7833649516105652
23068672,1935.194,training/policy_dist_min_loc,-2.3863728046417236
23068672,1935.194,training/policy_dist_min_std,0.10901621729135513
23068672,1935.194,training/policy_loss,-0.0013234223006293178
23068672,1935.194,training/total_loss,2.141244649887085
23068672,1935.194,training/v_loss,2.253170967102051
23068672,1935.194,eval/episode_reward,655.63818359375
23068672,1935.194,eval/episode_reward/ctrl,-0.25716137886047363
23068672,1935.194,eval/episode_reward/forward,676.2828369140625
23068672,1935.194,eval/episode_reward/joint,-0.08885509520769119
23068672,1935.194,eval/episode_reward/orient,-20.29869842529297
23068672,1935.194,eval/episode_reward/total,655.63818359375
23068672,1935.194,eval/episode_state/forward_vel,46.9798583984375
23068672,1935.194,eval/episode_state/up_z,954.0241088867188
23068672,1935.194,eval/episode_reward_std,75.64875793457031
23068672,1935.194,eval/episode_reward/ctrl_std,0.0029041506350040436
23068672,1935.194,eval/episode_reward/forward_std,22.97283172607422
23068672,1935.194,eval/episode_reward/joint_std,0.003880118951201439
23068672,1935.194,eval/episode_reward/orient_std,74.8768310546875
23068672,1935.194,eval/episode_reward/total_std,75.64875793457031
23068672,1935.194,eval/episode_state/forward_vel_std,20.273391723632812
23068672,1935.194,eval/episode_state/up_z_std,53.53954315185547
23068672,1935.194,eval/avg_episode_length,1000.0
23068672,1935.194,eval/std_episode_length,0.0
23068672,1935.194,eval/epoch_eval_time,10.715486764907837
23068672,1935.194,eval/sps,2986.3319046594174
24117248,2010.969,episode/sps,12121.585756297314
24117248,2010.969,episode/length,1000.0
24117248,2010.969,episode/reward/ctrl,-0.25722731083631517
24117248,2010.969,episode/reward/forward,675.3288018798828
24117248,2010.969,episode/reward/joint,-0.08693228892982006
24117248,2010.969,episode/reward/orient,-2.449171724319458
24117248,2010.969,episode/reward/total,672.5354803466797
24117248,2010.969,episode/state/forward_vel,44.69084102571011
24117248,2010.969,episode/state/up_z,968.3470416259765
24117248,2010.969,episode/sum_reward,672.5354803466797
24117248,2010.969,episode/entropy_loss,-0.11050166472792626
24117248,2010.969,episode/kl_mean,0.004764988897368312
24117248,2010.969,episode/learning_rate,0.0003000000142492354
24117248,2010.969,episode/policy_dist_max_loc,1.619563854932785
24117248,2010.969,episode/policy_dist_max_std,2.209111419916153
24117248,2010.969,episode/policy_dist_mean_loc,-0.09143354885280132
24117248,2010.969,episode/policy_dist_mean_std,0.7843247383832932
24117248,2010.969,episode/policy_dist_min_loc,-2.2377831566333772
24117248,2010.969,episode/policy_dist_min_std,0.11656896971166134
24117248,2010.969,episode/policy_loss,-0.002396422338206321
24117248,2010.969,episode/total_loss,1.026996340751648
24117248,2010.969,episode/v_loss,1.13989442050457
24117248,2018.438,eval/walltime,260.8454234600067
24117248,2018.438,training/sps,13836.904380787757
24117248,2018.438,training/walltime,1738.2355465888977
24117248,2018.438,training/entropy_loss,-0.1105760931968689
24117248,2018.438,training/kl_mean,0.004246540367603302
24117248,2018.438,training/learning_rate,0.0003000000142492354
24117248,2018.438,training/policy_dist_max_loc,1.607475996017456
24117248,2018.438,training/policy_dist_max_std,2.2080767154693604
24117248,2018.438,training/policy_dist_mean_loc,-0.09117970615625381
24117248,2018.438,training/policy_dist_mean_std,0.7842199802398682
24117248,2018.438,training/policy_dist_min_loc,-2.2251343727111816
24117248,2018.438,training/policy_dist_min_std,0.11741918325424194
24117248,2018.438,training/policy_loss,-0.0019524353556334972
24117248,2018.438,training/total_loss,1.0664174556732178
24117248,2018.438,training/v_loss,1.1789458990097046
24117248,2018.438,eval/episode_reward,676.8530883789062
24117248,2018.438,eval/episode_reward/ctrl,-0.2598569691181183
24117248,2018.438,eval/episode_reward/forward,678.6771240234375
24117248,2018.438,eval/episode_reward/joint,-0.08924892544746399
24117248,2018.438,eval/episode_reward/orient,-1.474942922592163
24117248,2018.438,eval/episode_reward/total,676.8530883789062
24117248,2018.438,eval/episode_state/forward_vel,48.07808303833008
24117248,2018.438,eval/episode_state/up_z,971.1082763671875
24117248,2018.438,eval/episode_reward_std,24.598936080932617
24117248,2018.438,eval/episode_reward/ctrl_std,0.002899607876315713
24117248,2018.438,eval/episode_reward/forward_std,24.441614151000977
24117248,2018.438,eval/episode_reward/joint_std,0.005372639745473862
24117248,2018.438,eval/episode_reward/orient_std,0.6263344287872314
24117248,2018.438,eval/episode_reward/total_std,24.598936080932617
24117248,2018.438,eval/episode_state/forward_vel_std,21.403228759765625
24117248,2018.438,eval/episode_state/up_z_std,4.7560319900512695
24117248,2018.438,eval/avg_episode_length,1000.0
24117248,2018.438,eval/std_episode_length,0.0
24117248,2018.438,eval/epoch_eval_time,7.448889255523682
24117248,2018.438,eval/sps,4295.942509317155
25165824,2072.775,episode/sps,16965.801589125633
25165824,2072.775,episode/length,1000.0
25165824,2072.775,episode/reward/ctrl,-0.2597032371163368
25165824,2072.775,episode/reward/forward,676.9833117675781
25165824,2072.775,episode/reward/joint,-0.09084725603461266
25165824,2072.775,episode/reward/orient,-3.136409665942192
25165824,2072.775,episode/reward/total,673.4964050292969
25165824,2072.775,episode/state/forward_vel,47.33713801205158
25165824,2072.775,episode/state/up_z,967.3265057373047
25165824,2072.775,episode/sum_reward,673.4964050292969
25165824,2072.775,episode/entropy_loss,-0.10998949214816094
25165824,2072.775,episode/kl_mean,0.004785675434395671
25165824,2072.775,episode/learning_rate,0.0003000000142492354
25165824,2072.775,episode/policy_dist_max_loc,1.6225994992256165
25165824,2072.775,episode/policy_dist_max_std,2.2040435993671417
25165824,2072.775,episode/policy_dist_mean_loc,-0.09768987208604812
25165824,2072.775,episode/policy_dist_mean_std,0.7886553144454956
25165824,2072.775,episode/policy_dist_min_loc,-2.245634663105011
25165824,2072.775,episode/policy_dist_min_std,0.10747383579611779
25165824,2072.775,episode/policy_loss,-0.0021782642140169626
25165824,2072.775,episode/total_loss,1.740760333240032
25165824,2072.775,episode/v_loss,1.8529281038045884
25165824,2078.890,eval/walltime,266.94103145599365
25165824,2078.890,training/sps,19295.582636345913
25165824,2078.890,training/walltime,1792.5783472061157
25165824,2078.890,training/entropy_loss,-0.11001794040203094
25165824,2078.890,training/kl_mean,0.004230436868965626
25165824,2078.890,training/learning_rate,0.0003000000142492354
25165824,2078.890,training/policy_dist_max_loc,1.6180076599121094
25165824,2078.890,training/policy_dist_max_std,2.208432197570801
25165824,2078.890,training/policy_dist_mean_loc,-0.09737806022167206
25165824,2078.890,training/policy_dist_mean_std,0.7884821891784668
25165824,2078.890,training/policy_dist_min_loc,-2.2365784645080566
25165824,2078.890,training/policy_dist_min_std,0.10743841528892517
25165824,2078.890,training/policy_loss,-0.001810392364859581
25165824,2078.890,training/total_loss,1.6623876094818115
25165824,2078.890,training/v_loss,1.7742159366607666
25165824,2078.890,eval/episode_reward,675.2471923828125
25165824,2078.890,eval/episode_reward/ctrl,-0.26171958446502686
25165824,2078.890,eval/episode_reward/forward,678.9323120117188
25165824,2078.890,eval/episode_reward/joint,-0.09168054163455963
25165824,2078.890,eval/episode_reward/orient,-3.331843376159668
25165824,2078.890,eval/episode_reward/total,675.2471923828125
25165824,2078.890,eval/episode_state/forward_vel,49.21797180175781
25165824,2078.890,eval/episode_state/up_z,966.9051513671875
25165824,2078.890,eval/episode_reward_std,23.262664794921875
25165824,2078.890,eval/episode_reward/ctrl_std,0.003018664661794901
25165824,2078.890,eval/episode_reward/forward_std,23.29230499267578
25165824,2078.890,eval/episode_reward/joint_std,0.004473965615034103
25165824,2078.890,eval/episode_reward/orient_std,5.098608493804932
25165824,2078.890,eval/episode_reward/total_std,23.262664794921875
25165824,2078.890,eval/episode_state/forward_vel_std,20.076345443725586
25165824,2078.890,eval/episode_state/up_z_std,10.981236457824707
25165824,2078.890,eval/avg_episode_length,1000.0
25165824,2078.890,eval/std_episode_length,0.0
25165824,2078.890,eval/epoch_eval_time,6.0956079959869385
25165824,2078.890,eval/sps,5249.681413415577
