step,wall_time_s,metric,value
0,35.940,eval/walltime,22.30116581916809
0,35.940,eval/episode_reward,-811.4442749023438
0,35.940,eval/episode_reward/ctrl,-0.23721081018447876
0,35.940,eval/episode_reward/forward,622.7747802734375
0,35.940,eval/episode_reward/joint,-0.07743394374847412
0,35.940,eval/episode_reward/orient,-1433.904541015625
0,35.940,eval/episode_reward/total,-811.4442749023438
0,35.940,eval/episode_state/forward_vel,-2.0542352199554443
0,35.940,eval/episode_state/up_z,167.04330444335938
0,35.940,eval/episode_reward_std,1551.55322265625
0,35.940,eval/episode_reward/ctrl_std,0.0021438340190798044
0,35.940,eval/episode_reward/forward_std,15.422905921936035
0,35.940,eval/episode_reward/joint_std,0.006390802562236786
0,35.940,eval/episode_reward/orient_std,1554.508544921875
0,35.940,eval/episode_reward/total_std,1551.55322265625
0,35.940,eval/episode_state/forward_vel_std,14.56432056427002
0,35.940,eval/episode_state/up_z_std,751.64990234375
0,35.940,eval/avg_episode_length,1000.0
0,35.940,eval/std_episode_length,0.0
0,35.940,eval/epoch_eval_time,22.30116581916809
0,35.940,eval/sps,1434.9025633671429
1048576,120.873,episode/sps,9303.214106361742
1048576,120.873,episode/length,1000.0
1048576,120.873,episode/reward/ctrl,-0.23772186398506165
1048576,120.873,episode/reward/forward,618.6263934326172
1048576,120.873,episode/reward/joint,-0.07853327572345734
1048576,120.873,episode/reward/orient,-726.5478956437111
1048576,120.873,episode/reward/total,-108.23779092788696
1048576,120.873,episode/state/forward_vel,-4.998967003077269
1048576,120.873,episode/state/up_z,509.8522145843506
1048576,120.873,episode/sum_reward,-108.23779092788696
1048576,120.873,episode/entropy_loss,-0.11558762580156326
1048576,120.873,episode/kl_mean,1.6815722894668579
1048576,120.873,episode/learning_rate,0.0003000000142492354
1048576,120.873,episode/policy_dist_max_loc,0.7992247599363327
1048576,120.873,episode/policy_dist_max_std,1.1423435950279235
1048576,120.873,episode/policy_dist_mean_loc,0.006203419081866741
1048576,120.873,episode/policy_dist_mean_std,0.6963985204696655
1048576,120.873,episode/policy_dist_min_loc,-0.846874235868454
1048576,120.873,episode/policy_dist_min_std,0.41675273805856705
1048576,120.873,episode/policy_loss,0.28727639704942703
1048576,120.873,episode/total_loss,134.7657862854004
1048576,120.873,episode/v_loss,134.59409797668457
1048576,141.669,eval/walltime,43.07615876197815
1048576,141.669,training/sps,12344.706223529894
1048576,141.669,training/walltime,84.94134902954102
1048576,141.669,training/entropy_loss,-0.11559021472930908
1048576,141.669,training/kl_mean,1.697662353515625
1048576,141.669,training/learning_rate,0.0003000000142492354
1048576,141.669,training/policy_dist_max_loc,0.7885640263557434
1048576,141.669,training/policy_dist_max_std,1.1394097805023193
1048576,141.669,training/policy_dist_mean_loc,0.005920177325606346
1048576,141.669,training/policy_dist_mean_std,0.6961056590080261
1048576,141.669,training/policy_dist_min_loc,-0.8317203521728516
1048576,141.669,training/policy_dist_min_std,0.41717636585235596
1048576,141.669,training/policy_loss,0.30440986156463623
1048576,141.669,training/total_loss,132.4607391357422
1048576,141.669,training/v_loss,132.27191162109375
1048576,141.669,eval/episode_reward,-964.7777099609375
1048576,141.669,eval/episode_reward/ctrl,-0.22132867574691772
1048576,141.669,eval/episode_reward/forward,623.5015258789062
1048576,141.669,eval/episode_reward/joint,-0.04636049643158913
1048576,141.669,eval/episode_reward/orient,-1588.0118408203125
1048576,141.669,eval/episode_reward/total,-964.7777099609375
1048576,141.669,eval/episode_state/forward_vel,1.525815486907959
1048576,141.669,eval/episode_state/up_z,74.79061126708984
1048576,141.669,eval/episode_reward_std,1249.0009765625
1048576,141.669,eval/episode_reward/ctrl_std,0.002974603557959199
1048576,141.669,eval/episode_reward/forward_std,22.432655334472656
1048576,141.669,eval/episode_reward/joint_std,0.007894732058048248
1048576,141.669,eval/episode_reward/orient_std,1257.010986328125
1048576,141.669,eval/episode_reward/total_std,1249.0009765625
1048576,141.669,eval/episode_state/forward_vel_std,18.613250732421875
1048576,141.669,eval/episode_state/up_z_std,597.2186889648438
1048576,141.669,eval/avg_episode_length,1000.0
1048576,141.669,eval/std_episode_length,0.0
1048576,141.669,eval/epoch_eval_time,20.77499294281006
1048576,141.669,eval/sps,1540.3133992916596
2097152,225.011,episode/sps,10069.084615877258
2097152,225.011,episode/length,1000.0
2097152,225.011,episode/reward/ctrl,-0.22178555756807328
2097152,225.011,episode/reward/forward,622.04259765625
2097152,225.011,episode/reward/joint,-0.04479448936879635
2097152,225.011,episode/reward/orient,-1599.1021208763123
2097152,225.011,episode/reward/total,-977.32616314888
2097152,225.011,episode/state/forward_vel,-0.12574925720691682
2097152,225.011,episode/state/up_z,72.50156581878662
2097152,225.011,episode/sum_reward,-977.32616314888
2097152,225.011,episode/entropy_loss,-0.11566137574613095
2097152,225.011,episode/kl_mean,0.13601003773510456
2097152,225.011,episode/learning_rate,0.0003000000142492354
2097152,225.011,episode/policy_dist_max_loc,0.7749873489141464
2097152,225.011,episode/policy_dist_max_std,1.1356541109085083
2097152,225.011,episode/policy_dist_mean_loc,0.015217418260872364
2097152,225.011,episode/policy_dist_mean_std,0.6987558400630951
2097152,225.011,episode/policy_dist_min_loc,-0.8462341094017028
2097152,225.011,episode/policy_dist_min_std,0.41736614882946016
2097152,225.011,episode/policy_loss,0.06865958958864211
2097152,225.011,episode/total_loss,150.59852035522462
2097152,225.011,episode/v_loss,150.6455221557617
2097152,230.913,eval/walltime,48.9579918384552
2097152,230.913,training/sps,12579.836995651372
2097152,230.913,training/walltime,168.29505228996277
2097152,230.913,training/entropy_loss,-0.11566278338432312
2097152,230.913,training/kl_mean,0.13925176858901978
2097152,230.913,training/learning_rate,0.0003000000142492354
2097152,230.913,training/policy_dist_max_loc,0.7745513916015625
2097152,230.913,training/policy_dist_max_std,1.1361087560653687
2097152,230.913,training/policy_dist_mean_loc,0.015047040767967701
2097152,230.913,training/policy_dist_mean_std,0.6985836029052734
2097152,230.913,training/policy_dist_min_loc,-0.8438297510147095
2097152,230.913,training/policy_dist_min_std,0.41700494289398193
2097152,230.913,training/policy_loss,0.07095733284950256
2097152,230.913,training/total_loss,159.81625366210938
2097152,230.913,training/v_loss,159.86093139648438
2097152,230.913,eval/episode_reward,-783.4053955078125
2097152,230.913,eval/episode_reward/ctrl,-0.21836748719215393
2097152,230.913,eval/episode_reward/forward,616.1371459960938
2097152,230.913,eval/episode_reward/joint,-0.036295559257268906
2097152,230.913,eval/episode_reward/orient,-1399.2879638671875
2097152,230.913,eval/episode_reward/total,-783.4053955078125
2097152,230.913,eval/episode_state/forward_vel,-4.007640838623047
2097152,230.913,eval/episode_state/up_z,176.11880493164062
2097152,230.913,eval/episode_reward_std,1434.733642578125
2097152,230.913,eval/episode_reward/ctrl_std,0.0013697969261556864
2097152,230.913,eval/episode_reward/forward_std,24.51361656188965
2097152,230.913,eval/episode_reward/joint_std,0.006577379070222378
2097152,230.913,eval/episode_reward/orient_std,1445.2901611328125
2097152,230.913,eval/episode_reward/total_std,1434.733642578125
2097152,230.913,eval/episode_state/forward_vel_std,18.616247177124023
2097152,230.913,eval/episode_state/up_z_std,698.8359985351562
2097152,230.913,eval/avg_episode_length,1000.0
2097152,230.913,eval/std_episode_length,0.0
2097152,230.913,eval/epoch_eval_time,5.881833076477051
2097152,230.913,eval/sps,5440.480813366866
3145728,303.302,episode/sps,13393.263882398294
3145728,303.302,episode/length,1000.0
3145728,303.302,episode/reward/ctrl,-0.21806106194853783
3145728,303.302,episode/reward/forward,619.3702087402344
3145728,303.302,episode/reward/joint,-0.03507932458072901
3145728,303.302,episode/reward/orient,-1142.6388769245148
3145728,303.302,episode/reward/total,-523.5219036865234
3145728,303.302,episode/state/forward_vel,-2.423601548075676
3145728,303.302,episode/state/up_z,314.30403714179994
3145728,303.302,episode/sum_reward,-523.5219036865234
3145728,303.302,episode/entropy_loss,-0.11543134927749633
3145728,303.302,episode/kl_mean,0.006123221274465323
3145728,303.302,episode/learning_rate,0.0003000000142492354
3145728,303.302,episode/policy_dist_max_loc,0.8208333474397659
3145728,303.302,episode/policy_dist_max_std,1.1438953232765199
3145728,303.302,episode/policy_dist_mean_loc,0.014010796742513775
3145728,303.302,episode/policy_dist_mean_std,0.6988599848747253
3145728,303.302,episode/policy_dist_min_loc,-0.9170590990781784
3145728,303.302,episode/policy_dist_min_std,0.4201388603448868
3145728,303.302,episode/policy_loss,-0.0024976259493269025
3145728,303.302,episode/total_loss,128.44244590759277
3145728,303.302,episode/v_loss,128.56037521362305
3145728,311.097,eval/walltime,56.732586145401
3145728,311.097,training/sps,14482.960934190234
3145728,311.097,training/walltime,240.69571709632874
3145728,311.097,training/entropy_loss,-0.1154395192861557
3145728,311.097,training/kl_mean,0.0062246439047157764
3145728,311.097,training/learning_rate,0.0003000000142492354
3145728,311.097,training/policy_dist_max_loc,0.8179212212562561
3145728,311.097,training/policy_dist_max_std,1.1426336765289307
3145728,311.097,training/policy_dist_mean_loc,0.014359093271195889
3145728,311.097,training/policy_dist_mean_std,0.6988530158996582
3145728,311.097,training/policy_dist_min_loc,-0.9134548902511597
3145728,311.097,training/policy_dist_min_std,0.4210360050201416
3145728,311.097,training/policy_loss,-0.0020626294426620007
3145728,311.097,training/total_loss,128.5313720703125
3145728,311.097,training/v_loss,128.64886474609375
3145728,311.097,eval/episode_reward,-182.0631103515625
3145728,311.097,eval/episode_reward/ctrl,-0.21747593581676483
3145728,311.097,eval/episode_reward/forward,624.3951416015625
3145728,311.097,eval/episode_reward/joint,-0.03675670176744461
3145728,311.097,eval/episode_reward/orient,-806.2036743164062
3145728,311.097,eval/episode_reward/total,-182.0631103515625
3145728,311.097,eval/episode_state/forward_vel,1.1015475988388062
3145728,311.097,eval/episode_state/up_z,498.437744140625
3145728,311.097,eval/episode_reward_std,1310.223388671875
3145728,311.097,eval/episode_reward/ctrl_std,0.0017461797688156366
3145728,311.097,eval/episode_reward/forward_std,16.202709197998047
3145728,311.097,eval/episode_reward/joint_std,0.00813616905361414
3145728,311.097,eval/episode_reward/orient_std,1314.4879150390625
3145728,311.097,eval/episode_reward/total_std,1310.223388671875
3145728,311.097,eval/episode_state/forward_vel_std,13.116083145141602
3145728,311.097,eval/episode_state/up_z_std,647.1196899414062
3145728,311.097,eval/avg_episode_length,1000.0
3145728,311.097,eval/std_episode_length,0.0
3145728,311.097,eval/epoch_eval_time,7.774594306945801
3145728,311.097,eval/sps,4115.970394932542
4194304,381.178,episode/sps,13464.718832929851
4194304,381.178,episode/length,1000.0
4194304,381.178,episode/reward/ctrl,-0.21776023849844933
4194304,381.178,episode/reward/forward,619.8961169433594
4194304,381.178,episode/reward/joint,-0.035591028109192846
4194304,381.178,episode/reward/orient,-942.2483409285545
4194304,381.178,episode/reward/total,-322.60553939819334
4194304,381.178,episode/state/forward_vel,-2.9284631737321614
4194304,381.178,episode/state/up_z,417.34914768218994
4194304,381.178,episode/sum_reward,-322.60553939819334
4194304,381.178,episode/entropy_loss,-0.11537312492728233
4194304,381.178,episode/kl_mean,0.003050485784187913
4194304,381.178,episode/learning_rate,0.0003000000142492354
4194304,381.178,episode/policy_dist_max_loc,0.8884546953439713
4194304,381.178,episode/policy_dist_max_std,1.17210351228714
4194304,381.178,episode/policy_dist_mean_loc,0.007629876751452685
4194304,381.178,episode/policy_dist_mean_std,0.698514866232872
4194304,381.178,episode/policy_dist_min_loc,-0.9411968439817429
4194304,381.178,episode/policy_dist_min_std,0.40325153797864915
4194304,381.178,episode/policy_loss,-0.003590033317450434
4194304,381.178,episode/total_loss,109.85642616271973
4194304,381.178,episode/v_loss,109.97538963317871
4194304,390.124,eval/walltime,65.65919828414917
4194304,390.124,training/sps,14960.162342726579
4194304,390.124,training/walltime,310.7869350910187
4194304,390.124,training/entropy_loss,-0.11536894738674164
4194304,390.124,training/kl_mean,0.0028151944279670715
4194304,390.124,training/learning_rate,0.0003000000142492354
4194304,390.124,training/policy_dist_max_loc,0.8887475728988647
4194304,390.124,training/policy_dist_max_std,1.1718838214874268
4194304,390.124,training/policy_dist_mean_loc,0.008315394632518291
4194304,390.124,training/policy_dist_mean_std,0.6984962224960327
4194304,390.124,training/policy_dist_min_loc,-0.9409139752388
4194304,390.124,training/policy_dist_min_std,0.40297263860702515
4194304,390.124,training/policy_loss,-0.003139347769320011
4194304,390.124,training/total_loss,109.75811004638672
4194304,390.124,training/v_loss,109.87661743164062
4194304,390.124,eval/episode_reward,-134.73069763183594
4194304,390.124,eval/episode_reward/ctrl,-0.21732354164123535
4194304,390.124,eval/episode_reward/forward,620.392822265625
4194304,390.124,eval/episode_reward/joint,-0.03540647029876709
4194304,390.124,eval/episode_reward/orient,-754.8707885742188
4194304,390.124,eval/episode_reward/total,-134.73069763183594
4194304,390.124,eval/episode_state/forward_vel,-3.670502185821533
4194304,390.124,eval/episode_state/up_z,524.5565185546875
4194304,390.124,eval/episode_reward_std,1270.0555419921875
4194304,390.124,eval/episode_reward/ctrl_std,0.0017520475666970015
4194304,390.124,eval/episode_reward/forward_std,17.74557113647461
4194304,390.124,eval/episode_reward/joint_std,0.007065805606544018
4194304,390.124,eval/episode_reward/orient_std,1273.408447265625
4194304,390.124,eval/episode_reward/total_std,1270.0555419921875
4194304,390.124,eval/episode_state/forward_vel_std,14.320960998535156
4194304,390.124,eval/episode_state/up_z_std,635.5650024414062
4194304,390.124,eval/avg_episode_length,1000.0
4194304,390.124,eval/std_episode_length,0.0
4194304,390.124,eval/epoch_eval_time,8.926612138748169
4194304,390.124,eval/sps,3584.7866472316055
5242880,459.453,episode/sps,13396.099734041276
5242880,459.453,episode/length,1000.0
5242880,459.453,episode/reward/ctrl,-0.21825014278292656
5242880,459.453,episode/reward/forward,620.0048474121094
5242880,459.453,episode/reward/joint,-0.03755354382097721
5242880,459.453,episode/reward/orient,-366.63834275364877
5242880,459.453,episode/reward/total,253.110810546875
5242880,459.453,episode/state/forward_vel,-3.2315507900714873
5242880,459.453,episode/state/up_z,712.1005667877197
5242880,459.453,episode/sum_reward,253.110810546875
5242880,459.453,episode/entropy_loss,-0.1152629116922617
5242880,459.453,episode/kl_mean,0.002792290176730603
5242880,459.453,episode/learning_rate,0.0003000000142492354
5242880,459.453,episode/policy_dist_max_loc,0.9016111141443253
5242880,459.453,episode/policy_dist_max_std,1.1749725437164307
5242880,459.453,episode/policy_dist_mean_loc,0.00012961543671735854
5242880,459.453,episode/policy_dist_mean_std,0.6987181174755096
5242880,459.453,episode/policy_dist_min_loc,-1.0124093663692475
5242880,459.453,episode/policy_dist_min_std,0.40166057646274567
5242880,459.453,episode/policy_loss,-0.003278200528584421
5242880,459.453,episode/total_loss,73.23991363525391
5242880,459.453,episode/v_loss,73.35845523834229
5242880,467.722,eval/walltime,73.90692567825317
5242880,467.722,training/sps,15122.194796269863
5242880,467.722,training/walltime,380.1271343231201
5242880,467.722,training/entropy_loss,-0.11527510732412338
5242880,467.722,training/kl_mean,0.0024670008569955826
5242880,467.722,training/learning_rate,0.0003000000142492354
5242880,467.722,training/policy_dist_max_loc,0.898427426815033
5242880,467.722,training/policy_dist_max_std,1.1741383075714111
5242880,467.722,training/policy_dist_mean_loc,0.0009473286918364465
5242880,467.722,training/policy_dist_mean_std,0.6986715197563171
5242880,467.722,training/policy_dist_min_loc,-1.0022155046463013
5242880,467.722,training/policy_dist_min_std,0.4038146436214447
5242880,467.722,training/policy_loss,-0.0027616051957011223
5242880,467.722,training/total_loss,73.46763610839844
5242880,467.722,training/v_loss,73.5856704711914
5242880,467.722,eval/episode_reward,598.6216430664062
5242880,467.722,eval/episode_reward/ctrl,-0.2184385359287262
5242880,467.722,eval/episode_reward/forward,616.8858642578125
5242880,467.722,eval/episode_reward/joint,-0.038790784776210785
5242880,467.722,eval/episode_reward/orient,-18.006988525390625
5242880,467.722,eval/episode_reward/total,598.6216430664062
5242880,467.722,eval/episode_state/forward_vel,-6.669692039489746
5242880,467.722,eval/episode_state/up_z,908.5057373046875
5242880,467.722,eval/episode_reward_std,27.24872589111328
5242880,467.722,eval/episode_reward/ctrl_std,0.002124503720551729
5242880,467.722,eval/episode_reward/forward_std,15.245573997497559
5242880,467.722,eval/episode_reward/joint_std,0.007403074763715267
5242880,467.722,eval/episode_reward/orient_std,26.341772079467773
5242880,467.722,eval/episode_reward/total_std,27.24872589111328
5242880,467.722,eval/episode_state/forward_vel_std,11.324403762817383
5242880,467.722,eval/episode_state/up_z_std,61.09172439575195
5242880,467.722,eval/avg_episode_length,1000.0
5242880,467.722,eval/std_episode_length,0.0
5242880,467.722,eval/epoch_eval_time,8.247727394104004
5242880,467.722,eval/sps,3879.8566527399557
6291456,537.642,episode/sps,13410.74625745192
6291456,537.642,episode/length,1000.0
6291456,537.642,episode/reward/ctrl,-0.21851954907178878
6291456,537.642,episode/reward/forward,618.428125
6291456,537.642,episode/reward/joint,-0.037663917504251
6291456,537.642,episode/reward/orient,-177.29947038412095
6291456,537.642,episode/reward/total,440.87248657226564
6291456,537.642,episode/state/forward_vel,-5.406586844325066
6291456,537.642,episode/state/up_z,819.1789848327637
6291456,537.642,episode/sum_reward,440.87248657226564
6291456,537.642,episode/entropy_loss,-0.11524049878120422
6291456,537.642,episode/kl_mean,0.0034282197593711317
6291456,537.642,episode/learning_rate,0.0003000000142492354
6291456,537.642,episode/policy_dist_max_loc,0.8211316049098969
6291456,537.642,episode/policy_dist_max_std,1.1570446836948394
6291456,537.642,episode/policy_dist_mean_loc,-0.007874586055986583
6291456,537.642,episode/policy_dist_mean_std,0.6997483211755753
6291456,537.642,episode/policy_dist_min_loc,-0.9986822593212128
6291456,537.642,episode/policy_dist_min_std,0.414576356112957
6291456,537.642,episode/policy_loss,-0.0034049100638367234
6291456,537.642,episode/total_loss,53.2402912902832
6291456,537.642,episode/v_loss,53.358936882019044
6291456,546.816,eval/walltime,83.06660008430481
6291456,546.816,training/sps,14995.707331881938
6291456,546.816,training/walltime,450.0522119998932
6291456,546.816,training/entropy_loss,-0.11524755507707596
6291456,546.816,training/kl_mean,0.002916243625804782
6291456,546.816,training/learning_rate,0.0003000000142492354
6291456,546.816,training/policy_dist_max_loc,0.8231291770935059
6291456,546.816,training/policy_dist_max_std,1.1565674543380737
6291456,546.816,training/policy_dist_mean_loc,-0.006872652098536491
6291456,546.816,training/policy_dist_mean_std,0.6996868848800659
6291456,546.816,training/policy_dist_min_loc,-0.9960315227508545
6291456,546.816,training/policy_dist_min_std,0.4148077666759491
6291456,546.816,training/policy_loss,-0.0028541842475533485
6291456,546.816,training/total_loss,53.585575103759766
6291456,546.816,training/v_loss,53.703678131103516
6291456,546.816,eval/episode_reward,439.4043884277344
6291456,546.816,eval/episode_reward/ctrl,-0.21945753693580627
6291456,546.816,eval/episode_reward/forward,616.052490234375
6291456,546.816,eval/episode_reward/joint,-0.040639590471982956
6291456,546.816,eval/episode_reward/orient,-176.38815307617188
6291456,546.816,eval/episode_reward/total,439.4043884277344
6291456,546.816,eval/episode_state/forward_vel,-7.206528663635254
6291456,546.816,eval/episode_state/up_z,838.83154296875
6291456,546.816,eval/episode_reward_std,662.8514404296875
6291456,546.816,eval/episode_reward/ctrl_std,0.002436245558783412
6291456,546.816,eval/episode_reward/forward_std,13.54479694366455
6291456,546.816,eval/episode_reward/joint_std,0.006227209698408842
6291456,546.816,eval/episode_reward/orient_std,664.6804809570312
6291456,546.816,eval/episode_reward/total_std,662.8514404296875
6291456,546.816,eval/episode_state/forward_vel_std,11.591737747192383
6291456,546.816,eval/episode_state/up_z_std,354.6947937011719
6291456,546.816,eval/avg_episode_length,1000.0
6291456,546.816,eval/std_episode_length,0.0
6291456,546.816,eval/epoch_eval_time,9.159674406051636
6291456,546.816,eval/sps,3493.5739614126637
7340032,616.905,episode/sps,13229.022492836664
7340032,616.905,episode/length,1000.0
7340032,616.905,episode/reward/ctrl,-0.21983121544122697
7340032,616.905,episode/reward/forward,614.5617559814453
7340032,616.905,episode/reward/joint,-0.03985526442527771
7340032,616.905,episode/reward/orient,-150.16363379001618
7340032,616.905,episode/reward/total,464.1383941650391
7340032,616.905,episode/state/forward_vel,-8.886389589309692
7340032,616.905,episode/state/up_z,849.7899311828613
7340032,616.905,episode/sum_reward,464.1383941650391
7340032,616.905,episode/entropy_loss,-0.11531313605606557
7340032,616.905,episode/kl_mean,0.003792504364391789
7340032,616.905,episode/learning_rate,0.0003000000142492354
7340032,616.905,episode/policy_dist_max_loc,0.8560466170310974
7340032,616.905,episode/policy_dist_max_std,1.1629361200332642
7340032,616.905,episode/policy_dist_mean_loc,-0.01464268947020173
7340032,616.905,episode/policy_dist_mean_std,0.7018207675218582
7340032,616.905,episode/policy_dist_min_loc,-1.0411399173736573
7340032,616.905,episode/policy_dist_min_std,0.40795733481645585
7340032,616.905,episode/policy_loss,-0.0031952702603302895
7340032,616.905,episode/total_loss,35.01239336013794
7340032,616.905,episode/v_loss,35.130901679992675
7340032,626.104,eval/walltime,92.251713514328
7340032,626.104,training/sps,14959.411023617622
7340032,626.104,training/walltime,520.1469502449036
7340032,626.104,training/entropy_loss,-0.11532069742679596
7340032,626.104,training/kl_mean,0.003240970429033041
7340032,626.104,training/learning_rate,0.0003000000142492354
7340032,626.104,training/policy_dist_max_loc,0.8516417741775513
7340032,626.104,training/policy_dist_max_std,1.162245273590088
7340032,626.104,training/policy_dist_mean_loc,-0.013831168413162231
7340032,626.104,training/policy_dist_mean_std,0.7016928195953369
7340032,626.104,training/policy_dist_min_loc,-1.0351333618164062
7340032,626.104,training/policy_dist_min_std,0.40893876552581787
7340032,626.104,training/policy_loss,-0.002645454602316022
7340032,626.104,training/total_loss,34.96406173706055
7340032,626.104,training/v_loss,35.082027435302734
7340032,626.104,eval/episode_reward,525.096923828125
7340032,626.104,eval/episode_reward/ctrl,-0.22076252102851868
7340032,626.104,eval/episode_reward/forward,617.0714111328125
7340032,626.104,eval/episode_reward/joint,-0.0413365438580513
7340032,626.104,eval/episode_reward/orient,-91.7123794555664
7340032,626.104,eval/episode_reward/total,525.096923828125
7340032,626.104,eval/episode_state/forward_vel,-7.562253475189209
7340032,626.104,eval/episode_state/up_z,892.546630859375
7340032,626.104,eval/episode_reward_std,472.29815673828125
7340032,626.104,eval/episode_reward/ctrl_std,0.0017885203706100583
7340032,626.104,eval/episode_reward/forward_std,17.431961059570312
7340032,626.104,eval/episode_reward/joint_std,0.005391399376094341
7340032,626.104,eval/episode_reward/orient_std,477.5988464355469
7340032,626.104,eval/episode_reward/total_std,472.29815673828125
7340032,626.104,eval/episode_state/forward_vel_std,15.987066268920898
7340032,626.104,eval/episode_state/up_z_std,264.10662841796875
7340032,626.104,eval/avg_episode_length,1000.0
7340032,626.104,eval/std_episode_length,0.0
7340032,626.104,eval/epoch_eval_time,9.185113430023193
7340032,626.104,eval/sps,3483.8981841424247
8388608,696.644,episode/sps,13150.183937231677
8388608,696.644,episode/length,1000.0
8388608,696.644,episode/reward/ctrl,-0.22095748052001
8388608,696.644,episode/reward/forward,619.1163568115235
8388608,696.644,episode/reward/joint,-0.041080703344196084
8388608,696.644,episode/reward/orient,-170.78050126194955
8388608,696.644,episode/reward/total,448.0738087463379
8388608,696.644,episode/state/forward_vel,-5.1093557958304885
8388608,696.644,episode/state/up_z,851.490518951416
8388608,696.644,episode/sum_reward,448.0738087463379
8388608,696.644,episode/entropy_loss,-0.11539734683930875
8388608,696.644,episode/kl_mean,0.004051291132345796
8388608,696.644,episode/learning_rate,0.0003000000142492354
8388608,696.644,episode/policy_dist_max_loc,0.8688823676109314
8388608,696.644,episode/policy_dist_max_std,1.178188648223877
8388608,696.644,episode/policy_dist_mean_loc,-0.02381999421864748
8388608,696.644,episode/policy_dist_mean_std,0.7048633646965027
8388608,696.644,episode/policy_dist_min_loc,-1.1451579123735427
8388608,696.644,episode/policy_dist_min_std,0.41054646044969556
8388608,696.644,episode/policy_loss,-0.0025895553012378514
8388608,696.644,episode/total_loss,19.669840059280396
8388608,696.644,episode/v_loss,19.787826914787292
8388608,705.820,eval/walltime,101.41488790512085
8388608,705.820,training/sps,14864.074934207309
8388608,705.820,training/walltime,590.6912662982941
8388608,705.820,training/entropy_loss,-0.11539734899997711
8388608,705.820,training/kl_mean,0.003547532716766
8388608,705.820,training/learning_rate,0.0003000000142492354
8388608,705.820,training/policy_dist_max_loc,0.870918333530426
8388608,705.820,training/policy_dist_max_std,1.1758670806884766
8388608,705.820,training/policy_dist_mean_loc,-0.022386610507965088
8388608,705.820,training/policy_dist_mean_std,0.7046393156051636
8388608,705.820,training/policy_dist_min_loc,-1.13413667678833
8388608,705.820,training/policy_dist_min_std,0.4102940261363983
8388608,705.820,training/policy_loss,-0.002184247598052025
8388608,705.820,training/total_loss,19.892372131347656
8388608,705.820,training/v_loss,20.009952545166016
8388608,705.820,eval/episode_reward,610.8400268554688
8388608,705.820,eval/episode_reward/ctrl,-0.22269999980926514
8388608,705.820,eval/episode_reward/forward,616.8348388671875
8388608,705.820,eval/episode_reward/joint,-0.04425119236111641
8388608,705.820,eval/episode_reward/orient,-5.727864742279053
8388608,705.820,eval/episode_reward/total,610.8400268554688
8388608,705.820,eval/episode_state/forward_vel,-7.372495651245117
8388608,705.820,eval/episode_state/up_z,937.7493896484375
8388608,705.820,eval/episode_reward_std,16.193050384521484
8388608,705.820,eval/episode_reward/ctrl_std,0.0020338278263807297
8388608,705.820,eval/episode_reward/forward_std,15.787732124328613
8388608,705.820,eval/episode_reward/joint_std,0.0052773114293813705
8388608,705.820,eval/episode_reward/orient_std,2.424323081970215
8388608,705.820,eval/episode_reward/total_std,16.193050384521484
8388608,705.820,eval/episode_state/forward_vel_std,13.625543594360352
8388608,705.820,eval/episode_state/up_z_std,13.380013465881348
8388608,705.820,eval/avg_episode_length,1000.0
8388608,705.820,eval/std_episode_length,0.0
8388608,705.820,eval/epoch_eval_time,9.163174390792847
8388608,705.820,eval/sps,3492.239548791474
9437184,776.438,episode/sps,13141.066535408054
9437184,776.438,episode/length,1000.0
9437184,776.438,episode/reward/ctrl,-0.22247219756245612
9437184,776.438,episode/reward/forward,618.7684466552735
9437184,776.438,episode/reward/joint,-0.042832034453749654
9437184,776.438,episode/reward/orient,-9.294095779657363
9437184,776.438,episode/reward/total,609.2089794921875
9437184,776.438,episode/state/forward_vel,-5.742788152694702
9437184,776.438,episode/state/up_z,934.3025903320313
9437184,776.438,episode/sum_reward,609.2089794921875
9437184,776.438,episode/entropy_loss,-0.11553097315132618
9437184,776.438,episode/kl_mean,0.004901180083397776
9437184,776.438,episode/learning_rate,0.0003000000142492354
9437184,776.438,episode/policy_dist_max_loc,0.8366078913211823
9437184,776.438,episode/policy_dist_max_std,1.2382272624969481
9437184,776.438,episode/policy_dist_mean_loc,-0.03337353441864252
9437184,776.438,episode/policy_dist_mean_std,0.7088670736551285
9437184,776.438,episode/policy_dist_min_loc,-1.195156056880951
9437184,776.438,episode/policy_dist_min_std,0.3936243560910225
9437184,776.438,episode/policy_loss,-0.0026859171950491144
9437184,776.438,episode/total_loss,9.450993494987488
9437184,776.438,episode/v_loss,9.569210443496704
9437184,785.682,eval/walltime,110.64573097229004
9437184,785.682,training/sps,14847.567166786946
9437184,785.682,training/walltime,661.314014673233
9437184,785.682,training/entropy_loss,-0.11552464962005615
9437184,785.682,training/kl_mean,0.00441436143592
9437184,785.682,training/learning_rate,0.0003000000142492354
9437184,785.682,training/policy_dist_max_loc,0.836797833442688
9437184,785.682,training/policy_dist_max_std,1.2326977252960205
9437184,785.682,training/policy_dist_mean_loc,-0.032065533101558685
9437184,785.682,training/policy_dist_mean_std,0.7083958983421326
9437184,785.682,training/policy_dist_min_loc,-1.1773873567581177
9437184,785.682,training/policy_dist_min_std,0.39599841833114624
9437184,785.682,training/policy_loss,-0.0022541768848896027
9437184,785.682,training/total_loss,9.756175994873047
9437184,785.682,training/v_loss,9.873955726623535
9437184,785.682,eval/episode_reward,611.6555786132812
9437184,785.682,eval/episode_reward/ctrl,-0.22341132164001465
9437184,785.682,eval/episode_reward/forward,617.2775268554688
9437184,785.682,eval/episode_reward/joint,-0.045444175601005554
9437184,785.682,eval/episode_reward/orient,-5.353082180023193
9437184,785.682,eval/episode_reward/total,611.6555786132812
9437184,785.682,eval/episode_state/forward_vel,-6.896364688873291
9437184,785.682,eval/episode_state/up_z,939.803955078125
9437184,785.682,eval/episode_reward_std,12.367035865783691
9437184,785.682,eval/episode_reward/ctrl_std,0.0015668169362470508
9437184,785.682,eval/episode_reward/forward_std,10.865114212036133
9437184,785.682,eval/episode_reward/joint_std,0.005197518039494753
9437184,785.682,eval/episode_reward/orient_std,3.671691656112671
9437184,785.682,eval/episode_reward/total_std,12.367035865783691
9437184,785.682,eval/episode_state/forward_vel_std,8.441879272460938
9437184,785.682,eval/episode_state/up_z_std,17.528596878051758
9437184,785.682,eval/avg_episode_length,1000.0
9437184,785.682,eval/std_episode_length,0.0
9437184,785.682,eval/epoch_eval_time,9.23084306716919
9437184,785.682,eval/sps,3466.638937218266
10485760,856.619,episode/sps,13077.550462242625
10485760,856.619,episode/length,1000.0
10485760,856.619,episode/reward/ctrl,-0.2236192314326763
10485760,856.619,episode/reward/forward,617.1650708007812
10485760,856.619,episode/reward/joint,-0.045443509295582774
10485760,856.619,episode/reward/orient,-37.74455468773842
10485760,856.619,episode/reward/total,579.1514851379394
10485760,856.619,episode/state/forward_vel,-7.39387572452426
10485760,856.619,episode/state/up_z,923.1545320892334
10485760,856.619,episode/sum_reward,579.1514851379394
10485760,856.619,episode/entropy_loss,-0.1155188338458538
10485760,856.619,episode/kl_mean,0.00491882587550208
10485760,856.619,episode/learning_rate,0.0003000000142492354
10485760,856.619,episode/policy_dist_max_loc,0.8110148119926452
10485760,856.619,episode/policy_dist_max_std,1.230448842048645
10485760,856.619,episode/policy_dist_mean_loc,-0.044224650487303736
10485760,856.619,episode/policy_dist_mean_std,0.7115162491798401
10485760,856.619,episode/policy_dist_min_loc,-1.2215271270275116
10485760,856.619,episode/policy_dist_min_std,0.38861598998308183
10485760,856.619,episode/policy_loss,-0.0023442078637890516
10485760,856.619,episode/total_loss,9.96952938914299
10485760,856.619,episode/v_loss,10.087392400503159
10485760,865.940,eval/walltime,119.95261120796204
10485760,865.940,training/sps,14780.834242110892
10485760,865.940,training/walltime,732.2556126117706
10485760,865.940,training/entropy_loss,-0.1155407577753067
10485760,865.940,training/kl_mean,0.004455827176570892
10485760,865.940,training/learning_rate,0.0003000000142492354
10485760,865.940,training/policy_dist_max_loc,0.8181289434432983
10485760,865.940,training/policy_dist_max_std,1.225608229637146
10485760,865.940,training/policy_dist_mean_loc,-0.042398110032081604
10485760,865.940,training/policy_dist_mean_std,0.7111044526100159
10485760,865.940,training/policy_dist_min_loc,-1.2073445320129395
10485760,865.940,training/policy_dist_min_std,0.39050716161727905
10485760,865.940,training/policy_loss,-0.0019313794327899814
10485760,865.940,training/total_loss,9.80980110168457
10485760,865.940,training/v_loss,9.92727279663086
10485760,865.940,eval/episode_reward,613.8378295898438
10485760,865.940,eval/episode_reward/ctrl,-0.22386932373046875
10485760,865.940,eval/episode_reward/forward,620.0
10485760,865.940,eval/episode_reward/joint,-0.047140903770923615
10485760,865.940,eval/episode_reward/orient,-5.891249656677246
10485760,865.940,eval/episode_reward/total,613.8378295898438
10485760,865.940,eval/episode_state/forward_vel,-3.5784642696380615
10485760,865.940,eval/episode_state/up_z,937.43212890625
10485760,865.940,eval/episode_reward_std,18.885366439819336
10485760,865.940,eval/episode_reward/ctrl_std,0.0021441811695694923
10485760,865.940,eval/episode_reward/forward_std,18.12732696533203
10485760,865.940,eval/episode_reward/joint_std,0.007048648316413164
10485760,865.940,eval/episode_reward/orient_std,2.499793529510498
10485760,865.940,eval/episode_reward/total_std,18.885366439819336
10485760,865.940,eval/episode_state/forward_vel_std,15.341797828674316
10485760,865.940,eval/episode_state/up_z_std,15.752677917480469
10485760,865.940,eval/avg_episode_length,1000.0
10485760,865.940,eval/std_episode_length,0.0
10485760,865.940,eval/epoch_eval_time,9.306880235671997
10485760,865.940,eval/sps,3438.3165131263195
11534336,936.768,episode/sps,13082.77474042187
11534336,936.768,episode/length,1000.0
11534336,936.768,episode/reward/ctrl,-0.22416194185614585
11534336,936.768,episode/reward/forward,618.2202111816406
11534336,936.768,episode/reward/joint,-0.04568923316895962
11534336,936.768,episode/reward/orient,-56.672381762266156
11534336,936.768,episode/reward/total,561.2780017089843
11534336,936.768,episode/state/forward_vel,-5.842018969282508
11534336,936.768,episode/state/up_z,913.6588607788086
11534336,936.768,episode/sum_reward,561.2780017089843
11534336,936.768,episode/entropy_loss,-0.11560543358325959
11534336,936.768,episode/kl_mean,0.006845397688448429
11534336,936.768,episode/learning_rate,0.0003000000142492354
11534336,936.768,episode/policy_dist_max_loc,0.8445294725894928
11534336,936.768,episode/policy_dist_max_std,1.2817409503459931
11534336,936.768,episode/policy_dist_mean_loc,-0.055212215334177014
11534336,936.768,episode/policy_dist_mean_std,0.7125424444675446
11534336,936.768,episode/policy_dist_min_loc,-1.2608243536949157
11534336,936.768,episode/policy_dist_min_std,0.3710464209318161
11534336,936.768,episode/policy_loss,-0.003339411767665297
11534336,936.768,episode/total_loss,9.591546711325645
11534336,936.768,episode/v_loss,9.710491561889649
11534336,946.173,eval/walltime,129.34260296821594
11534336,946.173,training/sps,14803.222806938104
11534336,946.173,training/walltime,803.0899176597595
11534336,946.173,training/entropy_loss,-0.1156342476606369
11534336,946.173,training/kl_mean,0.006190159358084202
11534336,946.173,training/learning_rate,0.0003000000142492354
11534336,946.173,training/policy_dist_max_loc,0.8451066017150879
11534336,946.173,training/policy_dist_max_std,1.2770113945007324
11534336,946.173,training/policy_dist_mean_loc,-0.053402129560709
11534336,946.173,training/policy_dist_mean_std,0.7122868895530701
11534336,946.173,training/policy_dist_min_loc,-1.2514058351516724
11534336,946.173,training/policy_dist_min_std,0.37367260456085205
11534336,946.173,training/policy_loss,-0.002832324244081974
11534336,946.173,training/total_loss,9.571300506591797
11534336,946.173,training/v_loss,9.689767837524414
11534336,946.173,eval/episode_reward,508.77069091796875
11534336,946.173,eval/episode_reward/ctrl,-0.2244882881641388
11534336,946.173,eval/episode_reward/forward,623.4451904296875
11534336,946.173,eval/episode_reward/joint,-0.045757487416267395
11534336,946.173,eval/episode_reward/orient,-114.40408325195312
11534336,946.173,eval/episode_reward/total,508.77069091796875
11534336,946.173,eval/episode_state/forward_vel,-0.39298999309539795
11534336,946.173,eval/episode_state/up_z,901.4804077148438
11534336,946.173,eval/episode_reward_std,623.2930908203125
11534336,946.173,eval/episode_reward/ctrl_std,0.0023727151565253735
11534336,946.173,eval/episode_reward/forward_std,14.659360885620117
11534336,946.173,eval/episode_reward/joint_std,0.005441301502287388
11534336,946.173,eval/episode_reward/orient_std,616.3325805664062
11534336,946.173,eval/episode_reward/total_std,623.2930908203125
11534336,946.173,eval/episode_state/forward_vel_std,11.481727600097656
11534336,946.173,eval/episode_state/up_z_std,314.2597351074219
11534336,946.173,eval/avg_episode_length,1000.0
11534336,946.173,eval/std_episode_length,0.0
11534336,946.173,eval/epoch_eval_time,9.389991760253906
11534336,946.173,eval/sps,3407.883714600269
12582912,1019.169,episode/sps,12725.254951158337
12582912,1019.169,episode/length,1000.0
12582912,1019.169,episode/reward/ctrl,-0.22419393718242644
12582912,1019.169,episode/reward/forward,621.6211022949219
12582912,1019.169,episode/reward/joint,-0.04605030879378319
12582912,1019.169,episode/reward/orient,-100.20009688019752
12582912,1019.169,episode/reward/total,521.1507399749756
12582912,1019.169,episode/state/forward_vel,-2.1750937582552434
12582912,1019.169,episode/state/up_z,902.7158190917969
12582912,1019.169,episode/sum_reward,521.1507399749756
12582912,1019.169,episode/entropy_loss,-0.11572570890188218
12582912,1019.169,episode/kl_mean,0.0058909376943483945
12582912,1019.169,episode/learning_rate,0.0003000000142492354
12582912,1019.169,episode/policy_dist_max_loc,0.7524385643005371
12582912,1019.169,episode/policy_dist_max_std,1.2701004433631897
12582912,1019.169,episode/policy_dist_mean_loc,-0.06071948524564505
12582912,1019.169,episode/policy_dist_mean_std,0.7141142266988755
12582912,1019.169,episode/policy_dist_min_loc,-1.2103077179193498
12582912,1019.169,episode/policy_dist_min_std,0.3982296153903008
12582912,1019.169,episode/policy_loss,-0.0022321163478773087
12582912,1019.169,episode/total_loss,6.3496667313575745
12582912,1019.169,episode/v_loss,6.467624560594559
12582912,1026.530,eval/walltime,136.68390202522278
12582912,1026.530,training/sps,14362.590785371403
12582912,1026.530,training/walltime,876.0973587036133
12582912,1026.530,training/entropy_loss,-0.11573947966098785
12582912,1026.530,training/kl_mean,0.005586185958236456
12582912,1026.530,training/learning_rate,0.0003000000142492354
12582912,1026.530,training/policy_dist_max_loc,0.7568331360816956
12582912,1026.530,training/policy_dist_max_std,1.2677457332611084
12582912,1026.530,training/policy_dist_mean_loc,-0.059297945350408554
12582912,1026.530,training/policy_dist_mean_std,0.7137957215309143
12582912,1026.530,training/policy_dist_min_loc,-1.2092688083648682
12582912,1026.530,training/policy_dist_min_std,0.3995523452758789
12582912,1026.530,training/policy_loss,-0.001821688492782414
12582912,1026.530,training/total_loss,6.334812164306641
12582912,1026.530,training/v_loss,6.4523725509643555
12582912,1026.530,eval/episode_reward,482.68426513671875
12582912,1026.530,eval/episode_reward/ctrl,-0.22509513795375824
12582912,1026.530,eval/episode_reward/forward,630.100830078125
12582912,1026.530,eval/episode_reward/joint,-0.04805183410644531
12582912,1026.530,eval/episode_reward/orient,-147.14349365234375
12582912,1026.530,eval/episode_reward/total,482.68426513671875
12582912,1026.530,eval/episode_state/forward_vel,4.936840057373047
12582912,1026.530,eval/episode_state/up_z,897.8946533203125
12582912,1026.530,eval/episode_reward_std,650.890380859375
12582912,1026.530,eval/episode_reward/ctrl_std,0.0024511804804205894
12582912,1026.530,eval/episode_reward/forward_std,12.48299789428711
12582912,1026.530,eval/episode_reward/joint_std,0.004406006541103125
12582912,1026.530,eval/episode_reward/orient_std,650.967041015625
12582912,1026.530,eval/episode_reward/total_std,650.890380859375
12582912,1026.530,eval/episode_state/forward_vel_std,10.615437507629395
12582912,1026.530,eval/episode_state/up_z_std,332.4014587402344
12582912,1026.530,eval/avg_episode_length,1000.0
12582912,1026.530,eval/std_episode_length,0.0
12582912,1026.530,eval/epoch_eval_time,7.341299057006836
12582912,1026.530,eval/sps,4358.901571985123
13631488,1101.505,episode/sps,12735.328598566537
13631488,1101.505,episode/length,1000.0
13631488,1101.505,episode/reward/ctrl,-0.2254583239555359
13631488,1101.505,episode/reward/forward,627.3343841552735
13631488,1101.505,episode/reward/joint,-0.049644517861306664
13631488,1101.505,episode/reward/orient,-20.31080583304167
13631488,1101.505,episode/reward/total,606.7484295654297
13631488,1101.505,episode/state/forward_vel,2.4555503893643618
13631488,1101.505,episode/state/up_z,962.8521733856201
13631488,1101.505,episode/sum_reward,606.7484295654297
13631488,1101.505,episode/entropy_loss,-0.11563426062464714
13631488,1101.505,episode/kl_mean,0.005509452046826482
13631488,1101.505,episode/learning_rate,0.0003000000142492354
13631488,1101.505,episode/policy_dist_max_loc,0.8287194627523422
13631488,1101.505,episode/policy_dist_max_std,1.230504757165909
13631488,1101.505,episode/policy_dist_mean_loc,-0.0670520719140768
13631488,1101.505,episode/policy_dist_mean_std,0.715823512673378
13631488,1101.505,episode/policy_dist_min_loc,-1.2238886266946793
13631488,1101.505,episode/policy_dist_min_std,0.3917480292916298
13631488,1101.505,episode/policy_loss,-0.0023089662176789716
13631488,1101.505,episode/total_loss,4.879846645891666
13631488,1101.505,episode/v_loss,4.997789885997772
13631488,1108.529,eval/walltime,143.69335055351257
13631488,1108.529,training/sps,13984.645610089532
13631488,1108.529,training/walltime,951.0778787136078
13631488,1108.529,training/entropy_loss,-0.11564619839191437
13631488,1108.529,training/kl_mean,0.005257778335362673
13631488,1108.529,training/learning_rate,0.0003000000142492354
13631488,1108.529,training/policy_dist_max_loc,0.8173316121101379
13631488,1108.529,training/policy_dist_max_std,1.2312936782836914
13631488,1108.529,training/policy_dist_mean_loc,-0.06650464236736298
13631488,1108.529,training/policy_dist_mean_std,0.7156420946121216
13631488,1108.529,training/policy_dist_min_loc,-1.225752830505371
13631488,1108.529,training/policy_dist_min_std,0.39223164319992065
13631488,1108.529,training/policy_loss,-0.0019022836349904537
13631488,1108.529,training/total_loss,4.975367546081543
13631488,1108.529,training/v_loss,5.092916011810303
13631488,1108.529,eval/episode_reward,623.8427124023438
13631488,1108.529,eval/episode_reward/ctrl,-0.22722947597503662
13631488,1108.529,eval/episode_reward/forward,625.9029541015625
13631488,1108.529,eval/episode_reward/joint,-0.05195639282464981
13631488,1108.529,eval/episode_reward/orient,-1.780974268913269
13631488,1108.529,eval/episode_reward/total,623.8427124023438
13631488,1108.529,eval/episode_state/forward_vel,1.6250193119049072
13631488,1108.529,eval/episode_state/up_z,978.2596435546875
13631488,1108.529,eval/episode_reward_std,16.056133270263672
13631488,1108.529,eval/episode_reward/ctrl_std,0.0018021486466750503
13631488,1108.529,eval/episode_reward/forward_std,16.097511291503906
13631488,1108.529,eval/episode_reward/joint_std,0.006452791392803192
13631488,1108.529,eval/episode_reward/orient_std,1.7082403898239136
13631488,1108.529,eval/episode_reward/total_std,16.056133270263672
13631488,1108.529,eval/episode_state/forward_vel_std,13.69216251373291
13631488,1108.529,eval/episode_state/up_z_std,8.820623397827148
13631488,1108.529,eval/avg_episode_length,1000.0
13631488,1108.529,eval/std_episode_length,0.0
13631488,1108.529,eval/epoch_eval_time,7.009448528289795
13631488,1108.529,eval/sps,4565.266421580749
14680064,1182.698,episode/sps,12914.629699204135
14680064,1182.698,episode/length,1000.0
14680064,1182.698,episode/reward/ctrl,-0.22613025456666946
14680064,1182.698,episode/reward/forward,628.8528521728516
14680064,1182.698,episode/reward/joint,-0.05180603493005037
14680064,1182.698,episode/reward/orient,-60.5508835439384
14680064,1182.698,episode/reward/total,568.0239836120605
14680064,1182.698,episode/state/forward_vel,3.798255108296871
14680064,1182.698,episode/state/up_z,948.430094909668
14680064,1182.698,episode/sum_reward,568.0239836120605
14680064,1182.698,episode/entropy_loss,-0.11562920942902565
14680064,1182.698,episode/kl_mean,0.006313389986753464
14680064,1182.698,episode/learning_rate,0.0003000000142492354
14680064,1182.698,episode/policy_dist_max_loc,0.8439750564098358
14680064,1182.698,episode/policy_dist_max_std,1.203899281024933
14680064,1182.698,episode/policy_dist_mean_loc,-0.07045273035764694
14680064,1182.698,episode/policy_dist_mean_std,0.7186127352714539
14680064,1182.698,episode/policy_dist_min_loc,-1.131074893474579
14680064,1182.698,episode/policy_dist_min_std,0.400982121527195
14680064,1182.698,episode/policy_loss,-0.0029712855542311446
14680064,1182.698,episode/total_loss,7.166938138008118
14680064,1182.698,episode/v_loss,7.285538660287857
14680064,1191.818,eval/walltime,152.79889154434204
14680064,1191.818,training/sps,14136.54181622472
14680064,1191.818,training/walltime,1025.2527379989624
14680064,1191.818,training/entropy_loss,-0.11565462499856949
14680064,1191.818,training/kl_mean,0.005645468831062317
14680064,1191.818,training/learning_rate,0.0003000000142492354
14680064,1191.818,training/policy_dist_max_loc,0.8417259454727173
14680064,1191.818,training/policy_dist_max_std,1.202838659286499
14680064,1191.818,training/policy_dist_mean_loc,-0.06890514492988586
14680064,1191.818,training/policy_dist_mean_std,0.7183756828308105
14680064,1191.818,training/policy_dist_min_loc,-1.146523118019104
14680064,1191.818,training/policy_dist_min_std,0.40260401368141174
14680064,1191.818,training/policy_loss,-0.002339164726436138
14680064,1191.818,training/total_loss,7.222991466522217
14680064,1191.818,training/v_loss,7.34098482131958
14680064,1191.818,eval/episode_reward,620.3003540039062
14680064,1191.818,eval/episode_reward/ctrl,-0.2276454120874405
14680064,1191.818,eval/episode_reward/forward,621.64501953125
14680064,1191.818,eval/episode_reward/joint,-0.05658186972141266
14680064,1191.818,eval/episode_reward/orient,-1.0603790283203125
14680064,1191.818,eval/episode_reward/total,620.3003540039062
14680064,1191.818,eval/episode_state/forward_vel,-1.9181437492370605
14680064,1191.818,eval/episode_state/up_z,984.6336669921875
14680064,1191.818,eval/episode_reward_std,14.913514137268066
14680064,1191.818,eval/episode_reward/ctrl_std,0.0014734843280166388
14680064,1191.818,eval/episode_reward/forward_std,14.753595352172852
14680064,1191.818,eval/episode_reward/joint_std,0.005075482185930014
14680064,1191.818,eval/episode_reward/orient_std,1.031198263168335
14680064,1191.818,eval/episode_reward/total_std,14.913514137268066
14680064,1191.818,eval/episode_state/forward_vel_std,12.356987953186035
14680064,1191.818,eval/episode_state/up_z_std,4.9364705085754395
14680064,1191.818,eval/avg_episode_length,1000.0
14680064,1191.818,eval/std_episode_length,0.0
14680064,1191.818,eval/epoch_eval_time,9.105540990829468
14680064,1191.818,eval/sps,3514.34363232546
15728640,1264.751,episode/sps,12779.375865741966
15728640,1264.751,episode/length,1000.0
15728640,1264.751,episode/reward/ctrl,-0.22739461451768875
15728640,1264.751,episode/reward/forward,630.5780657958984
15728640,1264.751,episode/reward/joint,-0.056946061365306375
15728640,1264.751,episode/reward/orient,-39.494805819764736
15728640,1264.751,episode/reward/total,590.7989210510254
15728640,1264.751,episode/state/forward_vel,5.440601974204182
15728640,1264.751,episode/state/up_z,962.1533270263672
15728640,1264.751,episode/sum_reward,590.7989210510254
15728640,1264.751,episode/entropy_loss,-0.1155977139621973
15728640,1264.751,episode/kl_mean,0.004547983594238758
15728640,1264.751,episode/learning_rate,0.0003000000142492354
15728640,1264.751,episode/policy_dist_max_loc,0.8657629156112671
15728640,1264.751,episode/policy_dist_max_std,1.247207804918289
15728640,1264.751,episode/policy_dist_mean_loc,-0.07132275022566319
15728640,1264.751,episode/policy_dist_mean_std,0.7202610331773758
15728640,1264.751,episode/policy_dist_min_loc,-1.118134782910347
15728640,1264.751,episode/policy_dist_min_std,0.3999624451994896
15728640,1264.751,episode/policy_loss,-0.0014504391890659463
15728640,1264.751,episode/total_loss,5.918639005720616
15728640,1264.751,episode/v_loss,6.035687134861946
15728640,1274.290,eval/walltime,162.32422924041748
15728640,1274.290,training/sps,14376.22201654585
15728640,1274.290,training/walltime,1098.1909549236298
15728640,1274.290,training/entropy_loss,-0.11562842130661011
15728640,1274.290,training/kl_mean,0.004201909527182579
15728640,1274.290,training/learning_rate,0.0003000000142492354
15728640,1274.290,training/policy_dist_max_loc,0.8605531454086304
15728640,1274.290,training/policy_dist_max_std,1.242053508758545
15728640,1274.290,training/policy_dist_mean_loc,-0.07079477608203888
15728640,1274.290,training/policy_dist_mean_std,0.7199533581733704
15728640,1274.290,training/policy_dist_min_loc,-1.1034451723098755
15728640,1274.290,training/policy_dist_min_std,0.4013524651527405
15728640,1274.290,training/policy_loss,-0.0011461589019745588
15728640,1274.290,training/total_loss,6.088432312011719
15728640,1274.290,training/v_loss,6.205206871032715
15728640,1274.290,eval/episode_reward,627.54443359375
15728640,1274.290,eval/episode_reward/ctrl,-0.22852088510990143
15728640,1274.290,eval/episode_reward/forward,628.87255859375
15728640,1274.290,eval/episode_reward/joint,-0.05728629231452942
15728640,1274.290,eval/episode_reward/orient,-1.042418360710144
15728640,1274.290,eval/episode_reward/total,627.54443359375
15728640,1274.290,eval/episode_state/forward_vel,3.451319456100464
15728640,1274.290,eval/episode_state/up_z,983.260498046875
15728640,1274.290,eval/episode_reward_std,13.749293327331543
15728640,1274.290,eval/episode_reward/ctrl_std,0.0020168465562164783
15728640,1274.290,eval/episode_reward/forward_std,13.267250061035156
15728640,1274.290,eval/episode_reward/joint_std,0.005857418291270733
15728640,1274.290,eval/episode_reward/orient_std,0.8852582573890686
15728640,1274.290,eval/episode_reward/total_std,13.749293327331543
15728640,1274.290,eval/episode_state/forward_vel_std,11.158557891845703
15728640,1274.290,eval/episode_state/up_z_std,5.459506988525391
15728640,1274.290,eval/avg_episode_length,1000.0
15728640,1274.290,eval/std_episode_length,0.0
15728640,1274.290,eval/epoch_eval_time,9.52533769607544
15728640,1274.290,eval/sps,3359.460947319947
16777216,1347.141,episode/sps,12726.976587426532
16777216,1347.141,episode/length,1000.0
16777216,1347.141,episode/reward/ctrl,-0.22838256567716597
16777216,1347.141,episode/reward/forward,632.1229302978516
16777216,1347.141,episode/reward/joint,-0.05804813645780087
16777216,1347.141,episode/reward/orient,-12.908349892795085
16777216,1347.141,episode/reward/total,618.9281857299804
16777216,1347.141,episode/state/forward_vel,6.690446551088244
16777216,1347.141,episode/state/up_z,976.7402557373047
16777216,1347.141,episode/sum_reward,618.9281857299804
16777216,1347.141,episode/entropy_loss,-0.11568651638925076
16777216,1347.141,episode/kl_mean,0.003938649538904429
16777216,1347.141,episode/learning_rate,0.0003000000142492354
16777216,1347.141,episode/policy_dist_max_loc,0.9109973257780075
16777216,1347.141,episode/policy_dist_max_std,1.282188595533371
16777216,1347.141,episode/policy_dist_mean_loc,-0.07442165613174438
16777216,1347.141,episode/policy_dist_mean_std,0.7228278112411499
16777216,1347.141,episode/policy_dist_min_loc,-1.216434109210968
16777216,1347.141,episode/policy_dist_min_std,0.3895484209060669
16777216,1347.141,episode/policy_loss,-0.001204099695023615
16777216,1347.141,episode/total_loss,4.409635888040066
16777216,1347.141,episode/v_loss,4.526526505947113
16777216,1356.706,eval/walltime,171.8684823513031
16777216,1356.706,training/sps,14391.223367696515
16777216,1356.706,training/walltime,1171.0531413555145
16777216,1356.706,training/entropy_loss,-0.11568312346935272
16777216,1356.706,training/kl_mean,0.0036188545636832714
16777216,1356.706,training/learning_rate,0.0003000000142492354
16777216,1356.706,training/policy_dist_max_loc,0.9072521924972534
16777216,1356.706,training/policy_dist_max_std,1.2826131582260132
16777216,1356.706,training/policy_dist_mean_loc,-0.07411928474903107
16777216,1356.706,training/policy_dist_mean_std,0.7224956750869751
16777216,1356.706,training/policy_dist_min_loc,-1.2085222005844116
16777216,1356.706,training/policy_dist_min_std,0.39135241508483887
16777216,1356.706,training/policy_loss,-0.0009699474321678281
16777216,1356.706,training/total_loss,4.401188373565674
16777216,1356.706,training/v_loss,4.517841339111328
16777216,1356.706,eval/episode_reward,632.94775390625
16777216,1356.706,eval/episode_reward/ctrl,-0.22918662428855896
16777216,1356.706,eval/episode_reward/forward,634.5380859375
16777216,1356.706,eval/episode_reward/joint,-0.05542902275919914
16777216,1356.706,eval/episode_reward/orient,-1.3056293725967407
16777216,1356.706,eval/episode_reward/total,632.94775390625
16777216,1356.706,eval/episode_state/forward_vel,7.670291900634766
16777216,1356.706,eval/episode_state/up_z,981.0029907226562
16777216,1356.706,eval/episode_reward_std,15.44702434539795
16777216,1356.706,eval/episode_reward/ctrl_std,0.002060139551758766
16777216,1356.706,eval/episode_reward/forward_std,15.52569580078125
16777216,1356.706,eval/episode_reward/joint_std,0.0065765380859375
16777216,1356.706,eval/episode_reward/orient_std,1.5331058502197266
16777216,1356.706,eval/episode_reward/total_std,15.44702434539795
16777216,1356.706,eval/episode_state/forward_vel_std,13.408449172973633
16777216,1356.706,eval/episode_state/up_z_std,7.229201316833496
16777216,1356.706,eval/avg_episode_length,1000.0
16777216,1356.706,eval/std_episode_length,0.0
16777216,1356.706,eval/epoch_eval_time,9.54425311088562
16777216,1356.706,eval/sps,3352.8029514957707
17825792,1429.567,episode/sps,12721.312736763615
17825792,1429.567,episode/length,1000.0
17825792,1429.567,episode/reward/ctrl,-0.2292843770980835
17825792,1429.567,episode/reward/forward,634.4158868408203
17825792,1429.567,episode/reward/joint,-0.05623921517282724
17825792,1429.567,episode/reward/orient,-11.46596239835024
17825792,1429.567,episode/reward/total,622.6643618774414
17825792,1429.567,episode/state/forward_vel,8.824040425270796
17825792,1429.567,episode/state/up_z,976.4744393920898
17825792,1429.567,episode/sum_reward,622.6643618774414
17825792,1429.567,episode/entropy_loss,-0.11581671975553036
17825792,1429.567,episode/kl_mean,0.003754782227333635
17825792,1429.567,episode/learning_rate,0.0003000000142492354
17825792,1429.567,episode/policy_dist_max_loc,0.9347288393974305
17825792,1429.567,episode/policy_dist_max_std,1.2669847953319548
17825792,1429.567,episode/policy_dist_mean_loc,-0.076116641163826
17825792,1429.567,episode/policy_dist_mean_std,0.7260190188884735
17825792,1429.567,episode/policy_dist_min_loc,-1.2122684174776077
17825792,1429.567,episode/policy_dist_min_std,0.3945170098543167
17825792,1429.567,episode/policy_loss,-0.0011993119737599045
17825792,1429.567,episode/total_loss,4.122101736366749
17825792,1429.567,episode/v_loss,4.239117769300938
17825792,1439.059,eval/walltime,181.34010410308838
17825792,1439.059,training/sps,14390.368768421493
17825792,1439.059,training/walltime,1243.9196548461914
17825792,1439.059,training/entropy_loss,-0.11581685394048691
17825792,1439.059,training/kl_mean,0.003454978344962001
17825792,1439.059,training/learning_rate,0.0003000000142492354
17825792,1439.059,training/policy_dist_max_loc,0.9346954822540283
17825792,1439.059,training/policy_dist_max_std,1.2647907733917236
17825792,1439.059,training/policy_dist_mean_loc,-0.07598825544118881
17825792,1439.059,training/policy_dist_mean_std,0.7256332039833069
17825792,1439.059,training/policy_dist_min_loc,-1.2121467590332031
17825792,1439.059,training/policy_dist_min_std,0.39431849122047424
17825792,1439.059,training/policy_loss,-0.0009290850721299648
17825792,1439.059,training/total_loss,4.158780097961426
17825792,1439.059,training/v_loss,4.27552604675293
17825792,1439.059,eval/episode_reward,634.42041015625
17825792,1439.059,eval/episode_reward/ctrl,-0.229095458984375
17825792,1439.059,eval/episode_reward/forward,635.9108276367188
17825792,1439.059,eval/episode_reward/joint,-0.05396512150764465
17825792,1439.059,eval/episode_reward/orient,-1.2073323726654053
17825792,1439.059,eval/episode_reward/total,634.42041015625
17825792,1439.059,eval/episode_state/forward_vel,10.017168045043945
17825792,1439.059,eval/episode_state/up_z,979.0114135742188
17825792,1439.059,eval/episode_reward_std,13.910292625427246
17825792,1439.059,eval/episode_reward/ctrl_std,0.0020826987456530333
17825792,1439.059,eval/episode_reward/forward_std,13.815126419067383
17825792,1439.059,eval/episode_reward/joint_std,0.006378414109349251
17825792,1439.059,eval/episode_reward/orient_std,0.96538907289505
17825792,1439.059,eval/episode_reward/total_std,13.910292625427246
17825792,1439.059,eval/episode_state/forward_vel_std,11.19113826751709
17825792,1439.059,eval/episode_state/up_z_std,9.14829158782959
17825792,1439.059,eval/avg_episode_length,1000.0
17825792,1439.059,eval/std_episode_length,0.0
17825792,1439.059,eval/epoch_eval_time,9.471621751785278
17825792,1439.059,eval/sps,3378.5132935622573
18874368,1511.820,episode/sps,12748.16062138395
18874368,1511.820,episode/length,1000.0
18874368,1511.820,episode/reward/ctrl,-0.22995141446590422
18874368,1511.820,episode/reward/forward,637.7562976074219
18874368,1511.820,episode/reward/joint,-0.05629399996250868
18874368,1511.820,episode/reward/orient,-16.283804564625026
18874368,1511.820,episode/reward/total,621.186241722107
18874368,1511.820,episode/state/forward_vel,12.397506037056447
18874368,1511.820,episode/state/up_z,970.0405523681641
18874368,1511.820,episode/sum_reward,621.186241722107
18874368,1511.820,episode/entropy_loss,-0.11580809682607651
18874368,1511.820,episode/kl_mean,0.004387719521764666
18874368,1511.820,episode/learning_rate,0.0003000000142492354
18874368,1511.820,episode/policy_dist_max_loc,0.9404777562618256
18874368,1511.820,episode/policy_dist_max_std,1.2527114748954773
18874368,1511.820,episode/policy_dist_mean_loc,-0.07563323609530925
18874368,1511.820,episode/policy_dist_mean_std,0.7266509813070298
18874368,1511.820,episode/policy_dist_min_loc,-1.1762443417310715
18874368,1511.820,episode/policy_dist_min_std,0.3797032669186592
18874368,1511.820,episode/policy_loss,-0.001708607331092935
18874368,1511.820,episode/total_loss,3.808754425942898
18874368,1511.820,episode/v_loss,3.926271160542965
18874368,1521.305,eval/walltime,190.80586051940918
18874368,1521.305,training/sps,14409.167134126383
18874368,1521.305,training/walltime,1316.6911058425903
18874368,1521.305,training/entropy_loss,-0.11581480503082275
18874368,1521.305,training/kl_mean,0.0040015424601733685
18874368,1521.305,training/learning_rate,0.0003000000142492354
18874368,1521.305,training/policy_dist_max_loc,0.9493780732154846
18874368,1521.305,training/policy_dist_max_std,1.2510600090026855
18874368,1521.305,training/policy_dist_mean_loc,-0.07479985058307648
18874368,1521.305,training/policy_dist_mean_std,0.7263699769973755
18874368,1521.305,training/policy_dist_min_loc,-1.1764426231384277
18874368,1521.305,training/policy_dist_min_std,0.3798066973686218
18874368,1521.305,training/policy_loss,-0.0013806414790451527
18874368,1521.305,training/total_loss,3.854522228240967
18874368,1521.305,training/v_loss,3.971717357635498
18874368,1521.305,eval/episode_reward,640.4755859375
18874368,1521.305,eval/episode_reward/ctrl,-0.22951698303222656
18874368,1521.305,eval/episode_reward/forward,642.9132080078125
18874368,1521.305,eval/episode_reward/joint,-0.05601958557963371
18874368,1521.305,eval/episode_reward/orient,-2.152118682861328
18874368,1521.305,eval/episode_reward/total,640.4755859375
18874368,1521.305,eval/episode_state/forward_vel,15.345500946044922
18874368,1521.305,eval/episode_state/up_z,968.4436645507812
18874368,1521.305,eval/episode_reward_std,19.63728904724121
18874368,1521.305,eval/episode_reward/ctrl_std,0.00253491522744298
18874368,1521.305,eval/episode_reward/forward_std,19.454927444458008
18874368,1521.305,eval/episode_reward/joint_std,0.0053159818053245544
18874368,1521.305,eval/episode_reward/orient_std,1.1181366443634033
18874368,1521.305,eval/episode_reward/total_std,19.63728904724121
18874368,1521.305,eval/episode_state/forward_vel_std,16.78885841369629
18874368,1521.305,eval/episode_state/up_z_std,8.358868598937988
18874368,1521.305,eval/avg_episode_length,1000.0
18874368,1521.305,eval/std_episode_length,0.0
18874368,1521.305,eval/epoch_eval_time,9.4657564163208
18874368,1521.305,eval/sps,3380.606746316205
19922944,1593.605,episode/sps,12821.237206705826
19922944,1593.605,episode/length,1000.0
19922944,1593.605,episode/reward/ctrl,-0.22949740797281265
19922944,1593.605,episode/reward/forward,647.6045416259766
19922944,1593.605,episode/reward/joint,-0.05537529774010182
19922944,1593.605,episode/reward/orient,-2.56364713922143
19922944,1593.605,episode/reward/total,644.7560522460938
19922944,1593.605,episode/state/forward_vel,19.241020743846892
19922944,1593.605,episode/state/up_z,969.9427410888671
19922944,1593.605,episode/sum_reward,644.7560522460938
19922944,1593.605,episode/entropy_loss,-0.11561373844742776
19922944,1593.605,episode/kl_mean,0.005343187139369547
19922944,1593.605,episode/learning_rate,0.0003000000142492354
19922944,1593.605,episode/policy_dist_max_loc,0.9548039764165879
19922944,1593.605,episode/policy_dist_max_std,1.2646513617038726
19922944,1593.605,episode/policy_dist_mean_loc,-0.07340015679597854
19922944,1593.605,episode/policy_dist_mean_std,0.7248788779973984
19922944,1593.605,episode/policy_dist_min_loc,-1.1372584038972855
19922944,1593.605,episode/policy_dist_min_std,0.38007285743951796
19922944,1593.605,episode/policy_loss,-0.0024288297444581986
19922944,1593.605,episode/total_loss,2.7842828986048698
19922944,1593.605,episode/v_loss,2.9023254880309106
19922944,1603.090,eval/walltime,200.27087783813477
19922944,1603.090,training/sps,14500.930183303008
19922944,1603.090,training/walltime,1389.0020532608032
19922944,1603.090,training/entropy_loss,-0.11562228947877884
19922944,1603.090,training/kl_mean,0.004957881756126881
19922944,1603.090,training/learning_rate,0.0003000000142492354
19922944,1603.090,training/policy_dist_max_loc,0.9519878029823303
19922944,1603.090,training/policy_dist_max_std,1.2701494693756104
19922944,1603.090,training/policy_dist_mean_loc,-0.07340309768915176
19922944,1603.090,training/policy_dist_mean_std,0.7247140407562256
19922944,1603.090,training/policy_dist_min_loc,-1.1437746286392212
19922944,1603.090,training/policy_dist_min_std,0.3808130621910095
19922944,1603.090,training/policy_loss,-0.002100112847983837
19922944,1603.090,training/total_loss,2.7750518321990967
19922944,1603.090,training/v_loss,2.8927741050720215
19922944,1603.090,eval/episode_reward,652.088623046875
19922944,1603.090,eval/episode_reward/ctrl,-0.22885659337043762
19922944,1603.090,eval/episode_reward/forward,655.2745971679688
19922944,1603.090,eval/episode_reward/joint,-0.05493205785751343
19922944,1603.090,eval/episode_reward/orient,-2.902266502380371
19922944,1603.090,eval/episode_reward/total,652.088623046875
19922944,1603.090,eval/episode_state/forward_vel,26.346153259277344
19922944,1603.090,eval/episode_state/up_z,960.9418334960938
19922944,1603.090,eval/episode_reward_std,14.371171951293945
19922944,1603.090,eval/episode_reward/ctrl_std,0.0017973404610529542
19922944,1603.090,eval/episode_reward/forward_std,15.058465003967285
19922944,1603.090,eval/episode_reward/joint_std,0.004271438345313072
19922944,1603.090,eval/episode_reward/orient_std,2.5869967937469482
19922944,1603.090,eval/episode_reward/total_std,14.371171951293945
19922944,1603.090,eval/episode_state/forward_vel_std,14.323397636413574
19922944,1603.090,eval/episode_state/up_z_std,10.24817180633545
19922944,1603.090,eval/avg_episode_length,1000.0
19922944,1603.090,eval/std_episode_length,0.0
19922944,1603.090,eval/epoch_eval_time,9.465017318725586
19922944,1603.090,eval/sps,3380.870728750936
20971520,1675.247,episode/sps,12843.480507877437
20971520,1675.247,episode/length,1000.0
20971520,1675.247,episode/reward/ctrl,-0.229375229626894
20971520,1675.247,episode/reward/forward,654.4184375
20971520,1675.247,episode/reward/joint,-0.05672732695937157
20971520,1675.247,episode/reward/orient,-27.766790758371354
20971520,1675.247,episode/reward/total,626.3655395507812
20971520,1675.247,episode/state/forward_vel,25.176628809273243
20971520,1675.247,episode/state/up_z,947.5616885375977
20971520,1675.247,episode/sum_reward,626.3655395507812
20971520,1675.247,episode/entropy_loss,-0.11542187370359898
20971520,1675.247,episode/kl_mean,0.004921259500551969
20971520,1675.247,episode/learning_rate,0.0003000000142492354
20971520,1675.247,episode/policy_dist_max_loc,0.9567380803823471
20971520,1675.247,episode/policy_dist_max_std,1.2845737445354461
20971520,1675.247,episode/policy_dist_mean_loc,-0.07170005291700363
20971520,1675.247,episode/policy_dist_mean_std,0.7245801359415054
20971520,1675.247,episode/policy_dist_min_loc,-1.138240796327591
20971520,1675.247,episode/policy_dist_min_std,0.38740214258432387
20971520,1675.247,episode/policy_loss,-0.002580782293516677
20971520,1675.247,episode/total_loss,2.4555438217520713
20971520,1675.247,episode/v_loss,2.5735464695096018
20971520,1684.708,eval/walltime,209.7108874320984
20971520,1684.708,training/sps,14529.354234926324
20971520,1684.708,training/walltime,1461.171537399292
20971520,1684.708,training/entropy_loss,-0.11542164534330368
20971520,1684.708,training/kl_mean,0.005056360736489296
20971520,1684.708,training/learning_rate,0.0003000000142492354
20971520,1684.708,training/policy_dist_max_loc,0.9522323608398438
20971520,1684.708,training/policy_dist_max_std,1.2849172353744507
20971520,1684.708,training/policy_dist_mean_loc,-0.0716518759727478
20971520,1684.708,training/policy_dist_mean_std,0.7244247198104858
20971520,1684.708,training/policy_dist_min_loc,-1.1348198652267456
20971520,1684.708,training/policy_dist_min_std,0.38565611839294434
20971520,1684.708,training/policy_loss,-0.0020836482290178537
20971520,1684.708,training/total_loss,2.448246479034424
20971520,1684.708,training/v_loss,2.5657520294189453
20971520,1684.708,eval/episode_reward,654.217041015625
20971520,1684.708,eval/episode_reward/ctrl,-0.2289126217365265
20971520,1684.708,eval/episode_reward/forward,660.007568359375
20971520,1684.708,eval/episode_reward/joint,-0.05844166874885559
20971520,1684.708,eval/episode_reward/orient,-5.503350734710693
20971520,1684.708,eval/episode_reward/total,654.217041015625
20971520,1684.708,eval/episode_state/forward_vel,29.4311466217041
20971520,1684.708,eval/episode_state/up_z,952.3734130859375
20971520,1684.708,eval/episode_reward_std,15.7064847946167
20971520,1684.708,eval/episode_reward/ctrl_std,0.0017086726147681475
20971520,1684.708,eval/episode_reward/forward_std,14.401283264160156
20971520,1684.708,eval/episode_reward/joint_std,0.00312980473972857
20971520,1684.708,eval/episode_reward/orient_std,8.937270164489746
20971520,1684.708,eval/episode_reward/total_std,15.7064847946167
20971520,1684.708,eval/episode_state/forward_vel_std,12.576077461242676
20971520,1684.708,eval/episode_state/up_z_std,14.364375114440918
20971520,1684.708,eval/avg_episode_length,1000.0
20971520,1684.708,eval/std_episode_length,0.0
20971520,1684.708,eval/epoch_eval_time,9.440009593963623
20971520,1684.708,eval/sps,3389.8270633604307
22020096,1756.777,episode/sps,12861.341905074272
22020096,1756.777,episode/length,1000.0
22020096,1756.777,episode/reward/ctrl,-0.2291507090628147
22020096,1756.777,episode/reward/forward,655.6708422851563
22020096,1756.777,episode/reward/joint,-0.058379016742110254
22020096,1756.777,episode/reward/orient,-10.556059158444405
22020096,1756.777,episode/reward/total,644.8272208023071
22020096,1756.777,episode/state/forward_vel,25.99046449780464
22020096,1756.777,episode/state/up_z,950.5479779052735
22020096,1756.777,episode/sum_reward,644.8272208023071
22020096,1756.777,episode/entropy_loss,-0.11526271536946296
22020096,1756.777,episode/kl_mean,0.005288340987171978
22020096,1756.777,episode/learning_rate,0.0003000000142492354
22020096,1756.777,episode/policy_dist_max_loc,0.9929245758056641
22020096,1756.777,episode/policy_dist_max_std,1.311553019285202
22020096,1756.777,episode/policy_dist_mean_loc,-0.06711192682385445
22020096,1756.777,episode/policy_dist_mean_std,0.7230901890993118
22020096,1756.777,episode/policy_dist_min_loc,-1.1400670254230498
22020096,1756.777,episode/policy_dist_min_std,0.3697653838992119
22020096,1756.777,episode/policy_loss,-0.0022082508716266603
22020096,1756.777,episode/total_loss,1.4241980369389058
22020096,1756.777,episode/v_loss,1.5416689965128898
22020096,1766.293,eval/walltime,219.20672249794006
22020096,1766.293,training/sps,14547.35301903899
22020096,1766.293,training/walltime,1533.2517294883728
22020096,1766.293,training/entropy_loss,-0.11526837944984436
22020096,1766.293,training/kl_mean,0.0048546334728598595
22020096,1766.293,training/learning_rate,0.0003000000142492354
22020096,1766.293,training/policy_dist_max_loc,0.9840209484100342
22020096,1766.293,training/policy_dist_max_std,1.3075978755950928
22020096,1766.293,training/policy_dist_mean_loc,-0.0678694099187851
22020096,1766.293,training/policy_dist_mean_std,0.7231679558753967
22020096,1766.293,training/policy_dist_min_loc,-1.1328537464141846
22020096,1766.293,training/policy_dist_min_std,0.37075749039649963
22020096,1766.293,training/policy_loss,-0.0019439570605754852
22020096,1766.293,training/total_loss,1.4201456308364868
22020096,1766.293,training/v_loss,1.537358045578003
22020096,1766.293,eval/episode_reward,653.9197998046875
22020096,1766.293,eval/episode_reward/ctrl,-0.22897179424762726
22020096,1766.293,eval/episode_reward/forward,657.1740112304688
22020096,1766.293,eval/episode_reward/joint,-0.05837374925613403
22020096,1766.293,eval/episode_reward/orient,-2.966696262359619
22020096,1766.293,eval/episode_reward/total,653.9197998046875
22020096,1766.293,eval/episode_state/forward_vel,26.95298194885254
22020096,1766.293,eval/episode_state/up_z,957.2183837890625
22020096,1766.293,eval/episode_reward_std,17.0046329498291
22020096,1766.293,eval/episode_reward/ctrl_std,0.002411634661257267
22020096,1766.293,eval/episode_reward/forward_std,16.930349349975586
22020096,1766.293,eval/episode_reward/joint_std,0.004584366921335459
22020096,1766.293,eval/episode_reward/orient_std,1.8037470579147339
22020096,1766.293,eval/episode_reward/total_std,17.0046329498291
22020096,1766.293,eval/episode_state/forward_vel_std,14.624137878417969
22020096,1766.293,eval/episode_state/up_z_std,6.835409164428711
22020096,1766.293,eval/avg_episode_length,1000.0
22020096,1766.293,eval/std_episode_length,0.0
22020096,1766.293,eval/epoch_eval_time,9.495835065841675
22020096,1766.293,eval/sps,3369.898463707535
23068672,1824.852,episode/sps,15403.218947528101
23068672,1824.852,episode/length,1000.0
23068672,1824.852,episode/reward/ctrl,-0.22892667919397355
23068672,1824.852,episode/reward/forward,661.2757006835938
23068672,1824.852,episode/reward/joint,-0.0593875240534544
23068672,1824.852,episode/reward/orient,-3.444392100572586
23068672,1824.852,episode/reward/total,657.5430554199219
23068672,1824.852,episode/state/forward_vel,31.015214750766756
23068672,1824.852,episode/state/up_z,955.7309893798828
23068672,1824.852,episode/sum_reward,657.5430554199219
23068672,1824.852,episode/entropy_loss,-0.11538455456495285
23068672,1824.852,episode/kl_mean,0.004745695535093546
23068672,1824.852,episode/learning_rate,0.0003000000142492354
23068672,1824.852,episode/policy_dist_max_loc,0.9482808256149292
23068672,1824.852,episode/policy_dist_max_std,1.2580205070972443
23068672,1824.852,episode/policy_dist_mean_loc,-0.06539090763777494
23068672,1824.852,episode/policy_dist_mean_std,0.7225165969133377
23068672,1824.852,episode/policy_dist_min_loc,-1.0948835015296936
23068672,1824.852,episode/policy_dist_min_std,0.3936280333995819
23068672,1824.852,episode/policy_loss,-0.001897822439786978
23068672,1824.852,episode/total_loss,1.6967681908607484
23068672,1824.852,episode/v_loss,1.814050575196743
0,33.557,eval/walltime,21.94036555290222
0,33.557,eval/episode_reward,-840.451904296875
0,33.557,eval/episode_reward/ctrl,-0.23708391189575195
0,33.557,eval/episode_reward/forward,623.5336303710938
0,33.557,eval/episode_reward/joint,-0.07772611826658249
0,33.557,eval/episode_reward/orient,-1463.671142578125
0,33.557,eval/episode_reward/total,-840.451904296875
0,33.557,eval/episode_state/forward_vel,-1.9034942388534546
0,33.557,eval/episode_state/up_z,163.79217529296875
0,33.557,eval/episode_reward_std,1592.0423583984375
0,33.557,eval/episode_reward/ctrl_std,0.002441284479573369
0,33.557,eval/episode_reward/forward_std,12.549150466918945
0,33.557,eval/episode_reward/joint_std,0.006975854281336069
0,33.557,eval/episode_reward/orient_std,1595.3466796875
0,33.557,eval/episode_reward/total_std,1592.0423583984375
0,33.557,eval/episode_state/forward_vel_std,11.890453338623047
0,33.557,eval/episode_state/up_z_std,770.764404296875
0,33.557,eval/avg_episode_length,1000.0
0,33.557,eval/std_episode_length,0.0
0,33.557,eval/epoch_eval_time,21.94036555290222
0,33.557,eval/sps,1458.4989444611651
23068672,1830.792,eval/walltime,225.12702345848083
23068672,1830.792,training/sps,17903.104388689986
23068672,1830.792,training/walltime,1591.8212366104126
23068672,1830.792,training/entropy_loss,-0.11542844027280807
23068672,1830.792,training/kl_mean,0.004207023419439793
23068672,1830.792,training/learning_rate,0.0003000000142492354
23068672,1830.792,training/policy_dist_max_loc,0.9509921669960022
23068672,1830.792,training/policy_dist_max_std,1.2568562030792236
23068672,1830.792,training/policy_dist_mean_loc,-0.06463737785816193
23068672,1830.792,training/policy_dist_mean_std,0.7225498557090759
23068672,1830.792,training/policy_dist_min_loc,-1.091965675354004
23068672,1830.792,training/policy_dist_min_std,0.3941684067249298
23068672,1830.792,training/policy_loss,-0.0015635238960385323
23068672,1830.792,training/total_loss,1.7442255020141602
23068672,1830.792,training/v_loss,1.8612174987792969
23068672,1830.792,eval/episode_reward,664.8192138671875
23068672,1830.792,eval/episode_reward/ctrl,-0.22951319813728333
23068672,1830.792,eval/episode_reward/forward,668.137451171875
23068672,1830.792,eval/episode_reward/joint,-0.061316344887018204
23068672,1830.792,eval/episode_reward/orient,-3.0274155139923096
23068672,1830.792,eval/episode_reward/total,664.8192138671875
23068672,1830.792,eval/episode_state/forward_vel,36.592586517333984
23068672,1830.792,eval/episode_state/up_z,959.8448486328125
23068672,1830.792,eval/episode_reward_std,13.972762107849121
23068672,1830.792,eval/episode_reward/ctrl_std,0.001471713767386973
23068672,1830.792,eval/episode_reward/forward_std,13.0839262008667
23068672,1830.792,eval/episode_reward/joint_std,0.00433416897431016
23068672,1830.792,eval/episode_reward/orient_std,3.5353586673736572
23068672,1830.792,eval/episode_reward/total_std,13.972762107849121
23068672,1830.792,eval/episode_state/forward_vel_std,11.196561813354492
23068672,1830.792,eval/episode_state/up_z_std,10.681815147399902
23068672,1830.792,eval/avg_episode_length,1000.0
23068672,1830.792,eval/std_episode_length,0.0
23068672,1830.792,eval/epoch_eval_time,5.9203009605407715
23068672,1830.792,eval/sps,5405.130619757726
24117248,1903.795,episode/sps,13282.6119013846
24117248,1903.795,episode/length,1000.0
24117248,1903.795,episode/reward/ctrl,-0.22986506372690202
24117248,1903.795,episode/reward/forward,661.4902691650391
24117248,1903.795,episode/reward/joint,-0.061372571662068366
24117248,1903.795,episode/reward/orient,-16.598221845030785
24117248,1903.795,episode/reward/total,644.6008673095703
24117248,1903.795,episode/state/forward_vel,31.12443383783102
24117248,1903.795,episode/state/up_z,952.9792179870606
24117248,1903.795,episode/sum_reward,644.6008673095703
24117248,1903.795,episode/entropy_loss,-0.11529936209321022
24117248,1903.795,episode/kl_mean,0.004131695888936519
24117248,1903.795,episode/learning_rate,0.0003000000142492354
24117248,1903.795,episode/policy_dist_max_loc,0.9414837491512299
24117248,1903.795,episode/policy_dist_max_std,1.260327979326248
24117248,1903.795,episode/policy_dist_mean_loc,-0.07319737248122692
24117248,1903.795,episode/policy_dist_mean_std,0.7248763197660446
24117248,1903.795,episode/policy_dist_min_loc,-1.1317640680074692
24117248,1903.795,episode/policy_dist_min_std,0.3955091255903244
24117248,1903.795,episode/policy_loss,-0.0017132334105554037
24117248,1903.795,episode/total_loss,2.46649377733469
24117248,1903.795,episode/v_loss,2.5835063755512238
1048576,119.563,episode/sps,9234.610448149651
1048576,119.563,episode/length,1000.0
1048576,119.563,episode/reward/ctrl,-0.23779312178492545
1048576,119.563,episode/reward/forward,618.2698297119141
1048576,119.563,episode/reward/joint,-0.07881750129163265
1048576,119.563,episode/reward/orient,-577.1382744991779
1048576,119.563,episode/reward/total,40.81499950408936
1048576,119.563,episode/state/forward_vel,-5.3809594352543355
1048576,119.563,episode/state/up_z,581.6705725097656
1048576,119.563,episode/sum_reward,40.81499950408936
1048576,119.563,episode/entropy_loss,-0.11553242273628711
1048576,119.563,episode/kl_mean,1.6615605413913728
1048576,119.563,episode/learning_rate,0.0003000000142492354
1048576,119.563,episode/policy_dist_max_loc,0.7946432423591614
1048576,119.563,episode/policy_dist_max_std,1.138478856086731
1048576,119.563,episode/policy_dist_mean_loc,0.00608435073401779
1048576,119.563,episode/policy_dist_mean_std,0.6964702469110489
1048576,119.563,episode/policy_dist_min_loc,-0.84449931204319
1048576,119.563,episode/policy_dist_min_std,0.4151760622859001
1048576,119.563,episode/policy_loss,0.28646695107221604
1048576,119.563,episode/total_loss,129.89862190246583
1048576,119.563,episode/v_loss,129.72768768310547
24117248,1912.725,eval/walltime,234.03804206848145
24117248,1912.725,training/sps,14361.402206959756
24117248,1912.725,training/walltime,1664.8347198963165
24117248,1912.725,training/entropy_loss,-0.1153424084186554
24117248,1912.725,training/kl_mean,0.003931752406060696
24117248,1912.725,training/learning_rate,0.0003000000142492354
24117248,1912.725,training/policy_dist_max_loc,0.9411407709121704
24117248,1912.725,training/policy_dist_max_std,1.2577621936798096
24117248,1912.725,training/policy_dist_mean_loc,-0.07118971645832062
24117248,1912.725,training/policy_dist_mean_std,0.7245219945907593
24117248,1912.725,training/policy_dist_min_loc,-1.1136507987976074
24117248,1912.725,training/policy_dist_min_std,0.39751946926116943
24117248,1912.725,training/policy_loss,-0.0014282787451520562
24117248,1912.725,training/total_loss,2.4271621704101562
24117248,1912.725,training/v_loss,2.5439329147338867
24117248,1912.725,eval/episode_reward,639.8553466796875
24117248,1912.725,eval/episode_reward/ctrl,-0.23068037629127502
24117248,1912.725,eval/episode_reward/forward,660.8146362304688
24117248,1912.725,eval/episode_reward/joint,-0.0623781755566597
24117248,1912.725,eval/episode_reward/orient,-20.666200637817383
24117248,1912.725,eval/episode_reward/total,639.8553466796875
24117248,1912.725,eval/episode_state/forward_vel,30.710899353027344
24117248,1912.725,eval/episode_state/up_z,951.0830078125
24117248,1912.725,eval/episode_reward_std,112.20201110839844
24117248,1912.725,eval/episode_reward/ctrl_std,0.0015505299670621753
24117248,1912.725,eval/episode_reward/forward_std,21.455209732055664
24117248,1912.725,eval/episode_reward/joint_std,0.004499148111790419
24117248,1912.725,eval/episode_reward/orient_std,100.53214263916016
24117248,1912.725,eval/episode_reward/total_std,112.20201110839844
24117248,1912.725,eval/episode_state/forward_vel_std,17.851795196533203
24117248,1912.725,eval/episode_state/up_z_std,60.089210510253906
24117248,1912.725,eval/avg_episode_length,1000.0
24117248,1912.725,eval/std_episode_length,0.0
24117248,1912.725,eval/epoch_eval_time,8.91101861000061
24117248,1912.725,eval/sps,3591.0597206123225
1048576,141.516,eval/walltime,43.8737633228302
1048576,141.516,training/sps,12190.759348309963
1048576,141.516,training/walltime,86.01400208473206
1048576,141.516,training/entropy_loss,-0.11554835736751556
1048576,141.516,training/kl_mean,1.6789302825927734
1048576,141.516,training/learning_rate,0.0003000000142492354
1048576,141.516,training/policy_dist_max_loc,0.7833470106124878
1048576,141.516,training/policy_dist_max_std,1.1357245445251465
1048576,141.516,training/policy_dist_mean_loc,0.005872112233191729
1048576,141.516,training/policy_dist_mean_std,0.696244478225708
1048576,141.516,training/policy_dist_min_loc,-0.8314838409423828
1048576,141.516,training/policy_dist_min_std,0.4176941215991974
1048576,141.516,training/policy_loss,0.2961318790912628
1048576,141.516,training/total_loss,127.41470336914062
1048576,141.516,training/v_loss,127.23412322998047
1048576,141.516,eval/episode_reward,-1033.83447265625
1048576,141.516,eval/episode_reward/ctrl,-0.22089655697345734
1048576,141.516,eval/episode_reward/forward,628.271240234375
1048576,141.516,eval/episode_reward/joint,-0.04465766251087189
1048576,141.516,eval/episode_reward/orient,-1661.840576171875
1048576,141.516,eval/episode_reward/total,-1033.83447265625
1048576,141.516,eval/episode_state/forward_vel,6.17637825012207
1048576,141.516,eval/episode_state/up_z,45.73100280761719
1048576,141.516,eval/episode_reward_std,1241.064208984375
1048576,141.516,eval/episode_reward/ctrl_std,0.0027348599396646023
1048576,141.516,eval/episode_reward/forward_std,22.429903030395508
1048576,141.516,eval/episode_reward/joint_std,0.007583161350339651
1048576,141.516,eval/episode_reward/orient_std,1243.64697265625
1048576,141.516,eval/episode_reward/total_std,1241.064208984375
1048576,141.516,eval/episode_state/forward_vel_std,20.13548469543457
1048576,141.516,eval/episode_state/up_z_std,585.8993530273438
1048576,141.516,eval/avg_episode_length,1000.0
1048576,141.516,eval/std_episode_length,0.0
1048576,141.516,eval/epoch_eval_time,21.93339776992798
1048576,141.516,eval/sps,1458.9622791537545
25165824,1975.632,episode/sps,14596.70219740696
25165824,1975.632,episode/length,1000.0
25165824,1975.632,episode/reward/ctrl,-0.23069025561213494
25165824,1975.632,episode/reward/forward,666.4039996337891
25165824,1975.632,episode/reward/joint,-0.06257993329316378
25165824,1975.632,episode/reward/orient,-3.3264179384708403
25165824,1975.632,episode/reward/total,662.7843328857422
25165824,1975.632,episode/state/forward_vel,36.0473668462038
25165824,1975.632,episode/state/up_z,959.9459539794922
25165824,1975.632,episode/sum_reward,662.7843328857422
25165824,1975.632,episode/entropy_loss,-0.11519050188362598
25165824,1975.632,episode/kl_mean,0.004003587777260691
25165824,1975.632,episode/learning_rate,0.0003000000142492354
25165824,1975.632,episode/policy_dist_max_loc,1.0611623275279998
25165824,1975.632,episode/policy_dist_max_std,1.2955075478553773
25165824,1975.632,episode/policy_dist_mean_loc,-0.07366988062858582
25165824,1975.632,episode/policy_dist_mean_std,0.7274576455354691
25165824,1975.632,episode/policy_dist_min_loc,-1.1380269289016725
25165824,1975.632,episode/policy_dist_min_std,0.36577233150601385
25165824,1975.632,episode/policy_loss,-0.0019022295443573967
25165824,1975.632,episode/total_loss,2.132761280238628
25165824,1975.632,episode/v_loss,2.249854030609131
25165824,1985.178,eval/walltime,243.5705051422119
25165824,1985.178,training/sps,16667.3012317786
25165824,1985.178,training/walltime,1727.7468845844269
25165824,1985.178,training/entropy_loss,-0.11522354930639267
25165824,1985.178,training/kl_mean,0.0034955667797476053
25165824,1985.178,training/learning_rate,0.0003000000142492354
25165824,1985.178,training/policy_dist_max_loc,1.0561513900756836
25165824,1985.178,training/policy_dist_max_std,1.2946105003356934
25165824,1985.178,training/policy_dist_mean_loc,-0.07364574074745178
25165824,1985.178,training/policy_dist_mean_std,0.7272151112556458
25165824,1985.178,training/policy_dist_min_loc,-1.1290838718414307
25165824,1985.178,training/policy_dist_min_std,0.3652130961418152
25165824,1985.178,training/policy_loss,-0.0015666673425585032
25165824,1985.178,training/total_loss,2.138988733291626
25165824,1985.178,training/v_loss,2.2557787895202637
25165824,1985.178,eval/episode_reward,671.3155517578125
25165824,1985.178,eval/episode_reward/ctrl,-0.23123009502887726
25165824,1985.178,eval/episode_reward/forward,674.574462890625
25165824,1985.178,eval/episode_reward/joint,-0.06318582594394684
25165824,1985.178,eval/episode_reward/orient,-2.964547872543335
25165824,1985.178,eval/episode_reward/total,671.3155517578125
25165824,1985.178,eval/episode_state/forward_vel,41.60342788696289
25165824,1985.178,eval/episode_state/up_z,959.6085205078125
25165824,1985.178,eval/episode_reward_std,16.49537467956543
25165824,1985.178,eval/episode_reward/ctrl_std,0.002119871322065592
25165824,1985.178,eval/episode_reward/forward_std,17.461008071899414
25165824,1985.178,eval/episode_reward/joint_std,0.0044844611547887325
25165824,1985.178,eval/episode_reward/orient_std,3.178393602371216
25165824,1985.178,eval/episode_reward/total_std,16.49537467956543
25165824,1985.178,eval/episode_state/forward_vel_std,16.048683166503906
25165824,1985.178,eval/episode_state/up_z_std,8.492342948913574
25165824,1985.178,eval/avg_episode_length,1000.0
25165824,1985.178,eval/std_episode_length,0.0
25165824,1985.178,eval/epoch_eval_time,9.532463073730469
25165824,1985.178,eval/sps,3356.9497990698223
2097152,212.999,episode/sps,11222.433627619526
2097152,212.999,episode/length,1000.0
2097152,212.999,episode/reward/ctrl,-0.22127452865242958
2097152,212.999,episode/reward/forward,621.8383062744141
2097152,212.999,episode/reward/joint,-0.04346833594143391
2097152,212.999,episode/reward/orient,-1645.065955581665
2097152,212.999,episode/reward/total,-1023.4923947143554
2097152,212.999,episode/state/forward_vel,-0.44465059369802473
2097152,212.999,episode/state/up_z,40.522945423126224
2097152,212.999,episode/sum_reward,-1023.4923947143554
2097152,212.999,episode/entropy_loss,-0.11562589086592197
2097152,212.999,episode/kl_mean,0.1087217815220356
2097152,212.999,episode/learning_rate,0.0003000000142492354
2097152,212.999,episode/policy_dist_max_loc,0.8125252604484559
2097152,212.999,episode/policy_dist_max_std,1.1474632787704468
2097152,212.999,episode/policy_dist_mean_loc,0.015312402890995145
2097152,212.999,episode/policy_dist_mean_std,0.6990671461820602
2097152,212.999,episode/policy_dist_min_loc,-0.8748512107133866
2097152,212.999,episode/policy_dist_min_std,0.41370621949434283
2097152,212.999,episode/policy_loss,0.05604178115725517
2097152,212.999,episode/total_loss,151.39966361999512
2097152,212.999,episode/v_loss,151.45924713134767
2097152,218.544,eval/walltime,49.404212951660156
2097152,218.544,training/sps,14667.885403764729
2097152,218.544,training/walltime,157.50187993049622
2097152,218.544,training/entropy_loss,-0.11562775075435638
2097152,218.544,training/kl_mean,0.11208781599998474
2097152,218.544,training/learning_rate,0.0003000000142492354
2097152,218.544,training/policy_dist_max_loc,0.8048256635665894
2097152,218.544,training/policy_dist_max_std,1.1450202465057373
2097152,218.544,training/policy_dist_mean_loc,0.015106482431292534
2097152,218.544,training/policy_dist_mean_std,0.6988760232925415
2097152,218.544,training/policy_dist_min_loc,-0.8660937547683716
2097152,218.544,training/policy_dist_min_std,0.4128597378730774
2097152,218.544,training/policy_loss,0.05868111550807953
2097152,218.544,training/total_loss,162.92788696289062
2097152,218.544,training/v_loss,162.98483276367188
2097152,218.544,eval/episode_reward,-989.0313720703125
2097152,218.544,eval/episode_reward/ctrl,-0.21867403388023376
2097152,218.544,eval/episode_reward/forward,622.0584106445312
2097152,218.544,eval/episode_reward/joint,-0.03571762889623642
2097152,218.544,eval/episode_reward/orient,-1610.83544921875
2097152,218.544,eval/episode_reward/total,-989.0313720703125
2097152,218.544,eval/episode_state/forward_vel,0.17786338925361633
2097152,218.544,eval/episode_state/up_z,74.30784606933594
2097152,218.544,eval/episode_reward_std,1357.656494140625
2097152,218.544,eval/episode_reward/ctrl_std,0.0015526582719758153
2097152,218.544,eval/episode_reward/forward_std,19.46635627746582
2097152,218.544,eval/episode_reward/joint_std,0.005556045100092888
2097152,218.544,eval/episode_reward/orient_std,1363.2176513671875
2097152,218.544,eval/episode_reward/total_std,1357.656494140625
2097152,218.544,eval/episode_state/forward_vel_std,15.928021430969238
2097152,218.544,eval/episode_state/up_z_std,658.90576171875
2097152,218.544,eval/avg_episode_length,1000.0
2097152,218.544,eval/std_episode_length,0.0
2097152,218.544,eval/epoch_eval_time,5.530449628829956
2097152,218.544,eval/sps,5786.147989339892
3145728,281.835,episode/sps,15232.794523080294
3145728,281.835,episode/length,1000.0
3145728,281.835,episode/reward/ctrl,-0.2184888942539692
3145728,281.835,episode/reward/forward,621.5107141113281
3145728,281.835,episode/reward/joint,-0.03566813593730331
3145728,281.835,episode/reward/orient,-1313.7134341335297
3145728,281.835,episode/reward/total,-692.4568849182128
3145728,281.835,episode/state/forward_vel,-0.283314321115613
3145728,281.835,episode/state/up_z,224.48628598213196
3145728,281.835,episode/sum_reward,-692.4568849182128
3145728,281.835,episode/entropy_loss,-0.11540593892335892
3145728,281.835,episode/kl_mean,0.005690644779242575
3145728,281.835,episode/learning_rate,0.0003000000142492354
3145728,281.835,episode/policy_dist_max_loc,0.8494619780778885
3145728,281.835,episode/policy_dist_max_std,1.1437304389476777
3145728,281.835,episode/policy_dist_mean_loc,0.013097009807825088
3145728,281.835,episode/policy_dist_mean_std,0.6994476372003555
3145728,281.835,episode/policy_dist_min_loc,-0.9775171244144439
3145728,281.835,episode/policy_dist_min_std,0.4128593924641609
3145728,281.835,episode/policy_loss,-0.0038622171524912118
3145728,281.835,episode/total_loss,130.2589944458008
3145728,281.835,episode/v_loss,130.37826271057128
3145728,290.016,eval/walltime,57.56405997276306
3145728,290.016,training/sps,16566.00824211591
3145728,290.016,training/walltime,220.79872155189514
3145728,290.016,training/entropy_loss,-0.11541281640529633
3145728,290.016,training/kl_mean,0.005662993993610144
3145728,290.016,training/learning_rate,0.0003000000142492354
3145728,290.016,training/policy_dist_max_loc,0.847460150718689
3145728,290.016,training/policy_dist_max_std,1.1443886756896973
3145728,290.016,training/policy_dist_mean_loc,0.013605504296720028
3145728,290.016,training/policy_dist_mean_std,0.6994433999061584
3145728,290.016,training/policy_dist_min_loc,-0.9757130146026611
3145728,290.016,training/policy_dist_min_std,0.41296088695526123
3145728,290.016,training/policy_loss,-0.0033645732328295708
3145728,290.016,training/total_loss,129.617919921875
3145728,290.016,training/v_loss,129.7366943359375
3145728,290.016,eval/episode_reward,-103.36087036132812
3145728,290.016,eval/episode_reward/ctrl,-0.21797186136245728
3145728,290.016,eval/episode_reward/forward,613.0552978515625
3145728,290.016,eval/episode_reward/joint,-0.03770652413368225
3145728,290.016,eval/episode_reward/orient,-716.1605224609375
3145728,290.016,eval/episode_reward/total,-103.36087036132812
3145728,290.016,eval/episode_state/forward_vel,-7.9106011390686035
3145728,290.016,eval/episode_state/up_z,538.3153076171875
3145728,290.016,eval/episode_reward_std,1236.7286376953125
3145728,290.016,eval/episode_reward/ctrl_std,0.0019246248994022608
3145728,290.016,eval/episode_reward/forward_std,22.802940368652344
3145728,290.016,eval/episode_reward/joint_std,0.006499051582068205
3145728,290.016,eval/episode_reward/orient_std,1240.508544921875
3145728,290.016,eval/episode_reward/total_std,1236.7286376953125
3145728,290.016,eval/episode_state/forward_vel_std,18.132959365844727
3145728,290.016,eval/episode_state/up_z_std,613.36083984375
3145728,290.016,eval/avg_episode_length,1000.0
3145728,290.016,eval/std_episode_length,0.0
3145728,290.016,eval/epoch_eval_time,8.159847021102905
3145728,290.016,eval/sps,3921.6421480993404
4194304,348.998,episode/sps,15612.426894817998
4194304,348.998,episode/length,1000.0
4194304,348.998,episode/reward/ctrl,-0.21834382638335229
4194304,348.998,episode/reward/forward,621.7396069335938
4194304,348.998,episode/reward/joint,-0.03711852626875043
4194304,348.998,episode/reward/orient,-882.4417343258858
4194304,348.998,episode/reward/total,-260.95751083374023
4194304,348.998,episode/state/forward_vel,-1.1889145811647177
4194304,348.998,episode/state/up_z,442.9727156829834
4194304,348.998,episode/sum_reward,-260.95751083374023
4194304,348.998,episode/entropy_loss,-0.1153151498734951
4194304,348.998,episode/kl_mean,0.003480562900658697
4194304,348.998,episode/learning_rate,0.0003000000142492354
4194304,348.998,episode/policy_dist_max_loc,0.9134818130731582
4194304,348.998,episode/policy_dist_max_std,1.1670922613143921
4194304,348.998,episode/policy_dist_mean_loc,0.005350207727169618
4194304,348.998,episode/policy_dist_mean_std,0.6993004167079926
4194304,348.998,episode/policy_dist_min_loc,-1.0402563005685805
4194304,348.998,episode/policy_dist_min_std,0.4051378706097603
4194304,348.998,episode/policy_loss,-0.004296523447846994
4194304,348.998,episode/total_loss,112.06985862731933
4194304,348.998,episode/v_loss,112.18947006225586
4194304,357.295,eval/walltime,65.846262216568
4194304,357.295,training/sps,17775.926266334624
4194304,357.295,training/walltime,279.78726506233215
4194304,357.295,training/entropy_loss,-0.11531279236078262
4194304,357.295,training/kl_mean,0.003135019913315773
4194304,357.295,training/learning_rate,0.0003000000142492354
4194304,357.295,training/policy_dist_max_loc,0.916628360748291
4194304,357.295,training/policy_dist_max_std,1.1668038368225098
4194304,357.295,training/policy_dist_mean_loc,0.006246171426028013
4194304,357.295,training/policy_dist_mean_std,0.6992747783660889
4194304,357.295,training/policy_dist_min_loc,-1.0353286266326904
4194304,357.295,training/policy_dist_min_std,0.4049557149410248
4194304,357.295,training/policy_loss,-0.0037205987609922886
4194304,357.295,training/total_loss,111.80718994140625
4194304,357.295,training/v_loss,111.92621612548828
4194304,357.295,eval/episode_reward,79.41007232666016
4194304,357.295,eval/episode_reward/ctrl,-0.21819323301315308
4194304,357.295,eval/episode_reward/forward,621.375732421875
4194304,357.295,eval/episode_reward/joint,-0.03806598111987114
4194304,357.295,eval/episode_reward/orient,-541.7095336914062
4194304,357.295,eval/episode_reward/total,79.41007232666016
4194304,357.295,eval/episode_state/forward_vel,-2.9856910705566406
4194304,357.295,eval/episode_state/up_z,616.417724609375
4194304,357.295,eval/episode_reward_std,1021.2616577148438
4194304,357.295,eval/episode_reward/ctrl_std,0.0018777885707095265
4194304,357.295,eval/episode_reward/forward_std,14.80681324005127
4194304,357.295,eval/episode_reward/joint_std,0.006888872943818569
4194304,357.295,eval/episode_reward/orient_std,1027.501220703125
4194304,357.295,eval/episode_reward/total_std,1021.2616577148438
4194304,357.295,eval/episode_state/forward_vel_std,12.784032821655273
4194304,357.295,eval/episode_state/up_z_std,528.64208984375
4194304,357.295,eval/avg_episode_length,1000.0
4194304,357.295,eval/std_episode_length,0.0
4194304,357.295,eval/epoch_eval_time,8.282202243804932
4194304,357.295,eval/sps,3863.7066637603457
5242880,427.926,episode/sps,13285.307095240385
5242880,427.926,episode/length,1000.0
5242880,427.926,episode/reward/ctrl,-0.21913739636540414
5242880,427.926,episode/reward/forward,618.9039453125
5242880,427.926,episode/reward/joint,-0.03911082811653614
5242880,427.926,episode/reward/orient,-353.47058829069135
5242880,427.926,episode/reward/total,265.1751727294922
5242880,427.926,episode/state/forward_vel,-4.269773611873388
5242880,427.926,episode/state/up_z,723.3024346923828
5242880,427.926,episode/sum_reward,265.1751727294922
5242880,427.926,episode/entropy_loss,-0.11517432935535908
5242880,427.926,episode/kl_mean,0.0039137052837759255
5242880,427.926,episode/learning_rate,0.0003000000142492354
5242880,427.926,episode/policy_dist_max_loc,0.9106185680627823
5242880,427.926,episode/policy_dist_max_std,1.181029841899872
5242880,427.926,episode/policy_dist_mean_loc,-0.003660119677806506
5242880,427.926,episode/policy_dist_mean_std,0.6998958551883697
5242880,427.926,episode/policy_dist_min_loc,-1.107156829237938
5242880,427.926,episode/policy_dist_min_std,0.39836997151374814
5242880,427.926,episode/policy_loss,-0.004222938638413325
5242880,427.926,episode/total_loss,75.70015117645264
5242880,427.926,episode/v_loss,75.81954864501954
5242880,435.768,eval/walltime,73.66499257087708
5242880,435.768,training/sps,14843.540097409921
5242880,435.768,training/walltime,350.42917346954346
5242880,435.768,training/entropy_loss,-0.11519048362970352
5242880,435.768,training/kl_mean,0.0033810711465775967
5242880,435.768,training/learning_rate,0.0003000000142492354
5242880,435.768,training/policy_dist_max_loc,0.9059373736381531
5242880,435.768,training/policy_dist_max_std,1.1797690391540527
5242880,435.768,training/policy_dist_mean_loc,-0.0025599272921681404
5242880,435.768,training/policy_dist_mean_std,0.6998382806777954
5242880,435.768,training/policy_dist_min_loc,-1.091408371925354
5242880,435.768,training/policy_dist_min_std,0.3994065225124359
5242880,435.768,training/policy_loss,-0.0035728784278035164
5242880,435.768,training/total_loss,75.6551513671875
5242880,435.768,training/v_loss,75.77391052246094
5242880,435.768,eval/episode_reward,603.2391967773438
5242880,435.768,eval/episode_reward/ctrl,-0.21943432092666626
5242880,435.768,eval/episode_reward/forward,613.6851806640625
5242880,435.768,eval/episode_reward/joint,-0.04099411889910698
5242880,435.768,eval/episode_reward/orient,-10.185516357421875
5242880,435.768,eval/episode_reward/total,603.2391967773438
5242880,435.768,eval/episode_state/forward_vel,-9.170055389404297
5242880,435.768,eval/episode_state/up_z,926.766357421875
5242880,435.768,eval/episode_reward_std,14.583056449890137
5242880,435.768,eval/episode_reward/ctrl_std,0.0021970157977193594
5242880,435.768,eval/episode_reward/forward_std,14.422529220581055
5242880,435.768,eval/episode_reward/joint_std,0.006544396281242371
5242880,435.768,eval/episode_reward/orient_std,5.753592014312744
5242880,435.768,eval/episode_reward/total_std,14.583056449890137
5242880,435.768,eval/episode_state/forward_vel_std,11.707145690917969
5242880,435.768,eval/episode_state/up_z_std,23.04969024658203
5242880,435.768,eval/avg_episode_length,1000.0
5242880,435.768,eval/std_episode_length,0.0
5242880,435.768,eval/epoch_eval_time,7.818730354309082
5242880,435.768,eval/sps,4092.736102910118
6291456,507.010,episode/sps,13259.057281554187
6291456,507.010,episode/length,1000.0
6291456,507.010,episode/reward/ctrl,-0.21945213705301284
6291456,507.010,episode/reward/forward,619.5313452148438
6291456,507.010,episode/reward/joint,-0.040704534500837324
6291456,507.010,episode/reward/orient,-119.55481171607971
6291456,507.010,episode/reward/total,499.7163562011719
6291456,507.010,episode/state/forward_vel,-4.707639741301537
6291456,507.010,episode/state/up_z,856.9056370925904
6291456,507.010,episode/sum_reward,499.7163562011719
6291456,507.010,episode/entropy_loss,-0.11510899171233177
6291456,507.010,episode/kl_mean,0.004771959965582937
6291456,507.010,episode/learning_rate,0.0003000000142492354
6291456,507.010,episode/policy_dist_max_loc,0.9025050503015518
6291456,507.010,episode/policy_dist_max_std,1.1809047055244446
6291456,507.010,episode/policy_dist_mean_loc,-0.013659105254337191
6291456,507.010,episode/policy_dist_mean_std,0.7013654774427414
6291456,507.010,episode/policy_dist_min_loc,-1.162467138171196
6291456,507.010,episode/policy_dist_min_std,0.39576908230781555
6291456,507.010,episode/policy_loss,-0.0037107854220084844
6291456,507.010,episode/total_loss,44.50681941986084
6291456,507.010,episode/v_loss,44.62563917160034
6291456,514.956,eval/walltime,81.5906331539154
6291456,514.956,training/sps,14716.368424904538
6291456,514.956,training/walltime,421.6815347671509
6291456,514.956,training/entropy_loss,-0.11512142419815063
6291456,514.956,training/kl_mean,0.004090763162821531
6291456,514.956,training/learning_rate,0.0003000000142492354
6291456,514.956,training/policy_dist_max_loc,0.9016878604888916
6291456,514.956,training/policy_dist_max_std,1.1797816753387451
6291456,514.956,training/policy_dist_mean_loc,-0.012282812036573887
6291456,514.956,training/policy_dist_mean_std,0.7012420296669006
6291456,514.956,training/policy_dist_min_loc,-1.1560333967208862
6291456,514.956,training/policy_dist_min_std,0.3957774043083191
6291456,514.956,training/policy_loss,-0.0031348662450909615
6291456,514.956,training/total_loss,44.69938659667969
6291456,514.956,training/v_loss,44.8176383972168
6291456,514.956,eval/episode_reward,452.8647766113281
6291456,514.956,eval/episode_reward/ctrl,-0.22076822817325592
6291456,514.956,eval/episode_reward/forward,620.0484619140625
6291456,514.956,eval/episode_reward/joint,-0.04416515678167343
6291456,514.956,eval/episode_reward/orient,-166.91864013671875
6291456,514.956,eval/episode_reward/total,452.8647766113281
6291456,514.956,eval/episode_state/forward_vel,-4.438202857971191
6291456,514.956,eval/episode_state/up_z,850.7465209960938
6291456,514.956,eval/episode_reward_std,660.5218505859375
6291456,514.956,eval/episode_reward/ctrl_std,0.0026642875745892525
6291456,514.956,eval/episode_reward/forward_std,12.952122688293457
6291456,514.956,eval/episode_reward/joint_std,0.005125724244862795
6291456,514.956,eval/episode_reward/orient_std,665.4871826171875
6291456,514.956,eval/episode_reward/total_std,660.5218505859375
6291456,514.956,eval/episode_state/forward_vel_std,10.438812255859375
6291456,514.956,eval/episode_state/up_z_std,340.97149658203125
6291456,514.956,eval/avg_episode_length,1000.0
6291456,514.956,eval/std_episode_length,0.0
6291456,514.956,eval/epoch_eval_time,7.92564058303833
6291456,514.956,eval/sps,4037.528533464314
7340032,586.607,episode/sps,13173.4304379359
7340032,586.607,episode/length,1000.0
7340032,586.607,episode/reward/ctrl,-0.22108668148517607
7340032,586.607,episode/reward/forward,617.0259497070313
7340032,586.607,episode/reward/joint,-0.04411215282976627
7340032,586.607,episode/reward/orient,-123.21016043424606
7340032,586.607,episode/reward/total,493.5506658935547
7340032,586.607,episode/state/forward_vel,-6.605719863474369
7340032,586.607,episode/state/up_z,872.0690344238282
7340032,586.607,episode/sum_reward,493.5506658935547
7340032,586.607,episode/entropy_loss,-0.1151674236357212
7340032,586.607,episode/kl_mean,0.00502438468625769
7340032,586.607,episode/learning_rate,0.0003000000142492354
7340032,586.607,episode/policy_dist_max_loc,0.9111659443378448
7340032,586.607,episode/policy_dist_max_std,1.1995491814613342
7340032,586.607,episode/policy_dist_mean_loc,-0.022169966138899325
7340032,586.607,episode/policy_dist_mean_std,0.7038832414150238
7340032,586.607,episode/policy_dist_min_loc,-1.2210598492622375
7340032,586.607,episode/policy_dist_min_std,0.3922229391336441
7340032,586.607,episode/policy_loss,-0.0035382771748118103
7340032,586.607,episode/total_loss,27.941037855148316
7340032,586.607,episode/v_loss,28.059743490219116
7340032,594.627,eval/walltime,89.59593200683594
7340032,594.627,training/sps,14633.233253470597
7340032,594.627,training/walltime,493.33869910240173
7340032,594.627,training/entropy_loss,-0.11518030613660812
7340032,594.627,training/kl_mean,0.0044044977985322475
7340032,594.627,training/learning_rate,0.0003000000142492354
7340032,594.627,training/policy_dist_max_loc,0.9052876234054565
7340032,594.627,training/policy_dist_max_std,1.19595205783844
7340032,594.627,training/policy_dist_mean_loc,-0.02103375270962715
7340032,594.627,training/policy_dist_mean_std,0.7036855816841125
7340032,594.627,training/policy_dist_min_loc,-1.214011549949646
7340032,594.627,training/policy_dist_min_std,0.3924596607685089
7340032,594.627,training/policy_loss,-0.0029541836120188236
7340032,594.627,training/total_loss,27.939865112304688
7340032,594.627,training/v_loss,28.05799674987793
7340032,594.627,eval/episode_reward,591.9400634765625
7340032,594.627,eval/episode_reward/ctrl,-0.2224884331226349
7340032,594.627,eval/episode_reward/forward,615.901611328125
7340032,594.627,eval/episode_reward/joint,-0.04820801690220833
7340032,594.627,eval/episode_reward/orient,-23.690731048583984
7340032,594.627,eval/episode_reward/total,591.9400634765625
7340032,594.627,eval/episode_state/forward_vel,-8.986825942993164
7340032,594.627,eval/episode_state/up_z,925.238037109375
7340032,594.627,eval/episode_reward_std,100.92727661132812
7340032,594.627,eval/episode_reward/ctrl_std,0.0018215045565739274
7340032,594.627,eval/episode_reward/forward_std,16.63155746459961
7340032,594.627,eval/episode_reward/joint_std,0.005150351673364639
7340032,594.627,eval/episode_reward/orient_std,98.88329315185547
7340032,594.627,eval/episode_reward/total_std,100.92727661132812
7340032,594.627,eval/episode_state/forward_vel_std,13.965895652770996
7340032,594.627,eval/episode_state/up_z_std,62.06028747558594
7340032,594.627,eval/avg_episode_length,1000.0
7340032,594.627,eval/std_episode_length,0.0
7340032,594.627,eval/epoch_eval_time,8.005298852920532
7340032,594.627,eval/sps,3997.352327243299
8388608,666.956,episode/sps,13050.274209255978
8388608,666.956,episode/length,1000.0
8388608,666.956,episode/reward/ctrl,-0.22266538292169571
8388608,666.956,episode/reward/forward,618.7082818603516
8388608,666.956,episode/reward/joint,-0.04756772045046091
8388608,666.956,episode/reward/orient,-161.58727265119552
8388608,666.956,episode/reward/total,456.85079467773437
8388608,666.956,episode/state/forward_vel,-5.648501870036125
8388608,666.956,episode/state/up_z,852.7156773376465
8388608,666.956,episode/sum_reward,456.85079467773437
8388608,666.956,episode/entropy_loss,-0.11511914342641831
8388608,666.956,episode/kl_mean,0.005417453260160982
8388608,666.956,episode/learning_rate,0.0003000000142492354
8388608,666.956,episode/policy_dist_max_loc,0.8790694880485534
8388608,666.956,episode/policy_dist_max_std,1.2323917686939239
8388608,666.956,episode/policy_dist_mean_loc,-0.034285706132650376
8388608,666.956,episode/policy_dist_mean_std,0.7077858150005341
8388608,666.956,episode/policy_dist_min_loc,-1.25096165060997
8388608,666.956,episode/policy_dist_min_std,0.38099383980035784
8388608,666.956,episode/policy_loss,-0.003052864563069306
8388608,666.956,episode/total_loss,17.85384232521057
8388608,666.956,episode/v_loss,17.97201430797577
8388608,675.048,eval/walltime,97.66804766654968
8388608,675.048,training/sps,14495.313462597862
8388608,675.048,training/walltime,565.6776659488678
8388608,675.048,training/entropy_loss,-0.11513487994670868
8388608,675.048,training/kl_mean,0.004819808527827263
8388608,675.048,training/learning_rate,0.0003000000142492354
8388608,675.048,training/policy_dist_max_loc,0.8855814337730408
8388608,675.048,training/policy_dist_max_std,1.2289543151855469
8388608,675.048,training/policy_dist_mean_loc,-0.03244286775588989
8388608,675.048,training/policy_dist_mean_std,0.7074919939041138
8388608,675.048,training/policy_dist_min_loc,-1.2456104755401611
8388608,675.048,training/policy_dist_min_std,0.38264238834381104
8388608,675.048,training/policy_loss,-0.0025436854921281338
8388608,675.048,training/total_loss,18.093524932861328
8388608,675.048,training/v_loss,18.21120262145996
8388608,675.048,eval/episode_reward,609.364990234375
8388608,675.048,eval/episode_reward/ctrl,-0.22490037977695465
8388608,675.048,eval/episode_reward/forward,616.7989501953125
8388608,675.048,eval/episode_reward/joint,-0.05292988568544388
8388608,675.048,eval/episode_reward/orient,-7.156136989593506
8388608,675.048,eval/episode_reward/total,609.364990234375
8388608,675.048,eval/episode_state/forward_vel,-7.718077659606934
8388608,675.048,eval/episode_state/up_z,927.248291015625
8388608,675.048,eval/episode_reward_std,16.65967559814453
8388608,675.048,eval/episode_reward/ctrl_std,0.0023941320832818747
8388608,675.048,eval/episode_reward/forward_std,16.597509384155273
8388608,675.048,eval/episode_reward/joint_std,0.005915448535233736
8388608,675.048,eval/episode_reward/orient_std,2.281982421875
8388608,675.048,eval/episode_reward/total_std,16.65967559814453
8388608,675.048,eval/episode_state/forward_vel_std,13.891862869262695
8388608,675.048,eval/episode_state/up_z_std,12.406363487243652
8388608,675.048,eval/avg_episode_length,1000.0
8388608,675.048,eval/std_episode_length,0.0
8388608,675.048,eval/epoch_eval_time,8.072115659713745
8388608,675.048,eval/sps,3964.2643080184494
9437184,747.791,episode/sps,12971.907918478288
9437184,747.791,episode/length,1000.0
9437184,747.791,episode/reward/ctrl,-0.22463841944932939
9437184,747.791,episode/reward/forward,618.824970703125
9437184,747.791,episode/reward/joint,-0.05204945106059313
9437184,747.791,episode/reward/orient,-7.138999662399292
9437184,747.791,episode/reward/total,611.4092315673828
9437184,747.791,episode/state/forward_vel,-5.576926991045475
9437184,747.791,episode/state/up_z,929.0143951416015
9437184,747.791,episode/sum_reward,611.4092315673828
9437184,747.791,episode/entropy_loss,-0.11506335988640785
9437184,747.791,episode/kl_mean,0.00563881694804877
9437184,747.791,episode/learning_rate,0.0003000000142492354
9437184,747.791,episode/policy_dist_max_loc,0.9262816256284714
9437184,747.791,episode/policy_dist_max_std,1.3054248511791229
9437184,747.791,episode/policy_dist_mean_loc,-0.04612336844205856
9437184,747.791,episode/policy_dist_mean_std,0.7126528018712998
9437184,747.791,episode/policy_dist_min_loc,-1.3265991389751435
9437184,747.791,episode/policy_dist_min_std,0.3588678893446922
9437184,747.791,episode/policy_loss,-0.0025381654972443358
9437184,747.791,episode/total_loss,6.674026807546616
9437184,747.791,episode/v_loss,6.791628356575966
9437184,755.829,eval/walltime,105.68721890449524
9437184,755.829,training/sps,14412.736584482866
9437184,755.829,training/walltime,638.4310944080353
9437184,755.829,training/entropy_loss,-0.11506327986717224
9437184,755.829,training/kl_mean,0.005239854101091623
9437184,755.829,training/learning_rate,0.0003000000142492354
9437184,755.829,training/policy_dist_max_loc,0.9197565317153931
9437184,755.829,training/policy_dist_max_std,1.2990483045578003
9437184,755.829,training/policy_dist_mean_loc,-0.04482680559158325
9437184,755.829,training/policy_dist_mean_std,0.7120856046676636
9437184,755.829,training/policy_dist_min_loc,-1.3165175914764404
9437184,755.829,training/policy_dist_min_std,0.361274391412735
9437184,755.829,training/policy_loss,-0.0021472633816301823
9437184,755.829,training/total_loss,6.892716407775879
9437184,755.829,training/v_loss,7.009926795959473
9437184,755.829,eval/episode_reward,608.261962890625
9437184,755.829,eval/episode_reward/ctrl,-0.22543370723724365
9437184,755.829,eval/episode_reward/forward,614.6597900390625
9437184,755.829,eval/episode_reward/joint,-0.053672097623348236
9437184,755.829,eval/episode_reward/orient,-6.118821144104004
9437184,755.829,eval/episode_reward/total,608.261962890625
9437184,755.829,eval/episode_state/forward_vel,-9.145105361938477
9437184,755.829,eval/episode_state/up_z,934.35107421875
9437184,755.829,eval/episode_reward_std,13.944134712219238
9437184,755.829,eval/episode_reward/ctrl_std,0.0022339296992868185
9437184,755.829,eval/episode_reward/forward_std,12.466944694519043
9437184,755.829,eval/episode_reward/joint_std,0.006864868104457855
9437184,755.829,eval/episode_reward/orient_std,3.9845759868621826
9437184,755.829,eval/episode_reward/total_std,13.944134712219238
9437184,755.829,eval/episode_state/forward_vel_std,10.361283302307129
9437184,755.829,eval/episode_state/up_z_std,17.54511833190918
9437184,755.829,eval/avg_episode_length,1000.0
9437184,755.829,eval/std_episode_length,0.0
9437184,755.829,eval/epoch_eval_time,8.019171237945557
9437184,755.829,eval/sps,3990.437297133728
10485760,828.897,episode/sps,12928.48417269622
10485760,828.897,episode/length,1000.0
10485760,828.897,episode/reward/ctrl,-0.2258147768676281
10485760,828.897,episode/reward/forward,617.2012707519531
10485760,828.897,episode/reward/joint,-0.05389120191335678
10485760,828.897,episode/reward/orient,-28.24968501329422
10485760,828.897,episode/reward/total,588.6719116210937
10485760,828.897,episode/state/forward_vel,-6.847842138260603
10485760,828.897,episode/state/up_z,923.0470600891114
10485760,828.897,episode/sum_reward,588.6719116210937
10485760,828.897,episode/entropy_loss,-0.11509899094700814
10485760,828.897,episode/kl_mean,0.005951837473548949
10485760,828.897,episode/learning_rate,0.0003000000142492354
10485760,828.897,episode/policy_dist_max_loc,0.9188234198093415
10485760,828.897,episode/policy_dist_max_std,1.2976217913627623
10485760,828.897,episode/policy_dist_mean_loc,-0.05642447840422392
10485760,828.897,episode/policy_dist_mean_std,0.714876521229744
10485760,828.897,episode/policy_dist_min_loc,-1.2735724830627442
10485760,828.897,episode/policy_dist_min_std,0.36449499905109406
10485760,828.897,episode/policy_loss,-0.00274544549145503
10485760,828.897,episode/total_loss,10.566338443756104
10485760,828.897,episode/v_loss,10.684182937145232
10485760,836.875,eval/walltime,113.65115237236023
10485760,836.875,training/sps,14349.66399107754
10485760,836.875,training/walltime,711.5043036937714
10485760,836.875,training/entropy_loss,-0.11511301249265671
10485760,836.875,training/kl_mean,0.005488173104822636
10485760,836.875,training/learning_rate,0.0003000000142492354
10485760,836.875,training/policy_dist_max_loc,0.9179668426513672
10485760,836.875,training/policy_dist_max_std,1.2921020984649658
10485760,836.875,training/policy_dist_mean_loc,-0.05498722940683365
10485760,836.875,training/policy_dist_mean_std,0.7144478559494019
10485760,836.875,training/policy_dist_min_loc,-1.2744526863098145
10485760,836.875,training/policy_dist_min_std,0.3643018305301666
10485760,836.875,training/policy_loss,-0.0022305254824459553
10485760,836.875,training/total_loss,10.475523948669434
10485760,836.875,training/v_loss,10.592866897583008
10485760,836.875,eval/episode_reward,608.1380004882812
10485760,836.875,eval/episode_reward/ctrl,-0.22704847157001495
10485760,836.875,eval/episode_reward/forward,615.1699829101562
10485760,836.875,eval/episode_reward/joint,-0.05536918714642525
10485760,836.875,eval/episode_reward/orient,-6.749607563018799
10485760,836.875,eval/episode_reward/total,608.1380004882812
10485760,836.875,eval/episode_state/forward_vel,-7.846200466156006
10485760,836.875,eval/episode_state/up_z,930.40625
10485760,836.875,eval/episode_reward_std,20.55463981628418
10485760,836.875,eval/episode_reward/ctrl_std,0.002468588063493371
10485760,836.875,eval/episode_reward/forward_std,19.92935562133789
10485760,836.875,eval/episode_reward/joint_std,0.007466321811079979
10485760,836.875,eval/episode_reward/orient_std,2.5344555377960205
10485760,836.875,eval/episode_reward/total_std,20.55463981628418
10485760,836.875,eval/episode_state/forward_vel_std,16.57838249206543
10485760,836.875,eval/episode_state/up_z_std,15.130647659301758
10485760,836.875,eval/avg_episode_length,1000.0
10485760,836.875,eval/std_episode_length,0.0
10485760,836.875,eval/epoch_eval_time,7.96393346786499
10485760,836.875,eval/sps,4018.1149339233134
11534336,910.073,episode/sps,12917.223023794926
11534336,910.073,episode/length,1000.0
11534336,910.073,episode/reward/ctrl,-0.22721254587173462
11534336,910.073,episode/reward/forward,615.0653588867187
11534336,910.073,episode/reward/joint,-0.054098303131759166
11534336,910.073,episode/reward/orient,-45.71811946868897
11534336,910.073,episode/reward/total,569.0659246826172
11534336,910.073,episode/state/forward_vel,-8.53949193712324
11534336,910.073,episode/state/up_z,912.3685458374024
11534336,910.073,episode/sum_reward,569.0659246826172
11534336,910.073,episode/entropy_loss,-0.11513980895280838
11534336,910.073,episode/kl_mean,0.007614211929030716
11534336,910.073,episode/learning_rate,0.0003000000142492354
11534336,910.073,episode/policy_dist_max_loc,0.9294500076770782
11534336,910.073,episode/policy_dist_max_std,1.3494866931438445
11534336,910.073,episode/policy_dist_mean_loc,-0.06741055056452751
11534336,910.073,episode/policy_dist_mean_std,0.7175105834007263
11534336,910.073,episode/policy_dist_min_loc,-1.359979318380356
11534336,910.073,episode/policy_dist_min_std,0.34120592147111894
11534336,910.073,episode/policy_loss,-0.0037986614531837406
11534336,910.073,episode/total_loss,9.834170946478844
11534336,910.073,episode/v_loss,9.953109468221664
11534336,917.758,eval/walltime,121.31675624847412
11534336,917.758,training/sps,14324.118521792527
11534336,917.758,training/walltime,784.7078309059143
11534336,917.758,training/entropy_loss,-0.11516949534416199
11534336,917.758,training/kl_mean,0.006977336946874857
11534336,917.758,training/learning_rate,0.0003000000142492354
11534336,917.758,training/policy_dist_max_loc,0.9294896125793457
11534336,917.758,training/policy_dist_max_std,1.3491933345794678
11534336,917.758,training/policy_dist_mean_loc,-0.06546519696712494
11534336,917.758,training/policy_dist_mean_std,0.717238187789917
11534336,917.758,training/policy_dist_min_loc,-1.3588788509368896
11534336,917.758,training/policy_dist_min_std,0.3428236246109009
11534336,917.758,training/policy_loss,-0.00319260754622519
11534336,917.758,training/total_loss,9.773452758789062
11534336,917.758,training/v_loss,9.891813278198242
11534336,917.758,eval/episode_reward,513.2386474609375
11534336,917.758,eval/episode_reward/ctrl,-0.22667652368545532
11534336,917.758,eval/episode_reward/forward,628.4099731445312
11534336,917.758,eval/episode_reward/joint,-0.051794614642858505
11534336,917.758,eval/episode_reward/orient,-114.89283752441406
11534336,917.758,eval/episode_reward/total,513.2386474609375
11534336,917.758,eval/episode_state/forward_vel,3.7945797443389893
11534336,917.758,eval/episode_state/up_z,897.48583984375
11534336,917.758,eval/episode_reward_std,625.4012451171875
11534336,917.758,eval/episode_reward/ctrl_std,0.002276721177622676
11534336,917.758,eval/episode_reward/forward_std,17.44369888305664
11534336,917.758,eval/episode_reward/joint_std,0.006675309501588345
11534336,917.758,eval/episode_reward/orient_std,618.1891479492188
11534336,917.758,eval/episode_reward/total_std,625.4012451171875
11534336,917.758,eval/episode_state/forward_vel_std,13.628070831298828
11534336,917.758,eval/episode_state/up_z_std,313.8305969238281
11534336,917.758,eval/avg_episode_length,1000.0
11534336,917.758,eval/std_episode_length,0.0
11534336,917.758,eval/epoch_eval_time,7.665603876113892
11534336,917.758,eval/sps,4174.491731788067
12582912,990.944,episode/sps,12966.120347391185
12582912,990.944,episode/length,1000.0
12582912,990.944,episode/reward/ctrl,-0.22647902950644494
12582912,990.944,episode/reward/forward,622.6613409423828
12582912,990.944,episode/reward/joint,-0.05167081207036972
12582912,990.944,episode/reward/orient,-142.10111977279186
12582912,990.944,episode/reward/total,480.2820735549927
12582912,990.944,episode/state/forward_vel,-1.0275636893510818
12582912,990.944,episode/state/up_z,877.9599143218994
12582912,990.944,episode/sum_reward,480.2820735549927
12582912,990.944,episode/entropy_loss,-0.1155816562473774
12582912,990.944,episode/kl_mean,0.0059994845651090145
12582912,990.944,episode/learning_rate,0.0003000000142492354
12582912,990.944,episode/policy_dist_max_loc,0.8213004976511001
12582912,990.944,episode/policy_dist_max_std,1.283880399465561
12582912,990.944,episode/policy_dist_mean_loc,-0.06901611261069775
12582912,990.944,episode/policy_dist_mean_std,0.7189133387804031
12582912,990.944,episode/policy_dist_min_loc,-1.189213502407074
12582912,990.944,episode/policy_dist_min_std,0.37229799628257754
12582912,990.944,episode/policy_loss,-0.0020414762137806975
12582912,990.944,episode/total_loss,7.9882487565279
12582912,990.944,episode/v_loss,8.105871844291688
12582912,998.461,eval/walltime,128.8201608657837
12582912,998.461,training/sps,14326.557049176896
12582912,998.461,training/walltime,857.8988981246948
12582912,998.461,training/entropy_loss,-0.11558222770690918
12582912,998.461,training/kl_mean,0.0059433369897305965
12582912,998.461,training/learning_rate,0.0003000000142492354
12582912,998.461,training/policy_dist_max_loc,0.8191673755645752
12582912,998.461,training/policy_dist_max_std,1.2776446342468262
12582912,998.461,training/policy_dist_mean_loc,-0.0683717280626297
12582912,998.461,training/policy_dist_mean_std,0.7185404896736145
12582912,998.461,training/policy_dist_min_loc,-1.1839656829833984
12582912,998.461,training/policy_dist_min_std,0.3736864924430847
12582912,998.461,training/policy_loss,-0.001761900493875146
12582912,998.461,training/total_loss,7.998188495635986
12582912,998.461,training/v_loss,8.115532875061035
12582912,998.461,eval/episode_reward,506.269287109375
12582912,998.461,eval/episode_reward/ctrl,-0.22693711519241333
12582912,998.461,eval/episode_reward/forward,632.2158203125
12582912,998.461,eval/episode_reward/joint,-0.05300630256533623
12582912,998.461,eval/episode_reward/orient,-125.66644287109375
12582912,998.461,eval/episode_reward/total,506.269287109375
12582912,998.461,eval/episode_state/forward_vel,7.07423210144043
12582912,998.461,eval/episode_state/up_z,908.3267211914062
12582912,998.461,eval/episode_reward_std,576.1671752929688
12582912,998.461,eval/episode_reward/ctrl_std,0.0022831785026937723
12582912,998.461,eval/episode_reward/forward_std,13.816822052001953
12582912,998.461,eval/episode_reward/joint_std,0.004426858853548765
12582912,998.461,eval/episode_reward/orient_std,574.3652954101562
12582912,998.461,eval/episode_reward/total_std,576.1671752929688
12582912,998.461,eval/episode_state/forward_vel_std,12.681060791015625
12582912,998.461,eval/episode_state/up_z_std,295.84893798828125
12582912,998.461,eval/avg_episode_length,1000.0
12582912,998.461,eval/std_episode_length,0.0
12582912,998.461,eval/epoch_eval_time,7.50340461730957
12582912,998.461,eval/sps,4264.730696539988
13631488,1072.198,episode/sps,12904.90867887987
13631488,1072.198,episode/length,1000.0
13631488,1072.198,episode/reward/ctrl,-0.22732221245765685
13631488,1072.198,episode/reward/forward,630.1924206542968
13631488,1072.198,episode/reward/joint,-0.05399238716810942
13631488,1072.198,episode/reward/orient,-16.28051920339465
13631488,1072.198,episode/reward/total,613.6305651855469
13631488,1072.198,episode/state/forward_vel,5.231260040104389
13631488,1072.198,episode/state/up_z,964.2951588439942
13631488,1072.198,episode/sum_reward,613.6305651855469
13631488,1072.198,episode/entropy_loss,-0.11554269567131996
13631488,1072.198,episode/kl_mean,0.005246017258614301
13631488,1072.198,episode/learning_rate,0.0003000000142492354
13631488,1072.198,episode/policy_dist_max_loc,0.8503109902143479
13631488,1072.198,episode/policy_dist_max_std,1.2427145767211913
13631488,1072.198,episode/policy_dist_mean_loc,-0.07170087516307831
13631488,1072.198,episode/policy_dist_mean_std,0.7197162902355194
13631488,1072.198,episode/policy_dist_min_loc,-1.2192506039142608
13631488,1072.198,episode/policy_dist_min_std,0.39300488114356996
13631488,1072.198,episode/policy_loss,-0.001770043853612151
13631488,1072.198,episode/total_loss,4.392107884585857
13631488,1072.198,episode/v_loss,4.509420590400696
13631488,1079.665,eval/walltime,136.2659661769867
13631488,1079.665,training/sps,14218.292911239205
13631488,1079.665,training/walltime,931.6472733020782
13631488,1079.665,training/entropy_loss,-0.11555390059947968
13631488,1079.665,training/kl_mean,0.005277486518025398
13631488,1079.665,training/learning_rate,0.0003000000142492354
13631488,1079.665,training/policy_dist_max_loc,0.8379448056221008
13631488,1079.665,training/policy_dist_max_std,1.2395273447036743
13631488,1079.665,training/policy_dist_mean_loc,-0.071500763297081
13631488,1079.665,training/policy_dist_mean_std,0.7194072008132935
13631488,1079.665,training/policy_dist_min_loc,-1.2205321788787842
13631488,1079.665,training/policy_dist_min_std,0.39446544647216797
13631488,1079.665,training/policy_loss,-0.0014228832442313433
13631488,1079.665,training/total_loss,4.4593305587768555
13631488,1079.665,training/v_loss,4.57630729675293
13631488,1079.665,eval/episode_reward,625.3935546875
13631488,1079.665,eval/episode_reward/ctrl,-0.22817808389663696
13631488,1079.665,eval/episode_reward/forward,627.8873291015625
13631488,1079.665,eval/episode_reward/joint,-0.05452244356274605
13631488,1079.665,eval/episode_reward/orient,-2.2112174034118652
13631488,1079.665,eval/episode_reward/total,625.3935546875
13631488,1079.665,eval/episode_state/forward_vel,3.5619919300079346
13631488,1079.665,eval/episode_state/up_z,974.2503662109375
13631488,1079.665,eval/episode_reward_std,15.073884963989258
13631488,1079.665,eval/episode_reward/ctrl_std,0.0019500983180478215
13631488,1079.665,eval/episode_reward/forward_std,14.661944389343262
13631488,1079.665,eval/episode_reward/joint_std,0.004791007377207279
13631488,1079.665,eval/episode_reward/orient_std,2.3871922492980957
13631488,1079.665,eval/episode_reward/total_std,15.073884963989258
13631488,1079.665,eval/episode_state/forward_vel_std,12.014643669128418
13631488,1079.665,eval/episode_state/up_z_std,10.91837215423584
13631488,1079.665,eval/avg_episode_length,1000.0
13631488,1079.665,eval/std_episode_length,0.0
13631488,1079.665,eval/epoch_eval_time,7.445805311203003
13631488,1079.665,eval/sps,4297.721826254658
14680064,1153.704,episode/sps,12864.961271828453
14680064,1153.704,episode/length,1000.0
14680064,1153.704,episode/reward/ctrl,-0.2271756449341774
14680064,1153.704,episode/reward/forward,626.4400109863282
14680064,1153.704,episode/reward/joint,-0.05510523598641157
14680064,1153.704,episode/reward/orient,-77.35206149995327
14680064,1153.704,episode/reward/total,548.8056884765625
14680064,1153.704,episode/state/forward_vel,2.3615052537620067
14680064,1153.704,episode/state/up_z,936.3957084655761
14680064,1153.704,episode/sum_reward,548.8056884765625
14680064,1153.704,episode/entropy_loss,-0.11574868574738502
14680064,1153.704,episode/kl_mean,0.005819813800044358
14680064,1153.704,episode/learning_rate,0.0003000000142492354
14680064,1153.704,episode/policy_dist_max_loc,0.8295401901006698
14680064,1153.704,episode/policy_dist_max_std,1.2007542192935943
14680064,1153.704,episode/policy_dist_mean_loc,-0.07316759586334229
14680064,1153.704,episode/policy_dist_mean_std,0.7214821875095367
14680064,1153.704,episode/policy_dist_min_loc,-1.074721839427948
14680064,1153.704,episode/policy_dist_min_std,0.41799545019865036
14680064,1153.704,episode/policy_loss,-0.0023702557891374454
14680064,1153.704,episode/total_loss,6.222578032612801
14680064,1153.704,episode/v_loss,6.340696991682052
14680064,1161.153,eval/walltime,143.70028829574585
14680064,1161.153,training/sps,14161.254786163709
14680064,1161.153,training/walltime,1005.6926891803741
14680064,1161.153,training/entropy_loss,-0.11573892831802368
14680064,1161.153,training/kl_mean,0.0053492346778512
14680064,1161.153,training/learning_rate,0.0003000000142492354
14680064,1161.153,training/policy_dist_max_loc,0.8250515460968018
14680064,1161.153,training/policy_dist_max_std,1.2004868984222412
14680064,1161.153,training/policy_dist_mean_loc,-0.07217085361480713
14680064,1161.153,training/policy_dist_mean_std,0.7210831642150879
14680064,1161.153,training/policy_dist_min_loc,-1.088226079940796
14680064,1161.153,training/policy_dist_min_std,0.4182632565498352
14680064,1161.153,training/policy_loss,-0.001844960730522871
14680064,1161.153,training/total_loss,6.221307754516602
14680064,1161.153,training/v_loss,6.338891506195068
14680064,1161.153,eval/episode_reward,629.2989501953125
14680064,1161.153,eval/episode_reward/ctrl,-0.2293231040239334
14680064,1161.153,eval/episode_reward/forward,630.7373046875
14680064,1161.153,eval/episode_reward/joint,-0.058680493384599686
14680064,1161.153,eval/episode_reward/orient,-1.1504935026168823
14680064,1161.153,eval/episode_reward/total,629.2989501953125
14680064,1161.153,eval/episode_state/forward_vel,5.453269004821777
14680064,1161.153,eval/episode_state/up_z,982.711669921875
14680064,1161.153,eval/episode_reward_std,11.303203582763672
14680064,1161.153,eval/episode_reward/ctrl_std,0.0016171892639249563
14680064,1161.153,eval/episode_reward/forward_std,11.25646686553955
14680064,1161.153,eval/episode_reward/joint_std,0.0055118887685239315
14680064,1161.153,eval/episode_reward/orient_std,1.1516249179840088
14680064,1161.153,eval/episode_reward/total_std,11.303203582763672
14680064,1161.153,eval/episode_state/forward_vel_std,9.360511779785156
14680064,1161.153,eval/episode_state/up_z_std,4.758453369140625
14680064,1161.153,eval/avg_episode_length,1000.0
14680064,1161.153,eval/std_episode_length,0.0
14680064,1161.153,eval/epoch_eval_time,7.434322118759155
14680064,1161.153,eval/sps,4304.360167452772
15728640,1235.800,episode/sps,12772.548166484034
15728640,1235.800,episode/length,1000.0
15728640,1235.800,episode/reward/ctrl,-0.22893841922283173
15728640,1235.800,episode/reward/forward,632.5919396972656
15728640,1235.800,episode/reward/joint,-0.05853405799716711
15728640,1235.800,episode/reward/orient,-19.63223059862852
15728640,1235.800,episode/reward/total,612.6721686172485
15728640,1235.800,episode/state/forward_vel,7.142802637964487
15728640,1235.800,episode/state/up_z,970.0835250854492
15728640,1235.800,episode/sum_reward,612.6721686172485
15728640,1235.800,episode/entropy_loss,-0.11546344161033631
15728640,1235.800,episode/kl_mean,0.0048604489350691435
15728640,1235.800,episode/learning_rate,0.0003000000142492354
15728640,1235.800,episode/policy_dist_max_loc,0.8894535100460053
15728640,1235.800,episode/policy_dist_max_std,1.2495799195766448
15728640,1235.800,episode/policy_dist_mean_loc,-0.07980783089995384
15728640,1235.800,episode/policy_dist_mean_std,0.7232620507478714
15728640,1235.800,episode/policy_dist_min_loc,-1.1152834820747375
15728640,1235.800,episode/policy_dist_min_std,0.416022344827652
15728640,1235.800,episode/policy_loss,-0.0017852619757468347
15728640,1235.800,episode/total_loss,5.478275987505913
15728640,1235.800,episode/v_loss,5.5955246776342396
15728640,1243.193,eval/walltime,151.07240843772888
15728640,1243.193,training/sps,14044.855309754204
15728640,1243.193,training/walltime,1080.3517708778381
15728640,1243.193,training/entropy_loss,-0.11548630148172379
15728640,1243.193,training/kl_mean,0.004726621322333813
15728640,1243.193,training/learning_rate,0.0003000000142492354
15728640,1243.193,training/policy_dist_max_loc,0.8893026113510132
15728640,1243.193,training/policy_dist_max_std,1.2473564147949219
15728640,1243.193,training/policy_dist_mean_loc,-0.07978484034538269
15728640,1243.193,training/policy_dist_mean_std,0.7229140996932983
15728640,1243.193,training/policy_dist_min_loc,-1.1106964349746704
15728640,1243.193,training/policy_dist_min_std,0.41446006298065186
15728640,1243.193,training/policy_loss,-0.0015216937754303217
15728640,1243.193,training/total_loss,5.6726884841918945
15728640,1243.193,training/v_loss,5.78969669342041
15728640,1243.193,eval/episode_reward,630.4627075195312
15728640,1243.193,eval/episode_reward/ctrl,-0.2297576516866684
15728640,1243.193,eval/episode_reward/forward,632.2062377929688
15728640,1243.193,eval/episode_reward/joint,-0.0571008026599884
15728640,1243.193,eval/episode_reward/orient,-1.4567444324493408
15728640,1243.193,eval/episode_reward/total,630.4627075195312
15728640,1243.193,eval/episode_state/forward_vel,5.8431572914123535
15728640,1243.193,eval/episode_state/up_z,977.5284423828125
15728640,1243.193,eval/episode_reward_std,14.965814590454102
15728640,1243.193,eval/episode_reward/ctrl_std,0.0018808500608429313
15728640,1243.193,eval/episode_reward/forward_std,14.728103637695312
15728640,1243.193,eval/episode_reward/joint_std,0.0056012351997196674
15728640,1243.193,eval/episode_reward/orient_std,1.0706422328948975
15728640,1243.193,eval/episode_reward/total_std,14.965814590454102
15728640,1243.193,eval/episode_state/forward_vel_std,12.790755271911621
15728640,1243.193,eval/episode_state/up_z_std,6.205594539642334
15728640,1243.193,eval/avg_episode_length,1000.0
15728640,1243.193,eval/std_episode_length,0.0
15728640,1243.193,eval/epoch_eval_time,7.372120141983032
15728640,1243.193,eval/sps,4340.678038840574
16777216,1317.911,episode/sps,12770.319471652505
16777216,1317.911,episode/length,1000.0
16777216,1317.911,episode/reward/ctrl,-0.22958329945802688
16777216,1317.911,episode/reward/forward,633.8042266845703
16777216,1317.911,episode/reward/joint,-0.057739130184054376
16777216,1317.911,episode/reward/orient,-14.714485129117966
16777216,1317.911,episode/reward/total,618.8023609924317
16777216,1317.911,episode/state/forward_vel,8.047449094057082
16777216,1317.911,episode/state/up_z,971.496584777832
16777216,1317.911,episode/sum_reward,618.8023609924317
16777216,1317.911,episode/entropy_loss,-0.11555992990732193
16777216,1317.911,episode/kl_mean,0.004911951960530132
16777216,1317.911,episode/learning_rate,0.0003000000142492354
16777216,1317.911,episode/policy_dist_max_loc,0.9414308571815491
16777216,1317.911,episode/policy_dist_max_std,1.2868077838420868
16777216,1317.911,episode/policy_dist_mean_loc,-0.0784650644659996
16777216,1317.911,episode/policy_dist_mean_std,0.7250886309146881
16777216,1317.911,episode/policy_dist_min_loc,-1.1927661204338074
16777216,1317.911,episode/policy_dist_min_std,0.397936087846756
16777216,1317.911,episode/policy_loss,-0.001814121668721782
16777216,1317.911,episode/total_loss,4.34807209700346
16777216,1317.911,episode/v_loss,4.465446157455444
16777216,1325.170,eval/walltime,158.31693530082703
16777216,1325.170,training/sps,14032.81061401981
16777216,1325.170,training/walltime,1155.0749342441559
16777216,1325.170,training/entropy_loss,-0.11557962000370026
16777216,1325.170,training/kl_mean,0.0046022506430745125
16777216,1325.170,training/learning_rate,0.0003000000142492354
16777216,1325.170,training/policy_dist_max_loc,0.9397023916244507
16777216,1325.170,training/policy_dist_max_std,1.287426471710205
16777216,1325.170,training/policy_dist_mean_loc,-0.0778995230793953
16777216,1325.170,training/policy_dist_mean_std,0.724770724773407
16777216,1325.170,training/policy_dist_min_loc,-1.191584825515747
16777216,1325.170,training/policy_dist_min_std,0.39989137649536133
16777216,1325.170,training/policy_loss,-0.0014996057143434882
16777216,1325.170,training/total_loss,4.361991882324219
16777216,1325.170,training/v_loss,4.479071140289307
16777216,1325.170,eval/episode_reward,638.9388427734375
16777216,1325.170,eval/episode_reward/ctrl,-0.23129379749298096
16777216,1325.170,eval/episode_reward/forward,641.0693359375
16777216,1325.170,eval/episode_reward/joint,-0.05881856381893158
16777216,1325.170,eval/episode_reward/orient,-1.8402265310287476
16777216,1325.170,eval/episode_reward/total,638.9388427734375
16777216,1325.170,eval/episode_state/forward_vel,13.276846885681152
16777216,1325.170,eval/episode_state/up_z,973.26513671875
16777216,1325.170,eval/episode_reward_std,16.244165420532227
16777216,1325.170,eval/episode_reward/ctrl_std,0.002097958466038108
16777216,1325.170,eval/episode_reward/forward_std,15.760795593261719
16777216,1325.170,eval/episode_reward/joint_std,0.005650375038385391
16777216,1325.170,eval/episode_reward/orient_std,1.4227157831192017
16777216,1325.170,eval/episode_reward/total_std,16.244165420532227
16777216,1325.170,eval/episode_state/forward_vel_std,13.466375350952148
16777216,1325.170,eval/episode_state/up_z_std,8.754950523376465
16777216,1325.170,eval/avg_episode_length,1000.0
16777216,1325.170,eval/std_episode_length,0.0
16777216,1325.170,eval/epoch_eval_time,7.2445268630981445
16777216,1325.170,eval/sps,4417.1276612970005
17825792,1400.090,episode/sps,12759.618013247591
17825792,1400.090,episode/length,1000.0
17825792,1400.090,episode/reward/ctrl,-0.23128280341625213
17825792,1400.090,episode/reward/forward,642.6169891357422
17825792,1400.090,episode/reward/joint,-0.059518798664212225
17825792,1400.090,episode/reward/orient,-12.250520237088203
17825792,1400.090,episode/reward/total,630.0756475830078
17825792,1400.090,episode/state/forward_vel,15.404471321702003
17825792,1400.090,episode/state/up_z,969.2237619018555
17825792,1400.090,episode/sum_reward,630.0756475830078
17825792,1400.090,episode/entropy_loss,-0.11550039388239383
17825792,1400.090,episode/kl_mean,0.005754770706407726
17825792,1400.090,episode/learning_rate,0.0003000000142492354
17825792,1400.090,episode/policy_dist_max_loc,0.9710632127523422
17825792,1400.090,episode/policy_dist_max_std,1.2477287757396698
17825792,1400.090,episode/policy_dist_mean_loc,-0.07618566386401654
17825792,1400.090,episode/policy_dist_mean_std,0.7290790259838105
17825792,1400.090,episode/policy_dist_min_loc,-1.1205021041631698
17825792,1400.090,episode/policy_dist_min_std,0.4078654319047928
17825792,1400.090,episode/policy_loss,-0.0026357123561319895
17825792,1400.090,episode/total_loss,3.2347293359041216
17825792,1400.090,episode/v_loss,3.3528654408454894
17825792,1407.296,eval/walltime,165.50463819503784
17825792,1407.296,training/sps,13994.078464515438
17825792,1407.296,training/walltime,1230.004912853241
17825792,1407.296,training/entropy_loss,-0.11551633477210999
17825792,1407.296,training/kl_mean,0.005348273552954197
17825792,1407.296,training/learning_rate,0.0003000000142492354
17825792,1407.296,training/policy_dist_max_loc,0.969118595123291
17825792,1407.296,training/policy_dist_max_std,1.2495150566101074
17825792,1407.296,training/policy_dist_mean_loc,-0.07672119140625
17825792,1407.296,training/policy_dist_mean_std,0.7288720607757568
17825792,1407.296,training/policy_dist_min_loc,-1.1212060451507568
17825792,1407.296,training/policy_dist_min_std,0.40855032205581665
17825792,1407.296,training/policy_loss,-0.0021565924398601055
17825792,1407.296,training/total_loss,3.1978747844696045
17825792,1407.296,training/v_loss,3.3155477046966553
17825792,1407.296,eval/episode_reward,642.966552734375
17825792,1407.296,eval/episode_reward/ctrl,-0.2303173989057541
17825792,1407.296,eval/episode_reward/forward,646.1154174804688
17825792,1407.296,eval/episode_reward/joint,-0.058895885944366455
17825792,1407.296,eval/episode_reward/orient,-2.859694242477417
17825792,1407.296,eval/episode_reward/total,642.966552734375
17825792,1407.296,eval/episode_state/forward_vel,17.98847007751465
17825792,1407.296,eval/episode_state/up_z,958.4255981445312
17825792,1407.296,eval/episode_reward_std,19.43321418762207
17825792,1407.296,eval/episode_reward/ctrl_std,0.002074942458420992
17825792,1407.296,eval/episode_reward/forward_std,19.296024322509766
17825792,1407.296,eval/episode_reward/joint_std,0.007651490159332752
17825792,1407.296,eval/episode_reward/orient_std,1.5226960182189941
17825792,1407.296,eval/episode_reward/total_std,19.43321418762207
17825792,1407.296,eval/episode_state/forward_vel_std,16.879228591918945
17825792,1407.296,eval/episode_state/up_z_std,12.686457633972168
17825792,1407.296,eval/avg_episode_length,1000.0
17825792,1407.296,eval/std_episode_length,0.0
17825792,1407.296,eval/epoch_eval_time,7.187702894210815
17825792,1407.296,eval/sps,4452.048237243324
18874368,1482.251,episode/sps,12762.342395425445
18874368,1482.251,episode/length,1000.0
18874368,1482.251,episode/reward/ctrl,-0.23108360528945923
18874368,1482.251,episode/reward/forward,649.9527264404297
18874368,1482.251,episode/reward/joint,-0.060959165282547474
18874368,1482.251,episode/reward/orient,-16.07258570373058
18874368,1482.251,episode/reward/total,633.5880548095703
18874368,1482.251,episode/state/forward_vel,21.78936537921429
18874368,1482.251,episode/state/up_z,951.6818566894531
18874368,1482.251,episode/sum_reward,633.5880548095703
18874368,1482.251,episode/entropy_loss,-0.11520917639136315
18874368,1482.251,episode/kl_mean,0.0048567822971381245
18874368,1482.251,episode/learning_rate,0.0003000000142492354
18874368,1482.251,episode/policy_dist_max_loc,0.9857847744226456
18874368,1482.251,episode/policy_dist_max_std,1.2403456854820252
18874368,1482.251,episode/policy_dist_mean_loc,-0.07669178083539009
18874368,1482.251,episode/policy_dist_mean_std,0.7280800098180771
18874368,1482.251,episode/policy_dist_min_loc,-1.1464625024795532
18874368,1482.251,episode/policy_dist_min_std,0.3961122599244118
18874368,1482.251,episode/policy_loss,-0.0017593463489902206
18874368,1482.251,episode/total_loss,3.404459400177002
18874368,1482.251,episode/v_loss,3.5214279109239577
18874368,1489.431,eval/walltime,172.66178274154663
18874368,1489.431,training/sps,13988.138740716973
18874368,1489.431,training/walltime,1304.9667086601257
18874368,1489.431,training/entropy_loss,-0.11520875245332718
18874368,1489.431,training/kl_mean,0.0044863163493573666
18874368,1489.431,training/learning_rate,0.0003000000142492354
18874368,1489.431,training/policy_dist_max_loc,0.9864292144775391
18874368,1489.431,training/policy_dist_max_std,1.2384306192398071
18874368,1489.431,training/policy_dist_mean_loc,-0.07649755477905273
18874368,1489.431,training/policy_dist_mean_std,0.7277662754058838
18874368,1489.431,training/policy_dist_min_loc,-1.143653392791748
18874368,1489.431,training/policy_dist_min_std,0.3959726393222809
18874368,1489.431,training/policy_loss,-0.0014651224482804537
18874368,1489.431,training/total_loss,3.459817409515381
18874368,1489.431,training/v_loss,3.576491117477417
18874368,1489.431,eval/episode_reward,646.6357421875
18874368,1489.431,eval/episode_reward/ctrl,-0.2312982976436615
18874368,1489.431,eval/episode_reward/forward,650.2738037109375
18874368,1489.431,eval/episode_reward/joint,-0.06172854080796242
18874368,1489.431,eval/episode_reward/orient,-3.3449294567108154
18874368,1489.431,eval/episode_reward/total,646.6357421875
18874368,1489.431,eval/episode_state/forward_vel,21.6181640625
18874368,1489.431,eval/episode_state/up_z,954.5875244140625
18874368,1489.431,eval/episode_reward_std,15.299463272094727
18874368,1489.431,eval/episode_reward/ctrl_std,0.0024032192304730415
18874368,1489.431,eval/episode_reward/forward_std,15.101175308227539
18874368,1489.431,eval/episode_reward/joint_std,0.006135981529951096
18874368,1489.431,eval/episode_reward/orient_std,1.5058943033218384
18874368,1489.431,eval/episode_reward/total_std,15.299463272094727
18874368,1489.431,eval/episode_state/forward_vel_std,13.003456115722656
18874368,1489.431,eval/episode_state/up_z_std,7.229768753051758
18874368,1489.431,eval/avg_episode_length,1000.0
18874368,1489.431,eval/std_episode_length,0.0
18874368,1489.431,eval/epoch_eval_time,7.157144546508789
18874368,1489.431,eval/sps,4471.056828887074
19922944,1564.638,episode/sps,12727.477556063342
19922944,1564.638,episode/length,1000.0
19922944,1564.638,episode/reward/ctrl,-0.23120441988110543
19922944,1564.638,episode/reward/forward,651.8318853759765
19922944,1564.638,episode/reward/joint,-0.06215519607067108
19922944,1564.638,episode/reward/orient,-3.7082478058338166
19922944,1564.638,episode/reward/total,647.8302850341797
19922944,1564.638,episode/state/forward_vel,22.292712648510932
19922944,1564.638,episode/state/up_z,954.6530517578125
19922944,1564.638,episode/sum_reward,647.8302850341797
19922944,1564.638,episode/entropy_loss,-0.11513110168278218
19922944,1564.638,episode/kl_mean,0.005766416527330875
19922944,1564.638,episode/learning_rate,0.0003000000142492354
19922944,1564.638,episode/policy_dist_max_loc,0.9998132711648942
19922944,1564.638,episode/policy_dist_max_std,1.223854320049286
19922944,1564.638,episode/policy_dist_mean_loc,-0.0740117097645998
19922944,1564.638,episode/policy_dist_mean_std,0.727527095079422
19922944,1564.638,episode/policy_dist_min_loc,-1.0858043760061264
19922944,1564.638,episode/policy_dist_min_std,0.3839609143137932
19922944,1564.638,episode/policy_loss,-0.0018915566979558207
19922944,1564.638,episode/total_loss,2.8099190014600754
19922944,1564.638,episode/v_loss,2.9269416645169257
19922944,1571.665,eval/walltime,179.66790223121643
19922944,1571.665,training/sps,13940.14271602361
19922944,1571.665,training/walltime,1380.1865985393524
19922944,1571.665,training/entropy_loss,-0.11516506224870682
19922944,1571.665,training/kl_mean,0.005248926114290953
19922944,1571.665,training/learning_rate,0.0003000000142492354
19922944,1571.665,training/policy_dist_max_loc,0.9925922155380249
19922944,1571.665,training/policy_dist_max_std,1.2272882461547852
19922944,1571.665,training/policy_dist_mean_loc,-0.07435277849435806
19922944,1571.665,training/policy_dist_mean_std,0.7274928092956543
19922944,1571.665,training/policy_dist_min_loc,-1.0877091884613037
19922944,1571.665,training/policy_dist_min_std,0.38619932532310486
19922944,1571.665,training/policy_loss,-0.001587331062182784
19922944,1571.665,training/total_loss,2.8117547035217285
19922944,1571.665,training/v_loss,2.9285073280334473
19922944,1571.665,eval/episode_reward,657.283203125
19922944,1571.665,eval/episode_reward/ctrl,-0.23123949766159058
19922944,1571.665,eval/episode_reward/forward,660.6541137695312
19922944,1571.665,eval/episode_reward/joint,-0.06024070084095001
19922944,1571.665,eval/episode_reward/orient,-3.0794429779052734
19922944,1571.665,eval/episode_reward/total,657.283203125
19922944,1571.665,eval/episode_state/forward_vel,31.024765014648438
19922944,1571.665,eval/episode_state/up_z,958.1641845703125
19922944,1571.665,eval/episode_reward_std,19.180450439453125
19922944,1571.665,eval/episode_reward/ctrl_std,0.0017867889255285263
19922944,1571.665,eval/episode_reward/forward_std,18.69312858581543
19922944,1571.665,eval/episode_reward/joint_std,0.006175873335450888
19922944,1571.665,eval/episode_reward/orient_std,2.4585626125335693
19922944,1571.665,eval/episode_reward/total_std,19.180450439453125
19922944,1571.665,eval/episode_state/forward_vel_std,16.595735549926758
19922944,1571.665,eval/episode_state/up_z_std,9.07313346862793
19922944,1571.665,eval/avg_episode_length,1000.0
19922944,1571.665,eval/std_episode_length,0.0
19922944,1571.665,eval/epoch_eval_time,7.0061194896698
19922944,1571.665,eval/sps,4567.435660665297
20971520,1647.110,episode/sps,12714.333184177269
20971520,1647.110,episode/length,1000.0
20971520,1647.110,episode/reward/ctrl,-0.23168794468045234
20971520,1647.110,episode/reward/forward,657.6874249267578
20971520,1647.110,episode/reward/joint,-0.06378692332655192
20971520,1647.110,episode/reward/orient,-35.34980880081653
20971520,1647.110,episode/reward/total,622.0421533203125
20971520,1647.110,episode/state/forward_vel,27.937352981567383
20971520,1647.110,episode/state/up_z,940.2086270141601
20971520,1647.110,episode/sum_reward,622.0421533203125
20971520,1647.110,episode/entropy_loss,-0.11509786777198315
20971520,1647.110,episode/kl_mean,0.004795627845451236
20971520,1647.110,episode/learning_rate,0.0003000000142492354
20971520,1647.110,episode/policy_dist_max_loc,1.038483749628067
20971520,1647.110,episode/policy_dist_max_std,1.2364945960044862
20971520,1647.110,episode/policy_dist_mean_loc,-0.07872965306043625
20971520,1647.110,episode/policy_dist_mean_std,0.7290691220760346
20971520,1647.110,episode/policy_dist_min_loc,-1.0995122855901718
20971520,1647.110,episode/policy_dist_min_std,0.386977561712265
20971520,1647.110,episode/policy_loss,-0.0024446925296797415
20971520,1647.110,episode/total_loss,3.0909818598628043
20971520,1647.110,episode/v_loss,3.2085244238376616
20971520,1654.046,eval/walltime,186.58082604408264
20971520,1654.046,training/sps,13896.407639369147
20971520,1654.046,training/walltime,1455.6432220935822
20971520,1654.046,training/entropy_loss,-0.11513763666152954
20971520,1654.046,training/kl_mean,0.004500019364058971
20971520,1654.046,training/learning_rate,0.0003000000142492354
20971520,1654.046,training/policy_dist_max_loc,1.0322744846343994
20971520,1654.046,training/policy_dist_max_std,1.2346301078796387
20971520,1654.046,training/policy_dist_mean_loc,-0.07817652821540833
20971520,1654.046,training/policy_dist_mean_std,0.7290456295013428
20971520,1654.046,training/policy_dist_min_loc,-1.1055339574813843
20971520,1654.046,training/policy_dist_min_std,0.38957297801971436
20971520,1654.046,training/policy_loss,-0.002036567311733961
20971520,1654.046,training/total_loss,3.077240467071533
20971520,1654.046,training/v_loss,3.1944148540496826
20971520,1654.046,eval/episode_reward,657.796142578125
20971520,1654.046,eval/episode_reward/ctrl,-0.23225155472755432
20971520,1654.046,eval/episode_reward/forward,665.7509765625
20971520,1654.046,eval/episode_reward/joint,-0.06219334155321121
20971520,1654.046,eval/episode_reward/orient,-7.660253524780273
20971520,1654.046,eval/episode_reward/total,657.796142578125
20971520,1654.046,eval/episode_state/forward_vel,35.54153060913086
20971520,1654.046,eval/episode_state/up_z,953.6522216796875
20971520,1654.046,eval/episode_reward_std,25.86619758605957
20971520,1654.046,eval/episode_reward/ctrl_std,0.0017839767970144749
20971520,1654.046,eval/episode_reward/forward_std,18.42152214050293
20971520,1654.046,eval/episode_reward/joint_std,0.0056058443151414394
20971520,1654.046,eval/episode_reward/orient_std,20.12052345275879
20971520,1654.046,eval/episode_reward/total_std,25.86619758605957
20971520,1654.046,eval/episode_state/forward_vel_std,16.314186096191406
20971520,1654.046,eval/episode_state/up_z_std,19.999364852905273
20971520,1654.046,eval/avg_episode_length,1000.0
20971520,1654.046,eval/std_episode_length,0.0
20971520,1654.046,eval/epoch_eval_time,6.912923812866211
20971520,1654.046,eval/sps,4629.010946199373
22020096,1729.599,episode/sps,12711.66805623316
22020096,1729.599,episode/length,1000.0
22020096,1729.599,episode/reward/ctrl,-0.2324684138596058
22020096,1729.599,episode/reward/forward,659.2481280517578
22020096,1729.599,episode/reward/joint,-0.06327845599502326
22020096,1729.599,episode/reward/orient,-9.935658695697784
22020096,1729.599,episode/reward/total,649.016648979187
22020096,1729.599,episode/state/forward_vel,29.446992615759374
22020096,1729.599,episode/state/up_z,953.8519848632812
22020096,1729.599,episode/sum_reward,649.016648979187
22020096,1729.599,episode/entropy_loss,-0.11504216991364956
22020096,1729.599,episode/kl_mean,0.0047369028977118435
22020096,1729.599,episode/learning_rate,0.0003000000142492354
22020096,1729.599,episode/policy_dist_max_loc,1.0752512526512146
22020096,1729.599,episode/policy_dist_max_std,1.2523770463466644
22020096,1729.599,episode/policy_dist_mean_loc,-0.07432979494333267
22020096,1729.599,episode/policy_dist_mean_std,0.7303441804647446
22020096,1729.599,episode/policy_dist_min_loc,-1.0909613066911696
22020096,1729.599,episode/policy_dist_min_std,0.3733621510863304
22020096,1729.599,episode/policy_loss,-0.0022062736356747337
22020096,1729.599,episode/total_loss,1.2805935837328435
22020096,1729.599,episode/v_loss,1.3978420358896255
22020096,1736.496,eval/walltime,193.45553350448608
22020096,1736.496,training/sps,13876.303818780898
22020096,1736.496,training/walltime,1531.2091662883759
22020096,1736.496,training/entropy_loss,-0.11503982543945312
22020096,1736.496,training/kl_mean,0.004642019048333168
22020096,1736.496,training/learning_rate,0.0003000000142492354
22020096,1736.496,training/policy_dist_max_loc,1.0723841190338135
22020096,1736.496,training/policy_dist_max_std,1.247267723083496
22020096,1736.496,training/policy_dist_mean_loc,-0.07502879202365875
22020096,1736.496,training/policy_dist_mean_std,0.7303445935249329
22020096,1736.496,training/policy_dist_min_loc,-1.0796775817871094
22020096,1736.496,training/policy_dist_min_std,0.3757109045982361
22020096,1736.496,training/policy_loss,-0.0018806522712111473
22020096,1736.496,training/total_loss,1.3022589683532715
22020096,1736.496,training/v_loss,1.4191793203353882
22020096,1736.496,eval/episode_reward,662.6182861328125
22020096,1736.496,eval/episode_reward/ctrl,-0.23351892828941345
22020096,1736.496,eval/episode_reward/forward,665.3751220703125
22020096,1736.496,eval/episode_reward/joint,-0.06538287550210953
22020096,1736.496,eval/episode_reward/orient,-2.45786714553833
22020096,1736.496,eval/episode_reward/total,662.6182861328125
22020096,1736.496,eval/episode_state/forward_vel,33.891292572021484
22020096,1736.496,eval/episode_state/up_z,961.3272705078125
22020096,1736.496,eval/episode_reward_std,15.33156681060791
22020096,1736.496,eval/episode_reward/ctrl_std,0.002460944000631571
22020096,1736.496,eval/episode_reward/forward_std,15.28580093383789
22020096,1736.496,eval/episode_reward/joint_std,0.005765239242464304
22020096,1736.496,eval/episode_reward/orient_std,1.548222541809082
22020096,1736.496,eval/episode_reward/total_std,15.33156681060791
22020096,1736.496,eval/episode_state/forward_vel_std,14.387282371520996
22020096,1736.496,eval/episode_state/up_z_std,7.035188674926758
22020096,1736.496,eval/avg_episode_length,1000.0
22020096,1736.496,eval/std_episode_length,0.0
22020096,1736.496,eval/epoch_eval_time,6.874707460403442
22020096,1736.496,eval/sps,4654.743519533277
23068672,1812.077,episode/sps,12713.541216836573
23068672,1812.077,episode/length,1000.0
23068672,1812.077,episode/reward/ctrl,-0.23343130558729172
23068672,1812.077,episode/reward/forward,664.6834503173828
23068672,1812.077,episode/reward/joint,-0.06676405772566796
23068672,1812.077,episode/reward/orient,-2.832561187744141
23068672,1812.077,episode/reward/total,661.5507019042968
23068672,1812.077,episode/state/forward_vel,33.87516177117825
23068672,1812.077,episode/state/up_z,959.1873333740234
23068672,1812.077,episode/sum_reward,661.5507019042968
23068672,1812.077,episode/entropy_loss,-0.11483375400304795
23068672,1812.077,episode/kl_mean,0.005401593567803502
23068672,1812.077,episode/learning_rate,0.0003000000142492354
23068672,1812.077,episode/policy_dist_max_loc,1.1717548066377639
23068672,1812.077,episode/policy_dist_max_std,1.2638416016101837
23068672,1812.077,episode/policy_dist_mean_loc,-0.07407494738698006
23068672,1812.077,episode/policy_dist_mean_std,0.7313573896884918
23068672,1812.077,episode/policy_dist_min_loc,-1.2481027126312256
23068672,1812.077,episode/policy_dist_min_std,0.3676534661650658
23068672,1812.077,episode/policy_loss,-0.0017147185656358488
23068672,1812.077,episode/total_loss,1.2223683193325996
23068672,1812.077,episode/v_loss,1.3389167964458466
23068672,1819.017,eval/walltime,200.37608695030212
23068672,1819.017,training/sps,13871.511825494896
23068672,1819.017,training/walltime,1606.801215171814
23068672,1819.017,training/entropy_loss,-0.11486601829528809
23068672,1819.017,training/kl_mean,0.004768723621964455
23068672,1819.017,training/learning_rate,0.0003000000142492354
23068672,1819.017,training/policy_dist_max_loc,1.1698286533355713
23068672,1819.017,training/policy_dist_max_std,1.2628278732299805
23068672,1819.017,training/policy_dist_mean_loc,-0.07487425208091736
23068672,1819.017,training/policy_dist_mean_std,0.7313217520713806
23068672,1819.017,training/policy_dist_min_loc,-1.2410428524017334
23068672,1819.017,training/policy_dist_min_std,0.3671392798423767
23068672,1819.017,training/policy_loss,-0.0014696784783154726
23068672,1819.017,training/total_loss,1.2510976791381836
23068672,1819.017,training/v_loss,1.3674334287643433
23068672,1819.017,eval/episode_reward,664.831787109375
23068672,1819.017,eval/episode_reward/ctrl,-0.23364225029945374
23068672,1819.017,eval/episode_reward/forward,667.9735107421875
23068672,1819.017,eval/episode_reward/joint,-0.06666363775730133
23068672,1819.017,eval/episode_reward/orient,-2.841470718383789
23068672,1819.017,eval/episode_reward/total,664.831787109375
23068672,1819.017,eval/episode_state/forward_vel,36.79376220703125
23068672,1819.017,eval/episode_state/up_z,962.8980712890625
23068672,1819.017,eval/episode_reward_std,20.26283073425293
23068672,1819.017,eval/episode_reward/ctrl_std,0.0016779431607574224
23068672,1819.017,eval/episode_reward/forward_std,19.143112182617188
23068672,1819.017,eval/episode_reward/joint_std,0.006105637177824974
23068672,1819.017,eval/episode_reward/orient_std,3.9745328426361084
23068672,1819.017,eval/episode_reward/total_std,20.26283073425293
23068672,1819.017,eval/episode_state/forward_vel_std,15.423784255981445
23068672,1819.017,eval/episode_state/up_z_std,10.585357666015625
23068672,1819.017,eval/avg_episode_length,1000.0
23068672,1819.017,eval/std_episode_length,0.0
23068672,1819.017,eval/epoch_eval_time,6.92055344581604
23068672,1819.017,eval/sps,4623.907647060546
24117248,1894.587,episode/sps,12708.366823039394
24117248,1894.587,episode/length,1000.0
24117248,1894.587,episode/reward/ctrl,-0.2339602553844452
24117248,1894.587,episode/reward/forward,665.7774993896485
24117248,1894.587,episode/reward/joint,-0.06616063751280307
24117248,1894.587,episode/reward/orient,-10.760093575119972
24117248,1894.587,episode/reward/total,654.7172320556641
24117248,1894.587,episode/state/forward_vel,34.741240174770354
24117248,1894.587,episode/state/up_z,958.8528540039063
24117248,1894.587,episode/sum_reward,654.7172320556641
24117248,1894.587,episode/entropy_loss,-0.1149700066447258
24117248,1894.587,episode/kl_mean,0.004277199422940612
24117248,1894.587,episode/learning_rate,0.0003000000142492354
24117248,1894.587,episode/policy_dist_max_loc,1.1438656544685364
24117248,1894.587,episode/policy_dist_max_std,1.279492039680481
24117248,1894.587,episode/policy_dist_mean_loc,-0.07692195288836956
24117248,1894.587,episode/policy_dist_mean_std,0.7342749005556106
24117248,1894.587,episode/policy_dist_min_loc,-1.2234902793169022
24117248,1894.587,episode/policy_dist_min_std,0.35958140760660173
24117248,1894.587,episode/policy_loss,-0.0016174505683011376
24117248,1894.587,episode/total_loss,3.358908052444458
24117248,1894.587,episode/v_loss,3.475495481491089
24117248,1901.550,eval/walltime,207.3189823627472
24117248,1901.550,training/sps,13873.501993010952
24117248,1901.550,training/walltime,1682.3824203014374
24117248,1901.550,training/entropy_loss,-0.11497178673744202
24117248,1901.550,training/kl_mean,0.0041509708389639854
24117248,1901.550,training/learning_rate,0.0003000000142492354
24117248,1901.550,training/policy_dist_max_loc,1.1542205810546875
24117248,1901.550,training/policy_dist_max_std,1.2898004055023193
24117248,1901.550,training/policy_dist_mean_loc,-0.075839102268219
24117248,1901.550,training/policy_dist_mean_std,0.7341568470001221
24117248,1901.550,training/policy_dist_min_loc,-1.2319093942642212
24117248,1901.550,training/policy_dist_min_std,0.36170831322669983
24117248,1901.550,training/policy_loss,-0.0012572261039167643
24117248,1901.550,training/total_loss,3.25754976272583
24117248,1901.550,training/v_loss,3.3737785816192627
24117248,1901.550,eval/episode_reward,660.91015625
24117248,1901.550,eval/episode_reward/ctrl,-0.23512759804725647
24117248,1901.550,eval/episode_reward/forward,664.2845458984375
24117248,1901.550,eval/episode_reward/joint,-0.06786352396011353
24117248,1901.550,eval/episode_reward/orient,-3.071479082107544
24117248,1901.550,eval/episode_reward/total,660.91015625
24117248,1901.550,eval/episode_state/forward_vel,33.268890380859375
24117248,1901.550,eval/episode_state/up_z,964.0706787109375
24117248,1901.550,eval/episode_reward_std,23.116151809692383
24117248,1901.550,eval/episode_reward/ctrl_std,0.001791508519090712
24117248,1901.550,eval/episode_reward/forward_std,21.583330154418945
24117248,1901.550,eval/episode_reward/joint_std,0.004347133915871382
24117248,1901.550,eval/episode_reward/orient_std,4.368474006652832
24117248,1901.550,eval/episode_reward/total_std,23.116151809692383
24117248,1901.550,eval/episode_state/forward_vel_std,17.74224853515625
24117248,1901.550,eval/episode_state/up_z_std,9.018899917602539
24117248,1901.550,eval/avg_episode_length,1000.0
24117248,1901.550,eval/std_episode_length,0.0
24117248,1901.550,eval/epoch_eval_time,6.942895412445068
24117248,1901.550,eval/sps,4609.028092608212
25165824,1977.165,episode/sps,12697.984100771662
25165824,1977.165,episode/length,1000.0
25165824,1977.165,episode/reward/ctrl,-0.23509711921215057
25165824,1977.165,episode/reward/forward,672.7629150390625
25165824,1977.165,episode/reward/joint,-0.06816334243863821
25165824,1977.165,episode/reward/orient,-4.5502343875169755
25165824,1977.165,episode/reward/total,667.9093377685547
25165824,1977.165,episode/state/forward_vel,41.037542246580124
25165824,1977.165,episode/state/up_z,962.2102569580078
25165824,1977.165,episode/sum_reward,667.9093377685547
25165824,1977.165,episode/entropy_loss,-0.1147452661395073
25165824,1977.165,episode/kl_mean,0.005369481069501489
25165824,1977.165,episode/learning_rate,0.0003000000142492354
25165824,1977.165,episode/policy_dist_max_loc,1.1709575581550598
25165824,1977.165,episode/policy_dist_max_std,1.2940874946117402
25165824,1977.165,episode/policy_dist_mean_loc,-0.07751158677041531
25165824,1977.165,episode/policy_dist_mean_std,0.73555315554142
25165824,1977.165,episode/policy_dist_min_loc,-1.1842823755741119
25165824,1977.165,episode/policy_dist_min_std,0.3408073125779629
25165824,1977.165,episode/policy_loss,-0.0013677140198706183
25165824,1977.165,episode/total_loss,1.8851922166347503
25165824,1977.165,episode/v_loss,2.0013051882386206
25165824,1984.173,eval/walltime,214.3053901195526
25165824,1984.173,training/sps,13865.163402624295
25165824,1984.173,training/walltime,1758.0090804100037
25165824,1984.173,training/entropy_loss,-0.11477421969175339
25165824,1984.173,training/kl_mean,0.004734461195766926
25165824,1984.173,training/learning_rate,0.0003000000142492354
25165824,1984.173,training/policy_dist_max_loc,1.1770679950714111
25165824,1984.173,training/policy_dist_max_std,1.2909122705459595
25165824,1984.173,training/policy_dist_mean_loc,-0.07768052071332932
25165824,1984.173,training/policy_dist_mean_std,0.7353329658508301
25165824,1984.173,training/policy_dist_min_loc,-1.1795403957366943
25165824,1984.173,training/policy_dist_min_std,0.33961230516433716
25165824,1984.173,training/policy_loss,-0.0011631788220256567
25165824,1984.173,training/total_loss,1.9369981288909912
25165824,1984.173,training/v_loss,2.0529356002807617
25165824,1984.173,eval/episode_reward,679.4796142578125
25165824,1984.173,eval/episode_reward/ctrl,-0.23651665449142456
25165824,1984.173,eval/episode_reward/forward,682.5718994140625
25165824,1984.173,eval/episode_reward/joint,-0.06952936947345734
25165824,1984.173,eval/episode_reward/orient,-2.786451816558838
25165824,1984.173,eval/episode_reward/total,679.4796142578125
25165824,1984.173,eval/episode_state/forward_vel,49.207366943359375
25165824,1984.173,eval/episode_state/up_z,963.0867919921875
25165824,1984.173,eval/episode_reward_std,17.129240036010742
25165824,1984.173,eval/episode_reward/ctrl_std,0.0019212854094803333
25165824,1984.173,eval/episode_reward/forward_std,17.12613296508789
25165824,1984.173,eval/episode_reward/joint_std,0.0046536666341125965
25165824,1984.173,eval/episode_reward/orient_std,4.081803798675537
25165824,1984.173,eval/episode_reward/total_std,17.129240036010742
25165824,1984.173,eval/episode_state/forward_vel_std,15.582552909851074
25165824,1984.173,eval/episode_state/up_z_std,8.989862442016602
25165824,1984.173,eval/avg_episode_length,1000.0
25165824,1984.173,eval/std_episode_length,0.0
25165824,1984.173,eval/epoch_eval_time,6.98640775680542
25165824,1984.173,eval/sps,4580.322408011325
