step,wall_time_s,metric,value
0,60.356,eval/walltime,32.46325397491455
0,60.356,eval/episode_reward,237.9903564453125
0,60.356,eval/episode_reward/ctrl,-0.2769733965396881
0,60.356,eval/episode_reward/forward,336.40655517578125
0,60.356,eval/episode_reward/joint,-0.11545296758413315
0,60.356,eval/episode_reward/orient,-98.02374267578125
0,60.356,eval/episode_reward/total,237.9903564453125
0,60.356,eval/episode_state/forward_vel,-5.808304786682129
0,60.356,eval/episode_state/up_z,797.4139404296875
0,60.356,eval/episode_reward_std,242.28721618652344
0,60.356,eval/episode_reward/ctrl_std,0.00431026192381978
0,60.356,eval/episode_reward/forward_std,25.76052474975586
0,60.356,eval/episode_reward/joint_std,0.005796011537313461
0,60.356,eval/episode_reward/orient_std,234.48309326171875
0,60.356,eval/episode_reward/total_std,242.28721618652344
0,60.356,eval/episode_state/forward_vel_std,15.252498626708984
0,60.356,eval/episode_state/up_z_std,186.73904418945312
0,60.356,eval/avg_episode_length,1000.0
0,60.356,eval/std_episode_length,0.0
0,60.356,eval/epoch_eval_time,32.46325397491455
0,60.356,eval/sps,3942.9195883724383
0,59.332,eval/walltime,31.456340789794922
0,59.332,eval/episode_reward,246.646484375
0,59.332,eval/episode_reward/ctrl,-0.27712345123291016
0,59.332,eval/episode_reward/forward,339.3095397949219
0,59.332,eval/episode_reward/joint,-0.11587875336408615
0,59.332,eval/episode_reward/orient,-92.27002716064453
0,59.332,eval/episode_reward/total,246.646484375
0,59.332,eval/episode_state/forward_vel,-4.083404541015625
0,59.332,eval/episode_state/up_z,797.186279296875
0,59.332,eval/episode_reward_std,197.5319061279297
0,59.332,eval/episode_reward/ctrl_std,0.004442710895091295
0,59.332,eval/episode_reward/forward_std,25.6555233001709
0,59.332,eval/episode_reward/joint_std,0.005813830066472292
0,59.332,eval/episode_reward/orient_std,192.44529724121094
0,59.332,eval/episode_reward/total_std,197.5319061279297
0,59.332,eval/episode_state/forward_vel_std,15.364983558654785
0,59.332,eval/episode_state/up_z_std,172.62765502929688
0,59.332,eval/avg_episode_length,1000.0
0,59.332,eval/std_episode_length,0.0
0,59.332,eval/epoch_eval_time,31.456340789794922
0,59.332,eval/sps,4069.1319074698545
0,79.628,eval/walltime,56.01530075073242
0,79.628,eval/episode_reward,272.42913818359375
0,79.628,eval/episode_reward/ctrl,-0.2770181894302368
0,79.628,eval/episode_reward/forward,340.8798828125
0,79.628,eval/episode_reward/joint,-0.11603352427482605
0,79.628,eval/episode_reward/orient,-68.05778503417969
0,79.628,eval/episode_reward/total,272.42913818359375
0,79.628,eval/episode_state/forward_vel,-3.5575268268585205
0,79.628,eval/episode_state/up_z,793.050048828125
0,79.628,eval/episode_reward_std,63.69467544555664
0,79.628,eval/episode_reward/ctrl_std,0.004906305577605963
0,79.628,eval/episode_reward/forward_std,21.31110191345215
0,79.628,eval/episode_reward/joint_std,0.005967399105429649
0,79.628,eval/episode_reward/orient_std,52.18871307373047
0,79.628,eval/episode_reward/total_std,63.69467544555664
0,79.628,eval/episode_state/forward_vel_std,13.303378105163574
0,79.628,eval/episode_state/up_z_std,123.5929946899414
0,79.628,eval/avg_episode_length,1000.0
0,79.628,eval/std_episode_length,0.0
0,79.628,eval/epoch_eval_time,56.01530075073242
0,79.628,eval/sps,571.2724839664738
524288,183.178,episode/sps,3025.4766078932144
524288,183.178,episode/length,1000.0
524288,183.178,episode/reward/ctrl,-0.27710016548633576
524288,183.178,episode/reward/forward,342.00806579589846
524288,183.178,episode/reward/joint,-0.11710088819265366
524288,183.178,episode/reward/orient,-97.51421846032143
524288,183.178,episode/reward/total,244.0996221923828
524288,183.178,episode/state/forward_vel,-2.494863612353802
524288,183.178,episode/state/up_z,793.0645314025879
524288,183.178,episode/sum_reward,244.0996221923828
524288,183.178,episode/entropy_loss,-0.11382204364053905
524288,183.178,episode/kl_mean,4.572309449315071
524288,183.178,episode/learning_rate,0.0003000000142492354
524288,183.178,episode/policy_dist_max_loc,1.824524074792862
524288,183.178,episode/policy_dist_max_std,2.2186468429863453
524288,183.178,episode/policy_dist_mean_loc,-0.029707391862757504
524288,183.178,episode/policy_dist_mean_std,0.7112981975078583
524288,183.178,episode/policy_dist_min_loc,-2.4798602759838104
524288,183.178,episode/policy_dist_min_std,0.0641629776218906
524288,183.178,episode/policy_loss,0.27049870043992996
524288,183.178,episode/total_loss,6.630004450678825
524288,183.178,episode/v_loss,6.473327845335007
524288,233.751,eval/walltime,106.36863899230957
524288,233.751,training/sps,5068.589730166672
524288,233.751,training/walltime,103.43863439559937
524288,233.751,training/entropy_loss,-0.11382204294204712
524288,233.751,training/kl_mean,4.572309494018555
524288,233.751,training/learning_rate,0.0003000000142492354
524288,233.751,training/policy_dist_max_loc,1.8245240449905396
524288,233.751,training/policy_dist_max_std,2.218646764755249
524288,233.751,training/policy_dist_mean_loc,-0.029707390815019608
524288,233.751,training/policy_dist_mean_std,0.7112981677055359
524288,233.751,training/policy_dist_min_loc,-2.479860305786133
524288,233.751,training/policy_dist_min_std,0.064162977039814
524288,233.751,training/policy_loss,0.27049869298934937
524288,233.751,training/total_loss,6.630004405975342
524288,233.751,training/v_loss,6.47332763671875
524288,233.751,eval/episode_reward,222.66563415527344
524288,233.751,eval/episode_reward/ctrl,-0.23745408654212952
524288,233.751,eval/episode_reward/forward,336.2945556640625
524288,233.751,eval/episode_reward/joint,-0.06264855712652206
524288,233.751,eval/episode_reward/orient,-113.328857421875
524288,233.751,eval/episode_reward/total,222.66563415527344
524288,233.751,eval/episode_state/forward_vel,-6.533598899841309
524288,233.751,eval/episode_state/up_z,790.269287109375
524288,233.751,eval/episode_reward_std,390.9471740722656
524288,233.751,eval/episode_reward/ctrl_std,0.003687507240101695
524288,233.751,eval/episode_reward/forward_std,20.639698028564453
524288,233.751,eval/episode_reward/joint_std,0.008037437684834003
524288,233.751,eval/episode_reward/orient_std,394.6430969238281
524288,233.751,eval/episode_reward/total_std,390.9471740722656
524288,233.751,eval/episode_state/forward_vel_std,12.539827346801758
524288,233.751,eval/episode_state/up_z_std,232.06275939941406
524288,233.751,eval/avg_episode_length,1000.0
524288,233.751,eval/std_episode_length,0.0
524288,233.751,eval/epoch_eval_time,50.35333824157715
524288,233.751,eval/sps,635.5090072971041
1048576,317.981,episode/sps,3889.3061469302465
1048576,317.981,episode/length,1000.0
1048576,317.981,episode/reward/ctrl,-0.2355707924067974
1048576,317.981,episode/reward/forward,335.81086669921876
1048576,317.981,episode/reward/joint,-0.06013441909104586
1048576,317.981,episode/reward/orient,-109.09522311210632
1048576,317.981,episode/reward/total,226.4199510192871
1048576,317.981,episode/state/forward_vel,-6.148667272031307
1048576,317.981,episode/state/up_z,784.5073148345947
1048576,317.981,episode/sum_reward,226.4199510192871
1048576,317.981,episode/entropy_loss,-0.11389429762493819
1048576,317.981,episode/kl_mean,2.361411744612269
1048576,317.981,episode/learning_rate,0.0003000000142492354
1048576,317.981,episode/policy_dist_max_loc,1.7642601616680622
1048576,317.981,episode/policy_dist_max_std,2.3088979367166758
1048576,317.981,episode/policy_dist_mean_loc,-0.03565822739619762
1048576,317.981,episode/policy_dist_mean_std,0.7184602543711662
1048576,317.981,episode/policy_dist_min_loc,-2.5671234726905823
1048576,317.981,episode/policy_dist_min_std,0.06388063525082543
1048576,317.981,episode/policy_loss,0.1563990460417699
1048576,317.981,episode/total_loss,10.197182200849056
1048576,317.981,episode/v_loss,10.15467743575573
1048576,351.767,eval/walltime,140.13000583648682
1048576,351.767,training/sps,6223.967094553794
1048576,351.767,training/walltime,187.67558360099792
1048576,351.767,training/entropy_loss,-0.11396655440330505
1048576,351.767,training/kl_mean,0.15051403641700745
1048576,351.767,training/learning_rate,0.0003000000142492354
1048576,351.767,training/policy_dist_max_loc,1.703996181488037
1048576,351.767,training/policy_dist_max_std,2.399148941040039
1048576,351.767,training/policy_dist_mean_loc,-0.04160906374454498
1048576,351.767,training/policy_dist_mean_std,0.725622296333313
1048576,351.767,training/policy_dist_min_loc,-2.654386520385742
1048576,351.767,training/policy_dist_min_std,0.06359829008579254
1048576,351.767,training/policy_loss,0.04229938983917236
1048576,351.767,training/total_loss,13.764360427856445
1048576,351.767,training/v_loss,13.836027145385742
1048576,351.767,eval/episode_reward,290.02484130859375
1048576,351.767,eval/episode_reward/ctrl,-0.23620156943798065
1048576,351.767,eval/episode_reward/forward,330.0289306640625
1048576,351.767,eval/episode_reward/joint,-0.060355737805366516
1048576,351.767,eval/episode_reward/orient,-39.707523345947266
1048576,351.767,eval/episode_reward/total,290.02484130859375
1048576,351.767,eval/episode_state/forward_vel,-10.471102714538574
1048576,351.767,eval/episode_state/up_z,846.4306640625
1048576,351.767,eval/episode_reward_std,38.64882278442383
1048576,351.767,eval/episode_reward/ctrl_std,0.002820426132529974
1048576,351.767,eval/episode_reward/forward_std,22.30865478515625
1048576,351.767,eval/episode_reward/joint_std,0.005537727847695351
1048576,351.767,eval/episode_reward/orient_std,25.449878692626953
1048576,351.767,eval/episode_reward/total_std,38.64882278442383
1048576,351.767,eval/episode_state/forward_vel_std,13.811060905456543
1048576,351.767,eval/episode_state/up_z_std,59.66499328613281
1048576,351.767,eval/avg_episode_length,1000.0
1048576,351.767,eval/std_episode_length,0.0
1048576,351.767,eval/epoch_eval_time,33.761366844177246
1048576,351.767,eval/sps,947.8289237427298
1572864,425.323,episode/sps,4884.257276513281
1572864,425.323,episode/length,1000.0
1572864,425.323,episode/reward/ctrl,-0.2355842861533165
1572864,425.323,episode/reward/forward,335.3534442138672
1572864,425.323,episode/reward/joint,-0.059415700137615206
1572864,425.323,episode/reward/orient,-46.07921551823616
1572864,425.323,episode/reward/total,288.97919891357424
1572864,425.323,episode/state/forward_vel,-7.278683539927005
1572864,425.323,episode/state/up_z,840.1846350097657
1572864,425.323,episode/sum_reward,288.97919891357424
1572864,425.323,episode/entropy_loss,-0.11376536210688452
1572864,425.323,episode/kl_mean,1.5764438564292504
1572864,425.323,episode/learning_rate,0.0003000000142492354
1572864,425.323,episode/policy_dist_max_loc,1.728471752256155
1572864,425.323,episode/policy_dist_max_std,2.348926485826572
1572864,425.323,episode/policy_dist_mean_loc,-0.040548243870337806
1572864,425.323,episode/policy_dist_mean_std,0.7242656368762255
1572864,425.323,episode/policy_dist_min_loc,-2.547541399796804
1572864,425.323,episode/policy_dist_min_std,0.06991082538540165
1572864,425.323,episode/policy_loss,0.10373361114155462
1572864,425.323,episode/total_loss,7.895408981790145
1572864,425.323,episode/v_loss,7.905440737803777
1572864,458.922,eval/walltime,173.70140075683594
1572864,458.922,training/sps,7127.077862511936
1572864,458.922,training/walltime,261.2384111881256
1572864,458.922,training/entropy_loss,-0.11350748687982559
1572864,458.922,training/kl_mean,0.006508079823106527
1572864,458.922,training/learning_rate,0.0003000000142492354
1572864,458.922,training/policy_dist_max_loc,1.6568949222564697
1572864,458.922,training/policy_dist_max_std,2.428983688354492
1572864,458.922,training/policy_dist_mean_loc,-0.05032827705144882
1572864,458.922,training/policy_dist_mean_std,0.7358764410018921
1572864,458.922,training/policy_dist_min_loc,-2.5083773136138916
1572864,458.922,training/policy_dist_min_std,0.08197121322154999
1572864,458.922,training/policy_loss,-0.0015972587279975414
1572864,458.922,training/total_loss,3.2918624877929688
1572864,458.922,training/v_loss,3.4069671630859375
1572864,458.922,eval/episode_reward,332.98858642578125
1572864,458.922,eval/episode_reward/ctrl,-0.23685681819915771
1572864,458.922,eval/episode_reward/forward,344.1288757324219
1572864,458.922,eval/episode_reward/joint,-0.062480680644512177
1572864,458.922,eval/episode_reward/orient,-10.84095573425293
1572864,458.922,eval/episode_reward/total,332.98858642578125
1572864,458.922,eval/episode_state/forward_vel,-2.0297389030456543
1572864,458.922,eval/episode_state/up_z,929.8400268554688
1572864,458.922,eval/episode_reward_std,20.238834381103516
1572864,458.922,eval/episode_reward/ctrl_std,0.002252421574667096
1572864,458.922,eval/episode_reward/forward_std,17.551679611206055
1572864,458.922,eval/episode_reward/joint_std,0.004901164211332798
1572864,458.922,eval/episode_reward/orient_std,10.832296371459961
1572864,458.922,eval/episode_reward/total_std,20.238834381103516
1572864,458.922,eval/episode_state/forward_vel_std,10.724201202392578
1572864,458.922,eval/episode_state/up_z_std,40.441444396972656
1572864,458.922,eval/avg_episode_length,1000.0
1572864,458.922,eval/std_episode_length,0.0
1572864,458.922,eval/epoch_eval_time,33.57139492034912
1572864,458.922,eval/sps,953.1924448156717
2097152,532.993,episode/sps,4869.407590412427
2097152,532.993,episode/length,1000.0
2097152,532.993,episode/reward/ctrl,-0.23665647193789482
2097152,532.993,episode/reward/forward,342.49276153564455
2097152,532.993,episode/reward/joint,-0.06253464642912149
2097152,532.993,episode/reward/orient,-34.622599496245385
2097152,532.993,episode/reward/total,307.57097259521487
2097152,532.993,episode/state/forward_vel,-2.4453374630212785
2097152,532.993,episode/state/up_z,904.1491320800782
2097152,532.993,episode/sum_reward,307.57097259521487
2097152,532.993,episode/entropy_loss,-0.11361184172332287
2097152,532.993,episode/kl_mean,0.2317210270999931
2097152,532.993,episode/learning_rate,0.0003000000142492354
2097152,532.993,episode/policy_dist_max_loc,1.6822673511505126
2097152,532.993,episode/policy_dist_max_std,2.395849380493164
2097152,532.993,episode/policy_dist_mean_loc,-0.05017637997865677
2097152,532.993,episode/policy_dist_mean_std,0.7316716521978378
2097152,532.993,episode/policy_dist_min_loc,-2.5357570910453795
2097152,532.993,episode/policy_dist_min_std,0.07521520506590605
2097152,532.993,episode/policy_loss,0.023210449442558456
2097152,532.993,episode/total_loss,6.584680147767067
2097152,532.993,episode/v_loss,6.675081518292427
2097152,566.532,eval/walltime,207.2152075767517
2097152,566.532,training/sps,7077.507122215781
2097152,566.532,training/walltime,335.3164715766907
2097152,566.532,training/entropy_loss,-0.11342114210128784
2097152,566.532,training/kl_mean,0.004447749815881252
2097152,566.532,training/learning_rate,0.0003000000142492354
2097152,566.532,training/policy_dist_max_loc,1.642324686050415
2097152,566.532,training/policy_dist_max_std,2.357389450073242
2097152,566.532,training/policy_dist_mean_loc,-0.06036042422056198
2097152,566.532,training/policy_dist_mean_std,0.7355388402938843
2097152,566.532,training/policy_dist_min_loc,-2.4208168983459473
2097152,566.532,training/policy_dist_min_std,0.08336275815963745
2097152,566.532,training/policy_loss,-0.0022315196692943573
2097152,566.532,training/total_loss,2.6278939247131348
2097152,566.532,training/v_loss,2.743546724319458
2097152,566.532,eval/episode_reward,327.0120849609375
2097152,566.532,eval/episode_reward/ctrl,-0.23664593696594238
2097152,566.532,eval/episode_reward/forward,352.64324951171875
2097152,566.532,eval/episode_reward/joint,-0.06581489741802216
2097152,566.532,eval/episode_reward/orient,-25.32879066467285
2097152,566.532,eval/episode_reward/total,327.0120849609375
2097152,566.532,eval/episode_state/forward_vel,3.8513107299804688
2097152,566.532,eval/episode_state/up_z,941.299560546875
2097152,566.532,eval/episode_reward_std,113.6446533203125
2097152,566.532,eval/episode_reward/ctrl_std,0.0026388762053102255
2097152,566.532,eval/episode_reward/forward_std,16.336122512817383
2097152,566.532,eval/episode_reward/joint_std,0.005363240372389555
2097152,566.532,eval/episode_reward/orient_std,112.27521514892578
2097152,566.532,eval/episode_reward/total_std,113.6446533203125
2097152,566.532,eval/episode_state/forward_vel_std,10.306689262390137
2097152,566.532,eval/episode_state/up_z_std,68.23582458496094
2097152,566.532,eval/avg_episode_length,1000.0
2097152,566.532,eval/std_episode_length,0.0
2097152,566.532,eval/epoch_eval_time,33.51380681991577
2097152,566.532,eval/sps,954.8303531123721
2621440,636.286,episode/sps,5075.736669520386
2621440,636.286,episode/length,1000.0
2621440,636.286,episode/reward/ctrl,-0.23655203849077225
2621440,636.286,episode/reward/forward,345.99909149169923
2621440,636.286,episode/reward/joint,-0.06535522270947695
2621440,636.286,episode/reward/orient,-5.33717781662941
2621440,636.286,episode/reward/total,340.3599932861328
2621440,636.286,episode/state/forward_vel,-0.5514358680695295
2621440,636.286,episode/state/up_z,951.391685180664
2621440,636.286,episode/sum_reward,340.3599932861328
2621440,636.286,episode/entropy_loss,-0.11334811091423035
2621440,636.286,episode/kl_mean,0.008182437451323495
2621440,636.286,episode/learning_rate,0.0003000000142492354
2621440,636.286,episode/policy_dist_max_loc,1.6711166608333587
2621440,636.286,episode/policy_dist_max_std,2.3463129210472107
2621440,636.286,episode/policy_dist_mean_loc,-0.059852124080061915
2621440,636.286,episode/policy_dist_mean_std,0.7349767160415649
2621440,636.286,episode/policy_dist_min_loc,-2.475731635093689
2621440,636.286,episode/policy_dist_min_std,0.08121294226497412
2621440,636.286,episode/policy_loss,-0.0007169733342016116
2621440,636.286,episode/total_loss,3.07635244846344
2621440,636.286,episode/v_loss,3.190417543053627
2621440,665.662,eval/walltime,236.56704258918762
2621440,665.662,training/sps,7515.456653240549
2621440,665.662,training/walltime,405.0777680873871
2621440,665.662,training/entropy_loss,-0.11307356506586075
2621440,665.662,training/kl_mean,0.004239676054567099
2621440,665.662,training/learning_rate,0.0003000000142492354
2621440,665.662,training/policy_dist_max_loc,1.7082613706588745
2621440,665.662,training/policy_dist_max_std,2.2476840019226074
2621440,665.662,training/policy_dist_mean_loc,-0.0706879124045372
2621440,665.662,training/policy_dist_mean_std,0.7338166832923889
2621440,665.662,training/policy_dist_min_loc,-2.471970558166504
2621440,665.662,training/policy_dist_min_std,0.07997055351734161
2621440,665.662,training/policy_loss,-0.0014770543202757835
2621440,665.662,training/total_loss,2.356569766998291
2621440,665.662,training/v_loss,2.4711201190948486
2621440,665.662,eval/episode_reward,349.3221435546875
2621440,665.662,eval/episode_reward/ctrl,-0.236319899559021
2621440,665.662,eval/episode_reward/forward,352.38299560546875
2621440,665.662,eval/episode_reward/joint,-0.07262175530195236
2621440,665.662,eval/episode_reward/orient,-2.751880407333374
2621440,665.662,eval/episode_reward/total,349.3221435546875
2621440,665.662,eval/episode_state/forward_vel,3.764183759689331
2621440,665.662,eval/episode_state/up_z,963.8444213867188
2621440,665.662,eval/episode_reward_std,15.641757011413574
2621440,665.662,eval/episode_reward/ctrl_std,0.002086915308609605
2621440,665.662,eval/episode_reward/forward_std,15.008010864257812
2621440,665.662,eval/episode_reward/joint_std,0.004459175281226635
2621440,665.662,eval/episode_reward/orient_std,1.558869481086731
2621440,665.662,eval/episode_reward/total_std,15.641757011413574
2621440,665.662,eval/episode_state/forward_vel_std,9.060171127319336
2621440,665.662,eval/episode_state/up_z_std,8.330945014953613
2621440,665.662,eval/avg_episode_length,1000.0
2621440,665.662,eval/std_episode_length,0.0
2621440,665.662,eval/epoch_eval_time,29.351835012435913
2621440,665.662,eval/sps,1090.2214456589204
3145728,740.402,episode/sps,5035.621240039487
3145728,740.402,episode/length,1000.0
3145728,740.402,episode/reward/ctrl,-0.23564585641026498
3145728,740.402,episode/reward/forward,346.9342388916016
3145728,740.402,episode/reward/joint,-0.0703665166348219
3145728,740.402,episode/reward/orient,-35.073302159309385
3145728,740.402,episode/reward/total,311.5549255371094
3145728,740.402,episode/state/forward_vel,0.7568933345377445
3145728,740.402,episode/state/up_z,945.3874090576172
3145728,740.402,episode/sum_reward,311.5549255371094
3145728,740.402,episode/entropy_loss,-0.11315279386937618
3145728,740.402,episode/kl_mean,0.003989468987565487
3145728,740.402,episode/learning_rate,0.0003000000142492354
3145728,740.402,episode/policy_dist_max_loc,1.6766863000392913
3145728,740.402,episode/policy_dist_max_std,2.3321333146095276
3145728,740.402,episode/policy_dist_mean_loc,-0.06814758576452733
3145728,740.402,episode/policy_dist_mean_std,0.7343643069267273
3145728,740.402,episode/policy_dist_min_loc,-2.4336244583129885
3145728,740.402,episode/policy_dist_min_std,0.08305609792470932
3145728,740.402,episode/policy_loss,-0.001557291535573313
3145728,740.402,episode/total_loss,2.549161853194237
3145728,740.402,episode/v_loss,2.6638719350099564
3145728,773.849,eval/walltime,269.9883499145508
3145728,773.849,training/sps,7014.254356514007
3145728,773.849,training/walltime,479.8238456249237
3145728,773.849,training/entropy_loss,-0.11292633414268494
3145728,773.849,training/kl_mean,0.0027231797575950623
3145728,773.849,training/learning_rate,0.0003000000142492354
3145728,773.849,training/policy_dist_max_loc,1.6833586692810059
3145728,773.849,training/policy_dist_max_std,2.387653350830078
3145728,773.849,training/policy_dist_mean_loc,-0.075079046189785
3145728,773.849,training/policy_dist_mean_std,0.7334020137786865
3145728,773.849,training/policy_dist_min_loc,-2.4048821926116943
3145728,773.849,training/policy_dist_min_std,0.08533447980880737
3145728,773.849,training/policy_loss,-0.0005319285555742681
3145728,773.849,training/total_loss,2.6148834228515625
3145728,773.849,training/v_loss,2.728341579437256
3145728,773.849,eval/episode_reward,344.6407470703125
3145728,773.849,eval/episode_reward/ctrl,-0.23561543226242065
3145728,773.849,eval/episode_reward/forward,348.6496887207031
3145728,773.849,eval/episode_reward/joint,-0.07228432595729828
3145728,773.849,eval/episode_reward/orient,-3.70102858543396
3145728,773.849,eval/episode_reward/total,344.6407470703125
3145728,773.849,eval/episode_state/forward_vel,2.2566139698028564
3145728,773.849,eval/episode_state/up_z,958.82275390625
3145728,773.849,eval/episode_reward_std,27.585580825805664
3145728,773.849,eval/episode_reward/ctrl_std,0.0021576399449259043
3145728,773.849,eval/episode_reward/forward_std,25.31391716003418
3145728,773.849,eval/episode_reward/joint_std,0.005214559845626354
3145728,773.849,eval/episode_reward/orient_std,3.450179100036621
3145728,773.849,eval/episode_reward/total_std,27.585580825805664
3145728,773.849,eval/episode_state/forward_vel_std,14.977922439575195
3145728,773.849,eval/episode_state/up_z_std,9.353801727294922
3145728,773.849,eval/avg_episode_length,1000.0
3145728,773.849,eval/std_episode_length,0.0
3145728,773.849,eval/epoch_eval_time,33.42130732536316
3145728,773.849,eval/sps,957.4730182896066
3670016,849.417,episode/sps,4809.29588473512
3670016,849.417,episode/length,1000.0
3670016,849.417,episode/reward/ctrl,-0.23563867598772048
3670016,849.417,episode/reward/forward,352.2599105834961
3670016,849.417,episode/reward/joint,-0.07137540794909
3670016,849.417,episode/reward/orient,-3.1313809996843336
3670016,849.417,episode/reward/total,348.82151916503904
3670016,849.417,episode/state/forward_vel,4.1068283075094225
3670016,849.417,episode/state/up_z,960.3159228515625
3670016,849.417,episode/sum_reward,348.82151916503904
3670016,849.417,episode/entropy_loss,-0.11309060916304588
3670016,849.417,episode/kl_mean,0.0033349865616764873
3670016,849.417,episode/learning_rate,0.0003000000142492354
3670016,849.417,episode/policy_dist_max_loc,1.6648411810398103
3670016,849.417,episode/policy_dist_max_std,2.32438595533371
3670016,849.417,episode/policy_dist_mean_loc,-0.07273620009422302
3670016,849.417,episode/policy_dist_mean_std,0.7336706286668777
3670016,849.417,episode/policy_dist_min_loc,-2.406386787891388
3670016,849.417,episode/policy_dist_min_std,0.08482737138867379
3670016,849.417,episode/policy_loss,-0.0010290356770565267
3670016,849.417,episode/total_loss,4.2260208928585055
3670016,849.417,episode/v_loss,4.340140545964241
3670016,884.071,eval/walltime,304.6162121295929
3670016,884.071,training/sps,6937.2221867155595
3670016,884.071,training/walltime,555.3999171257019
3670016,884.071,training/entropy_loss,-0.11324834823608398
3670016,884.071,training/kl_mean,0.0027382569387555122
3670016,884.071,training/learning_rate,0.0003000000142492354
3670016,884.071,training/policy_dist_max_loc,1.608109712600708
3670016,884.071,training/policy_dist_max_std,2.33244252204895
3670016,884.071,training/policy_dist_mean_loc,-0.07356434315443039
3670016,884.071,training/policy_dist_mean_std,0.7334105968475342
3670016,884.071,training/policy_dist_min_loc,-2.3467636108398438
3670016,884.071,training/policy_dist_min_std,0.08926056325435638
3670016,884.071,training/policy_loss,-0.0007686491589993238
3670016,884.071,training/total_loss,8.028722763061523
3670016,884.071,training/v_loss,8.142739295959473
3670016,884.071,eval/episode_reward,347.3533630371094
3670016,884.071,eval/episode_reward/ctrl,-0.23607221245765686
3670016,884.071,eval/episode_reward/forward,350.9261474609375
3670016,884.071,eval/episode_reward/joint,-0.07397106289863586
3670016,884.071,eval/episode_reward/orient,-3.2627220153808594
3670016,884.071,eval/episode_reward/total,347.3533630371094
3670016,884.071,eval/episode_state/forward_vel,2.9119486808776855
3670016,884.071,eval/episode_state/up_z,957.7534790039062
3670016,884.071,eval/episode_reward_std,20.2690372467041
3670016,884.071,eval/episode_reward/ctrl_std,0.0022516443859785795
3670016,884.071,eval/episode_reward/forward_std,20.66276741027832
3670016,884.071,eval/episode_reward/joint_std,0.007266116328537464
3670016,884.071,eval/episode_reward/orient_std,1.8744027614593506
3670016,884.071,eval/episode_reward/total_std,20.2690372467041
3670016,884.071,eval/episode_state/forward_vel_std,12.407469749450684
3670016,884.071,eval/episode_state/up_z_std,9.834157943725586
3670016,884.071,eval/avg_episode_length,1000.0
3670016,884.071,eval/std_episode_length,0.0
3670016,884.071,eval/epoch_eval_time,34.627862215042114
3670016,884.071,eval/sps,924.1113355851177
4194304,959.700,episode/sps,4754.043328062608
4194304,959.700,episode/length,1000.0
4194304,959.700,episode/reward/ctrl,-0.23579253047704696
4194304,959.700,episode/reward/forward,353.348134765625
4194304,959.700,episode/reward/joint,-0.07311928164213896
4194304,959.700,episode/reward/orient,-40.35488748431206
4194304,959.700,episode/reward/total,312.6843437385559
4194304,959.700,episode/state/forward_vel,5.176423988342285
4194304,959.700,episode/state/up_z,939.4405969238281
4194304,959.700,episode/sum_reward,312.6843437385559
4194304,959.700,episode/entropy_loss,-0.1131632076203823
4194304,959.700,episode/kl_mean,0.0031437467888463288
4194304,959.700,episode/learning_rate,0.0003000000142492354
4194304,959.700,episode/policy_dist_max_loc,1.6547713935375215
4194304,959.700,episode/policy_dist_max_std,2.366257543563843
4194304,959.700,episode/policy_dist_mean_loc,-0.07550942406058311
4194304,959.700,episode/policy_dist_mean_std,0.7337796628475189
4194304,959.700,episode/policy_dist_min_loc,-2.357438275814056
4194304,959.700,episode/policy_dist_min_std,0.08582116145640611
4194304,959.700,episode/policy_loss,-0.0008507862834085245
4194304,959.700,episode/total_loss,5.605599827170372
4194304,959.700,episode/v_loss,5.7196138042211535
4194304,994.591,eval/walltime,339.48132061958313
4194304,994.591,training/sps,6931.614687914126
4194304,994.591,training/walltime,631.0371277332306
4194304,994.591,training/entropy_loss,-0.11331334710121155
4194304,994.591,training/kl_mean,0.0035622348077595234
4194304,994.591,training/learning_rate,0.0003000000142492354
4194304,994.591,training/policy_dist_max_loc,1.6738078594207764
4194304,994.591,training/policy_dist_max_std,2.381330728530884
4194304,994.591,training/policy_dist_mean_loc,-0.07827980071306229
4194304,994.591,training/policy_dist_mean_std,0.734493613243103
4194304,994.591,training/policy_dist_min_loc,-2.3047542572021484
4194304,994.591,training/policy_dist_min_std,0.08271557092666626
4194304,994.591,training/policy_loss,-0.0010412042029201984
4194304,994.591,training/total_loss,6.676400184631348
4194304,994.591,training/v_loss,6.790754318237305
4194304,994.591,eval/episode_reward,352.14788818359375
4194304,994.591,eval/episode_reward/ctrl,-0.2364712804555893
4194304,994.591,eval/episode_reward/forward,356.9800109863281
4194304,994.591,eval/episode_reward/joint,-0.07706106454133987
4194304,994.591,eval/episode_reward/orient,-4.518657684326172
4194304,994.591,eval/episode_reward/total,352.14788818359375
4194304,994.591,eval/episode_state/forward_vel,7.209125518798828
4194304,994.591,eval/episode_state/up_z,949.0503540039062
4194304,994.591,eval/episode_reward_std,21.407312393188477
4194304,994.591,eval/episode_reward/ctrl_std,0.00182379933539778
4194304,994.591,eval/episode_reward/forward_std,21.325437545776367
4194304,994.591,eval/episode_reward/joint_std,0.005608128849416971
4194304,994.591,eval/episode_reward/orient_std,2.3403067588806152
4194304,994.591,eval/episode_reward/total_std,21.407312393188477
4194304,994.591,eval/episode_state/forward_vel_std,13.243656158447266
4194304,994.591,eval/episode_state/up_z_std,13.468257904052734
4194304,994.591,eval/avg_episode_length,1000.0
4194304,994.591,eval/std_episode_length,0.0
4194304,994.591,eval/epoch_eval_time,34.865108489990234
4194304,994.591,eval/sps,917.8230438946488
4718592,1069.972,episode/sps,4754.511986542987
4718592,1069.972,episode/length,1000.0
4718592,1069.972,episode/reward/ctrl,-0.23649284690618516
4718592,1069.972,episode/reward/forward,356.6046533203125
4718592,1069.972,episode/reward/joint,-0.07628302462399006
4718592,1069.972,episode/reward/orient,-8.123615541458129
4718592,1069.972,episode/reward/total,348.1682355976105
4718592,1069.972,episode/state/forward_vel,7.419780394732952
4718592,1069.972,episode/state/up_z,950.0779467773438
4718592,1069.972,episode/sum_reward,348.1682355976105
4718592,1069.972,episode/entropy_loss,-0.11322129338979721
4718592,1069.972,episode/kl_mean,0.002976760222809389
4718592,1069.972,episode/learning_rate,0.0003000000142492354
4718592,1069.972,episode/policy_dist_max_loc,1.6689842808246613
4718592,1069.972,episode/policy_dist_max_std,2.3283352637290955
4718592,1069.972,episode/policy_dist_mean_loc,-0.07696141332387924
4718592,1069.972,episode/policy_dist_mean_std,0.7343515914678573
4718592,1069.972,episode/policy_dist_min_loc,-2.322736048698425
4718592,1069.972,episode/policy_dist_min_std,0.08668054897338152
4718592,1069.972,episode/policy_loss,-0.0008829109997896011
4718592,1069.972,episode/total_loss,5.955128303766251
4718592,1069.972,episode/v_loss,6.0692324805259705
4718592,1105.202,eval/walltime,374.6838252544403
4718592,1105.202,training/sps,6954.457618990428
4718592,1105.202,training/walltime,706.4258968830109
4718592,1105.202,training/entropy_loss,-0.11313328146934509
4718592,1105.202,training/kl_mean,0.0025120428763329983
4718592,1105.202,training/learning_rate,0.0003000000142492354
4718592,1105.202,training/policy_dist_max_loc,1.7224559783935547
4718592,1105.202,training/policy_dist_max_std,2.279200553894043
4718592,1105.202,training/policy_dist_mean_loc,-0.07930584251880646
4718592,1105.202,training/policy_dist_mean_std,0.7352101802825928
4718592,1105.202,training/policy_dist_min_loc,-2.305466651916504
4718592,1105.202,training/policy_dist_min_std,0.08859144151210785
4718592,1105.202,training/policy_loss,-0.0008174808463081717
4718592,1105.202,training/total_loss,3.486570358276367
4718592,1105.202,training/v_loss,3.6005210876464844
4718592,1105.202,eval/episode_reward,356.13372802734375
4718592,1105.202,eval/episode_reward/ctrl,-0.23700033128261566
4718592,1105.202,eval/episode_reward/forward,360.7522277832031
4718592,1105.202,eval/episode_reward/joint,-0.08027299493551254
4718592,1105.202,eval/episode_reward/orient,-4.301293849945068
4718592,1105.202,eval/episode_reward/total,356.13372802734375
4718592,1105.202,eval/episode_state/forward_vel,9.095447540283203
4718592,1105.202,eval/episode_state/up_z,949.9320068359375
4718592,1105.202,eval/episode_reward_std,17.60173797607422
4718592,1105.202,eval/episode_reward/ctrl_std,0.00220037461258471
4718592,1105.202,eval/episode_reward/forward_std,16.985946655273438
4718592,1105.202,eval/episode_reward/joint_std,0.006301229819655418
4718592,1105.202,eval/episode_reward/orient_std,2.266244411468506
4718592,1105.202,eval/episode_reward/total_std,17.60173797607422
4718592,1105.202,eval/episode_state/forward_vel_std,10.37697696685791
4718592,1105.202,eval/episode_state/up_z_std,10.44012451171875
4718592,1105.202,eval/avg_episode_length,1000.0
4718592,1105.202,eval/std_episode_length,0.0
4718592,1105.202,eval/epoch_eval_time,35.20250463485718
4718592,1105.202,eval/sps,909.0262278756697
5242880,1181.276,episode/sps,4710.384928423699
5242880,1181.276,episode/length,1000.0
5242880,1181.276,episode/reward/ctrl,-0.23697314962744712
5242880,1181.276,episode/reward/forward,360.35613525390625
5242880,1181.276,episode/reward/joint,-0.07872884780168533
5242880,1181.276,episode/reward/orient,-7.052940002679825
5242880,1181.276,episode/reward/total,352.98752029418944
5242880,1181.276,episode/state/forward_vel,9.166692161262036
5242880,1181.276,episode/state/up_z,945.1058074951172
5242880,1181.276,episode/sum_reward,352.98752029418944
5242880,1181.276,episode/entropy_loss,-0.11318733148276806
5242880,1181.276,episode/kl_mean,0.0029431864956859497
5242880,1181.276,episode/learning_rate,0.0003000000142492354
5242880,1181.276,episode/policy_dist_max_loc,1.6804858756065368
5242880,1181.276,episode/policy_dist_max_std,2.310673760175705
5242880,1181.276,episode/policy_dist_mean_loc,-0.0802353148162365
5242880,1181.276,episode/policy_dist_mean_std,0.7353052878379822
5242880,1181.276,episode/policy_dist_min_loc,-2.2758216738700865
5242880,1181.276,episode/policy_dist_min_std,0.08610454421490431
5242880,1181.276,episode/policy_loss,-0.0008766341317095794
5242880,1181.276,episode/total_loss,6.260053485631943
5242880,1181.276,episode/v_loss,6.374117426872253
5242880,1214.245,eval/walltime,407.62561869621277
5242880,1214.245,training/sps,6891.163942672791
5242880,1214.245,training/walltime,782.507093667984
5242880,1214.245,training/entropy_loss,-0.1131160631775856
5242880,1214.245,training/kl_mean,0.0025768736377358437
5242880,1214.245,training/learning_rate,0.0003000000142492354
5242880,1214.245,training/policy_dist_max_loc,1.6492118835449219
5242880,1214.245,training/policy_dist_max_std,2.27009654045105
5242880,1214.245,training/policy_dist_mean_loc,-0.08364798128604889
5242880,1214.245,training/policy_dist_mean_std,0.7362638115882874
5242880,1214.245,training/policy_dist_min_loc,-2.2089037895202637
5242880,1214.245,training/policy_dist_min_std,0.08634883165359497
5242880,1214.245,training/policy_loss,-0.0006306929863058031
5242880,1214.245,training/total_loss,8.492059707641602
5242880,1214.245,training/v_loss,8.605806350708008
5242880,1214.245,eval/episode_reward,252.30670166015625
5242880,1214.245,eval/episode_reward/ctrl,-0.23861375451087952
5242880,1214.245,eval/episode_reward/forward,360.214111328125
5242880,1214.245,eval/episode_reward/joint,-0.0824412852525711
5242880,1214.245,eval/episode_reward/orient,-107.58650207519531
5242880,1214.245,eval/episode_reward/total,252.30670166015625
5242880,1214.245,eval/episode_state/forward_vel,9.725107192993164
5242880,1214.245,eval/episode_state/up_z,891.2762451171875
5242880,1214.245,eval/episode_reward_std,572.2545166015625
5242880,1214.245,eval/episode_reward/ctrl_std,0.0021853421349078417
5242880,1214.245,eval/episode_reward/forward_std,26.564197540283203
5242880,1214.245,eval/episode_reward/joint_std,0.005781689193099737
5242880,1214.245,eval/episode_reward/orient_std,563.4195556640625
5242880,1214.245,eval/episode_reward/total_std,572.2545166015625
5242880,1214.245,eval/episode_state/forward_vel_std,15.483689308166504
5242880,1214.245,eval/episode_state/up_z_std,297.99468994140625
5242880,1214.245,eval/avg_episode_length,1000.0
5242880,1214.245,eval/std_episode_length,0.0
5242880,1214.245,eval/epoch_eval_time,32.94179344177246
5242880,1214.245,eval/sps,971.4103774150256
5767168,1289.572,episode/sps,4841.281775367232
5767168,1289.572,episode/length,1000.0
5767168,1289.572,episode/reward/ctrl,-0.23811787962913514
5767168,1289.572,episode/reward/forward,358.7851351928711
5767168,1289.572,episode/reward/joint,-0.08110656380653382
5767168,1289.572,episode/reward/orient,-38.46712960124016
5767168,1289.572,episode/reward/total,319.99879364013674
5767168,1289.572,episode/state/forward_vel,8.87193623572588
5767168,1289.572,episode/state/up_z,931.4870208740234
5767168,1289.572,episode/sum_reward,319.99879364013674
5767168,1289.572,episode/entropy_loss,-0.11306534484028816
5767168,1289.572,episode/kl_mean,0.0029735112824710087
5767168,1289.572,episode/learning_rate,0.0003000000142492354
5767168,1289.572,episode/policy_dist_max_loc,1.6949138402938844
5767168,1289.572,episode/policy_dist_max_std,2.284207867383957
5767168,1289.572,episode/policy_dist_mean_loc,-0.08325241699814796
5767168,1289.572,episode/policy_dist_mean_std,0.7366209203004837
5767168,1289.572,episode/policy_dist_min_loc,-2.273167692422867
5767168,1289.572,episode/policy_dist_min_std,0.08739626862108707
5767168,1289.572,episode/policy_loss,-0.0009163726265251171
5767168,1289.572,episode/total_loss,5.686098995208741
5767168,1289.572,episode/v_loss,5.800080722570419
5767168,1324.301,eval/walltime,442.3306589126587
5767168,1324.301,training/sps,6959.574611852979
5767168,1324.301,training/walltime,857.8404335975647
5767168,1324.301,training/entropy_loss,-0.11291318386793137
5767168,1324.301,training/kl_mean,0.0035700974985957146
5767168,1324.301,training/learning_rate,0.0003000000142492354
5767168,1324.301,training/policy_dist_max_loc,1.7100837230682373
5767168,1324.301,training/policy_dist_max_std,2.293994903564453
5767168,1324.301,training/policy_dist_mean_loc,-0.08731836080551147
5767168,1324.301,training/policy_dist_mean_std,0.7385919690132141
5767168,1324.301,training/policy_dist_min_loc,-2.3038153648376465
5767168,1324.301,training/policy_dist_min_std,0.0870143324136734
5767168,1324.301,training/policy_loss,-0.0011623502941802144
5767168,1324.301,training/total_loss,5.168216705322266
5767168,1324.301,training/v_loss,5.282292366027832
5767168,1324.301,eval/episode_reward,357.7979736328125
5767168,1324.301,eval/episode_reward/ctrl,-0.24018023908138275
5767168,1324.301,eval/episode_reward/forward,362.5487976074219
5767168,1324.301,eval/episode_reward/joint,-0.08613727986812592
5767168,1324.301,eval/episode_reward/orient,-4.424516201019287
5767168,1324.301,eval/episode_reward/total,357.7979736328125
5767168,1324.301,eval/episode_state/forward_vel,10.928465843200684
5767168,1324.301,eval/episode_state/up_z,951.7439575195312
5767168,1324.301,eval/episode_reward_std,16.133228302001953
5767168,1324.301,eval/episode_reward/ctrl_std,0.0026645963080227375
5767168,1324.301,eval/episode_reward/forward_std,16.010757446289062
5767168,1324.301,eval/episode_reward/joint_std,0.005742773879319429
5767168,1324.301,eval/episode_reward/orient_std,2.1700246334075928
5767168,1324.301,eval/episode_reward/total_std,16.133228302001953
5767168,1324.301,eval/episode_state/forward_vel_std,11.113101959228516
5767168,1324.301,eval/episode_state/up_z_std,8.412534713745117
5767168,1324.301,eval/avg_episode_length,1000.0
5767168,1324.301,eval/std_episode_length,0.0
5767168,1324.301,eval/epoch_eval_time,34.70504021644592
5767168,1324.301,eval/sps,922.0562719542949
6291456,1401.110,episode/sps,4700.516864682655
6291456,1401.110,episode/length,1000.0
6291456,1401.110,episode/reward/ctrl,-0.23957303896546364
6291456,1401.110,episode/reward/forward,358.4519955444336
6291456,1401.110,episode/reward/joint,-0.08482088387012482
6291456,1401.110,episode/reward/orient,-18.498827896118165
6291456,1401.110,episode/reward/total,339.6287564086914
6291456,1401.110,episode/state/forward_vel,8.449477060437202
6291456,1401.110,episode/state/up_z,943.3744540405273
6291456,1401.110,episode/sum_reward,339.6287564086914
6291456,1401.110,episode/entropy_loss,-0.11287954285740852
6291456,1401.110,episode/kl_mean,0.003121634403942153
6291456,1401.110,episode/learning_rate,0.0003000000142492354
6291456,1401.110,episode/policy_dist_max_loc,1.7060133111476898
6291456,1401.110,episode/policy_dist_max_std,2.285897182226181
6291456,1401.110,episode/policy_dist_mean_loc,-0.08670908115804195
6291456,1401.110,episode/policy_dist_mean_std,0.7389195692539215
6291456,1401.110,episode/policy_dist_min_loc,-2.2762914514541626
6291456,1401.110,episode/policy_dist_min_std,0.08720819901674987
6291456,1401.110,episode/policy_loss,-0.001046252042724518
6291456,1401.110,episode/total_loss,5.973646655678749
6291456,1401.110,episode/v_loss,6.087572476863861
6291456,1435.804,eval/walltime,476.99803948402405
6291456,1435.804,training/sps,6825.190130287249
6291456,1435.804,training/walltime,934.6570482254028
6291456,1435.804,training/entropy_loss,-0.11259295046329498
6291456,1435.804,training/kl_mean,0.003082150360569358
6291456,1435.804,training/learning_rate,0.0003000000142492354
6291456,1435.804,training/policy_dist_max_loc,1.7581197023391724
6291456,1435.804,training/policy_dist_max_std,2.2847890853881836
6291456,1435.804,training/policy_dist_mean_loc,-0.0896482765674591
6291456,1435.804,training/policy_dist_mean_std,0.7422423362731934
6291456,1435.804,training/policy_dist_min_loc,-2.3102335929870605
6291456,1435.804,training/policy_dist_min_std,0.08709362149238586
6291456,1435.804,training/policy_loss,-0.0012345744762569666
6291456,1435.804,training/total_loss,4.482259750366211
6291456,1435.804,training/v_loss,4.596087455749512
6291456,1435.804,eval/episode_reward,353.8270263671875
6291456,1435.804,eval/episode_reward/ctrl,-0.24187280237674713
6291456,1435.804,eval/episode_reward/forward,357.5766296386719
6291456,1435.804,eval/episode_reward/joint,-0.08699102699756622
6291456,1435.804,eval/episode_reward/orient,-3.4206838607788086
6291456,1435.804,eval/episode_reward/total,353.8270263671875
6291456,1435.804,eval/episode_state/forward_vel,7.457140922546387
6291456,1435.804,eval/episode_state/up_z,955.0520629882812
6291456,1435.804,eval/episode_reward_std,15.271196365356445
6291456,1435.804,eval/episode_reward/ctrl_std,0.0025497411843389273
6291456,1435.804,eval/episode_reward/forward_std,15.411009788513184
6291456,1435.804,eval/episode_reward/joint_std,0.004660582169890404
6291456,1435.804,eval/episode_reward/orient_std,2.0118422508239746
6291456,1435.804,eval/episode_reward/total_std,15.271196365356445
6291456,1435.804,eval/episode_state/forward_vel_std,9.275677680969238
6291456,1435.804,eval/episode_state/up_z_std,8.439552307128906
6291456,1435.804,eval/avg_episode_length,1000.0
6291456,1435.804,eval/std_episode_length,0.0
6291456,1435.804,eval/epoch_eval_time,34.667380571365356
6291456,1435.804,eval/sps,923.0579141716705
6815744,1512.751,episode/sps,4696.187606356425
6815744,1512.751,episode/length,1000.0
6815744,1512.751,episode/reward/ctrl,-0.24155475795269013
6815744,1512.751,episode/reward/forward,359.42558013916016
6815744,1512.751,episode/reward/joint,-0.08788448117673398
6815744,1512.751,episode/reward/orient,-4.957038687467575
6815744,1512.751,episode/reward/total,354.13909301757815
6815744,1512.751,episode/state/forward_vel,8.875550111234189
6815744,1512.751,episode/state/up_z,951.952919921875
6815744,1512.751,episode/sum_reward,354.13909301757815
6815744,1512.751,episode/entropy_loss,-0.11268597498536109
6815744,1512.751,episode/kl_mean,0.0032231358031276614
6815744,1512.751,episode/learning_rate,0.0003000000142492354
6815744,1512.751,episode/policy_dist_max_loc,1.7222007298469544
6815744,1512.751,episode/policy_dist_max_std,2.3322947812080383
6815744,1512.751,episode/policy_dist_mean_loc,-0.08888585321605205
6815744,1512.751,episode/policy_dist_mean_std,0.7421255183219909
6815744,1512.751,episode/policy_dist_min_loc,-2.274724358320236
6815744,1512.751,episode/policy_dist_min_std,0.08583469424396753
6815744,1512.751,episode/policy_loss,-0.0011182334677141625
6815744,1512.751,episode/total_loss,4.459471810460091
6815744,1512.751,episode/v_loss,4.5732760334014895
6815744,1548.020,eval/walltime,512.243599653244
6815744,1548.020,training/sps,6812.937458385057
6815744,1548.020,training/walltime,1011.6118130683899
6815744,1548.020,training/entropy_loss,-0.11249132454395294
6815744,1548.020,training/kl_mean,0.002999040996655822
6815744,1548.020,training/learning_rate,0.0003000000142492354
6815744,1548.020,training/policy_dist_max_loc,1.7115790843963623
6815744,1548.020,training/policy_dist_max_std,2.4119186401367188
6815744,1548.020,training/policy_dist_mean_loc,-0.09022058546543121
6815744,1548.020,training/policy_dist_mean_std,0.7461743950843811
6815744,1548.020,training/policy_dist_min_loc,-2.215622901916504
6815744,1548.020,training/policy_dist_min_std,0.08419513702392578
6815744,1548.020,training/policy_loss,-0.0009422608418390155
6815744,1548.020,training/total_loss,3.20359468460083
6815744,1548.020,training/v_loss,3.317028284072876
6815744,1548.020,eval/episode_reward,359.52227783203125
6815744,1548.020,eval/episode_reward/ctrl,-0.2440018355846405
6815744,1548.020,eval/episode_reward/forward,364.1031188964844
6815744,1548.020,eval/episode_reward/joint,-0.0888521820306778
6815744,1548.020,eval/episode_reward/orient,-4.248014450073242
6815744,1548.020,eval/episode_reward/total,359.52227783203125
6815744,1548.020,eval/episode_state/forward_vel,12.00648307800293
6815744,1548.020,eval/episode_state/up_z,952.1650390625
6815744,1548.020,eval/episode_reward_std,16.798580169677734
6815744,1548.020,eval/episode_reward/ctrl_std,0.0025464699137955904
6815744,1548.020,eval/episode_reward/forward_std,15.7698392868042
6815744,1548.020,eval/episode_reward/joint_std,0.004678419791162014
6815744,1548.020,eval/episode_reward/orient_std,4.930863857269287
6815744,1548.020,eval/episode_reward/total_std,16.798580169677734
6815744,1548.020,eval/episode_state/forward_vel_std,9.59593677520752
6815744,1548.020,eval/episode_state/up_z_std,16.334272384643555
6815744,1548.020,eval/avg_episode_length,1000.0
6815744,1548.020,eval/std_episode_length,0.0
6815744,1548.020,eval/epoch_eval_time,35.24556016921997
6815744,1548.020,eval/sps,907.9157728338696
7340032,1624.019,episode/sps,4711.931527874475
7340032,1624.019,episode/length,1000.0
7340032,1624.019,episode/reward/ctrl,-0.24218762233853341
7340032,1624.019,episode/reward/forward,358.80305267333983
7340032,1624.019,episode/reward/joint,-0.08697285309433937
7340032,1624.019,episode/reward/orient,-4.482318663597107
7340032,1624.019,episode/reward/total,353.9915930175781
7340032,1624.019,episode/state/forward_vel,8.648096804842353
7340032,1624.019,episode/state/up_z,952.5497058105469
7340032,1624.019,episode/sum_reward,353.9915930175781
7340032,1624.019,episode/entropy_loss,-0.11255077265202999
7340032,1624.019,episode/kl_mean,0.0027430503588402643
7340032,1624.019,episode/learning_rate,0.0003000000142492354
7340032,1624.019,episode/policy_dist_max_loc,1.7291418981552125
7340032,1624.019,episode/policy_dist_max_std,2.326457612514496
7340032,1624.019,episode/policy_dist_mean_loc,-0.08994536250829696
7340032,1624.019,episode/policy_dist_mean_std,0.745733847618103
7340032,1624.019,episode/policy_dist_min_loc,-2.2348973882198333
7340032,1624.019,episode/policy_dist_min_std,0.08924562413245439
7340032,1624.019,episode/policy_loss,-0.0009090553149871994
7340032,1624.019,episode/total_loss,3.3550787949562073
7340032,1624.019,episode/v_loss,3.4685386317968367
7340032,1658.495,eval/walltime,546.6957130432129
7340032,1658.495,training/sps,6898.041693500074
7340032,1658.495,training/walltime,1087.6171524524689
7340032,1658.495,training/entropy_loss,-0.11253660917282104
7340032,1658.495,training/kl_mean,0.001948231365531683
7340032,1658.495,training/learning_rate,0.0003000000142492354
7340032,1658.495,training/policy_dist_max_loc,1.720773696899414
7340032,1658.495,training/policy_dist_max_std,2.2831311225891113
7340032,1658.495,training/policy_dist_mean_loc,-0.09037084132432938
7340032,1658.495,training/policy_dist_mean_std,0.7495763301849365
7340032,1658.495,training/policy_dist_min_loc,-2.1707069873809814
7340032,1658.495,training/policy_dist_min_std,0.09755105525255203
7340032,1658.495,training/policy_loss,-0.0004054809105582535
7340032,1658.495,training/total_loss,2.0472428798675537
7340032,1658.495,training/v_loss,2.160184860229492
7340032,1658.495,eval/episode_reward,359.12652587890625
7340032,1658.495,eval/episode_reward/ctrl,-0.24389344453811646
7340032,1658.495,eval/episode_reward/forward,363.3538818359375
7340032,1658.495,eval/episode_reward/joint,-0.0874076783657074
7340032,1658.495,eval/episode_reward/orient,-3.896097183227539
7340032,1658.495,eval/episode_reward/total,359.12652587890625
7340032,1658.495,eval/episode_state/forward_vel,11.415273666381836
7340032,1658.495,eval/episode_state/up_z,952.1251831054688
7340032,1658.495,eval/episode_reward_std,19.93146514892578
7340032,1658.495,eval/episode_reward/ctrl_std,0.0026154611259698868
7340032,1658.495,eval/episode_reward/forward_std,19.35382843017578
7340032,1658.495,eval/episode_reward/joint_std,0.005733277648687363
7340032,1658.495,eval/episode_reward/orient_std,2.727334499359131
7340032,1658.495,eval/episode_reward/total_std,19.93146514892578
7340032,1658.495,eval/episode_state/forward_vel_std,11.540876388549805
7340032,1658.495,eval/episode_state/up_z_std,9.215399742126465
7340032,1658.495,eval/avg_episode_length,1000.0
7340032,1658.495,eval/std_episode_length,0.0
7340032,1658.495,eval/epoch_eval_time,34.45211338996887
7340032,1658.495,eval/sps,928.8254580433712
7864320,1734.931,episode/sps,4727.0986265071815
7864320,1734.931,episode/length,1000.0
7864320,1734.931,episode/reward/ctrl,-0.2431887435913086
7864320,1734.931,episode/reward/forward,362.75292236328124
7864320,1734.931,episode/reward/joint,-0.08727047882974148
7864320,1734.931,episode/reward/orient,-5.623901320695877
7864320,1734.931,episode/reward/total,356.7985565185547
7864320,1734.931,episode/state/forward_vel,11.120721915736794
7864320,1734.931,episode/state/up_z,949.7705517578125
7864320,1734.931,episode/sum_reward,356.7985565185547
7864320,1734.931,episode/entropy_loss,-0.1125636824965477
7864320,1734.931,episode/kl_mean,0.0025893267116043716
7864320,1734.931,episode/learning_rate,0.0003000000142492354
7864320,1734.931,episode/policy_dist_max_loc,1.7141301560401916
7864320,1734.931,episode/policy_dist_max_std,2.3333679246902466
7864320,1734.931,episode/policy_dist_mean_loc,-0.08919426031410695
7864320,1734.931,episode/policy_dist_mean_std,0.7485147076845169
7864320,1734.931,episode/policy_dist_min_loc,-2.179772322177887
7864320,1734.931,episode/policy_dist_min_std,0.09154594164341688
7864320,1734.931,episode/policy_loss,-0.0007223322567006108
7864320,1734.931,episode/total_loss,3.1617173457145693
7864320,1734.931,episode/v_loss,3.2750033527612685
7864320,1769.565,eval/walltime,581.3040363788605
7864320,1769.565,training/sps,6858.588600456388
7864320,1769.565,training/walltime,1164.0597021579742
7864320,1769.565,training/entropy_loss,-0.11267106235027313
7864320,1769.565,training/kl_mean,0.002571500139310956
7864320,1769.565,training/learning_rate,0.0003000000142492354
7864320,1769.565,training/policy_dist_max_loc,1.700322151184082
7864320,1769.565,training/policy_dist_max_std,2.303612232208252
7864320,1769.565,training/policy_dist_mean_loc,-0.08688472211360931
7864320,1769.565,training/policy_dist_mean_std,0.7503952980041504
7864320,1769.565,training/policy_dist_min_loc,-2.1263556480407715
7864320,1769.565,training/policy_dist_min_std,0.09475450217723846
7864320,1769.565,training/policy_loss,-0.0006237596389837563
7864320,1769.565,training/total_loss,4.179045677185059
7864320,1769.565,training/v_loss,4.292340278625488
7864320,1769.565,eval/episode_reward,354.41290283203125
7864320,1769.565,eval/episode_reward/ctrl,-0.24437996745109558
7864320,1769.565,eval/episode_reward/forward,362.7041931152344
7864320,1769.565,eval/episode_reward/joint,-0.08786767721176147
7864320,1769.565,eval/episode_reward/orient,-7.958995342254639
7864320,1769.565,eval/episode_reward/total,354.41290283203125
7864320,1769.565,eval/episode_state/forward_vel,12.264633178710938
7864320,1769.565,eval/episode_state/up_z,946.0697021484375
7864320,1769.565,eval/episode_reward_std,21.306135177612305
7864320,1769.565,eval/episode_reward/ctrl_std,0.0028619703371077776
7864320,1769.565,eval/episode_reward/forward_std,19.118572235107422
7864320,1769.565,eval/episode_reward/joint_std,0.005065028090029955
7864320,1769.565,eval/episode_reward/orient_std,10.990530967712402
7864320,1769.565,eval/episode_reward/total_std,21.306135177612305
7864320,1769.565,eval/episode_state/forward_vel_std,12.244128227233887
7864320,1769.565,eval/episode_state/up_z_std,14.753263473510742
7864320,1769.565,eval/avg_episode_length,1000.0
7864320,1769.565,eval/std_episode_length,0.0
7864320,1769.565,eval/epoch_eval_time,34.60832333564758
7864320,1769.565,eval/sps,924.6330626782797
8388608,1846.417,episode/sps,4702.71487543585
8388608,1846.417,episode/length,1000.0
8388608,1846.417,episode/reward/ctrl,-0.24440742239356042
8388608,1846.417,episode/reward/forward,364.46397216796873
8388608,1846.417,episode/reward/joint,-0.08702154643833637
8388608,1846.417,episode/reward/orient,-6.200697957277298
8388608,1846.417,episode/reward/total,357.93190536499026
8388608,1846.417,episode/state/forward_vel,11.851015293598175
8388608,1846.417,episode/state/up_z,946.7036584472656
8388608,1846.417,episode/sum_reward,357.93190536499026
8388608,1846.417,episode/entropy_loss,-0.11254137888550758
8388608,1846.417,episode/kl_mean,0.002423841117415577
8388608,1846.417,episode/learning_rate,0.0003000000142492354
8388608,1846.417,episode/policy_dist_max_loc,1.7183470940589904
8388608,1846.417,episode/policy_dist_max_std,2.328240065574646
8388608,1846.417,episode/policy_dist_mean_loc,-0.08984218701720238
8388608,1846.417,episode/policy_dist_mean_std,0.7512318360805511
8388608,1846.417,episode/policy_dist_min_loc,-2.1519196796417237
8388608,1846.417,episode/policy_dist_min_std,0.09799334555864334
8388608,1846.417,episode/policy_loss,-0.0006475739453162533
8388608,1846.417,episode/total_loss,3.074323186278343
8388608,1846.417,episode/v_loss,3.1875121319293975
8388608,1882.935,eval/walltime,617.7959461212158
8388608,1882.935,training/sps,6821.456171650615
8388608,1882.935,training/walltime,1240.9183650016785
8388608,1882.935,training/entropy_loss,-0.1124199777841568
8388608,1882.935,training/kl_mean,0.0026087805163115263
8388608,1882.935,training/learning_rate,0.0003000000142492354
8388608,1882.935,training/policy_dist_max_loc,1.7379260063171387
8388608,1882.935,training/policy_dist_max_std,2.374917984008789
8388608,1882.935,training/policy_dist_mean_loc,-0.09224555641412735
8388608,1882.935,training/policy_dist_mean_std,0.7541228532791138
8388608,1882.935,training/policy_dist_min_loc,-2.146718978881836
8388608,1882.935,training/policy_dist_min_std,0.10281762480735779
8388608,1882.935,training/policy_loss,-0.0007997555658221245
8388608,1882.935,training/total_loss,2.833756446838379
8388608,1882.935,training/v_loss,2.9469761848449707
8388608,1882.935,eval/episode_reward,281.367919921875
8388608,1882.935,eval/episode_reward/ctrl,-0.24619150161743164
8388608,1882.935,eval/episode_reward/forward,361.1052551269531
8388608,1882.935,eval/episode_reward/joint,-0.09223425388336182
8388608,1882.935,eval/episode_reward/orient,-79.39887237548828
8388608,1882.935,eval/episode_reward/total,281.367919921875
8388608,1882.935,eval/episode_state/forward_vel,10.873769760131836
8388608,1882.935,eval/episode_state/up_z,912.9749755859375
8388608,1882.935,eval/episode_reward_std,421.5798034667969
8388608,1882.935,eval/episode_reward/ctrl_std,0.0030922587029635906
8388608,1882.935,eval/episode_reward/forward_std,20.721521377563477
8388608,1882.935,eval/episode_reward/joint_std,0.005381441675126553
8388608,1882.935,eval/episode_reward/orient_std,416.3864440917969
8388608,1882.935,eval/episode_reward/total_std,421.5798034667969
8388608,1882.935,eval/episode_state/forward_vel_std,12.71445083618164
8388608,1882.935,eval/episode_state/up_z_std,214.49234008789062
8388608,1882.935,eval/avg_episode_length,1000.0
8388608,1882.935,eval/std_episode_length,0.0
8388608,1882.935,eval/epoch_eval_time,36.49190974235535
8388608,1882.935,eval/sps,876.9066959205567
8912896,1959.106,episode/sps,4652.525896468859
8912896,1959.106,episode/length,1000.0
8912896,1959.106,episode/reward/ctrl,-0.2453185248374939
8912896,1959.106,episode/reward/forward,366.20988800048826
8912896,1959.106,episode/reward/joint,-0.0909339987486601
8912896,1959.106,episode/reward/orient,-31.413924090862274
8912896,1959.106,episode/reward/total,334.4596691894531
8912896,1959.106,episode/state/forward_vel,13.758468087855727
8912896,1959.106,episode/state/up_z,936.4641589355468
8912896,1959.106,episode/sum_reward,334.4596691894531
8912896,1959.106,episode/entropy_loss,-0.11250019572675228
8912896,1959.106,episode/kl_mean,0.002702597156749107
8912896,1959.106,episode/learning_rate,0.0003000000142492354
8912896,1959.106,episode/policy_dist_max_loc,1.7602680122852326
8912896,1959.106,episode/policy_dist_max_std,2.3710049104690554
8912896,1959.106,episode/policy_dist_mean_loc,-0.09028354443609715
8912896,1959.106,episode/policy_dist_mean_std,0.7535334241390228
8912896,1959.106,episode/policy_dist_min_loc,-2.172698537111282
8912896,1959.106,episode/policy_dist_min_std,0.09699486408382654
8912896,1959.106,episode/policy_loss,-0.0007789073091407772
8912896,1959.106,episode/total_loss,3.231694208085537
8912896,1959.106,episode/v_loss,3.344973308444023
8912896,1988.857,eval/walltime,647.5262897014618
8912896,1988.857,training/sps,6882.433189609993
8912896,1988.857,training/walltime,1317.0960750579834
8912896,1988.857,training/entropy_loss,-0.11243471503257751
8912896,1988.857,training/kl_mean,0.0029124764259904623
8912896,1988.857,training/learning_rate,0.0003000000142492354
8912896,1988.857,training/policy_dist_max_loc,1.8415777683258057
8912896,1988.857,training/policy_dist_max_std,2.442110300064087
8912896,1988.857,training/policy_dist_mean_loc,-0.09167449176311493
8912896,1988.857,training/policy_dist_mean_std,0.7564693689346313
8912896,1988.857,training/policy_dist_min_loc,-2.2362096309661865
8912896,1988.857,training/policy_dist_min_std,0.09387993812561035
8912896,1988.857,training/policy_loss,-0.0008404577383771539
8912896,1988.857,training/total_loss,2.7754383087158203
8912896,1988.857,training/v_loss,2.8887133598327637
8912896,1988.857,eval/episode_reward,295.7689208984375
8912896,1988.857,eval/episode_reward/ctrl,-0.2473035752773285
8912896,1988.857,eval/episode_reward/forward,361.2042236328125
8912896,1988.857,eval/episode_reward/joint,-0.09238285571336746
8912896,1988.857,eval/episode_reward/orient,-65.09555053710938
8912896,1988.857,eval/episode_reward/total,295.7689208984375
8912896,1988.857,eval/episode_state/forward_vel,10.800545692443848
8912896,1988.857,eval/episode_state/up_z,915.5593872070312
8912896,1988.857,eval/episode_reward_std,360.3432922363281
8912896,1988.857,eval/episode_reward/ctrl_std,0.002671936061233282
8912896,1988.857,eval/episode_reward/forward_std,23.942909240722656
8912896,1988.857,eval/episode_reward/joint_std,0.006298846565186977
8912896,1988.857,eval/episode_reward/orient_std,340.171142578125
8912896,1988.857,eval/episode_reward/total_std,360.3432922363281
8912896,1988.857,eval/episode_state/forward_vel_std,13.22968864440918
8912896,1988.857,eval/episode_state/up_z_std,178.76742553710938
8912896,1988.857,eval/avg_episode_length,1000.0
8912896,1988.857,eval/std_episode_length,0.0
8912896,1988.857,eval/epoch_eval_time,29.73034358024597
8912896,1988.857,eval/sps,1076.3414123899354
9437184,2064.522,episode/sps,4973.517678846338
9437184,2064.522,episode/length,1000.0
9437184,2064.522,episode/reward/ctrl,-0.24650017485022546
9437184,2064.522,episode/reward/forward,364.363332824707
9437184,2064.522,episode/reward/joint,-0.09249843038618565
9437184,2064.522,episode/reward/orient,-3.4410639035701753
9437184,2064.522,episode/reward/total,360.5832421875
9437184,2064.522,episode/state/forward_vel,12.169351491332055
9437184,2064.522,episode/state/up_z,952.2829595947265
9437184,2064.522,episode/sum_reward,360.5832421875
9437184,2064.522,episode/entropy_loss,-0.11229016862809658
9437184,2064.522,episode/kl_mean,0.002947626226232387
9437184,2064.522,episode/learning_rate,0.0003000000142492354
9437184,2064.522,episode/policy_dist_max_loc,1.810193110704422
9437184,2064.522,episode/policy_dist_max_std,2.394229350090027
9437184,2064.522,episode/policy_dist_mean_loc,-0.09118183955550194
9437184,2064.522,episode/policy_dist_mean_std,0.7562574344873428
9437184,2064.522,episode/policy_dist_min_loc,-2.1964555490016937
9437184,2064.522,episode/policy_dist_min_std,0.09916103664785623
9437184,2064.522,episode/policy_loss,-0.0009707605815492571
9437184,2064.522,episode/total_loss,2.9650435468554495
9437184,2064.522,episode/v_loss,3.0783044618368147
9437184,2099.411,eval/walltime,682.393639087677
9437184,2099.411,training/sps,6928.44738662327
9437184,2099.411,training/walltime,1392.7678627967834
9437184,2099.411,training/entropy_loss,-0.11197708547115326
9437184,2099.411,training/kl_mean,0.0033173938281834126
9437184,2099.411,training/learning_rate,0.0003000000142492354
9437184,2099.411,training/policy_dist_max_loc,1.8561640977859497
9437184,2099.411,training/policy_dist_max_std,2.359905242919922
9437184,2099.411,training/policy_dist_mean_loc,-0.09008702635765076
9437184,2099.411,training/policy_dist_mean_std,0.7586623430252075
9437184,2099.411,training/policy_dist_min_loc,-2.200190544128418
9437184,2099.411,training/policy_dist_min_std,0.1014094352722168
9437184,2099.411,training/policy_loss,-0.0012033851817250252
9437184,2099.411,training/total_loss,3.0817270278930664
9437184,2099.411,training/v_loss,3.1949076652526855
9437184,2099.411,eval/episode_reward,367.79779052734375
9437184,2099.411,eval/episode_reward/ctrl,-0.24972768127918243
9437184,2099.411,eval/episode_reward/forward,374.769287109375
9437184,2099.411,eval/episode_reward/joint,-0.09663607180118561
9437184,2099.411,eval/episode_reward/orient,-6.625055313110352
9437184,2099.411,eval/episode_reward/total,367.79779052734375
9437184,2099.411,eval/episode_state/forward_vel,18.103374481201172
9437184,2099.411,eval/episode_state/up_z,939.7142333984375
9437184,2099.411,eval/episode_reward_std,26.7564640045166
9437184,2099.411,eval/episode_reward/ctrl_std,0.0024778314400464296
9437184,2099.411,eval/episode_reward/forward_std,22.391490936279297
9437184,2099.411,eval/episode_reward/joint_std,0.007598039694130421
9437184,2099.411,eval/episode_reward/orient_std,7.789155960083008
9437184,2099.411,eval/episode_reward/total_std,26.7564640045166
9437184,2099.411,eval/episode_state/forward_vel_std,13.719939231872559
9437184,2099.411,eval/episode_state/up_z_std,16.578720092773438
9437184,2099.411,eval/avg_episode_length,1000.0
9437184,2099.411,eval/std_episode_length,0.0
9437184,2099.411,eval/epoch_eval_time,34.86734938621521
9437184,2099.411,eval/sps,917.764056153095
9961472,2177.258,episode/sps,4650.581149861393
9961472,2177.258,episode/length,1000.0
9961472,2177.258,episode/reward/ctrl,-0.2478185686469078
9961472,2177.258,episode/reward/forward,376.4784112548828
9961472,2177.258,episode/reward/joint,-0.09342064224183559
9961472,2177.258,episode/reward/orient,-4.737394844293594
9961472,2177.258,episode/reward/total,371.3997314453125
9961472,2177.258,episode/state/forward_vel,20.276588003635407
9961472,2177.258,episode/state/up_z,945.9694976806641
9961472,2177.258,episode/sum_reward,371.3997314453125
9961472,2177.258,episode/entropy_loss,-0.11203479193150997
9961472,2177.258,episode/kl_mean,0.003093599185231142
9961472,2177.258,episode/learning_rate,0.0003000000142492354
9961472,2177.258,episode/policy_dist_max_loc,1.8448524594306945
9961472,2177.258,episode/policy_dist_max_std,2.3830251789093015
9961472,2177.258,episode/policy_dist_mean_loc,-0.09190809801220894
9961472,2177.258,episode/policy_dist_mean_std,0.7591215825080871
9961472,2177.258,episode/policy_dist_min_loc,-2.252925707101822
9961472,2177.258,episode/policy_dist_min_std,0.09823963340371847
9961472,2177.258,episode/policy_loss,-0.0009256319516862277
9961472,2177.258,episode/total_loss,3.298957758843899
9961472,2177.258,episode/v_loss,3.4119181698560714
9961472,2213.202,eval/walltime,718.3138527870178
9961472,2213.202,training/sps,6734.285926800433
9961472,2213.202,training/walltime,1470.621402978897
9961472,2213.202,training/entropy_loss,-0.11166147887706757
9961472,2213.202,training/kl_mean,0.0028548501431941986
9961472,2213.202,training/learning_rate,0.0003000000142492354
9961472,2213.202,training/policy_dist_max_loc,1.843472957611084
9961472,2213.202,training/policy_dist_max_std,2.337960720062256
9961472,2213.202,training/policy_dist_mean_loc,-0.09376595914363861
9961472,2213.202,training/policy_dist_mean_std,0.7627649307250977
9961472,2213.202,training/policy_dist_min_loc,-2.330399751663208
9961472,2213.202,training/policy_dist_min_std,0.09876221418380737
9961472,2213.202,training/policy_loss,-0.0006030874792486429
9961472,2213.202,training/total_loss,4.114789962768555
9961472,2213.202,training/v_loss,4.227054119110107
9961472,2213.202,eval/episode_reward,373.703369140625
9961472,2213.202,eval/episode_reward/ctrl,-0.2525055706501007
9961472,2213.202,eval/episode_reward/forward,380.2610168457031
9961472,2213.202,eval/episode_reward/joint,-0.09852145612239838
9961472,2213.202,eval/episode_reward/orient,-6.206562519073486
9961472,2213.202,eval/episode_reward/total,373.703369140625
9961472,2213.202,eval/episode_state/forward_vel,22.463926315307617
9961472,2213.202,eval/episode_state/up_z,937.0869750976562
9961472,2213.202,eval/episode_reward_std,16.441835403442383
9961472,2213.202,eval/episode_reward/ctrl_std,0.0033829030580818653
9961472,2213.202,eval/episode_reward/forward_std,16.556859970092773
9961472,2213.202,eval/episode_reward/joint_std,0.005168498959392309
9961472,2213.202,eval/episode_reward/orient_std,3.845330238342285
9961472,2213.202,eval/episode_reward/total_std,16.441835403442383
9961472,2213.202,eval/episode_state/forward_vel_std,11.066650390625
9961472,2213.202,eval/episode_state/up_z_std,12.51771068572998
9961472,2213.202,eval/avg_episode_length,1000.0
9961472,2213.202,eval/std_episode_length,0.0
9961472,2213.202,eval/epoch_eval_time,35.92021369934082
9961472,2213.202,eval/sps,890.8632968569237
10485760,2289.960,episode/sps,4651.968016378178
10485760,2289.960,episode/length,1000.0
10485760,2289.960,episode/reward/ctrl,-0.25084840148687365
10485760,2289.960,episode/reward/forward,376.14237884521486
10485760,2289.960,episode/reward/joint,-0.09662003830075264
10485760,2289.960,episode/reward/orient,-5.90850653886795
10485760,2289.960,episode/reward/total,369.88642822265626
10485760,2289.960,episode/state/forward_vel,19.638514721393584
10485760,2289.960,episode/state/up_z,940.1414666748046
10485760,2289.960,episode/sum_reward,369.88642822265626
10485760,2289.960,episode/entropy_loss,-0.11154933832585812
10485760,2289.960,episode/kl_mean,0.00302425169153139
10485760,2289.960,episode/learning_rate,0.0003000000142492354
10485760,2289.960,episode/policy_dist_max_loc,1.8457377398014068
10485760,2289.960,episode/policy_dist_max_std,2.3787387824058532
10485760,2289.960,episode/policy_dist_mean_loc,-0.09474368385970593
10485760,2289.960,episode/policy_dist_mean_std,0.7625353252887725
10485760,2289.960,episode/policy_dist_min_loc,-2.306323845386505
10485760,2289.960,episode/policy_dist_min_std,0.09684406232088805
10485760,2289.960,episode/policy_loss,-0.0008406056527746842
10485760,2289.960,episode/total_loss,4.179305347800255
10485760,2289.960,episode/v_loss,4.291695268750191
10485760,2325.708,eval/walltime,754.0368509292603
10485760,2325.708,training/sps,6829.76319303501
10485760,2325.708,training/walltime,1547.38658285141
10485760,2325.708,training/entropy_loss,-0.11090665310621262
10485760,2325.708,training/kl_mean,0.002658715471625328
10485760,2325.708,training/learning_rate,0.0003000000142492354
10485760,2325.708,training/policy_dist_max_loc,1.8412095308303833
10485760,2325.708,training/policy_dist_max_std,2.4381439685821533
10485760,2325.708,training/policy_dist_mean_loc,-0.10085257887840271
10485760,2325.708,training/policy_dist_mean_std,0.7668063640594482
10485760,2325.708,training/policy_dist_min_loc,-2.4007320404052734
10485760,2325.708,training/policy_dist_min_std,0.09058094024658203
10485760,2325.708,training/policy_loss,-0.0005657685687765479
10485760,2325.708,training/total_loss,5.586941242218018
10485760,2325.708,training/v_loss,5.698413848876953
10485760,2325.708,eval/episode_reward,372.30841064453125
10485760,2325.708,eval/episode_reward/ctrl,-0.25380951166152954
10485760,2325.708,eval/episode_reward/forward,378.55364990234375
10485760,2325.708,eval/episode_reward/joint,-0.10051170736551285
10485760,2325.708,eval/episode_reward/orient,-5.890891075134277
10485760,2325.708,eval/episode_reward/total,372.30841064453125
10485760,2325.708,eval/episode_state/forward_vel,20.523998260498047
10485760,2325.708,eval/episode_state/up_z,938.2227783203125
10485760,2325.708,eval/episode_reward_std,23.075241088867188
10485760,2325.708,eval/episode_reward/ctrl_std,0.0033656200394034386
10485760,2325.708,eval/episode_reward/forward_std,23.2293701171875
10485760,2325.708,eval/episode_reward/joint_std,0.007187661714851856
10485760,2325.708,eval/episode_reward/orient_std,3.5478127002716064
10485760,2325.708,eval/episode_reward/total_std,23.075241088867188
10485760,2325.708,eval/episode_state/forward_vel_std,14.225797653198242
10485760,2325.708,eval/episode_state/up_z_std,12.778133392333984
10485760,2325.708,eval/avg_episode_length,1000.0
10485760,2325.708,eval/std_episode_length,0.0
10485760,2325.708,eval/epoch_eval_time,35.72299814224243
10485760,2325.708,eval/sps,895.7814759159314
11010048,2402.950,episode/sps,4640.137900986794
11010048,2402.950,episode/length,1000.0
11010048,2402.950,episode/reward/ctrl,-0.25234592735767364
11010048,2402.950,episode/reward/forward,375.9709185791016
11010048,2402.950,episode/reward/joint,-0.09935080274939537
11010048,2402.950,episode/reward/orient,-19.37784782409668
11010048,2402.950,episode/reward/total,356.24138427734374
11010048,2402.950,episode/state/forward_vel,19.321163714006545
11010048,2402.950,episode/state/up_z,931.667685546875
11010048,2402.950,episode/sum_reward,356.24138427734374
11010048,2402.950,episode/entropy_loss,-0.11103228867053985
11010048,2402.950,episode/kl_mean,0.0029102587734814735
11010048,2402.950,episode/learning_rate,0.0003000000142492354
11010048,2402.950,episode/policy_dist_max_loc,1.847552126646042
11010048,2402.950,episode/policy_dist_max_std,2.408250858783722
11010048,2402.950,episode/policy_dist_mean_loc,-0.09900015026330948
11010048,2402.950,episode/policy_dist_mean_std,0.7658464354276657
11010048,2402.950,episode/policy_dist_min_loc,-2.373655204772949
11010048,2402.950,episode/policy_dist_min_std,0.09205079562962055
11010048,2402.950,episode/policy_loss,-0.000664045683297445
11010048,2402.950,episode/total_loss,4.522877923250198
11010048,2402.950,episode/v_loss,4.6345742243528365
11010048,2438.553,eval/walltime,789.6150453090668
11010048,2438.553,training/sps,6787.002776987478
11010048,2438.553,training/walltime,1624.6354093551636
11010048,2438.553,training/entropy_loss,-0.11040357500314713
11010048,2438.553,training/kl_mean,0.0030663555953651667
11010048,2438.553,training/learning_rate,0.0003000000142492354
11010048,2438.553,training/policy_dist_max_loc,1.8567736148834229
11010048,2438.553,training/policy_dist_max_std,2.447798728942871
11010048,2438.553,training/policy_dist_mean_loc,-0.10365119576454163
11010048,2438.553,training/policy_dist_mean_std,0.7687718868255615
11010048,2438.553,training/policy_dist_min_loc,-2.4045326709747314
11010048,2438.553,training/policy_dist_min_std,0.08413563668727875
11010048,2438.553,training/policy_loss,-0.0006062477477826178
11010048,2438.553,training/total_loss,4.229146957397461
11010048,2438.553,training/v_loss,4.340156555175781
11010048,2438.553,eval/episode_reward,376.332763671875
11010048,2438.553,eval/episode_reward/ctrl,-0.2558537423610687
11010048,2438.553,eval/episode_reward/forward,381.4038391113281
11010048,2438.553,eval/episode_reward/joint,-0.10607003420591354
11010048,2438.553,eval/episode_reward/orient,-4.709184646606445
11010048,2438.553,eval/episode_reward/total,376.332763671875
11010048,2438.553,eval/episode_state/forward_vel,23.00719451904297
11010048,2438.553,eval/episode_state/up_z,942.3619384765625
11010048,2438.553,eval/episode_reward_std,17.703615188598633
11010048,2438.553,eval/episode_reward/ctrl_std,0.0033663830254226923
11010048,2438.553,eval/episode_reward/forward_std,17.352062225341797
11010048,2438.553,eval/episode_reward/joint_std,0.0067713502794504166
11010048,2438.553,eval/episode_reward/orient_std,2.010606288909912
11010048,2438.553,eval/episode_reward/total_std,17.703615188598633
11010048,2438.553,eval/episode_state/forward_vel_std,11.277557373046875
11010048,2438.553,eval/episode_state/up_z_std,9.176458358764648
11010048,2438.553,eval/avg_episode_length,1000.0
11010048,2438.553,eval/std_episode_length,0.0
11010048,2438.553,eval/epoch_eval_time,35.57819437980652
11010048,2438.553,eval/sps,899.4273193965844
11534336,2516.268,episode/sps,4626.681879665479
11534336,2516.268,episode/length,1000.0
11534336,2516.268,episode/reward/ctrl,-0.25346654281020164
11534336,2516.268,episode/reward/forward,376.35805358886716
11534336,2516.268,episode/reward/joint,-0.10242968246340751
11534336,2516.268,episode/reward/orient,-5.963136556148529
11534336,2516.268,episode/reward/total,370.0389782714844
11534336,2516.268,episode/state/forward_vel,19.995918068289757
11534336,2516.268,episode/state/up_z,938.297705078125
11534336,2516.268,episode/sum_reward,370.0389782714844
11534336,2516.268,episode/entropy_loss,-0.1104305986315012
11534336,2516.268,episode/kl_mean,0.003108115796931088
11534336,2516.268,episode/learning_rate,0.0003000000142492354
11534336,2516.268,episode/policy_dist_max_loc,1.867277320623398
11534336,2516.268,episode/policy_dist_max_std,2.421992995738983
11534336,2516.268,episode/policy_dist_mean_loc,-0.10366413488984108
11534336,2516.268,episode/policy_dist_mean_std,0.7686285883188247
11534336,2516.268,episode/policy_dist_min_loc,-2.374952826499939
11534336,2516.268,episode/policy_dist_min_std,0.08734868723899127
11534336,2516.268,episode/policy_loss,-0.0006932322667125845
11534336,2516.268,episode/total_loss,4.227124000489712
11534336,2516.268,episode/v_loss,4.338247806429863
11534336,2552.359,eval/walltime,825.6827099323273
11534336,2552.359,training/sps,6745.694724135677
11534336,2552.359,training/walltime,1702.3572781085968
11534336,2552.359,training/entropy_loss,-0.10984478145837784
11534336,2552.359,training/kl_mean,0.0035130977630615234
11534336,2552.359,training/learning_rate,0.0003000000142492354
11534336,2552.359,training/policy_dist_max_loc,1.9142776727676392
11534336,2552.359,training/policy_dist_max_std,2.3852272033691406
11534336,2552.359,training/policy_dist_mean_loc,-0.10732829570770264
11534336,2552.359,training/policy_dist_mean_std,0.7708107233047485
11534336,2552.359,training/policy_dist_min_loc,-2.3291754722595215
11534336,2552.359,training/policy_dist_min_std,0.08618266135454178
11534336,2552.359,training/policy_loss,-0.0008060707477852702
11534336,2552.359,training/total_loss,2.746389389038086
11534336,2552.359,training/v_loss,2.8570399284362793
11534336,2552.359,eval/episode_reward,379.54595947265625
11534336,2552.359,eval/episode_reward/ctrl,-0.25908058881759644
11534336,2552.359,eval/episode_reward/forward,387.42803955078125
11534336,2552.359,eval/episode_reward/joint,-0.1113814190030098
11534336,2552.359,eval/episode_reward/orient,-7.51161003112793
11534336,2552.359,eval/episode_reward/total,379.54595947265625
11534336,2552.359,eval/episode_state/forward_vel,26.445507049560547
11534336,2552.359,eval/episode_state/up_z,936.0178833007812
11534336,2552.359,eval/episode_reward_std,16.156808853149414
11534336,2552.359,eval/episode_reward/ctrl_std,0.0031445312779396772
11534336,2552.359,eval/episode_reward/forward_std,16.755817413330078
11534336,2552.359,eval/episode_reward/joint_std,0.007015543058514595
11534336,2552.359,eval/episode_reward/orient_std,7.88810396194458
11534336,2552.359,eval/episode_reward/total_std,16.156808853149414
11534336,2552.359,eval/episode_state/forward_vel_std,11.230798721313477
11534336,2552.359,eval/episode_state/up_z_std,13.703531265258789
11534336,2552.359,eval/avg_episode_length,1000.0
11534336,2552.359,eval/std_episode_length,0.0
11534336,2552.359,eval/epoch_eval_time,36.0676646232605
11534336,2552.359,eval/sps,887.221291820563
12058624,2630.378,episode/sps,4594.58559775972
12058624,2630.378,episode/length,1000.0
12058624,2630.378,episode/reward/ctrl,-0.2566096533834934
12058624,2630.378,episode/reward/forward,375.10732208251954
12058624,2630.378,episode/reward/joint,-0.1072534455358982
12058624,2630.378,episode/reward/orient,-5.996735520362854
12058624,2630.378,episode/reward/total,368.7467370605469
12058624,2630.378,episode/state/forward_vel,18.472507905960082
12058624,2630.378,episode/state/up_z,940.1437640380859
12058624,2630.378,episode/sum_reward,368.7467370605469
12058624,2630.378,episode/entropy_loss,-0.1093211106210947
12058624,2630.378,episode/kl_mean,0.003570000636391342
12058624,2630.378,episode/learning_rate,0.0003000000142492354
12058624,2630.378,episode/policy_dist_max_loc,1.917718333005905
12058624,2630.378,episode/policy_dist_max_std,2.436992998123169
12058624,2630.378,episode/policy_dist_mean_loc,-0.10732259809970855
12058624,2630.378,episode/policy_dist_mean_std,0.7720144289731979
12058624,2630.378,episode/policy_dist_min_loc,-2.3807280921936034
12058624,2630.378,episode/policy_dist_min_std,0.08545101188123226
12058624,2630.378,episode/policy_loss,-0.0009666561974881916
12058624,2630.378,episode/total_loss,2.7948282834887506
12058624,2630.378,episode/v_loss,2.9051160395145414
12058624,2666.962,eval/walltime,862.238222360611
12058624,2666.962,training/sps,6719.318008082634
12058624,2666.962,training/walltime,1780.384244441986
12058624,2666.962,training/entropy_loss,-0.10753817856311798
12058624,2666.962,training/kl_mean,0.004176648333668709
12058624,2666.962,training/learning_rate,0.0003000000142492354
12058624,2666.962,training/policy_dist_max_loc,1.9935777187347412
12058624,2666.962,training/policy_dist_max_std,2.455543041229248
12058624,2666.962,training/policy_dist_mean_loc,-0.11160611361265182
12058624,2666.962,training/policy_dist_mean_std,0.7768822312355042
12058624,2666.962,training/policy_dist_min_loc,-2.3720498085021973
12058624,2666.962,training/policy_dist_min_std,0.08658884465694427
12058624,2666.962,training/policy_loss,-0.0014135574456304312
12058624,2666.962,training/total_loss,1.0888185501098633
12058624,2666.962,training/v_loss,1.197770357131958
12058624,2666.962,eval/episode_reward,378.07049560546875
12058624,2666.962,eval/episode_reward/ctrl,-0.2627134323120117
12058624,2666.962,eval/episode_reward/forward,383.9050598144531
12058624,2666.962,eval/episode_reward/joint,-0.1142769381403923
12058624,2666.962,eval/episode_reward/orient,-5.457633018493652
12058624,2666.962,eval/episode_reward/total,378.07049560546875
12058624,2666.962,eval/episode_state/forward_vel,24.392976760864258
12058624,2666.962,eval/episode_state/up_z,935.4527587890625
12058624,2666.962,eval/episode_reward_std,25.147205352783203
12058624,2666.962,eval/episode_reward/ctrl_std,0.0037575070746243
12058624,2666.962,eval/episode_reward/forward_std,25.25356674194336
12058624,2666.962,eval/episode_reward/joint_std,0.005893005523830652
12058624,2666.962,eval/episode_reward/orient_std,1.6048978567123413
12058624,2666.962,eval/episode_reward/total_std,25.147205352783203
12058624,2666.962,eval/episode_state/forward_vel_std,16.808778762817383
12058624,2666.962,eval/episode_state/up_z_std,8.492280960083008
12058624,2666.962,eval/avg_episode_length,1000.0
12058624,2666.962,eval/std_episode_length,0.0
12058624,2666.962,eval/epoch_eval_time,36.55551242828369
12058624,2666.962,eval/sps,875.3809719609072
12582912,2744.851,episode/sps,4580.035198624757
12582912,2744.851,episode/length,1000.0
12582912,2744.851,episode/reward/ctrl,-0.26096017062664034
12582912,2744.851,episode/reward/forward,382.5216522216797
12582912,2744.851,episode/reward/joint,-0.11443617597222328
12582912,2744.851,episode/reward/orient,-7.0753876185417175
12582912,2744.851,episode/reward/total,375.07088256835937
12582912,2744.851,episode/state/forward_vel,23.573866548016667
12582912,2744.851,episode/state/up_z,931.3413739013672
12582912,2744.851,episode/sum_reward,375.07088256835937
12582912,2744.851,episode/entropy_loss,-0.1080816463381052
12582912,2744.851,episode/kl_mean,0.0036911011848133057
12582912,2744.851,episode/learning_rate,0.0003000000142492354
12582912,2744.851,episode/policy_dist_max_loc,1.9517327415943146
12582912,2744.851,episode/policy_dist_max_std,2.4351589775085447
12582912,2744.851,episode/policy_dist_mean_loc,-0.1117174968123436
12582912,2744.851,episode/policy_dist_mean_std,0.7763593089580536
12582912,2744.851,episode/policy_dist_min_loc,-2.3755658721923827
12582912,2744.851,episode/policy_dist_min_std,0.08516602054238319
12582912,2744.851,episode/policy_loss,-0.0009647155900893267
12582912,2744.851,episode/total_loss,1.8043893638253212
12582912,2744.851,episode/v_loss,1.9134357249736786
12582912,2781.390,eval/walltime,898.755261182785
12582912,2781.390,training/sps,6730.6590048682965
12582912,2781.390,training/walltime,1858.2797372341156
12582912,2781.390,training/entropy_loss,-0.1065855324268341
12582912,2781.390,training/kl_mean,0.0034076939336955547
12582912,2781.390,training/learning_rate,0.0003000000142492354
12582912,2781.390,training/policy_dist_max_loc,1.9592993259429932
12582912,2781.390,training/policy_dist_max_std,2.4577643871307373
12582912,2781.390,training/policy_dist_mean_loc,-0.11680203676223755
12582912,2781.390,training/policy_dist_mean_std,0.7821263670921326
12582912,2781.390,training/policy_dist_min_loc,-2.4245731830596924
12582912,2781.390,training/policy_dist_min_std,0.0836106389760971
12582912,2781.390,training/policy_loss,-0.0005967733450233936
12582912,2781.390,training/total_loss,1.2445392608642578
12582912,2781.390,training/v_loss,1.3517215251922607
12582912,2781.390,eval/episode_reward,377.745361328125
12582912,2781.390,eval/episode_reward/ctrl,-0.26351284980773926
12582912,2781.390,eval/episode_reward/forward,392.4107666015625
12582912,2781.390,eval/episode_reward/joint,-0.11602665483951569
12582912,2781.390,eval/episode_reward/orient,-14.285873413085938
12582912,2781.390,eval/episode_reward/total,377.745361328125
12582912,2781.390,eval/episode_state/forward_vel,29.9685115814209
12582912,2781.390,eval/episode_state/up_z,926.831298828125
12582912,2781.390,eval/episode_reward_std,44.87703323364258
12582912,2781.390,eval/episode_reward/ctrl_std,0.0033138138242065907
12582912,2781.390,eval/episode_reward/forward_std,16.226577758789062
12582912,2781.390,eval/episode_reward/joint_std,0.004750518593937159
12582912,2781.390,eval/episode_reward/orient_std,41.36513900756836
12582912,2781.390,eval/episode_reward/total_std,44.87703323364258
12582912,2781.390,eval/episode_state/forward_vel_std,10.579848289489746
12582912,2781.390,eval/episode_state/up_z_std,28.584272384643555
12582912,2781.390,eval/avg_episode_length,1000.0
12582912,2781.390,eval/std_episode_length,0.0
12582912,2781.390,eval/epoch_eval_time,36.51703882217407
12582912,2781.390,eval/sps,876.3032554701228
13107200,2859.042,episode/sps,4591.294720748658
13107200,2859.042,episode/length,1000.0
13107200,2859.042,episode/reward/ctrl,-0.26351487666368484
13107200,2859.042,episode/reward/forward,385.8138793945312
13107200,2859.042,episode/reward/joint,-0.11659287117421627
13107200,2859.042,episode/reward/orient,-9.946657030582427
13107200,2859.042,episode/reward/total,375.48715286254884
13107200,2859.042,episode/state/forward_vel,25.610169909000398
13107200,2859.042,episode/state/up_z,926.6333764648438
13107200,2859.042,episode/sum_reward,375.48715286254884
13107200,2859.042,episode/entropy_loss,-0.10673044167459012
13107200,2859.042,episode/kl_mean,0.003937382129952312
13107200,2859.042,episode/learning_rate,0.0003000000142492354
13107200,2859.042,episode/policy_dist_max_loc,1.968473526239395
13107200,2859.042,episode/policy_dist_max_std,2.5006971406936644
13107200,2859.042,episode/policy_dist_mean_loc,-0.11660257771611214
13107200,2859.042,episode/policy_dist_mean_std,0.7810444134473801
13107200,2859.042,episode/policy_dist_min_loc,-2.4092730331420897
13107200,2859.042,episode/policy_dist_min_std,0.08045342899858951
13107200,2859.042,episode/policy_loss,-0.0009427514557319227
13107200,2859.042,episode/total_loss,1.1230091139674188
13107200,2859.042,episode/v_loss,1.2306823056936265
13107200,2895.217,eval/walltime,934.9059534072876
13107200,2895.217,training/sps,6751.152114758229
13107200,2895.217,training/walltime,1935.9387784004211
13107200,2895.217,training/entropy_loss,-0.10573290288448334
13107200,2895.217,training/kl_mean,0.0040838345885276794
13107200,2895.217,training/learning_rate,0.0003000000142492354
13107200,2895.217,training/policy_dist_max_loc,1.9588751792907715
13107200,2895.217,training/policy_dist_max_std,2.5988311767578125
13107200,2895.217,training/policy_dist_mean_loc,-0.1227012425661087
13107200,2895.217,training/policy_dist_mean_std,0.7853289842605591
13107200,2895.217,training/policy_dist_min_loc,-2.4274120330810547
13107200,2895.217,training/policy_dist_min_std,0.07106482982635498
13107200,2895.217,training/policy_loss,-0.0007236950332298875
13107200,2895.217,training/total_loss,0.7427150011062622
13107200,2895.217,training/v_loss,0.8491715788841248
13107200,2895.217,eval/episode_reward,383.9090576171875
13107200,2895.217,eval/episode_reward/ctrl,-0.2656511068344116
13107200,2895.217,eval/episode_reward/forward,390.3902587890625
13107200,2895.217,eval/episode_reward/joint,-0.11999551206827164
13107200,2895.217,eval/episode_reward/orient,-6.095465660095215
13107200,2895.217,eval/episode_reward/total,383.9090576171875
13107200,2895.217,eval/episode_state/forward_vel,28.25639533996582
13107200,2895.217,eval/episode_state/up_z,934.0353393554688
13107200,2895.217,eval/episode_reward_std,19.254974365234375
13107200,2895.217,eval/episode_reward/ctrl_std,0.0031107862014323473
13107200,2895.217,eval/episode_reward/forward_std,18.057235717773438
13107200,2895.217,eval/episode_reward/joint_std,0.007002151571214199
13107200,2895.217,eval/episode_reward/orient_std,3.022157907485962
13107200,2895.217,eval/episode_reward/total_std,19.254974365234375
13107200,2895.217,eval/episode_state/forward_vel_std,11.985422134399414
13107200,2895.217,eval/episode_state/up_z_std,9.435203552246094
13107200,2895.217,eval/avg_episode_length,1000.0
13107200,2895.217,eval/std_episode_length,0.0
13107200,2895.217,eval/epoch_eval_time,36.15069222450256
13107200,2895.217,eval/sps,885.18360315963
13631488,2973.848,episode/sps,4566.733726736824
13631488,2973.848,episode/length,1000.0
13631488,2973.848,episode/reward/ctrl,-0.2643486735224724
13631488,2973.848,episode/reward/forward,389.64567779541017
13631488,2973.848,episode/reward/joint,-0.1191502346098423
13631488,2973.848,episode/reward/orient,-7.297773354053497
13631488,2973.848,episode/reward/total,381.96440948486327
13631488,2973.848,episode/state/forward_vel,27.822184799313547
13631488,2973.848,episode/state/up_z,928.6993328857421
13631488,2973.848,episode/sum_reward,381.96440948486327
13631488,2973.848,episode/entropy_loss,-0.10580542780458928
13631488,2973.848,episode/kl_mean,0.0037224763713311405
13631488,2973.848,episode/learning_rate,0.0003000000142492354
13631488,2973.848,episode/policy_dist_max_loc,1.9543159425258636
13631488,2973.848,episode/policy_dist_max_std,2.5967121076583863
13631488,2973.848,episode/policy_dist_mean_loc,-0.12016866408288479
13631488,2973.848,episode/policy_dist_mean_std,0.7844689136743546
13631488,2973.848,episode/policy_dist_min_loc,-2.4631921339035032
13631488,2973.848,episode/policy_dist_min_std,0.07545015305280685
13631488,2973.848,episode/policy_loss,-0.0006204669446015032
13631488,2973.848,episode/total_loss,1.3053044095635413
13631488,2973.848,episode/v_loss,1.4117302930355071
13631488,3009.734,eval/walltime,970.7671871185303
13631488,3009.734,training/sps,6666.9729850714475
13631488,3009.734,training/walltime,2014.5783650875092
13631488,3009.734,training/entropy_loss,-0.10486453771591187
13631488,3009.734,training/kl_mean,0.003539274912327528
13631488,3009.734,training/learning_rate,0.0003000000142492354
13631488,3009.734,training/policy_dist_max_loc,1.9434447288513184
13631488,3009.734,training/policy_dist_max_std,2.747981548309326
13631488,3009.734,training/policy_dist_mean_loc,-0.12224198877811432
13631488,3009.734,training/policy_dist_mean_std,0.7868462800979614
13631488,3009.734,training/policy_dist_min_loc,-2.5443458557128906
13631488,3009.734,training/policy_dist_min_std,0.06989389657974243
13631488,3009.734,training/policy_loss,-0.00032970955362543464
13631488,3009.734,training/total_loss,1.9878208637237549
13631488,3009.734,training/v_loss,2.09301495552063
13631488,3009.734,eval/episode_reward,297.2714538574219
13631488,3009.734,eval/episode_reward/ctrl,-0.26602911949157715
13631488,3009.734,eval/episode_reward/forward,390.0082092285156
13631488,3009.734,eval/episode_reward/joint,-0.12114030122756958
13631488,3009.734,eval/episode_reward/orient,-92.34965515136719
13631488,3009.734,eval/episode_reward/total,297.2714538574219
13631488,3009.734,eval/episode_state/forward_vel,27.74324607849121
13631488,3009.734,eval/episode_state/up_z,888.7265625
13631488,3009.734,eval/episode_reward_std,480.9085998535156
13631488,3009.734,eval/episode_reward/ctrl_std,0.003144877264276147
13631488,3009.734,eval/episode_reward/forward_std,16.99431610107422
13631488,3009.734,eval/episode_reward/joint_std,0.006281374488025904
13631488,3009.734,eval/episode_reward/orient_std,481.1437683105469
13631488,3009.734,eval/episode_reward/total_std,480.9085998535156
13631488,3009.734,eval/episode_state/forward_vel_std,11.1669921875
13631488,3009.734,eval/episode_state/up_z_std,245.9272918701172
13631488,3009.734,eval/avg_episode_length,1000.0
13631488,3009.734,eval/std_episode_length,0.0
13631488,3009.734,eval/epoch_eval_time,35.861233711242676
13631488,3009.734,eval/sps,892.3284753019482
14155776,3087.745,episode/sps,4603.18721764262
14155776,3087.745,episode/length,1000.0
14155776,3087.745,episode/reward/ctrl,-0.2661211177706718
14155776,3087.745,episode/reward/forward,386.4176443481445
14155776,3087.745,episode/reward/joint,-0.12100678846240044
14155776,3087.745,episode/reward/orient,-45.627761466503145
14155776,3087.745,episode/reward/total,340.402780456543
14155776,3087.745,episode/state/forward_vel,25.846500120162965
14155776,3087.745,episode/state/up_z,912.8528398513794
14155776,3087.745,episode/sum_reward,340.402780456543
14155776,3087.745,episode/entropy_loss,-0.10507266908884048
14155776,3087.745,episode/kl_mean,0.0038777176232542843
14155776,3087.745,episode/learning_rate,0.0003000000142492354
14155776,3087.745,episode/policy_dist_max_loc,1.9862969613075256
14155776,3087.745,episode/policy_dist_max_std,2.681733627319336
14155776,3087.745,episode/policy_dist_mean_loc,-0.12339657843112946
14155776,3087.745,episode/policy_dist_mean_std,0.7868284100294113
14155776,3087.745,episode/policy_dist_min_loc,-2.524678864479065
14155776,3087.745,episode/policy_dist_min_std,0.07286329597234725
14155776,3087.745,episode/policy_loss,-0.0005422901594283757
14155776,3087.745,episode/total_loss,1.5086947280168532
14155776,3087.745,episode/v_loss,1.614309673309326
14155776,3123.879,eval/walltime,1006.8767583370209
14155776,3123.879,training/sps,6720.021593416578
14155776,3123.879,training/walltime,2092.5971620082855
14155776,3123.879,training/entropy_loss,-0.10446121543645859
14155776,3123.879,training/kl_mean,0.004050092771649361
14155776,3123.879,training/learning_rate,0.0003000000142492354
14155776,3123.879,training/policy_dist_max_loc,2.053649425506592
14155776,3123.879,training/policy_dist_max_std,2.7260055541992188
14155776,3123.879,training/policy_dist_mean_loc,-0.1258590817451477
14155776,3123.879,training/policy_dist_mean_std,0.7886454463005066
14155776,3123.879,training/policy_dist_min_loc,-2.6065433025360107
14155776,3123.879,training/policy_dist_min_std,0.07730148732662201
14155776,3123.879,training/policy_loss,-0.0004488531849347055
14155776,3123.879,training/total_loss,1.8638050556182861
14155776,3123.879,training/v_loss,1.9687151908874512
14155776,3123.879,eval/episode_reward,393.2171936035156
14155776,3123.879,eval/episode_reward/ctrl,-0.268318772315979
14155776,3123.879,eval/episode_reward/forward,400.4027099609375
14155776,3123.879,eval/episode_reward/joint,-0.12397748231887817
14155776,3123.879,eval/episode_reward/orient,-6.793237686157227
14155776,3123.879,eval/episode_reward/total,393.2171936035156
14155776,3123.879,eval/episode_state/forward_vel,35.45176696777344
14155776,3123.879,eval/episode_state/up_z,932.75048828125
14155776,3123.879,eval/episode_reward_std,17.745052337646484
14155776,3123.879,eval/episode_reward/ctrl_std,0.0032595773227512836
14155776,3123.879,eval/episode_reward/forward_std,18.034969329833984
14155776,3123.879,eval/episode_reward/joint_std,0.006411535199731588
14155776,3123.879,eval/episode_reward/orient_std,4.468495845794678
14155776,3123.879,eval/episode_reward/total_std,17.745052337646484
14155776,3123.879,eval/episode_state/forward_vel_std,12.859132766723633
14155776,3123.879,eval/episode_state/up_z_std,10.047578811645508
14155776,3123.879,eval/avg_episode_length,1000.0
14155776,3123.879,eval/std_episode_length,0.0
14155776,3123.879,eval/epoch_eval_time,36.1095712184906
14155776,3123.879,eval/sps,886.1916361835331
14680064,3202.325,episode/sps,4575.75296019491
14680064,3202.325,episode/length,1000.0
14680064,3202.325,episode/reward/ctrl,-0.26714233845472335
14680064,3202.325,episode/reward/forward,393.0825543212891
14680064,3202.325,episode/reward/joint,-0.12293055705726147
14680064,3202.325,episode/reward/orient,-6.514273545742035
14680064,3202.325,episode/reward/total,386.1782336425781
14680064,3202.325,episode/state/forward_vel,30.314975497722624
14680064,3202.325,episode/state/up_z,931.4197290039062
14680064,3202.325,episode/sum_reward,386.1782336425781
14680064,3202.325,episode/entropy_loss,-0.10427929021418095
14680064,3202.325,episode/kl_mean,0.0038713761675171553
14680064,3202.325,episode/learning_rate,0.0003000000142492354
14680064,3202.325,episode/policy_dist_max_loc,2.0151004183292387
14680064,3202.325,episode/policy_dist_max_std,2.6937161898612976
14680064,3202.325,episode/policy_dist_mean_loc,-0.12653348490595817
14680064,3202.325,episode/policy_dist_mean_std,0.7888133454322815
14680064,3202.325,episode/policy_dist_min_loc,-2.5274448943138124
14680064,3202.325,episode/policy_dist_min_std,0.07528339337557555
14680064,3202.325,episode/policy_loss,-0.0003853130852075992
14680064,3202.325,episode/total_loss,1.6584641748666764
14680064,3202.325,episode/v_loss,1.7631287682056427
14680064,3238.556,eval/walltime,1043.0834543704987
14680064,3238.556,training/sps,6682.829346160138
14680064,3238.556,training/walltime,2171.05016040802
14680064,3238.556,training/entropy_loss,-0.10338602215051651
14680064,3238.556,training/kl_mean,0.004015166312456131
14680064,3238.556,training/learning_rate,0.0003000000142492354
14680064,3238.556,training/policy_dist_max_loc,2.054368495941162
14680064,3238.556,training/policy_dist_max_std,2.6017162799835205
14680064,3238.556,training/policy_dist_mean_loc,-0.1314680278301239
14680064,3238.556,training/policy_dist_mean_std,0.7910940647125244
14680064,3238.556,training/policy_dist_min_loc,-2.4353017807006836
14680064,3238.556,training/policy_dist_min_std,0.08005087077617645
14680064,3238.556,training/policy_loss,-0.00022229418391361833
14680064,3238.556,training/total_loss,1.235681414604187
14680064,3238.556,training/v_loss,1.339289665222168
14680064,3238.556,eval/episode_reward,395.53778076171875
14680064,3238.556,eval/episode_reward/ctrl,-0.26858097314834595
14680064,3238.556,eval/episode_reward/forward,401.53631591796875
14680064,3238.556,eval/episode_reward/joint,-0.1243981420993805
14680064,3238.556,eval/episode_reward/orient,-5.6054816246032715
14680064,3238.556,eval/episode_reward/total,395.53778076171875
14680064,3238.556,eval/episode_state/forward_vel,34.823486328125
14680064,3238.556,eval/episode_state/up_z,936.7366943359375
14680064,3238.556,eval/episode_reward_std,21.40220832824707
14680064,3238.556,eval/episode_reward/ctrl_std,0.003243967890739441
14680064,3238.556,eval/episode_reward/forward_std,20.657148361206055
14680064,3238.556,eval/episode_reward/joint_std,0.0065952991135418415
14680064,3238.556,eval/episode_reward/orient_std,3.5890419483184814
14680064,3238.556,eval/episode_reward/total_std,21.40220832824707
14680064,3238.556,eval/episode_state/forward_vel_std,13.414371490478516
14680064,3238.556,eval/episode_state/up_z_std,8.991050720214844
14680064,3238.556,eval/avg_episode_length,1000.0
14680064,3238.556,eval/std_episode_length,0.0
14680064,3238.556,eval/epoch_eval_time,36.20669603347778
14680064,3238.556,eval/sps,883.8144184824778
15204352,3314.924,episode/sps,4656.210354570341
15204352,3314.924,episode/length,1000.0
15204352,3314.924,episode/reward/ctrl,-0.26901562124490735
15204352,3314.924,episode/reward/forward,394.7828698730469
15204352,3314.924,episode/reward/joint,-0.12604015961289405
15204352,3314.924,episode/reward/orient,-13.50409657716751
15204352,3314.924,episode/reward/total,380.8837542724609
15204352,3314.924,episode/state/forward_vel,31.06747224330902
15204352,3314.924,episode/state/up_z,929.3447039794922
15204352,3314.924,episode/sum_reward,380.8837542724609
15204352,3314.924,episode/entropy_loss,-0.10393530920147896
15204352,3314.924,episode/kl_mean,0.003932235802058131
15204352,3314.924,episode/learning_rate,0.0003000000142492354
15204352,3314.924,episode/policy_dist_max_loc,2.060439990758896
15204352,3314.924,episode/policy_dist_max_std,2.6727409672737124
15204352,3314.924,episode/policy_dist_mean_loc,-0.1280003948509693
15204352,3314.924,episode/policy_dist_mean_std,0.790589439868927
15204352,3314.924,episode/policy_dist_min_loc,-2.5285491228103636
15204352,3314.924,episode/policy_dist_min_std,0.07532867550849914
15204352,3314.924,episode/policy_loss,-0.00047241385262168477
15204352,3314.924,episode/total_loss,1.4796082061529159
15204352,3314.924,episode/v_loss,1.5840159231424331
15204352,3344.156,eval/walltime,1072.2910587787628
15204352,3344.156,training/sps,6864.554784066631
15204352,3344.156,training/walltime,2247.426271677017
15204352,3344.156,training/entropy_loss,-0.10384863615036011
15204352,3344.156,training/kl_mean,0.003686947515234351
15204352,3344.156,training/learning_rate,0.0003000000142492354
15204352,3344.156,training/policy_dist_max_loc,2.088218927383423
15204352,3344.156,training/policy_dist_max_std,2.693732500076294
15204352,3344.156,training/policy_dist_mean_loc,-0.1271912157535553
15204352,3344.156,training/policy_dist_mean_std,0.7925593852996826
15204352,3344.156,training/policy_dist_min_loc,-2.539005756378174
15204352,3344.156,training/policy_dist_min_std,0.07014413923025131
15204352,3344.156,training/policy_loss,-0.0006688787252642214
15204352,3344.156,training/total_loss,1.2862744331359863
15204352,3344.156,training/v_loss,1.390791893005371
15204352,3344.156,eval/episode_reward,386.0150451660156
15204352,3344.156,eval/episode_reward/ctrl,-0.27097663283348083
15204352,3344.156,eval/episode_reward/forward,391.38848876953125
15204352,3344.156,eval/episode_reward/joint,-0.12619179487228394
15204352,3344.156,eval/episode_reward/orient,-4.976308822631836
15204352,3344.156,eval/episode_reward/total,386.0150451660156
15204352,3344.156,eval/episode_state/forward_vel,28.672412872314453
15204352,3344.156,eval/episode_state/up_z,937.126708984375
15204352,3344.156,eval/episode_reward_std,23.493484497070312
15204352,3344.156,eval/episode_reward/ctrl_std,0.002920206170529127
15204352,3344.156,eval/episode_reward/forward_std,23.177982330322266
15204352,3344.156,eval/episode_reward/joint_std,0.005867983680218458
15204352,3344.156,eval/episode_reward/orient_std,1.7387572526931763
15204352,3344.156,eval/episode_reward/total_std,23.493484497070312
15204352,3344.156,eval/episode_state/forward_vel_std,14.647037506103516
15204352,3344.156,eval/episode_state/up_z_std,8.868182182312012
15204352,3344.156,eval/avg_episode_length,1000.0
15204352,3344.156,eval/std_episode_length,0.0
15204352,3344.156,eval/epoch_eval_time,29.20760440826416
15204352,3344.156,eval/sps,1095.6050880689736
15728640,3421.835,episode/sps,4903.985977295869
15728640,3421.835,episode/length,1000.0
15728640,3421.835,episode/reward/ctrl,-0.2692777624726295
15728640,3421.835,episode/reward/forward,394.9959796142578
15728640,3421.835,episode/reward/joint,-0.12466465555131435
15728640,3421.835,episode/reward/orient,-5.336964030265808
15728640,3421.835,episode/reward/total,389.2651031494141
15728640,3421.835,episode/state/forward_vel,31.3041273355484
15728640,3421.835,episode/state/up_z,936.6358599853515
15728640,3421.835,episode/sum_reward,389.2651031494141
15728640,3421.835,episode/entropy_loss,-0.10337716102600097
15728640,3421.835,episode/kl_mean,0.0047870713192969564
15728640,3421.835,episode/learning_rate,0.0003000000142492354
15728640,3421.835,episode/policy_dist_max_loc,2.118382383584976
15728640,3421.835,episode/policy_dist_max_std,2.6303487277030944
15728640,3421.835,episode/policy_dist_mean_loc,-0.12942932844161986
15728640,3421.835,episode/policy_dist_mean_std,0.7930059516429901
15728640,3421.835,episode/policy_dist_min_loc,-2.5151125502586367
15728640,3421.835,episode/policy_dist_min_std,0.07218806348741054
15728640,3421.835,episode/policy_loss,-3.740806991118007e-05
15728640,3421.835,episode/total_loss,1.0778385883569717
15728640,3421.835,episode/v_loss,1.181253153681755
15728640,3457.499,eval/walltime,1107.9295816421509
15728640,3457.499,training/sps,6748.7168214907415
15728640,3457.499,training/walltime,2325.1133363246918
15728640,3457.499,training/entropy_loss,-0.10276804119348526
15728640,3457.499,training/kl_mean,0.006652099080383778
15728640,3457.499,training/learning_rate,0.0003000000142492354
15728640,3457.499,training/policy_dist_max_loc,2.2177443504333496
15728640,3457.499,training/policy_dist_max_std,2.582840919494629
15728640,3457.499,training/policy_dist_mean_loc,-0.13007161021232605
15728640,3457.499,training/policy_dist_mean_std,0.7959331274032593
15728640,3457.499,training/policy_dist_min_loc,-2.553049325942993
15728640,3457.499,training/policy_dist_min_std,0.06609469652175903
15728640,3457.499,training/policy_loss,0.000958107877522707
15728640,3457.499,training/total_loss,0.7323246002197266
15728640,3457.499,training/v_loss,0.8341345191001892
15728640,3457.499,eval/episode_reward,394.35174560546875
15728640,3457.499,eval/episode_reward/ctrl,-0.26987454295158386
15728640,3457.499,eval/episode_reward/forward,402.0869140625
15728640,3457.499,eval/episode_reward/joint,-0.12404723465442657
15728640,3457.499,eval/episode_reward/orient,-7.341221332550049
15728640,3457.499,eval/episode_reward/total,394.35174560546875
15728640,3457.499,eval/episode_state/forward_vel,36.691993713378906
15728640,3457.499,eval/episode_state/up_z,933.821533203125
15728640,3457.499,eval/episode_reward_std,19.422224044799805
15728640,3457.499,eval/episode_reward/ctrl_std,0.002435063011944294
15728640,3457.499,eval/episode_reward/forward_std,18.5433406829834
15728640,3457.499,eval/episode_reward/joint_std,0.0051605310291051865
15728640,3457.499,eval/episode_reward/orient_std,9.505083084106445
15728640,3457.499,eval/episode_reward/total_std,19.422224044799805
15728640,3457.499,eval/episode_state/forward_vel_std,12.853264808654785
15728640,3457.499,eval/episode_state/up_z_std,10.982895851135254
15728640,3457.499,eval/avg_episode_length,1000.0
15728640,3457.499,eval/std_episode_length,0.0
15728640,3457.499,eval/epoch_eval_time,35.63852286338806
15728640,3457.499,eval/sps,897.9047791252324
16252928,3535.243,episode/sps,4623.010981036215
16252928,3535.243,episode/length,1000.0
16252928,3535.243,episode/reward/ctrl,-0.2701223254203796
16252928,3535.243,episode/reward/forward,393.1591091918945
16252928,3535.243,episode/reward/joint,-0.12570910729467868
16252928,3535.243,episode/reward/orient,-6.003417851924897
16252928,3535.243,episode/reward/total,386.7598687744141
16252928,3535.243,episode/state/forward_vel,30.195446456819774
16252928,3535.243,episode/state/up_z,936.9667663574219
16252928,3535.243,episode/sum_reward,386.7598687744141
16252928,3535.243,episode/entropy_loss,-0.10329022906720638
16252928,3535.243,episode/kl_mean,0.004918486059177667
16252928,3535.243,episode/learning_rate,0.0003000000142492354
16252928,3535.243,episode/policy_dist_max_loc,2.1423054933547974
16252928,3535.243,episode/policy_dist_max_std,2.593683412075043
16252928,3535.243,episode/policy_dist_mean_loc,-0.12754525676369666
16252928,3535.243,episode/policy_dist_mean_std,0.7933819949626922
16252928,3535.243,episode/policy_dist_min_loc,-2.5375467920303345
16252928,3535.243,episode/policy_dist_min_std,0.07049330864101648
16252928,3535.243,episode/policy_loss,-0.00011216209022677504
16252928,3535.243,episode/total_loss,1.0003195151686668
16252928,3535.243,episode/v_loss,1.1037219002842904
16252928,3570.295,eval/walltime,1142.9589397907257
16252928,3570.295,training/sps,6743.153339454645
16252928,3570.295,training/walltime,2402.8644971847534
16252928,3570.295,training/entropy_loss,-0.10326332598924637
16252928,3570.295,training/kl_mean,0.0046093882992863655
16252928,3570.295,training/learning_rate,0.0003000000142492354
16252928,3570.295,training/policy_dist_max_loc,2.126772880554199
16252928,3570.295,training/policy_dist_max_std,2.487471580505371
16252928,3570.295,training/policy_dist_mean_loc,-0.12486660480499268
16252928,3570.295,training/policy_dist_mean_std,0.791678786277771
16252928,3570.295,training/policy_dist_min_loc,-2.531212329864502
16252928,3570.295,training/policy_dist_min_std,0.07435360550880432
16252928,3570.295,training/policy_loss,-0.00044057477498427033
16252928,3570.295,training/total_loss,0.9092113375663757
16252928,3570.295,training/v_loss,1.0129153728485107
16252928,3570.295,eval/episode_reward,392.47119140625
16252928,3570.295,eval/episode_reward/ctrl,-0.2689633369445801
16252928,3570.295,eval/episode_reward/forward,399.63421630859375
16252928,3570.295,eval/episode_reward/joint,-0.12237818539142609
16252928,3570.295,eval/episode_reward/orient,-6.771703243255615
16252928,3570.295,eval/episode_reward/total,392.47119140625
16252928,3570.295,eval/episode_state/forward_vel,33.89531707763672
16252928,3570.295,eval/episode_state/up_z,934.2593994140625
16252928,3570.295,eval/episode_reward_std,20.098346710205078
16252928,3570.295,eval/episode_reward/ctrl_std,0.0028369142673909664
16252928,3570.295,eval/episode_reward/forward_std,17.629121780395508
16252928,3570.295,eval/episode_reward/joint_std,0.005922147538512945
16252928,3570.295,eval/episode_reward/orient_std,5.560445308685303
16252928,3570.295,eval/episode_reward/total_std,20.098346710205078
16252928,3570.295,eval/episode_state/forward_vel_std,11.030218124389648
16252928,3570.295,eval/episode_state/up_z_std,10.414627075195312
16252928,3570.295,eval/avg_episode_length,1000.0
16252928,3570.295,eval/std_episode_length,0.0
16252928,3570.295,eval/epoch_eval_time,35.02935814857483
16252928,3570.295,eval/sps,913.519450292923
16777216,3647.901,episode/sps,4653.817096511732
16777216,3647.901,episode/length,1000.0
16777216,3647.901,episode/reward/ctrl,-0.2691940841078758
16777216,3647.901,episode/reward/forward,400.1569674682617
16777216,3647.901,episode/reward/joint,-0.12379869766533375
16777216,3647.901,episode/reward/orient,-6.283657522201538
16777216,3647.901,episode/reward/total,393.4803057861328
16777216,3647.901,episode/state/forward_vel,34.9122946357727
16777216,3647.901,episode/state/up_z,934.4970703125
16777216,3647.901,episode/sum_reward,393.4803057861328
16777216,3647.901,episode/entropy_loss,-0.10294540703296662
16777216,3647.901,episode/kl_mean,0.0051812574896030125
16777216,3647.901,episode/learning_rate,0.0003000000142492354
16777216,3647.901,episode/policy_dist_max_loc,2.1377332746982574
16777216,3647.901,episode/policy_dist_max_std,2.541828532218933
16777216,3647.901,episode/policy_dist_mean_loc,-0.126896268799901
16777216,3647.901,episode/policy_dist_mean_std,0.7930979204177856
16777216,3647.901,episode/policy_dist_min_loc,-2.5461792516708375
16777216,3647.901,episode/policy_dist_min_std,0.0717224595695734
16777216,3647.901,episode/policy_loss,2.0855234761256726e-05
16777216,3647.901,episode/total_loss,0.699096754193306
16777216,3647.901,episode/v_loss,0.8020213055610657
16777216,3684.239,eval/walltime,1179.2713148593903
16777216,3684.239,training/sps,6755.174995448753
16777216,3684.239,training/walltime,2480.477290391922
16777216,3684.239,training/entropy_loss,-0.10270505398511887
16777216,3684.239,training/kl_mean,0.004421507474035025
16777216,3684.239,training/learning_rate,0.0003000000142492354
16777216,3684.239,training/policy_dist_max_loc,2.072817802429199
16777216,3684.239,training/policy_dist_max_std,2.5308852195739746
16777216,3684.239,training/policy_dist_mean_loc,-0.12559284269809723
16777216,3684.239,training/policy_dist_mean_std,0.7916697263717651
16777216,3684.239,training/policy_dist_min_loc,-2.5435495376586914
16777216,3684.239,training/policy_dist_min_std,0.07495847344398499
16777216,3684.239,training/policy_loss,-0.00023091648472473025
16777216,3684.239,training/total_loss,0.4249562621116638
16777216,3684.239,training/v_loss,0.5278922319412231
16777216,3684.239,eval/episode_reward,399.04095458984375
16777216,3684.239,eval/episode_reward/ctrl,-0.2686055302619934
16777216,3684.239,eval/episode_reward/forward,404.2480163574219
16777216,3684.239,eval/episode_reward/joint,-0.11978220194578171
16777216,3684.239,eval/episode_reward/orient,-4.818668842315674
16777216,3684.239,eval/episode_reward/total,399.04095458984375
16777216,3684.239,eval/episode_state/forward_vel,36.84502410888672
16777216,3684.239,eval/episode_state/up_z,939.4012451171875
16777216,3684.239,eval/episode_reward_std,15.195544242858887
16777216,3684.239,eval/episode_reward/ctrl_std,0.002676989883184433
16777216,3684.239,eval/episode_reward/forward_std,15.035323143005371
16777216,3684.239,eval/episode_reward/joint_std,0.004909996874630451
16777216,3684.239,eval/episode_reward/orient_std,2.1686694622039795
16777216,3684.239,eval/episode_reward/total_std,15.195544242858887
16777216,3684.239,eval/episode_state/forward_vel_std,9.445466041564941
16777216,3684.239,eval/episode_state/up_z_std,5.79965353012085
16777216,3684.239,eval/avg_episode_length,1000.0
16777216,3684.239,eval/std_episode_length,0.0
16777216,3684.239,eval/epoch_eval_time,36.31237506866455
16777216,3684.239,eval/sps,881.2422745548837
17301504,3761.476,episode/sps,4616.23212184562
17301504,3761.476,episode/length,1000.0
17301504,3761.476,episode/reward/ctrl,-0.26917596101760866
17301504,3761.476,episode/reward/forward,399.14758239746095
17301504,3761.476,episode/reward/joint,-0.12301942557096482
17301504,3761.476,episode/reward/orient,-5.499794328212738
17301504,3761.476,episode/reward/total,393.2556069946289
17301504,3761.476,episode/state/forward_vel,33.863858332633974
17301504,3761.476,episode/state/up_z,936.2390643310547
17301504,3761.476,episode/sum_reward,393.2556069946289
17301504,3761.476,episode/entropy_loss,-0.10304434262216092
17301504,3761.476,episode/kl_mean,0.00453093039104715
17301504,3761.476,episode/learning_rate,0.0003000000142492354
17301504,3761.476,episode/policy_dist_max_loc,2.117469229698181
17301504,3761.476,episode/policy_dist_max_std,2.4945559525489807
17301504,3761.476,episode/policy_dist_mean_loc,-0.12376615434885024
17301504,3761.476,episode/policy_dist_mean_std,0.7908077424764633
17301504,3761.476,episode/policy_dist_min_loc,-2.539511299133301
17301504,3761.476,episode/policy_dist_min_std,0.07469605334103108
17301504,3761.476,episode/policy_loss,-0.00042433625028934327
17301504,3761.476,episode/total_loss,0.7761929517984391
17301504,3761.476,episode/v_loss,0.8796616289019584
17301504,3796.596,eval/walltime,1214.366497516632
17301504,3796.596,training/sps,6787.487320595396
17301504,3796.596,training/walltime,2557.720602273941
17301504,3796.596,training/entropy_loss,-0.10317936539649963
17301504,3796.596,training/kl_mean,0.004240433685481548
17301504,3796.596,training/learning_rate,0.0003000000142492354
17301504,3796.596,training/policy_dist_max_loc,2.1353564262390137
17301504,3796.596,training/policy_dist_max_std,2.4676201343536377
17301504,3796.596,training/policy_dist_mean_loc,-0.12005949020385742
17301504,3796.596,training/policy_dist_mean_std,0.7885515689849854
17301504,3796.596,training/policy_dist_min_loc,-2.5597517490386963
17301504,3796.596,training/policy_dist_min_std,0.0755385011434555
17301504,3796.596,training/policy_loss,-0.0007264903397299349
17301504,3796.596,training/total_loss,1.0235211849212646
17301504,3796.596,training/v_loss,1.127427101135254
17301504,3796.596,eval/episode_reward,396.300537109375
17301504,3796.596,eval/episode_reward/ctrl,-0.2679141163825989
17301504,3796.596,eval/episode_reward/forward,401.2733154296875
17301504,3796.596,eval/episode_reward/joint,-0.12136736512184143
17301504,3796.596,eval/episode_reward/orient,-4.583464622497559
17301504,3796.596,eval/episode_reward/total,396.300537109375
17301504,3796.596,eval/episode_state/forward_vel,34.998748779296875
17301504,3796.596,eval/episode_state/up_z,939.6292724609375
17301504,3796.596,eval/episode_reward_std,23.56899642944336
17301504,3796.596,eval/episode_reward/ctrl_std,0.002836451632902026
17301504,3796.596,eval/episode_reward/forward_std,23.154197692871094
17301504,3796.596,eval/episode_reward/joint_std,0.005819861311465502
17301504,3796.596,eval/episode_reward/orient_std,1.182569980621338
17301504,3796.596,eval/episode_reward/total_std,23.56899642944336
17301504,3796.596,eval/episode_state/forward_vel_std,14.791223526000977
17301504,3796.596,eval/episode_state/up_z_std,6.148024559020996
17301504,3796.596,eval/avg_episode_length,1000.0
17301504,3796.596,eval/std_episode_length,0.0
17301504,3796.596,eval/epoch_eval_time,35.09518265724182
17301504,3796.596,eval/sps,911.8060536264758
17825792,3874.628,episode/sps,4633.485853525534
17825792,3874.628,episode/length,1000.0
17825792,3874.628,episode/reward/ctrl,-0.269017818570137
17825792,3874.628,episode/reward/forward,402.73854095458984
17825792,3874.628,episode/reward/joint,-0.12231930285692215
17825792,3874.628,episode/reward/orient,-5.715245749950409
17825792,3874.628,episode/reward/total,396.63195953369143
17825792,3874.628,episode/state/forward_vel,36.56976487874985
17825792,3874.628,episode/state/up_z,938.8077160644531
17825792,3874.628,episode/sum_reward,396.63195953369143
17825792,3874.628,episode/entropy_loss,-0.10333347700536251
17825792,3874.628,episode/kl_mean,0.004067223931197077
17825792,3874.628,episode/learning_rate,0.0003000000142492354
17825792,3874.628,episode/policy_dist_max_loc,2.1283344650268554
17825792,3874.628,episode/policy_dist_max_std,2.4590445232391356
17825792,3874.628,episode/policy_dist_mean_loc,-0.12164199277758599
17825792,3874.628,episode/policy_dist_mean_std,0.7895400899648667
17825792,3874.628,episode/policy_dist_min_loc,-2.485767662525177
17825792,3874.628,episode/policy_dist_min_std,0.07807991165667773
17825792,3874.628,episode/policy_loss,-0.00045113303247489966
17825792,3874.628,episode/total_loss,1.5904200747609138
17825792,3874.628,episode/v_loss,1.694204701781273
17825792,3911.217,eval/walltime,1250.930864572525
17825792,3911.217,training/sps,6718.294094237422
17825792,3911.217,training/walltime,2635.7594604492188
17825792,3911.217,training/entropy_loss,-0.10413317382335663
17825792,3911.217,training/kl_mean,0.0034848388750106096
17825792,3911.217,training/learning_rate,0.0003000000142492354
17825792,3911.217,training/policy_dist_max_loc,2.187622547149658
17825792,3911.217,training/policy_dist_max_std,2.372537136077881
17825792,3911.217,training/policy_dist_mean_loc,-0.11876049637794495
17825792,3911.217,training/policy_dist_mean_std,0.7881081104278564
17825792,3911.217,training/policy_dist_min_loc,-2.3528571128845215
17825792,3911.217,training/policy_dist_min_std,0.08495329320430756
17825792,3911.217,training/policy_loss,-0.00022023089695721865
17825792,3911.217,training/total_loss,3.3553853034973145
17825792,3911.217,training/v_loss,3.4597387313842773
17825792,3911.217,eval/episode_reward,400.28179931640625
17825792,3911.217,eval/episode_reward/ctrl,-0.2663845717906952
17825792,3911.217,eval/episode_reward/forward,405.85565185546875
17825792,3911.217,eval/episode_reward/joint,-0.1171746551990509
17825792,3911.217,eval/episode_reward/orient,-5.190340995788574
17825792,3911.217,eval/episode_reward/total,400.28179931640625
17825792,3911.217,eval/episode_state/forward_vel,38.56708526611328
17825792,3911.217,eval/episode_state/up_z,941.806884765625
17825792,3911.217,eval/episode_reward_std,15.381387710571289
17825792,3911.217,eval/episode_reward/ctrl_std,0.002485864097252488
17825792,3911.217,eval/episode_reward/forward_std,14.490938186645508
17825792,3911.217,eval/episode_reward/joint_std,0.0061618671752512455
17825792,3911.217,eval/episode_reward/orient_std,4.89426851272583
17825792,3911.217,eval/episode_reward/total_std,15.381387710571289
17825792,3911.217,eval/episode_state/forward_vel_std,9.42876148223877
17825792,3911.217,eval/episode_state/up_z_std,7.1299662590026855
17825792,3911.217,eval/avg_episode_length,1000.0
17825792,3911.217,eval/std_episode_length,0.0
17825792,3911.217,eval/epoch_eval_time,36.564367055892944
17825792,3911.217,eval/sps,875.1689849050096
18350080,3989.542,episode/sps,4562.419035135092
18350080,3989.542,episode/length,1000.0
18350080,3989.542,episode/reward/ctrl,-0.26795901089906693
18350080,3989.542,episode/reward/forward,398.9927731323242
18350080,3989.542,episode/reward/joint,-0.11980154745280742
18350080,3989.542,episode/reward/orient,-5.441143004894257
18350080,3989.542,episode/reward/total,393.1638461303711
18350080,3989.542,episode/state/forward_vel,34.332527268528935
18350080,3989.542,episode/state/up_z,939.3219488525391
18350080,3989.542,episode/sum_reward,393.1638461303711
18350080,3989.542,episode/entropy_loss,-0.10394663266837596
18350080,3989.542,episode/kl_mean,0.0036793632374610753
18350080,3989.542,episode/learning_rate,0.0003000000142492354
18350080,3989.542,episode/policy_dist_max_loc,2.1541688334941864
18350080,3989.542,episode/policy_dist_max_std,2.4016981720924377
18350080,3989.542,episode/policy_dist_mean_loc,-0.11934319593012332
18350080,3989.542,episode/policy_dist_mean_std,0.7883753651380538
18350080,3989.542,episode/policy_dist_min_loc,-2.513941466808319
18350080,3989.542,episode/policy_dist_min_std,0.07917871002107858
18350080,3989.542,episode/policy_loss,-0.0007291089548380114
18350080,3989.542,episode/total_loss,1.6815471440553664
18350080,3989.542,episode/v_loss,1.7862229007482529
18350080,4026.731,eval/walltime,1288.0975768566132
18350080,4026.731,training/sps,6693.136780534631
18350080,4026.731,training/walltime,2714.091641187668
18350080,4026.731,training/entropy_loss,-0.10471831262111664
18350080,4026.731,training/kl_mean,0.0032948614098131657
18350080,4026.731,training/learning_rate,0.0003000000142492354
18350080,4026.731,training/policy_dist_max_loc,2.1484265327453613
18350080,4026.731,training/policy_dist_max_std,2.3568131923675537
18350080,4026.731,training/policy_dist_mean_loc,-0.1183566004037857
18350080,4026.731,training/policy_dist_mean_std,0.7879976630210876
18350080,4026.731,training/policy_dist_min_loc,-2.59854793548584
18350080,4026.731,training/policy_dist_min_std,0.07750602066516876
18350080,4026.731,training/policy_loss,-0.0010604275157675147
18350080,4026.731,training/total_loss,0.8217911720275879
18350080,4026.731,training/v_loss,0.9275699853897095
18350080,4026.731,eval/episode_reward,391.8926086425781
18350080,4026.731,eval/episode_reward/ctrl,-0.267223060131073
18350080,4026.731,eval/episode_reward/forward,397.2688903808594
18350080,4026.731,eval/episode_reward/joint,-0.11881089210510254
18350080,4026.731,eval/episode_reward/orient,-4.990360736846924
18350080,4026.731,eval/episode_reward/total,391.8926086425781
18350080,4026.731,eval/episode_state/forward_vel,32.953914642333984
18350080,4026.731,eval/episode_state/up_z,940.6817626953125
18350080,4026.731,eval/episode_reward_std,24.996225357055664
18350080,4026.731,eval/episode_reward/ctrl_std,0.002430686727166176
18350080,4026.731,eval/episode_reward/forward_std,25.28586769104004
18350080,4026.731,eval/episode_reward/joint_std,0.0050035323947668076
18350080,4026.731,eval/episode_reward/orient_std,3.061924695968628
18350080,4026.731,eval/episode_reward/total_std,24.996225357055664
18350080,4026.731,eval/episode_state/forward_vel_std,16.269309997558594
18350080,4026.731,eval/episode_state/up_z_std,7.160741806030273
18350080,4026.731,eval/avg_episode_length,1000.0
18350080,4026.731,eval/std_episode_length,0.0
18350080,4026.731,eval/epoch_eval_time,37.166712284088135
18350080,4026.731,eval/sps,860.985490333507
18874368,4104.621,episode/sps,4555.904491941753
18874368,4104.621,episode/length,1000.0
18874368,4104.621,episode/reward/ctrl,-0.266940053999424
18874368,4104.621,episode/reward/forward,406.85673919677737
18874368,4104.621,episode/reward/joint,-0.11818384423851967
18874368,4104.621,episode/reward/orient,-5.516258363723755
18874368,4104.621,episode/reward/total,400.955390625
18874368,4104.621,episode/state/forward_vel,39.760350852012635
18874368,4104.621,episode/state/up_z,940.0720465087891
18874368,4104.621,episode/sum_reward,400.955390625
18874368,4104.621,episode/entropy_loss,-0.10437989838421345
18874368,4104.621,episode/kl_mean,0.003444657160434872
18874368,4104.621,episode/learning_rate,0.0003000000142492354
18874368,4104.621,episode/policy_dist_max_loc,2.2324206161499025
18874368,4104.621,episode/policy_dist_max_std,2.4025864148139955
18874368,4104.621,episode/policy_dist_mean_loc,-0.11755486518144607
18874368,4104.621,episode/policy_dist_mean_std,0.7880397909879684
18874368,4104.621,episode/policy_dist_min_loc,-2.5116012620925905
18874368,4104.621,episode/policy_dist_min_std,0.0778660510480404
18874368,4104.621,episode/policy_loss,-0.0008158705035748426
18874368,4104.621,episode/total_loss,1.6588794103264808
18874368,4104.621,episode/v_loss,1.7640751931071281
18874368,4139.756,eval/walltime,1323.2086925506592
18874368,4139.756,training/sps,6730.565354660942
18874368,4139.756,training/walltime,2791.988217830658
18874368,4139.756,training/entropy_loss,-0.10446588695049286
18874368,4139.756,training/kl_mean,0.003321175929158926
18874368,4139.756,training/learning_rate,0.0003000000142492354
18874368,4139.756,training/policy_dist_max_loc,2.3665082454681396
18874368,4139.756,training/policy_dist_max_std,2.485837697982788
18874368,4139.756,training/policy_dist_mean_loc,-0.11497197300195694
18874368,4139.756,training/policy_dist_mean_std,0.7878367900848389
18874368,4139.756,training/policy_dist_min_loc,-2.587730884552002
18874368,4139.756,training/policy_dist_min_std,0.07139335572719574
18874368,4139.756,training/policy_loss,-0.0010753085371106863
18874368,4139.756,training/total_loss,0.885478138923645
18874368,4139.756,training/v_loss,0.9910193085670471
18874368,4139.756,eval/episode_reward,395.8268127441406
18874368,4139.756,eval/episode_reward/ctrl,-0.2665272355079651
18874368,4139.756,eval/episode_reward/forward,400.60186767578125
18874368,4139.756,eval/episode_reward/joint,-0.11720442026853561
18874368,4139.756,eval/episode_reward/orient,-4.391241073608398
18874368,4139.756,eval/episode_reward/total,395.8268127441406
18874368,4139.756,eval/episode_state/forward_vel,36.132957458496094
18874368,4139.756,eval/episode_state/up_z,943.9866943359375
18874368,4139.756,eval/episode_reward_std,27.071453094482422
18874368,4139.756,eval/episode_reward/ctrl_std,0.0028476042207330465
18874368,4139.756,eval/episode_reward/forward_std,27.07527732849121
18874368,4139.756,eval/episode_reward/joint_std,0.005426456686109304
18874368,4139.756,eval/episode_reward/orient_std,2.2404911518096924
18874368,4139.756,eval/episode_reward/total_std,27.071453094482422
18874368,4139.756,eval/episode_state/forward_vel_std,18.04314613342285
18874368,4139.756,eval/episode_state/up_z_std,4.634603500366211
18874368,4139.756,eval/avg_episode_length,1000.0
18874368,4139.756,eval/std_episode_length,0.0
18874368,4139.756,eval/epoch_eval_time,35.11111569404602
18874368,4139.756,eval/sps,911.39228610233
19398656,4217.355,episode/sps,4650.659665848154
19398656,4217.355,episode/length,1000.0
19398656,4217.355,episode/reward/ctrl,-0.2669429847598076
19398656,4217.355,episode/reward/forward,400.63301971435544
19398656,4217.355,episode/reward/joint,-0.11866745412349701
19398656,4217.355,episode/reward/orient,-5.205912828445435
19398656,4217.355,episode/reward/total,395.04147552490235
19398656,4217.355,episode/state/forward_vel,35.57124192237854
19398656,4217.355,episode/state/up_z,940.0172552490235
19398656,4217.355,episode/sum_reward,395.04147552490235
19398656,4217.355,episode/entropy_loss,-0.10468455679714679
19398656,4217.355,episode/kl_mean,0.0033747237478382887
19398656,4217.355,episode/learning_rate,0.0003000000142492354
19398656,4217.355,episode/policy_dist_max_loc,2.2878438091278075
19398656,4217.355,episode/policy_dist_max_std,2.408304169178009
19398656,4217.355,episode/policy_dist_mean_loc,-0.11513048097491264
19398656,4217.355,episode/policy_dist_mean_std,0.7876238667964935
19398656,4217.355,episode/policy_dist_min_loc,-2.5560767245292664
19398656,4217.355,episode/policy_dist_min_std,0.07700515385717153
19398656,4217.355,episode/policy_loss,-0.0008908872258325573
19398656,4217.355,episode/total_loss,1.419153373837471
19398656,4217.355,episode/v_loss,1.52472880423069
19398656,4252.907,eval/walltime,1358.736882686615
19398656,4252.907,training/sps,6755.74935471525
19398656,4252.907,training/walltime,2869.5944125652313
19398656,4252.907,training/entropy_loss,-0.10494109243154526
19398656,4252.907,training/kl_mean,0.0034244307316839695
19398656,4252.907,training/learning_rate,0.0003000000142492354
19398656,4252.907,training/policy_dist_max_loc,2.3602566719055176
19398656,4252.907,training/policy_dist_max_std,2.3986876010894775
19398656,4252.907,training/policy_dist_mean_loc,-0.1114480122923851
19398656,4252.907,training/policy_dist_mean_std,0.7868672609329224
19398656,4252.907,training/policy_dist_min_loc,-2.51454496383667
19398656,4252.907,training/policy_dist_min_std,0.08061109483242035
19398656,4252.907,training/policy_loss,-0.0005226486246101558
19398656,4252.907,training/total_loss,2.27836012840271
19398656,4252.907,training/v_loss,2.383823871612549
19398656,4252.907,eval/episode_reward,399.8778991699219
19398656,4252.907,eval/episode_reward/ctrl,-0.2654534578323364
19398656,4252.907,eval/episode_reward/forward,404.92138671875
19398656,4252.907,eval/episode_reward/joint,-0.11358225345611572
19398656,4252.907,eval/episode_reward/orient,-4.664430618286133
19398656,4252.907,eval/episode_reward/total,399.8778991699219
19398656,4252.907,eval/episode_state/forward_vel,38.282470703125
19398656,4252.907,eval/episode_state/up_z,944.8411254882812
19398656,4252.907,eval/episode_reward_std,26.271806716918945
19398656,4252.907,eval/episode_reward/ctrl_std,0.0024749930016696453
19398656,4252.907,eval/episode_reward/forward_std,24.734161376953125
19398656,4252.907,eval/episode_reward/joint_std,0.006409982219338417
19398656,4252.907,eval/episode_reward/orient_std,3.7499139308929443
19398656,4252.907,eval/episode_reward/total_std,26.271806716918945
19398656,4252.907,eval/episode_state/forward_vel_std,15.91966724395752
19398656,4252.907,eval/episode_state/up_z_std,6.309966087341309
19398656,4252.907,eval/avg_episode_length,1000.0
19398656,4252.907,eval/std_episode_length,0.0
19398656,4252.907,eval/epoch_eval_time,35.52819013595581
19398656,4252.907,eval/sps,900.6932207226297
19922944,4330.802,episode/sps,4621.442279673058
19922944,4330.802,episode/length,1000.0
19922944,4330.802,episode/reward/ctrl,-0.2657875540852547
19922944,4330.802,episode/reward/forward,399.97055389404295
19922944,4330.802,episode/reward/joint,-0.11599464550614356
19922944,4330.802,episode/reward/orient,-20.095764088630677
19922944,4330.802,episode/reward/total,379.4930078125
19922944,4330.802,episode/state/forward_vel,34.937734469771385
19922944,4330.802,episode/state/up_z,934.2035573577881
19922944,4330.802,episode/sum_reward,379.4930078125
19922944,4330.802,episode/entropy_loss,-0.1047144591063261
19922944,4330.802,episode/kl_mean,0.0032514393946621568
19922944,4330.802,episode/learning_rate,0.0003000000142492354
19922944,4330.802,episode/policy_dist_max_loc,2.3874666547775267
19922944,4330.802,episode/policy_dist_max_std,2.4548543667793274
19922944,4330.802,episode/policy_dist_mean_loc,-0.11241689391434193
19922944,4330.802,episode/policy_dist_mean_std,0.7867583698034286
19922944,4330.802,episode/policy_dist_min_loc,-2.6050165128707885
19922944,4330.802,episode/policy_dist_min_std,0.07529043469578028
19922944,4330.802,episode/policy_loss,-0.0008875228503893595
19922944,4330.802,episode/total_loss,1.5104215070605278
19922944,4330.802,episode/v_loss,1.6160234743356705
19922944,4365.405,eval/walltime,1393.313861131668
19922944,4365.405,training/sps,6729.963509299574
19922944,4365.405,training/walltime,2947.4979553222656
19922944,4365.405,training/entropy_loss,-0.10478150099515915
19922944,4365.405,training/kl_mean,0.00292084738612175
19922944,4365.405,training/learning_rate,0.0003000000142492354
19922944,4365.405,training/policy_dist_max_loc,2.4548707008361816
19922944,4365.405,training/policy_dist_max_std,2.485976219177246
19922944,4365.405,training/policy_dist_mean_loc,-0.11035594344139099
19922944,4365.405,training/policy_dist_mean_std,0.785402774810791
19922944,4365.405,training/policy_dist_min_loc,-2.716787576675415
19922944,4365.405,training/policy_dist_min_std,0.07377999275922775
19922944,4365.405,training/policy_loss,-0.0008799261413514614
19922944,4365.405,training/total_loss,1.4316043853759766
19922944,4365.405,training/v_loss,1.5372657775878906
19922944,4365.405,eval/episode_reward,398.92645263671875
19922944,4365.405,eval/episode_reward/ctrl,-0.26654547452926636
19922944,4365.405,eval/episode_reward/forward,404.8122863769531
19922944,4365.405,eval/episode_reward/joint,-0.11764590442180634
19922944,4365.405,eval/episode_reward/orient,-5.501678943634033
19922944,4365.405,eval/episode_reward/total,398.92645263671875
19922944,4365.405,eval/episode_state/forward_vel,38.252410888671875
19922944,4365.405,eval/episode_state/up_z,943.1257934570312
19922944,4365.405,eval/episode_reward_std,39.396095275878906
19922944,4365.405,eval/episode_reward/ctrl_std,0.003085657488554716
19922944,4365.405,eval/episode_reward/forward_std,32.938804626464844
19922944,4365.405,eval/episode_reward/joint_std,0.006499000824987888
19922944,4365.405,eval/episode_reward/orient_std,8.890995979309082
19922944,4365.405,eval/episode_reward/total_std,39.396095275878906
19922944,4365.405,eval/episode_state/forward_vel_std,20.268064498901367
19922944,4365.405,eval/episode_state/up_z_std,12.647512435913086
19922944,4365.405,eval/avg_episode_length,1000.0
19922944,4365.405,eval/std_episode_length,0.0
19922944,4365.405,eval/epoch_eval_time,34.5769784450531
19922944,4365.405,eval/sps,925.4712655373221
20447232,4443.105,episode/sps,4668.527858948336
20447232,4443.105,episode/length,1000.0
20447232,4443.105,episode/reward/ctrl,-0.26573999553918837
20447232,4443.105,episode/reward/forward,401.75475830078125
20447232,4443.105,episode/reward/joint,-0.11422538854181767
20447232,4443.105,episode/reward/orient,-5.139585132598877
20447232,4443.105,episode/reward/total,396.2351919555664
20447232,4443.105,episode/state/forward_vel,36.42205067396164
20447232,4443.105,episode/state/up_z,944.3929028320313
20447232,4443.105,episode/sum_reward,396.2351919555664
20447232,4443.105,episode/entropy_loss,-0.10458425469696522
20447232,4443.105,episode/kl_mean,0.0033342905156314375
20447232,4443.105,episode/learning_rate,0.0003000000142492354
20447232,4443.105,episode/policy_dist_max_loc,2.4593046259880067
20447232,4443.105,episode/policy_dist_max_std,2.4466231656074524
20447232,4443.105,episode/policy_dist_mean_loc,-0.1104193863272667
20447232,4443.105,episode/policy_dist_mean_std,0.7862291836738586
20447232,4443.105,episode/policy_dist_min_loc,-2.622833902835846
20447232,4443.105,episode/policy_dist_min_std,0.07463622398674488
20447232,4443.105,episode/policy_loss,-0.0007696462114108727
20447232,4443.105,episode/total_loss,1.7331265261769295
20447232,4443.105,episode/v_loss,1.8384804064035416
20447232,4479.366,eval/walltime,1429.5504095554352
20447232,4479.366,training/sps,6746.970192326718
20447232,4479.366,training/walltime,3025.205131292343
20447232,4479.366,training/entropy_loss,-0.10408161580562592
20447232,4479.366,training/kl_mean,0.0034886994399130344
20447232,4479.366,training/learning_rate,0.0003000000142492354
20447232,4479.366,training/policy_dist_max_loc,2.5668814182281494
20447232,4479.366,training/policy_dist_max_std,2.4506685733795166
20447232,4479.366,training/policy_dist_mean_loc,-0.10869148373603821
20447232,4479.366,training/policy_dist_mean_std,0.7862046957015991
20447232,4479.366,training/policy_dist_min_loc,-2.6218185424804688
20447232,4479.366,training/policy_dist_min_std,0.0709298625588417
20447232,4479.366,training/policy_loss,-0.0007016869494691491
20447232,4479.366,training/total_loss,1.640796184539795
20447232,4479.366,training/v_loss,1.7455793619155884
20447232,4479.366,eval/episode_reward,403.5097351074219
20447232,4479.366,eval/episode_reward/ctrl,-0.2683129608631134
20447232,4479.366,eval/episode_reward/forward,407.96966552734375
20447232,4479.366,eval/episode_reward/joint,-0.11534397304058075
20447232,4479.366,eval/episode_reward/orient,-4.076263427734375
20447232,4479.366,eval/episode_reward/total,403.5097351074219
20447232,4479.366,eval/episode_state/forward_vel,41.122406005859375
20447232,4479.366,eval/episode_state/up_z,946.4168090820312
20447232,4479.366,eval/episode_reward_std,25.965211868286133
20447232,4479.366,eval/episode_reward/ctrl_std,0.003531521186232567
20447232,4479.366,eval/episode_reward/forward_std,25.702367782592773
20447232,4479.366,eval/episode_reward/joint_std,0.005597867537289858
20447232,4479.366,eval/episode_reward/orient_std,2.4508821964263916
20447232,4479.366,eval/episode_reward/total_std,25.965211868286133
20447232,4479.366,eval/episode_state/forward_vel_std,16.432538986206055
20447232,4479.366,eval/episode_state/up_z_std,5.392027854919434
20447232,4479.366,eval/avg_episode_length,1000.0
20447232,4479.366,eval/std_episode_length,0.0
20447232,4479.366,eval/epoch_eval_time,36.23654842376709
20447232,4479.366,eval/sps,883.0863145622227
20971520,4557.150,episode/sps,4597.180433259793
20971520,4557.150,episode/length,1000.0
20971520,4557.150,episode/reward/ctrl,-0.26673657953739166
20971520,4557.150,episode/reward/forward,402.6650085449219
20971520,4557.150,episode/reward/joint,-0.11523753233253956
20971520,4557.150,episode/reward/orient,-23.95588978767395
20971520,4557.150,episode/reward/total,378.32711120605467
20971520,4557.150,episode/state/forward_vel,36.60161144733429
20971520,4557.150,episode/state/up_z,935.1808268737793
20971520,4557.150,episode/sum_reward,378.32711120605467
20971520,4557.150,episode/entropy_loss,-0.104126693084836
20971520,4557.150,episode/kl_mean,0.0033623362670186906
20971520,4557.150,episode/learning_rate,0.0003000000142492354
20971520,4557.150,episode/policy_dist_max_loc,2.5445731925964354
20971520,4557.150,episode/policy_dist_max_std,2.4681868863105776
20971520,4557.150,episode/policy_dist_mean_loc,-0.10956915035843849
20971520,4557.150,episode/policy_dist_mean_std,0.7864094430208206
20971520,4557.150,episode/policy_dist_min_loc,-2.6691771507263184
20971520,4557.150,episode/policy_dist_min_std,0.0724458571895957
20971520,4557.150,episode/policy_loss,-0.0007991462560312356
20971520,4557.150,episode/total_loss,1.5372075581550597
20971520,4557.150,episode/v_loss,1.6421333950757981
20971520,4592.306,eval/walltime,1464.680350780487
20971520,4592.306,training/sps,6739.708464602121
20971520,4592.306,training/walltime,3102.996033191681
20971520,4592.306,training/entropy_loss,-0.10341493785381317
20971520,4592.306,training/kl_mean,0.003598236246034503
20971520,4592.306,training/learning_rate,0.0003000000142492354
20971520,4592.306,training/policy_dist_max_loc,2.630018711090088
20971520,4592.306,training/policy_dist_max_std,2.472429037094116
20971520,4592.306,training/policy_dist_mean_loc,-0.10933086276054382
20971520,4592.306,training/policy_dist_mean_std,0.7875099182128906
20971520,4592.306,training/policy_dist_min_loc,-2.685708522796631
20971520,4592.306,training/policy_dist_min_std,0.07234908640384674
20971520,4592.306,training/policy_loss,-0.0007433656137436628
20971520,4592.306,training/total_loss,1.466611385345459
20971520,4592.306,training/v_loss,1.5707696676254272
20971520,4592.306,eval/episode_reward,398.1108093261719
20971520,4592.306,eval/episode_reward/ctrl,-0.2689540982246399
20971520,4592.306,eval/episode_reward/forward,402.8709411621094
20971520,4592.306,eval/episode_reward/joint,-0.11438263207674026
20971520,4592.306,eval/episode_reward/orient,-4.376741409301758
20971520,4592.306,eval/episode_reward/total,398.1108093261719
20971520,4592.306,eval/episode_state/forward_vel,37.721839904785156
20971520,4592.306,eval/episode_state/up_z,946.7578125
20971520,4592.306,eval/episode_reward_std,33.080204010009766
20971520,4592.306,eval/episode_reward/ctrl_std,0.002674279734492302
20971520,4592.306,eval/episode_reward/forward_std,32.48823928833008
20971520,4592.306,eval/episode_reward/joint_std,0.006601801607757807
20971520,4592.306,eval/episode_reward/orient_std,2.4055066108703613
20971520,4592.306,eval/episode_reward/total_std,33.080204010009766
20971520,4592.306,eval/episode_state/forward_vel_std,20.63722801208496
20971520,4592.306,eval/episode_state/up_z_std,6.165127277374268
20971520,4592.306,eval/avg_episode_length,1000.0
20971520,4592.306,eval/std_episode_length,0.0
20971520,4592.306,eval/epoch_eval_time,35.12994122505188
20971520,4592.306,eval/sps,910.9038866589434
21495808,4665.092,episode/sps,4857.13935953399
21495808,4665.092,episode/length,1000.0
21495808,4665.092,episode/reward/ctrl,-0.2676588448882103
21495808,4665.092,episode/reward/forward,404.7438229370117
21495808,4665.092,episode/reward/joint,-0.11455209143459796
21495808,4665.092,episode/reward/orient,-4.591917095184326
21495808,4665.092,episode/reward/total,399.76970153808594
21495808,4665.092,episode/state/forward_vel,38.16034577727318
21495808,4665.092,episode/state/up_z,945.4518023681641
21495808,4665.092,episode/sum_reward,399.76970153808594
21495808,4665.092,episode/entropy_loss,-0.10360346116125584
21495808,4665.092,episode/kl_mean,0.003554815355455503
21495808,4665.092,episode/learning_rate,0.0003000000142492354
21495808,4665.092,episode/policy_dist_max_loc,2.6346074986457824
21495808,4665.092,episode/policy_dist_max_std,2.4533103680610657
21495808,4665.092,episode/policy_dist_mean_loc,-0.10873885713517666
21495808,4665.092,episode/policy_dist_mean_std,0.7871522521972656
21495808,4665.092,episode/policy_dist_min_loc,-2.6379650235176086
21495808,4665.092,episode/policy_dist_min_std,0.07201946593821049
21495808,4665.092,episode/policy_loss,-0.0007093232136685401
21495808,4665.092,episode/total_loss,1.7403942596912385
21495808,4665.092,episode/v_loss,1.8447070479393006
21495808,4696.704,eval/walltime,1496.2678201198578
21495808,4696.704,training/sps,7202.399502171743
21495808,4696.704,training/walltime,3175.7895514965057
21495808,4696.704,training/entropy_loss,-0.10321243852376938
21495808,4696.704,training/kl_mean,0.0035451664589345455
21495808,4696.704,training/learning_rate,0.0003000000142492354
21495808,4696.704,training/policy_dist_max_loc,2.7284798622131348
21495808,4696.704,training/policy_dist_max_std,2.4347147941589355
21495808,4696.704,training/policy_dist_mean_loc,-0.10809510946273804
21495808,4696.704,training/policy_dist_mean_std,0.7878789305686951
21495808,4696.704,training/policy_dist_min_loc,-2.599052906036377
21495808,4696.704,training/policy_dist_min_std,0.07270260155200958
21495808,4696.704,training/policy_loss,-0.000526674441061914
21495808,4696.704,training/total_loss,2.2289395332336426
21495808,4696.704,training/v_loss,2.3326785564422607
21495808,4696.704,eval/episode_reward,399.41253662109375
21495808,4696.704,eval/episode_reward/ctrl,-0.2681078314781189
21495808,4696.704,eval/episode_reward/forward,403.6634521484375
21495808,4696.704,eval/episode_reward/joint,-0.11240410804748535
21495808,4696.704,eval/episode_reward/orient,-3.8705317974090576
21495808,4696.704,eval/episode_reward/total,399.41253662109375
21495808,4696.704,eval/episode_state/forward_vel,38.028778076171875
21495808,4696.704,eval/episode_state/up_z,947.4437255859375
21495808,4696.704,eval/episode_reward_std,23.35980796813965
21495808,4696.704,eval/episode_reward/ctrl_std,0.0032969750463962555
21495808,4696.704,eval/episode_reward/forward_std,23.074819564819336
21495808,4696.704,eval/episode_reward/joint_std,0.006118708290159702
21495808,4696.704,eval/episode_reward/orient_std,1.3858250379562378
21495808,4696.704,eval/episode_reward/total_std,23.35980796813965
21495808,4696.704,eval/episode_state/forward_vel_std,15.447047233581543
21495808,4696.704,eval/episode_state/up_z_std,4.483931541442871
21495808,4696.704,eval/avg_episode_length,1000.0
21495808,4696.704,eval/std_episode_length,0.0
21495808,4696.704,eval/epoch_eval_time,31.587469339370728
21495808,4696.704,eval/sps,1013.0599465312371
22020096,4774.387,episode/sps,4797.0094501762105
22020096,4774.387,episode/length,1000.0
22020096,4774.387,episode/reward/ctrl,-0.2682310101389885
22020096,4774.387,episode/reward/forward,404.551926574707
22020096,4774.387,episode/reward/joint,-0.11363783344626427
22020096,4774.387,episode/reward/orient,-4.207811505794525
22020096,4774.387,episode/reward/total,399.96227661132815
22020096,4774.387,episode/state/forward_vel,38.536855273246765
22020096,4774.387,episode/state/up_z,947.9402618408203
22020096,4774.387,episode/sum_reward,399.96227661132815
22020096,4774.387,episode/entropy_loss,-0.10328583814203739
22020096,4774.387,episode/kl_mean,0.0036773779289796947
22020096,4774.387,episode/learning_rate,0.0003000000142492354
22020096,4774.387,episode/policy_dist_max_loc,2.689273476600647
22020096,4774.387,episode/policy_dist_max_std,2.430968310832977
22020096,4774.387,episode/policy_dist_mean_loc,-0.11006401069462299
22020096,4774.387,episode/policy_dist_mean_std,0.7881133514642715
22020096,4774.387,episode/policy_dist_min_loc,-2.6037235283851623
22020096,4774.387,episode/policy_dist_min_std,0.07180046748369932
22020096,4774.387,episode/policy_loss,-0.0005450799399113748
22020096,4774.387,episode/total_loss,2.5864970204234123
22020096,4774.387,episode/v_loss,2.690327927470207
22020096,4810.362,eval/walltime,1532.2192633152008
22020096,4810.362,training/sps,6748.4190025539565
22020096,4810.362,training/walltime,3253.480044603348
22020096,4810.362,training/entropy_loss,-0.10315776616334915
22020096,4810.362,training/kl_mean,0.0038923153188079596
22020096,4810.362,training/learning_rate,0.0003000000142492354
22020096,4810.362,training/policy_dist_max_loc,2.7237918376922607
22020096,4810.362,training/policy_dist_max_std,2.4012837409973145
22020096,4810.362,training/policy_dist_mean_loc,-0.1128494143486023
22020096,4810.362,training/policy_dist_mean_std,0.7891299724578857
22020096,4810.362,training/policy_dist_min_loc,-2.5129494667053223
22020096,4810.362,training/policy_dist_min_std,0.07083235681056976
22020096,4810.362,training/policy_loss,-0.0002017355291172862
22020096,4810.362,training/total_loss,4.267375469207764
22020096,4810.362,training/v_loss,4.370735168457031
22020096,4810.362,eval/episode_reward,395.83837890625
22020096,4810.362,eval/episode_reward/ctrl,-0.26727792620658875
22020096,4810.362,eval/episode_reward/forward,400.071533203125
22020096,4810.362,eval/episode_reward/joint,-0.11274383962154388
22020096,4810.362,eval/episode_reward/orient,-3.8531579971313477
22020096,4810.362,eval/episode_reward/total,395.83837890625
22020096,4810.362,eval/episode_state/forward_vel,36.4005241394043
22020096,4810.362,eval/episode_state/up_z,949.066650390625
22020096,4810.362,eval/episode_reward_std,33.848548889160156
22020096,4810.362,eval/episode_reward/ctrl_std,0.003257877193391323
22020096,4810.362,eval/episode_reward/forward_std,32.54569625854492
22020096,4810.362,eval/episode_reward/joint_std,0.006027225870639086
22020096,4810.362,eval/episode_reward/orient_std,2.608680248260498
22020096,4810.362,eval/episode_reward/total_std,33.848548889160156
22020096,4810.362,eval/episode_state/forward_vel_std,20.069889068603516
22020096,4810.362,eval/episode_state/up_z_std,5.769970893859863
22020096,4810.362,eval/avg_episode_length,1000.0
22020096,4810.362,eval/std_episode_length,0.0
22020096,4810.362,eval/epoch_eval_time,35.95144319534302
22020096,4810.362,eval/sps,890.0894416429194
22544384,4886.806,episode/sps,4663.693307718576
22544384,4886.806,episode/length,1000.0
22544384,4886.806,episode/reward/ctrl,-0.26772636860609056
22544384,4886.806,episode/reward/forward,403.8685009765625
22544384,4886.806,episode/reward/joint,-0.11269005104899406
22544384,4886.806,episode/reward/orient,-5.099006223678589
22544384,4886.806,episode/reward/total,398.38905944824216
22544384,4886.806,episode/state/forward_vel,37.949455229341986
22544384,4886.806,episode/state/up_z,948.4099645996093
22544384,4886.806,episode/sum_reward,398.38905944824216
22544384,4886.806,episode/entropy_loss,-0.10324017696082592
22544384,4886.806,episode/kl_mean,0.0035575960378628224
22544384,4886.806,episode/learning_rate,0.0003000000142492354
22544384,4886.806,episode/policy_dist_max_loc,2.7416413760185243
22544384,4886.806,episode/policy_dist_max_std,2.4547453331947326
22544384,4886.806,episode/policy_dist_mean_loc,-0.11156771667301654
22544384,4886.806,episode/policy_dist_mean_std,0.788519851565361
22544384,4886.806,episode/policy_dist_min_loc,-2.6104224705696106
22544384,4886.806,episode/policy_dist_min_std,0.06877750229090453
22544384,4886.806,episode/policy_loss,-0.00048292721519828776
22544384,4886.806,episode/total_loss,2.5218160909414293
22544384,4886.806,episode/v_loss,2.625539175868034
22544384,4920.654,eval/walltime,1566.0462670326233
22544384,4920.654,training/sps,6857.888958373528
22544384,4920.654,training/walltime,3329.9303929805756
22544384,4920.654,training/entropy_loss,-0.10332893580198288
22544384,4920.654,training/kl_mean,0.0031718616373836994
22544384,4920.654,training/learning_rate,0.0003000000142492354
22544384,4920.654,training/policy_dist_max_loc,2.789979934692383
22544384,4920.654,training/policy_dist_max_std,2.529033660888672
22544384,4920.654,training/policy_dist_mean_loc,-0.11405530571937561
22544384,4920.654,training/policy_dist_mean_std,0.7884846925735474
22544384,4920.654,training/policy_dist_min_loc,-2.708448648452759
22544384,4920.654,training/policy_dist_min_std,0.06251917779445648
22544384,4920.654,training/policy_loss,-0.0005765563691966236
22544384,4920.654,training/total_loss,1.2737897634506226
22544384,4920.654,training/v_loss,1.3776953220367432
22544384,4920.654,eval/episode_reward,393.363037109375
22544384,4920.654,eval/episode_reward/ctrl,-0.26677533984184265
22544384,4920.654,eval/episode_reward/forward,409.01544189453125
22544384,4920.654,eval/episode_reward/joint,-0.11201418936252594
22544384,4920.654,eval/episode_reward/orient,-15.27363109588623
22544384,4920.654,eval/episode_reward/total,393.363037109375
22544384,4920.654,eval/episode_state/forward_vel,42.7032356262207
22544384,4920.654,eval/episode_state/up_z,941.1617431640625
22544384,4920.654,eval/episode_reward_std,39.68312454223633
22544384,4920.654,eval/episode_reward/ctrl_std,0.002218513051047921
22544384,4920.654,eval/episode_reward/forward_std,22.761375427246094
22544384,4920.654,eval/episode_reward/joint_std,0.005351867061108351
22544384,4920.654,eval/episode_reward/orient_std,41.134239196777344
22544384,4920.654,eval/episode_reward/total_std,39.68312454223633
22544384,4920.654,eval/episode_state/forward_vel_std,15.144962310791016
22544384,4920.654,eval/episode_state/up_z_std,29.289033889770508
22544384,4920.654,eval/avg_episode_length,1000.0
22544384,4920.654,eval/std_episode_length,0.0
22544384,4920.654,eval/epoch_eval_time,33.827003717422485
22544384,4920.654,eval/sps,945.9897857733852
23068672,4997.263,episode/sps,4746.504441723719
23068672,4997.263,episode/length,1000.0
23068672,4997.263,episode/reward/ctrl,-0.2673743173480034
23068672,4997.263,episode/reward/forward,405.2005047607422
23068672,4997.263,episode/reward/joint,-0.11123916357755662
23068672,4997.263,episode/reward/orient,-3.953706693649292
23068672,4997.263,episode/reward/total,400.8682165527344
23068672,4997.263,episode/state/forward_vel,38.66699603319168
23068672,4997.263,episode/state/up_z,949.3141479492188
23068672,4997.263,episode/sum_reward,400.8682165527344
23068672,4997.263,episode/entropy_loss,-0.1033920232206583
23068672,4997.263,episode/kl_mean,0.003538974832044914
23068672,4997.263,episode/learning_rate,0.0003000000142492354
23068672,4997.263,episode/policy_dist_max_loc,2.8122453713417053
23068672,4997.263,episode/policy_dist_max_std,2.497198359966278
23068672,4997.263,episode/policy_dist_mean_loc,-0.11177723608911037
23068672,4997.263,episode/policy_dist_mean_std,0.7885749763250351
23068672,4997.263,episode/policy_dist_min_loc,-2.6869812846183776
23068672,4997.263,episode/policy_dist_min_std,0.06508462104946375
23068672,4997.263,episode/policy_loss,-0.0004676826413924573
23068672,4997.263,episode/total_loss,2.4825928139686586
23068672,4997.263,episode/v_loss,2.586452499628067
23068672,5033.816,eval/walltime,1602.5747735500336
23068672,5033.816,training/sps,6843.02334728676
23068672,5033.816,training/walltime,3406.546820163727
23068672,5033.816,training/entropy_loss,-0.10372498631477356
23068672,5033.816,training/kl_mean,0.0035079028457403183
23068672,5033.816,training/learning_rate,0.0003000000142492354
23068672,5033.816,training/policy_dist_max_loc,2.939065933227539
23068672,5033.816,training/policy_dist_max_std,2.5671072006225586
23068672,5033.816,training/policy_dist_mean_loc,-0.10861048102378845
23068672,5033.816,training/policy_dist_mean_std,0.7881283760070801
23068672,5033.816,training/policy_dist_min_loc,-2.8547322750091553
23068672,5033.816,training/policy_dist_min_std,0.061288874596357346
23068672,5033.816,training/policy_loss,-0.0005815987824462354
23068672,5033.816,training/total_loss,2.0895609855651855
23068672,5033.816,training/v_loss,2.1938676834106445
23068672,5033.816,eval/episode_reward,398.00152587890625
23068672,5033.816,eval/episode_reward/ctrl,-0.2675279378890991
23068672,5033.816,eval/episode_reward/forward,402.66632080078125
23068672,5033.816,eval/episode_reward/joint,-0.11116744577884674
23068672,5033.816,eval/episode_reward/orient,-4.286182403564453
23068672,5033.816,eval/episode_reward/total,398.00152587890625
23068672,5033.816,eval/episode_state/forward_vel,38.006195068359375
23068672,5033.816,eval/episode_state/up_z,949.8453369140625
23068672,5033.816,eval/episode_reward_std,30.92729377746582
23068672,5033.816,eval/episode_reward/ctrl_std,0.003178552957251668
23068672,5033.816,eval/episode_reward/forward_std,30.021358489990234
23068672,5033.816,eval/episode_reward/joint_std,0.006966595537960529
23068672,5033.816,eval/episode_reward/orient_std,4.166243076324463
23068672,5033.816,eval/episode_reward/total_std,30.92729377746582
23068672,5033.816,eval/episode_state/forward_vel_std,19.23265266418457
23068672,5033.816,eval/episode_state/up_z_std,6.8101348876953125
23068672,5033.816,eval/avg_episode_length,1000.0
23068672,5033.816,eval/std_episode_length,0.0
23068672,5033.816,eval/epoch_eval_time,36.52850651741028
23068672,5033.816,eval/sps,876.028150363829
23592960,5110.774,episode/sps,4618.854440724113
23592960,5110.774,episode/length,1000.0
23592960,5110.774,episode/reward/ctrl,-0.26688597798347474
23592960,5110.774,episode/reward/forward,399.2075662231445
23592960,5110.774,episode/reward/joint,-0.10998677149415016
23592960,5110.774,episode/reward/orient,-6.607497134208679
23592960,5110.774,episode/reward/total,392.2232293653488
23592960,5110.774,episode/state/forward_vel,35.09078557610512
23592960,5110.774,episode/state/up_z,947.9428674316406
23592960,5110.774,episode/sum_reward,392.2232293653488
23592960,5110.774,episode/entropy_loss,-0.10350152112543583
23592960,5110.774,episode/kl_mean,0.0032771989505272357
23592960,5110.774,episode/learning_rate,0.0003000000142492354
23592960,5110.774,episode/policy_dist_max_loc,2.8850394821166994
23592960,5110.774,episode/policy_dist_max_std,2.512093005180359
23592960,5110.774,episode/policy_dist_mean_loc,-0.10970362812280655
23592960,5110.774,episode/policy_dist_mean_std,0.7882049584388733
23592960,5110.774,episode/policy_dist_min_loc,-2.7206179547309874
23592960,5110.774,episode/policy_dist_min_std,0.06632178593426943
23592960,5110.774,episode/policy_loss,-0.0006794367057591444
23592960,5110.774,episode/total_loss,1.6847383391857147
23592960,5110.774,episode/v_loss,1.7889192962646485
23592960,5147.218,eval/walltime,1638.9924459457397
23592960,5147.218,training/sps,6812.043731842196
23592960,5147.218,training/walltime,3483.511681318283
23592960,5147.218,training/entropy_loss,-0.1035299003124237
23592960,5147.218,training/kl_mean,0.0031326001044362783
23592960,5147.218,training/learning_rate,0.0003000000142492354
23592960,5147.218,training/policy_dist_max_loc,2.9380831718444824
23592960,5147.218,training/policy_dist_max_std,2.442953586578369
23592960,5147.218,training/policy_dist_mean_loc,-0.10590797662734985
23592960,5147.218,training/policy_dist_mean_std,0.7877958416938782
23592960,5147.218,training/policy_dist_min_loc,-2.611365795135498
23592960,5147.218,training/policy_dist_min_std,0.0742776095867157
23592960,5147.218,training/policy_loss,-0.0008288929820992053
23592960,5147.218,training/total_loss,1.243720531463623
23592960,5147.218,training/v_loss,1.3480794429779053
23592960,5147.218,eval/episode_reward,405.70709228515625
23592960,5147.218,eval/episode_reward/ctrl,-0.2662871479988098
23592960,5147.218,eval/episode_reward/forward,412.1234130859375
23592960,5147.218,eval/episode_reward/joint,-0.10762900859117508
23592960,5147.218,eval/episode_reward/orient,-6.042444229125977
23592960,5147.218,eval/episode_reward/total,405.70709228515625
23592960,5147.218,eval/episode_state/forward_vel,43.59002685546875
23592960,5147.218,eval/episode_state/up_z,948.6025390625
23592960,5147.218,eval/episode_reward_std,17.954137802124023
23592960,5147.218,eval/episode_reward/ctrl_std,0.0030014782678335905
23592960,5147.218,eval/episode_reward/forward_std,18.717397689819336
23592960,5147.218,eval/episode_reward/joint_std,0.006007203832268715
23592960,5147.218,eval/episode_reward/orient_std,10.008373260498047
23592960,5147.218,eval/episode_reward/total_std,17.954137802124023
23592960,5147.218,eval/episode_state/forward_vel_std,13.249550819396973
23592960,5147.218,eval/episode_state/up_z_std,10.738280296325684
23592960,5147.218,eval/avg_episode_length,1000.0
23592960,5147.218,eval/std_episode_length,0.0
23592960,5147.218,eval/epoch_eval_time,36.41767239570618
23592960,5147.218,eval/sps,878.6942683292675
24117248,5224.677,episode/sps,4602.917045869075
24117248,5224.677,episode/length,1000.0
24117248,5224.677,episode/reward/ctrl,-0.26686174541711805
24117248,5224.677,episode/reward/forward,402.02146728515623
24117248,5224.677,episode/reward/joint,-0.10851070769131184
24117248,5224.677,episode/reward/orient,-4.011025729179383
24117248,5224.677,episode/reward/total,397.6351248168945
24117248,5224.677,episode/state/forward_vel,37.37945657968521
24117248,5224.677,episode/state/up_z,951.1305462646484
24117248,5224.677,episode/sum_reward,397.6351248168945
24117248,5224.677,episode/entropy_loss,-0.10365172505378722
24117248,5224.677,episode/kl_mean,0.0032940416620112958
24117248,5224.677,episode/learning_rate,0.0003000000142492354
24117248,5224.677,episode/policy_dist_max_loc,2.983834629058838
24117248,5224.677,episode/policy_dist_max_std,2.5033195543289186
24117248,5224.677,episode/policy_dist_mean_loc,-0.10660305351018906
24117248,5224.677,episode/policy_dist_mean_std,0.7879986149072647
24117248,5224.677,episode/policy_dist_min_loc,-2.7353258299827576
24117248,5224.677,episode/policy_dist_min_std,0.06937470499426127
24117248,5224.677,episode/policy_loss,-0.0006706766301795142
24117248,5224.677,episode/total_loss,1.8271255320310593
24117248,5224.677,episode/v_loss,1.931447940468788
24117248,5259.253,eval/walltime,1673.5445189476013
24117248,5259.253,training/sps,6767.983411420283
24117248,5259.253,training/walltime,3560.977592229843
24117248,5259.253,training/entropy_loss,-0.1037885993719101
24117248,5259.253,training/kl_mean,0.0032478016801178455
24117248,5259.253,training/learning_rate,0.0003000000142492354
24117248,5259.253,training/policy_dist_max_loc,3.0921523571014404
24117248,5259.253,training/policy_dist_max_std,2.5155465602874756
24117248,5259.253,training/policy_dist_mean_loc,-0.10447275638580322
24117248,5259.253,training/policy_dist_mean_std,0.7879921197891235
24117248,5259.253,training/policy_dist_min_loc,-2.743562698364258
24117248,5259.253,training/policy_dist_min_std,0.07308846712112427
24117248,5259.253,training/policy_loss,-0.0005227059591561556
24117248,5259.253,training/total_loss,2.206610918045044
24117248,5259.253,training/v_loss,2.310922145843506
24117248,5259.253,eval/episode_reward,349.525634765625
24117248,5259.253,eval/episode_reward/ctrl,-0.2664215564727783
24117248,5259.253,eval/episode_reward/forward,408.99566650390625
24117248,5259.253,eval/episode_reward/joint,-0.10540543496608734
24117248,5259.253,eval/episode_reward/orient,-59.09806823730469
24117248,5259.253,eval/episode_reward/total,349.525634765625
24117248,5259.253,eval/episode_state/forward_vel,41.58195114135742
24117248,5259.253,eval/episode_state/up_z,920.55078125
24117248,5259.253,eval/episode_reward_std,321.5568542480469
24117248,5259.253,eval/episode_reward/ctrl_std,0.0025932565331459045
24117248,5259.253,eval/episode_reward/forward_std,24.553625106811523
24117248,5259.253,eval/episode_reward/joint_std,0.0064980885945260525
24117248,5259.253,eval/episode_reward/orient_std,309.4635314941406
24117248,5259.253,eval/episode_reward/total_std,321.5568542480469
24117248,5259.253,eval/episode_state/forward_vel_std,15.64262866973877
24117248,5259.253,eval/episode_state/up_z_std,166.7978515625
24117248,5259.253,eval/avg_episode_length,1000.0
24117248,5259.253,eval/std_episode_length,0.0
24117248,5259.253,eval/epoch_eval_time,34.55207300186157
24117248,5259.253,eval/sps,926.1383535012769
24641536,5336.511,episode/sps,4688.1057851874975
24641536,5336.511,episode/length,1000.0
24641536,5336.511,episode/reward/ctrl,-0.26617183864116667
24641536,5336.511,episode/reward/forward,405.13393432617187
24641536,5336.511,episode/reward/joint,-0.1059465017169714
24641536,5336.511,episode/reward/orient,-8.464964029788971
24641536,5336.511,episode/reward/total,396.2968713569641
24641536,5336.511,episode/state/forward_vel,39.69432757377624
24641536,5336.511,episode/state/up_z,947.6098571777344
24641536,5336.511,episode/sum_reward,396.2968713569641
24641536,5336.511,episode/entropy_loss,-0.10381466276943684
24641536,5336.511,episode/kl_mean,0.0031407105945982037
24641536,5336.511,episode/learning_rate,0.0003000000142492354
24641536,5336.511,episode/policy_dist_max_loc,3.095999402999878
24641536,5336.511,episode/policy_dist_max_std,2.4572791862487793
24641536,5336.511,episode/policy_dist_mean_loc,-0.10369902461767197
24641536,5336.511,episode/policy_dist_mean_std,0.7873927181959153
24641536,5336.511,episode/policy_dist_min_loc,-2.6709556221961974
24641536,5336.511,episode/policy_dist_min_std,0.07501824144273997
24641536,5336.511,episode/policy_loss,-0.0007850361482996959
24641536,5336.511,episode/total_loss,1.5953196734189987
24641536,5336.511,episode/v_loss,1.6999193781614304
24641536,5371.622,eval/walltime,1708.6312973499298
24641536,5371.622,training/sps,6785.627347624417
24641536,5371.622,training/walltime,3638.2420768737793
24641536,5371.622,training/entropy_loss,-0.10416796803474426
24641536,5371.622,training/kl_mean,0.0029767267405986786
24641536,5371.622,training/learning_rate,0.0003000000142492354
24641536,5371.622,training/policy_dist_max_loc,3.264101028442383
24641536,5371.622,training/policy_dist_max_std,2.3917620182037354
24641536,5371.622,training/policy_dist_mean_loc,-0.10008484125137329
24641536,5371.622,training/policy_dist_mean_std,0.7862976789474487
24641536,5371.622,training/policy_dist_min_loc,-2.6292943954467773
24641536,5371.622,training/policy_dist_min_std,0.0798194408416748
24641536,5371.622,training/policy_loss,-0.0009278135257773101
24641536,5371.622,training/total_loss,1.3078782558441162
24641536,5371.622,training/v_loss,1.4129741191864014
24641536,5371.622,eval/episode_reward,401.1012878417969
24641536,5371.622,eval/episode_reward/ctrl,-0.2658982276916504
24641536,5371.622,eval/episode_reward/forward,405.1800537109375
24641536,5371.622,eval/episode_reward/joint,-0.10555607080459595
24641536,5371.622,eval/episode_reward/orient,-3.7072877883911133
24641536,5371.622,eval/episode_reward/total,401.1012878417969
24641536,5371.622,eval/episode_state/forward_vel,39.51689910888672
24641536,5371.622,eval/episode_state/up_z,951.68115234375
24641536,5371.622,eval/episode_reward_std,26.585134506225586
24641536,5371.622,eval/episode_reward/ctrl_std,0.0024333903566002846
24641536,5371.622,eval/episode_reward/forward_std,26.310497283935547
24641536,5371.622,eval/episode_reward/joint_std,0.006058921106159687
24641536,5371.622,eval/episode_reward/orient_std,2.291762113571167
24641536,5371.622,eval/episode_reward/total_std,26.585134506225586
24641536,5371.622,eval/episode_state/forward_vel_std,16.46573257446289
24641536,5371.622,eval/episode_state/up_z_std,6.060215473175049
24641536,5371.622,eval/avg_episode_length,1000.0
24641536,5371.622,eval/std_episode_length,0.0
24641536,5371.622,eval/epoch_eval_time,35.08677840232849
24641536,5371.622,eval/sps,912.0244564224898
25165824,5448.849,episode/sps,4667.060032682083
25165824,5448.849,episode/length,1000.0
25165824,5448.849,episode/reward/ctrl,-0.2658380803465843
25165824,5448.849,episode/reward/forward,407.1887838745117
25165824,5448.849,episode/reward/joint,-0.10496087692677974
25165824,5448.849,episode/reward/orient,-4.3197749388217925
25165824,5448.849,episode/reward/total,402.4982055664062
25165824,5448.849,episode/state/forward_vel,40.45290053606033
25165824,5448.849,episode/state/up_z,950.6552185058594
25165824,5448.849,episode/sum_reward,402.4982055664062
25165824,5448.849,episode/entropy_loss,-0.10410174384713172
25165824,5448.849,episode/kl_mean,0.003047449541045353
25165824,5448.849,episode/learning_rate,0.0003000000142492354
25165824,5448.849,episode/policy_dist_max_loc,3.2065384817123412
25165824,5448.849,episode/policy_dist_max_std,2.4615943455696105
25165824,5448.849,episode/policy_dist_mean_loc,-0.10186487093567848
25165824,5448.849,episode/policy_dist_mean_std,0.7869319581985473
25165824,5448.849,episode/policy_dist_min_loc,-2.6714124035835267
25165824,5448.849,episode/policy_dist_min_std,0.07651556011289358
25165824,5448.849,episode/policy_loss,-0.0007345941313542426
25165824,5448.849,episode/total_loss,2.0818491888046267
25165824,5448.849,episode/v_loss,2.1866855353116987
25165824,5484.146,eval/walltime,1743.9020817279816
25165824,5484.146,training/sps,6788.289116726515
25165824,5484.146,training/walltime,3715.476265192032
25165824,5484.146,training/entropy_loss,-0.10445081442594528
25165824,5484.146,training/kl_mean,0.002829192439094186
25165824,5484.146,training/learning_rate,0.0003000000142492354
25165824,5484.146,training/policy_dist_max_loc,3.281418800354004
25165824,5484.146,training/policy_dist_max_std,2.482043981552124
25165824,5484.146,training/policy_dist_mean_loc,-0.10047054290771484
25165824,5484.146,training/policy_dist_mean_std,0.7863643169403076
25165824,5484.146,training/policy_dist_min_loc,-2.6437156200408936
25165824,5484.146,training/policy_dist_min_std,0.07542584836483002
25165824,5484.146,training/policy_loss,-0.0005995460087433457
25165824,5484.146,training/total_loss,2.8981001377105713
25165824,5484.146,training/v_loss,3.003150463104248
25165824,5484.146,eval/episode_reward,407.373291015625
25165824,5484.146,eval/episode_reward/ctrl,-0.2657307982444763
25165824,5484.146,eval/episode_reward/forward,412.9927673339844
25165824,5484.146,eval/episode_reward/joint,-0.10481857508420944
25165824,5484.146,eval/episode_reward/orient,-5.248884677886963
25165824,5484.146,eval/episode_reward/total,407.373291015625
25165824,5484.146,eval/episode_state/forward_vel,45.284423828125
25165824,5484.146,eval/episode_state/up_z,949.85107421875
25165824,5484.146,eval/episode_reward_std,24.089405059814453
25165824,5484.146,eval/episode_reward/ctrl_std,0.0023409074638038874
25165824,5484.146,eval/episode_reward/forward_std,24.21484375
25165824,5484.146,eval/episode_reward/joint_std,0.004955069161951542
25165824,5484.146,eval/episode_reward/orient_std,7.609636306762695
25165824,5484.146,eval/episode_reward/total_std,24.089405059814453
25165824,5484.146,eval/episode_state/forward_vel_std,16.883258819580078
25165824,5484.146,eval/episode_state/up_z_std,8.434112548828125
25165824,5484.146,eval/avg_episode_length,1000.0
25165824,5484.146,eval/std_episode_length,0.0
25165824,5484.146,eval/epoch_eval_time,35.27078437805176
25165824,5484.146,eval/sps,907.2664689564688
25690112,5561.688,episode/sps,4646.315709235234
25690112,5561.688,episode/length,1000.0
25690112,5561.688,episode/reward/ctrl,-0.2648660498857498
25690112,5561.688,episode/reward/forward,404.78004852294924
25690112,5561.688,episode/reward/joint,-0.10307279676198959
25690112,5561.688,episode/reward/orient,-4.06035213470459
25690112,5561.688,episode/reward/total,400.35172668457034
25690112,5561.688,episode/state/forward_vel,38.99918925523758
25690112,5561.688,episode/state/up_z,951.4316809082031
25690112,5561.688,episode/sum_reward,400.35172668457034
25690112,5561.688,episode/entropy_loss,-0.10426065132021904
25690112,5561.688,episode/kl_mean,0.0032465619023423643
25690112,5561.688,episode/learning_rate,0.0003000000142492354
25690112,5561.688,episode/policy_dist_max_loc,3.2781877088546754
25690112,5561.688,episode/policy_dist_max_std,2.4251437044143676
25690112,5561.688,episode/policy_dist_mean_loc,-0.10040820606052875
25690112,5561.688,episode/policy_dist_mean_std,0.7856522506475448
25690112,5561.688,episode/policy_dist_min_loc,-2.689869711399078
25690112,5561.688,episode/policy_dist_min_std,0.07759934280067682
25690112,5561.688,episode/policy_loss,-0.0010212046722881496
25690112,5561.688,episode/total_loss,1.9225760811567307
25690112,5561.688,episode/v_loss,2.0278579396009446
25690112,5597.233,eval/walltime,1779.422490119934
25690112,5597.233,training/sps,6760.6535622606
25690112,5597.233,training/walltime,3793.0261640548706
25690112,5597.233,training/entropy_loss,-0.10423001646995544
25690112,5597.233,training/kl_mean,0.003866733517497778
25690112,5597.233,training/learning_rate,0.0003000000142492354
25690112,5597.233,training/policy_dist_max_loc,3.305312395095825
25690112,5597.233,training/policy_dist_max_std,2.388298273086548
25690112,5597.233,training/policy_dist_mean_loc,-0.10019183158874512
25690112,5597.233,training/policy_dist_mean_std,0.7840015888214111
25690112,5597.233,training/policy_dist_min_loc,-2.783021926879883
25690112,5597.233,training/policy_dist_min_std,0.07781891524791718
25690112,5597.233,training/policy_loss,-0.0014750238042324781
25690112,5597.233,training/total_loss,1.5220495462417603
25690112,5597.233,training/v_loss,1.62775456905365
25690112,5597.233,eval/episode_reward,402.87579345703125
25690112,5597.233,eval/episode_reward/ctrl,-0.2642773389816284
25690112,5597.233,eval/episode_reward/forward,406.93280029296875
25690112,5597.233,eval/episode_reward/joint,-0.10411101579666138
25690112,5597.233,eval/episode_reward/orient,-3.6886990070343018
25690112,5597.233,eval/episode_reward/total,402.87579345703125
25690112,5597.233,eval/episode_state/forward_vel,41.347408294677734
25690112,5597.233,eval/episode_state/up_z,950.7337646484375
25690112,5597.233,eval/episode_reward_std,23.600238800048828
25690112,5597.233,eval/episode_reward/ctrl_std,0.0027950734365731478
25690112,5597.233,eval/episode_reward/forward_std,23.849414825439453
25690112,5597.233,eval/episode_reward/joint_std,0.004843080881983042
25690112,5597.233,eval/episode_reward/orient_std,3.197551965713501
25690112,5597.233,eval/episode_reward/total_std,23.600238800048828
25690112,5597.233,eval/episode_state/forward_vel_std,15.792726516723633
25690112,5597.233,eval/episode_state/up_z_std,5.838227272033691
25690112,5597.233,eval/avg_episode_length,1000.0
25690112,5597.233,eval/std_episode_length,0.0
25690112,5597.233,eval/epoch_eval_time,35.520408391952515
25690112,5597.233,eval/sps,900.8905428927981
26214400,5673.082,episode/sps,4706.627859024587
26214400,5673.082,episode/length,1000.0
26214400,5673.082,episode/reward/ctrl,-0.2645612809062004
26214400,5673.082,episode/reward/forward,406.58512023925783
26214400,5673.082,episode/reward/joint,-0.10462548643350601
26214400,5673.082,episode/reward/orient,-4.469494786262512
26214400,5673.082,episode/reward/total,401.74644622802737
26214400,5673.082,episode/state/forward_vel,40.3764845085144
26214400,5673.082,episode/state/up_z,950.3917926025391
26214400,5673.082,episode/sum_reward,401.74644622802737
26214400,5673.082,episode/entropy_loss,-0.10447988592088223
26214400,5673.082,episode/kl_mean,0.0033199892076663674
26214400,5673.082,episode/learning_rate,0.0003000000142492354
26214400,5673.082,episode/policy_dist_max_loc,3.3272850584983824
26214400,5673.082,episode/policy_dist_max_std,2.418120596408844
26214400,5673.082,episode/policy_dist_mean_loc,-0.09930705100297928
26214400,5673.082,episode/policy_dist_mean_std,0.7846802794933319
26214400,5673.082,episode/policy_dist_min_loc,-2.638689169883728
26214400,5673.082,episode/policy_dist_min_std,0.0763881067559123
26214400,5673.082,episode/policy_loss,-0.001015966625418514
26214400,5673.082,episode/total_loss,1.8182251793146134
26214400,5673.082,episode/v_loss,1.9237210392951964
26214400,5707.487,eval/walltime,1813.8034040927887
26214400,5707.487,training/sps,6911.580273189406
26214400,5707.487,training/walltime,3868.882622241974
26214400,5707.487,training/entropy_loss,-0.10478134453296661
26214400,5707.487,training/kl_mean,0.003162727691233158
26214400,5707.487,training/learning_rate,0.0003000000142492354
26214400,5707.487,training/policy_dist_max_loc,3.400430202484131
26214400,5707.487,training/policy_dist_max_std,2.382162570953369
26214400,5707.487,training/policy_dist_mean_loc,-0.09725096821784973
26214400,5707.487,training/policy_dist_mean_std,0.7834324836730957
26214400,5707.487,training/policy_dist_min_loc,-2.478097438812256
26214400,5707.487,training/policy_dist_min_std,0.07507653534412384
26214400,5707.487,training/policy_loss,-0.0008723142091184855
26214400,5707.487,training/total_loss,1.1265630722045898
26214400,5707.487,training/v_loss,1.232216715812683
26214400,5707.487,eval/episode_reward,399.0143737792969
26214400,5707.487,eval/episode_reward/ctrl,-0.26423537731170654
26214400,5707.487,eval/episode_reward/forward,403.53460693359375
26214400,5707.487,eval/episode_reward/joint,-0.10277673602104187
26214400,5707.487,eval/episode_reward/orient,-4.153177738189697
26214400,5707.487,eval/episode_reward/total,399.0143737792969
26214400,5707.487,eval/episode_state/forward_vel,39.34455108642578
26214400,5707.487,eval/episode_state/up_z,951.3468627929688
26214400,5707.487,eval/episode_reward_std,29.404420852661133
26214400,5707.487,eval/episode_reward/ctrl_std,0.002058819169178605
26214400,5707.487,eval/episode_reward/forward_std,28.584369659423828
26214400,5707.487,eval/episode_reward/joint_std,0.0051822783425450325
26214400,5707.487,eval/episode_reward/orient_std,6.498456954956055
26214400,5707.487,eval/episode_reward/total_std,29.404420852661133
26214400,5707.487,eval/episode_state/forward_vel_std,18.007551193237305
26214400,5707.487,eval/episode_state/up_z_std,8.416296005249023
26214400,5707.487,eval/avg_episode_length,1000.0
26214400,5707.487,eval/std_episode_length,0.0
26214400,5707.487,eval/epoch_eval_time,34.380913972854614
26214400,5707.487,eval/sps,930.7489622080884
26738688,5784.106,episode/sps,4722.281716755773
26738688,5784.106,episode/length,1000.0
26738688,5784.106,episode/reward/ctrl,-0.26442672938108447
26738688,5784.106,episode/reward/forward,406.5875601196289
26738688,5784.106,episode/reward/joint,-0.10123823970556259
26738688,5784.106,episode/reward/orient,-4.2024485301971435
26738688,5784.106,episode/reward/total,402.01944763183593
26738688,5784.106,episode/state/forward_vel,40.61154788970947
26738688,5784.106,episode/state/up_z,949.8844952392578
26738688,5784.106,episode/sum_reward,402.01944763183593
26738688,5784.106,episode/entropy_loss,-0.10462852448225021
26738688,5784.106,episode/kl_mean,0.003398601320805028
26738688,5784.106,episode/learning_rate,0.0003000000142492354
26738688,5784.106,episode/policy_dist_max_loc,3.366526396274567
26738688,5784.106,episode/policy_dist_max_std,2.4004859805107115
26738688,5784.106,episode/policy_dist_mean_loc,-0.09743715979158879
26738688,5784.106,episode/policy_dist_mean_std,0.7837189424037934
26738688,5784.106,episode/policy_dist_min_loc,-2.6386080408096313
26738688,5784.106,episode/policy_dist_min_std,0.07626445207744836
26738688,5784.106,episode/policy_loss,-0.0010787075871485285
26738688,5784.106,episode/total_loss,1.7348621433973312
26738688,5784.106,episode/v_loss,1.8405693846940994
26738688,5819.725,eval/walltime,1849.3954148292542
26738688,5819.725,training/sps,6842.1791056198435
26738688,5819.725,training/walltime,3945.508502960205
26738688,5819.725,training/entropy_loss,-0.10490843653678894
26738688,5819.725,training/kl_mean,0.0030885329470038414
26738688,5819.725,training/learning_rate,0.0003000000142492354
26738688,5819.725,training/policy_dist_max_loc,3.411543846130371
26738688,5819.725,training/policy_dist_max_std,2.4115045070648193
26738688,5819.725,training/policy_dist_mean_loc,-0.09442655742168427
26738688,5819.725,training/policy_dist_mean_std,0.7834988832473755
26738688,5819.725,training/policy_dist_min_loc,-2.635058641433716
26738688,5819.725,training/policy_dist_min_std,0.07704329490661621
26738688,5819.725,training/policy_loss,-0.0008314463775604963
26738688,5819.725,training/total_loss,2.3049960136413574
26738688,5819.725,training/v_loss,2.410736083984375
26738688,5819.725,eval/episode_reward,393.55126953125
26738688,5819.725,eval/episode_reward/ctrl,-0.2629767656326294
26738688,5819.725,eval/episode_reward/forward,399.00634765625
26738688,5819.725,eval/episode_reward/joint,-0.10088749974966049
26738688,5819.725,eval/episode_reward/orient,-5.091128826141357
26738688,5819.725,eval/episode_reward/total,393.55126953125
26738688,5819.725,eval/episode_state/forward_vel,36.12394714355469
26738688,5819.725,eval/episode_state/up_z,947.3765869140625
26738688,5819.725,eval/episode_reward_std,35.1296272277832
26738688,5819.725,eval/episode_reward/ctrl_std,0.002318896120414138
26738688,5819.725,eval/episode_reward/forward_std,33.994483947753906
26738688,5819.725,eval/episode_reward/joint_std,0.006582154892385006
26738688,5819.725,eval/episode_reward/orient_std,4.567442417144775
26738688,5819.725,eval/episode_reward/total_std,35.1296272277832
26738688,5819.725,eval/episode_state/forward_vel_std,21.159503936767578
26738688,5819.725,eval/episode_state/up_z_std,8.84664535522461
26738688,5819.725,eval/avg_episode_length,1000.0
26738688,5819.725,eval/std_episode_length,0.0
26738688,5819.725,eval/epoch_eval_time,35.592010736465454
26738688,5819.725,eval/sps,899.0781733838573
27262976,5896.874,episode/sps,4649.260830119208
27262976,5896.874,episode/length,1000.0
27262976,5896.874,episode/reward/ctrl,-0.26349054723978044
27262976,5896.874,episode/reward/forward,399.80955596923826
27262976,5896.874,episode/reward/joint,-0.10031248390674591
27262976,5896.874,episode/reward/orient,-11.75448803782463
27262976,5896.874,episode/reward/total,387.69125274658205
27262976,5896.874,episode/state/forward_vel,36.84349313259125
27262976,5896.874,episode/state/up_z,946.0605126953125
27262976,5896.874,episode/sum_reward,387.69125274658205
27262976,5896.874,episode/entropy_loss,-0.10497295044362545
27262976,5896.874,episode/kl_mean,0.0031254646682646126
27262976,5896.874,episode/learning_rate,0.0003000000142492354
27262976,5896.874,episode/policy_dist_max_loc,3.3806490159034728
27262976,5896.874,episode/policy_dist_max_std,2.401649112701416
27262976,5896.874,episode/policy_dist_mean_loc,-0.09493783637881278
27262976,5896.874,episode/policy_dist_mean_std,0.783327253460884
27262976,5896.874,episode/policy_dist_min_loc,-2.580328652858734
27262976,5896.874,episode/policy_dist_min_std,0.07732266310602426
27262976,5896.874,episode/policy_loss,-0.0008776627904444467
27262976,5896.874,episode/total_loss,1.5797897166013717
27262976,5896.874,episode/v_loss,1.6856403356790544
27262976,5932.144,eval/walltime,1884.6416018009186
27262976,5932.144,training/sps,6795.168050521945
27262976,5932.144,training/walltime,4022.664505004883
27262976,5932.144,training/entropy_loss,-0.10531385987997055
27262976,5932.144,training/kl_mean,0.002952064387500286
27262976,5932.144,training/learning_rate,0.0003000000142492354
27262976,5932.144,training/policy_dist_max_loc,3.348159074783325
27262976,5932.144,training/policy_dist_max_std,2.416827440261841
27262976,5932.144,training/policy_dist_mean_loc,-0.09246549010276794
27262976,5932.144,training/policy_dist_mean_std,0.7829450964927673
27262976,5932.144,training/policy_dist_min_loc,-2.5768539905548096
27262976,5932.144,training/policy_dist_min_std,0.07980933785438538
27262976,5932.144,training/policy_loss,-0.0007588935550302267
27262976,5932.144,training/total_loss,1.2756280899047852
27262976,5932.144,training/v_loss,1.3817009925842285
27262976,5932.144,eval/episode_reward,400.0636901855469
27262976,5932.144,eval/episode_reward/ctrl,-0.26302462816238403
27262976,5932.144,eval/episode_reward/forward,404.8841857910156
27262976,5932.144,eval/episode_reward/joint,-0.09707006812095642
27262976,5932.144,eval/episode_reward/orient,-4.4603447914123535
27262976,5932.144,eval/episode_reward/total,400.0636901855469
27262976,5932.144,eval/episode_state/forward_vel,38.943321228027344
27262976,5932.144,eval/episode_state/up_z,948.2169189453125
27262976,5932.144,eval/episode_reward_std,28.487834930419922
27262976,5932.144,eval/episode_reward/ctrl_std,0.0024533828254789114
27262976,5932.144,eval/episode_reward/forward_std,27.06248664855957
27262976,5932.144,eval/episode_reward/joint_std,0.005748546216636896
27262976,5932.144,eval/episode_reward/orient_std,3.4767446517944336
27262976,5932.144,eval/episode_reward/total_std,28.487834930419922
27262976,5932.144,eval/episode_state/forward_vel_std,16.625123977661133
27262976,5932.144,eval/episode_state/up_z_std,8.522171020507812
27262976,5932.144,eval/avg_episode_length,1000.0
27262976,5932.144,eval/std_episode_length,0.0
27262976,5932.144,eval/epoch_eval_time,35.24618697166443
27262976,5932.144,eval/sps,907.8996268653359
27787264,6006.382,episode/sps,4787.679044051622
27787264,6006.382,episode/length,1000.0
27787264,6006.382,episode/reward/ctrl,-0.26313468247652055
27787264,6006.382,episode/reward/forward,408.11680114746093
27787264,6006.382,episode/reward/joint,-0.09715354196727276
27787264,6006.382,episode/reward/orient,-20.441255970001222
27787264,6006.382,episode/reward/total,387.31524658203125
27787264,6006.382,episode/state/forward_vel,41.875115394592285
27787264,6006.382,episode/state/up_z,940.1089382171631
27787264,6006.382,episode/sum_reward,387.31524658203125
27787264,6006.382,episode/entropy_loss,-0.10526803091168403
27787264,6006.382,episode/kl_mean,0.0030141948454547674
27787264,6006.382,episode/learning_rate,0.0003000000142492354
27787264,6006.382,episode/policy_dist_max_loc,3.42036256313324
27787264,6006.382,episode/policy_dist_max_std,2.4419654059410094
27787264,6006.382,episode/policy_dist_mean_loc,-0.09164420269429684
27787264,6006.382,episode/policy_dist_mean_std,0.7839644706249237
27787264,6006.382,episode/policy_dist_min_loc,-2.6175814127922057
27787264,6006.382,episode/policy_dist_min_std,0.07773743603378534
27787264,6006.382,episode/policy_loss,-0.0008710744201380294
27787264,6006.382,episode/total_loss,1.68177040040493
27787264,6006.382,episode/v_loss,1.7879095077514648
27787264,6035.592,eval/walltime,1913.825826883316
27787264,6035.592,training/sps,7061.540049503858
27787264,6035.592,training/walltime,4096.91006565094
27787264,6035.592,training/entropy_loss,-0.10566164553165436
27787264,6035.592,training/kl_mean,0.002941685961559415
27787264,6035.592,training/learning_rate,0.0003000000142492354
27787264,6035.592,training/policy_dist_max_loc,3.504547595977783
27787264,6035.592,training/policy_dist_max_std,2.5041511058807373
27787264,6035.592,training/policy_dist_mean_loc,-0.08743616938591003
27787264,6035.592,training/policy_dist_mean_std,0.7853819131851196
27787264,6035.592,training/policy_dist_min_loc,-2.6461687088012695
27787264,6035.592,training/policy_dist_min_std,0.07641822099685669
27787264,6035.592,training/policy_loss,-0.0008747248793952167
27787264,6035.592,training/total_loss,1.5970767736434937
27787264,6035.592,training/v_loss,1.70361328125
27787264,6035.592,eval/episode_reward,400.8981628417969
27787264,6035.592,eval/episode_reward/ctrl,-0.26426228880882263
27787264,6035.592,eval/episode_reward/forward,407.8979797363281
27787264,6035.592,eval/episode_reward/joint,-0.09561698138713837
27787264,6035.592,eval/episode_reward/orient,-6.639923572540283
27787264,6035.592,eval/episode_reward/total,400.8981628417969
27787264,6035.592,eval/episode_state/forward_vel,42.52214050292969
27787264,6035.592,eval/episode_state/up_z,947.4577026367188
27787264,6035.592,eval/episode_reward_std,31.47574234008789
27787264,6035.592,eval/episode_reward/ctrl_std,0.0024599493481218815
27787264,6035.592,eval/episode_reward/forward_std,26.13866424560547
27787264,6035.592,eval/episode_reward/joint_std,0.0052357870154082775
27787264,6035.592,eval/episode_reward/orient_std,10.84748363494873
27787264,6035.592,eval/episode_reward/total_std,31.47574234008789
27787264,6035.592,eval/episode_state/forward_vel_std,14.787128448486328
27787264,6035.592,eval/episode_state/up_z_std,12.179160118103027
27787264,6035.592,eval/avg_episode_length,1000.0
27787264,6035.592,eval/std_episode_length,0.0
27787264,6035.592,eval/epoch_eval_time,29.18422508239746
27787264,6035.592,eval/sps,1096.4827714168391
28311552,6112.234,episode/sps,4953.034959545844
28311552,6112.234,episode/length,1000.0
28311552,6112.234,episode/reward/ctrl,-0.2635030898451805
28311552,6112.234,episode/reward/forward,407.3312420654297
28311552,6112.234,episode/reward/joint,-0.09557079024612904
28311552,6112.234,episode/reward/orient,-9.691837652921677
28311552,6112.234,episode/reward/total,397.28034194946287
28311552,6112.234,episode/state/forward_vel,41.21195119380951
28311552,6112.234,episode/state/up_z,946.9306323242188
28311552,6112.234,episode/sum_reward,397.28034194946287
28311552,6112.234,episode/entropy_loss,-0.10539064586162566
28311552,6112.234,episode/kl_mean,0.0030036763474345207
28311552,6112.234,episode/learning_rate,0.0003000000142492354
28311552,6112.234,episode/policy_dist_max_loc,3.4924244475364685
28311552,6112.234,episode/policy_dist_max_std,2.4744645166397095
28311552,6112.234,episode/policy_dist_mean_loc,-0.0885944552719593
28311552,6112.234,episode/policy_dist_mean_std,0.7846341109275818
28311552,6112.234,episode/policy_dist_min_loc,-2.610083899497986
28311552,6112.234,episode/policy_dist_min_std,0.07976273454725742
28311552,6112.234,episode/policy_loss,-0.0009414618690789211
28311552,6112.234,episode/total_loss,1.2891929161548614
28311552,6112.234,episode/v_loss,1.3955250245332718
28311552,6146.609,eval/walltime,1948.1751952171326
28311552,6146.609,training/sps,6840.068380650439
28311552,6146.609,training/walltime,4173.559591770172
28311552,6146.609,training/entropy_loss,-0.10529236495494843
28311552,6146.609,training/kl_mean,0.0030100871808826923
28311552,6146.609,training/learning_rate,0.0003000000142492354
28311552,6146.609,training/policy_dist_max_loc,3.6287801265716553
28311552,6146.609,training/policy_dist_max_std,2.511735439300537
28311552,6146.609,training/policy_dist_mean_loc,-0.08500063419342041
28311552,6146.609,training/policy_dist_mean_std,0.7856800556182861
28311552,6146.609,training/policy_dist_min_loc,-2.6001243591308594
28311552,6146.609,training/policy_dist_min_std,0.08192466199398041
28311552,6146.609,training/policy_loss,-0.0011017327196896076
28311552,6146.609,training/total_loss,0.733580470085144
28311552,6146.609,training/v_loss,0.8399745225906372
28311552,6146.609,eval/episode_reward,400.76483154296875
28311552,6146.609,eval/episode_reward/ctrl,-0.2653825879096985
28311552,6146.609,eval/episode_reward/forward,405.80609130859375
28311552,6146.609,eval/episode_reward/joint,-0.09554822742938995
28311552,6146.609,eval/episode_reward/orient,-4.680334568023682
28311552,6146.609,eval/episode_reward/total,400.76483154296875
28311552,6146.609,eval/episode_state/forward_vel,40.82807159423828
28311552,6146.609,eval/episode_state/up_z,950.1401977539062
28311552,6146.609,eval/episode_reward_std,31.628265380859375
28311552,6146.609,eval/episode_reward/ctrl_std,0.0027686264365911484
28311552,6146.609,eval/episode_reward/forward_std,31.414108276367188
28311552,6146.609,eval/episode_reward/joint_std,0.005404359195381403
28311552,6146.609,eval/episode_reward/orient_std,4.330811500549316
28311552,6146.609,eval/episode_reward/total_std,31.628265380859375
28311552,6146.609,eval/episode_state/forward_vel_std,20.455936431884766
28311552,6146.609,eval/episode_state/up_z_std,8.089885711669922
28311552,6146.609,eval/avg_episode_length,1000.0
28311552,6146.609,eval/std_episode_length,0.0
28311552,6146.609,eval/epoch_eval_time,34.34936833381653
28311552,6146.609,eval/sps,931.6037398130666
28835840,6222.290,episode/sps,4763.832284929838
28835840,6222.290,episode/length,1000.0
28835840,6222.290,episode/reward/ctrl,-0.2652126157283783
28835840,6222.290,episode/reward/forward,409.7099951171875
28835840,6222.290,episode/reward/joint,-0.09583134971559047
28835840,6222.290,episode/reward/orient,-4.29631540775299
28835840,6222.290,episode/reward/total,405.05262298583983
28835840,6222.290,episode/state/forward_vel,42.783379564285276
28835840,6222.290,episode/state/up_z,950.2516979980469
28835840,6222.290,episode/sum_reward,405.05262298583983
28835840,6222.290,episode/entropy_loss,-0.10528522834181786
28835840,6222.290,episode/kl_mean,0.003079939206363633
28835840,6222.290,episode/learning_rate,0.0003000000142492354
28835840,6222.290,episode/policy_dist_max_loc,3.5906429505348205
28835840,6222.290,episode/policy_dist_max_std,2.5255438899993896
28835840,6222.290,episode/policy_dist_mean_loc,-0.08580886602401733
28835840,6222.290,episode/policy_dist_mean_std,0.7863983225822448
28835840,6222.290,episode/policy_dist_min_loc,-2.665997862815857
28835840,6222.290,episode/policy_dist_min_std,0.07598350893706084
28835840,6222.290,episode/policy_loss,-0.0009432461272808723
28835840,6222.290,episode/total_loss,1.2934332805871964
28835840,6222.290,episode/v_loss,1.3996617549657822
28835840,6258.403,eval/walltime,1984.2615067958832
28835840,6258.403,training/sps,6926.9434265944055
28835840,6258.403,training/walltime,4249.247809171677
28835840,6258.403,training/entropy_loss,-0.10489195585250854
28835840,6258.403,training/kl_mean,0.0031795285176485777
28835840,6258.403,training/learning_rate,0.0003000000142492354
28835840,6258.403,training/policy_dist_max_loc,3.6702792644500732
28835840,6258.403,training/policy_dist_max_std,2.5764589309692383
28835840,6258.403,training/policy_dist_mean_loc,-0.08434861898422241
28835840,6258.403,training/policy_dist_mean_std,0.7883427143096924
28835840,6258.403,training/policy_dist_min_loc,-2.7807140350341797
28835840,6258.403,training/policy_dist_min_std,0.0685638040304184
28835840,6258.403,training/policy_loss,-0.0007821163162589073
28835840,6258.403,training/total_loss,1.4819071292877197
28835840,6258.403,training/v_loss,1.5875811576843262
28835840,6258.403,eval/episode_reward,403.3173828125
28835840,6258.403,eval/episode_reward/ctrl,-0.26517048478126526
28835840,6258.403,eval/episode_reward/forward,407.7474365234375
28835840,6258.403,eval/episode_reward/joint,-0.09243084490299225
28835840,6258.403,eval/episode_reward/orient,-4.072460174560547
28835840,6258.403,eval/episode_reward/total,403.3173828125
28835840,6258.403,eval/episode_state/forward_vel,42.27409362792969
28835840,6258.403,eval/episode_state/up_z,949.9817504882812
28835840,6258.403,eval/episode_reward_std,31.016986846923828
28835840,6258.403,eval/episode_reward/ctrl_std,0.002389386296272278
28835840,6258.403,eval/episode_reward/forward_std,31.392181396484375
28835840,6258.403,eval/episode_reward/joint_std,0.004789074417203665
28835840,6258.403,eval/episode_reward/orient_std,2.5110208988189697
28835840,6258.403,eval/episode_reward/total_std,31.016986846923828
28835840,6258.403,eval/episode_state/forward_vel_std,20.409032821655273
28835840,6258.403,eval/episode_state/up_z_std,5.56344747543335
28835840,6258.403,eval/avg_episode_length,1000.0
28835840,6258.403,eval/std_episode_length,0.0
28835840,6258.403,eval/epoch_eval_time,36.08631157875061
28835840,6258.403,eval/sps,886.7628361010763
29360128,6335.166,episode/sps,4644.81186740638
29360128,6335.166,episode/length,1000.0
29360128,6335.166,episode/reward/ctrl,-0.265292127430439
29360128,6335.166,episode/reward/forward,410.0686877441406
29360128,6335.166,episode/reward/joint,-0.094026487916708
29360128,6335.166,episode/reward/orient,-17.719643762111662
29360128,6335.166,episode/reward/total,391.9897122192383
29360128,6335.166,episode/state/forward_vel,43.559074075222014
29360128,6335.166,episode/state/up_z,942.8974560546875
29360128,6335.166,episode/sum_reward,391.9897122192383
29360128,6335.166,episode/entropy_loss,-0.10489236950874328
29360128,6335.166,episode/kl_mean,0.0034218055848032236
29360128,6335.166,episode/learning_rate,0.0003000000142492354
29360128,6335.166,episode/policy_dist_max_loc,3.692158622741699
29360128,6335.166,episode/policy_dist_max_std,2.5850141716003416
29360128,6335.166,episode/policy_dist_mean_loc,-0.08389614172279834
29360128,6335.166,episode/policy_dist_mean_std,0.787852623462677
29360128,6335.166,episode/policy_dist_min_loc,-2.730414164066315
29360128,6335.166,episode/policy_dist_min_std,0.07312303561717272
29360128,6335.166,episode/policy_loss,-0.001079836465360131
29360128,6335.166,episode/total_loss,1.1833536100387574
29360128,6335.166,episode/v_loss,1.2893258106708527
29360128,6369.941,eval/walltime,2019.0132660865784
29360128,6369.941,training/sps,6829.405132158897
29360128,6369.941,training/walltime,4326.017013788223
29360128,6369.941,training/entropy_loss,-0.10442927479743958
29360128,6369.941,training/kl_mean,0.004034741781651974
29360128,6369.941,training/learning_rate,0.0003000000142492354
29360128,6369.941,training/policy_dist_max_loc,3.779682159423828
29360128,6369.941,training/policy_dist_max_std,2.6706531047821045
29360128,6369.941,training/policy_dist_mean_loc,-0.08206696808338165
29360128,6369.941,training/policy_dist_mean_std,0.7899148464202881
29360128,6369.941,training/policy_dist_min_loc,-2.817718029022217
29360128,6369.941,training/policy_dist_min_std,0.06831658631563187
29360128,6369.941,training/policy_loss,-0.001243061851710081
29360128,6369.941,training/total_loss,1.2456003427505493
29360128,6369.941,training/v_loss,1.351272702217102
29360128,6369.941,eval/episode_reward,404.673583984375
29360128,6369.941,eval/episode_reward/ctrl,-0.26607704162597656
29360128,6369.941,eval/episode_reward/forward,409.09716796875
29360128,6369.941,eval/episode_reward/joint,-0.09330260753631592
29360128,6369.941,eval/episode_reward/orient,-4.064277172088623
29360128,6369.941,eval/episode_reward/total,404.673583984375
29360128,6369.941,eval/episode_state/forward_vel,42.791412353515625
29360128,6369.941,eval/episode_state/up_z,948.82958984375
29360128,6369.941,eval/episode_reward_std,27.622861862182617
29360128,6369.941,eval/episode_reward/ctrl_std,0.0031837676651775837
29360128,6369.941,eval/episode_reward/forward_std,27.210037231445312
29360128,6369.941,eval/episode_reward/joint_std,0.005682541057467461
29360128,6369.941,eval/episode_reward/orient_std,1.9812712669372559
29360128,6369.941,eval/episode_reward/total_std,27.622861862182617
29360128,6369.941,eval/episode_state/forward_vel_std,17.26997184753418
29360128,6369.941,eval/episode_state/up_z_std,6.787402153015137
29360128,6369.941,eval/avg_episode_length,1000.0
29360128,6369.941,eval/std_episode_length,0.0
29360128,6369.941,eval/epoch_eval_time,34.75175929069519
29360128,6369.941,eval/sps,920.8166911011042
29884416,6446.186,episode/sps,4722.460121165762
29884416,6446.186,episode/length,1000.0
29884416,6446.186,episode/reward/ctrl,-0.2661991080641746
29884416,6446.186,episode/reward/forward,413.58509948730466
29884416,6446.186,episode/reward/joint,-0.09366391614079475
29884416,6446.186,episode/reward/orient,-6.390596177577972
29884416,6446.186,episode/reward/total,406.8346766662598
29884416,6446.186,episode/state/forward_vel,45.432587045431134
29884416,6446.186,episode/state/up_z,948.5419366455078
29884416,6446.186,episode/sum_reward,406.8346766662598
29884416,6446.186,episode/entropy_loss,-0.10442451179027558
29884416,6446.186,episode/kl_mean,0.003698872970417142
29884416,6446.186,episode/learning_rate,0.0003000000142492354
29884416,6446.186,episode/policy_dist_max_loc,3.784292573928833
29884416,6446.186,episode/policy_dist_max_std,2.636686472892761
29884416,6446.186,episode/policy_dist_mean_loc,-0.0827292437106371
29884416,6446.186,episode/policy_dist_mean_std,0.7898145949840546
29884416,6446.186,episode/policy_dist_min_loc,-2.765176868438721
29884416,6446.186,episode/policy_dist_min_std,0.06899262197315693
29884416,6446.186,episode/policy_loss,-0.0011129726165381726
29884416,6446.186,episode/total_loss,1.177834637761116
29884416,6446.186,episode/v_loss,1.2833721131086349
29884416,6480.752,eval/walltime,2053.5531766414642
29884416,6480.752,training/sps,6875.768000708618
29884416,6480.752,training/walltime,4402.268568515778
29884416,6480.752,training/entropy_loss,-0.10383477807044983
29884416,6480.752,training/kl_mean,0.0038158250972628593
29884416,6480.752,training/learning_rate,0.0003000000142492354
29884416,6480.752,training/policy_dist_max_loc,3.936460256576538
29884416,6480.752,training/policy_dist_max_std,2.677889823913574
29884416,6480.752,training/policy_dist_mean_loc,-0.08154172450304031
29884416,6480.752,training/policy_dist_mean_std,0.7915205359458923
29884416,6480.752,training/policy_dist_min_loc,-2.7257771492004395
29884416,6480.752,training/policy_dist_min_std,0.06948281824588776
29884416,6480.752,training/policy_loss,-0.0012439091224223375
29884416,6480.752,training/total_loss,0.8593968152999878
29884416,6480.752,training/v_loss,0.9644755125045776
29884416,6480.752,eval/episode_reward,411.8602294921875
29884416,6480.752,eval/episode_reward/ctrl,-0.2670392394065857
29884416,6480.752,eval/episode_reward/forward,417.1127014160156
29884416,6480.752,eval/episode_reward/joint,-0.09241751581430435
29884416,6480.752,eval/episode_reward/orient,-4.893084526062012
29884416,6480.752,eval/episode_reward/total,411.8602294921875
29884416,6480.752,eval/episode_state/forward_vel,47.66815948486328
29884416,6480.752,eval/episode_state/up_z,949.6622314453125
29884416,6480.752,eval/episode_reward_std,28.78504180908203
29884416,6480.752,eval/episode_reward/ctrl_std,0.0023319637402892113
29884416,6480.752,eval/episode_reward/forward_std,28.242046356201172
29884416,6480.752,eval/episode_reward/joint_std,0.005643485113978386
29884416,6480.752,eval/episode_reward/orient_std,8.999469757080078
29884416,6480.752,eval/episode_reward/total_std,28.78504180908203
29884416,6480.752,eval/episode_state/forward_vel_std,18.08106803894043
29884416,6480.752,eval/episode_state/up_z_std,9.221153259277344
29884416,6480.752,eval/avg_episode_length,1000.0
29884416,6480.752,eval/std_episode_length,0.0
29884416,6480.752,eval/epoch_eval_time,34.539910554885864
29884416,6480.752,eval/sps,926.4644721401405
30408704,6556.684,episode/sps,4744.771371408258
30408704,6556.684,episode/length,1000.0
30408704,6556.684,episode/reward/ctrl,-0.2669947028160095
30408704,6556.684,episode/reward/forward,414.20839752197264
30408704,6556.684,episode/reward/joint,-0.09407798662781715
30408704,6556.684,episode/reward/orient,-5.094830756187439
30408704,6556.684,episode/reward/total,408.75255889892577
30408704,6556.684,episode/state/forward_vel,46.08102589607239
30408704,6556.684,episode/state/up_z,947.3922875976563
30408704,6556.684,episode/sum_reward,408.75255889892577
30408704,6556.684,episode/entropy_loss,-0.10377939864993095
30408704,6556.684,episode/kl_mean,0.003838911443017423
30408704,6556.684,episode/learning_rate,0.0003000000142492354
30408704,6556.684,episode/policy_dist_max_loc,3.8855143547058106
30408704,6556.684,episode/policy_dist_max_std,2.629540500640869
30408704,6556.684,episode/policy_dist_mean_loc,-0.08182018227875233
30408704,6556.684,episode/policy_dist_mean_std,0.791127964258194
30408704,6556.684,episode/policy_dist_min_loc,-2.7981533813476562
30408704,6556.684,episode/policy_dist_min_std,0.06938430897891522
30408704,6556.684,episode/policy_loss,-0.001179448686016258
30408704,6556.684,episode/total_loss,1.0303162729740143
30408704,6556.684,episode/v_loss,1.1352751183509826
30408704,6591.130,eval/walltime,2087.9750871658325
30408704,6591.130,training/sps,6904.119511274008
30408704,6591.130,training/walltime,4478.206999063492
30408704,6591.130,training/entropy_loss,-0.1029399186372757
30408704,6591.130,training/kl_mean,0.0035933172330260277
30408704,6591.130,training/learning_rate,0.0003000000142492354
30408704,6591.130,training/policy_dist_max_loc,3.93978214263916
30408704,6591.130,training/policy_dist_max_std,2.52915096282959
30408704,6591.130,training/policy_dist_mean_loc,-0.08175590634346008
30408704,6591.130,training/policy_dist_mean_std,0.7922322750091553
30408704,6591.130,training/policy_dist_min_loc,-2.8389883041381836
30408704,6591.130,training/policy_dist_min_std,0.07140599936246872
30408704,6591.130,training/policy_loss,-0.0009143628412857652
30408704,6591.130,training/total_loss,0.9548027515411377
30408704,6591.130,training/v_loss,1.058656930923462
30408704,6591.130,eval/episode_reward,397.4141540527344
30408704,6591.130,eval/episode_reward/ctrl,-0.2689339816570282
30408704,6591.130,eval/episode_reward/forward,402.6005554199219
30408704,6591.130,eval/episode_reward/joint,-0.09442911297082901
30408704,6591.130,eval/episode_reward/orient,-4.822979927062988
30408704,6591.130,eval/episode_reward/total,397.4141540527344
30408704,6591.130,eval/episode_state/forward_vel,39.26911544799805
30408704,6591.130,eval/episode_state/up_z,947.9149169921875
30408704,6591.130,eval/episode_reward_std,27.817644119262695
30408704,6591.130,eval/episode_reward/ctrl_std,0.0024336271453648806
30408704,6591.130,eval/episode_reward/forward_std,25.938135147094727
30408704,6591.130,eval/episode_reward/joint_std,0.004757390357553959
30408704,6591.130,eval/episode_reward/orient_std,6.505610942840576
30408704,6591.130,eval/episode_reward/total_std,27.817644119262695
30408704,6591.130,eval/episode_state/forward_vel_std,15.813033103942871
30408704,6591.130,eval/episode_state/up_z_std,8.425923347473145
30408704,6591.130,eval/avg_episode_length,1000.0
30408704,6591.130,eval/std_episode_length,0.0
30408704,6591.130,eval/epoch_eval_time,34.421910524368286
30408704,6591.130,eval/sps,929.6404386777502
30932992,6667.526,episode/sps,4730.048694817109
30932992,6667.526,episode/length,1000.0
30932992,6667.526,episode/reward/ctrl,-0.2686515620350838
30932992,6667.526,episode/reward/forward,411.84767272949216
30932992,6667.526,episode/reward/joint,-0.09463301204144954
30932992,6667.526,episode/reward/orient,-4.3845858693122866
30932992,6667.526,episode/reward/total,407.0997525024414
30932992,6667.526,episode/state/forward_vel,44.64425458431244
30932992,6667.526,episode/state/up_z,948.6740844726562
30932992,6667.526,episode/sum_reward,407.0997525024414
30932992,6667.526,episode/entropy_loss,-0.10306977927684784
30932992,6667.526,episode/kl_mean,0.0037204137700609864
30932992,6667.526,episode/learning_rate,0.0003000000142492354
30932992,6667.526,episode/policy_dist_max_loc,3.98814799785614
30932992,6667.526,episode/policy_dist_max_std,2.6456269216537476
30932992,6667.526,episode/policy_dist_mean_loc,-0.08182602368295193
30932992,6667.526,episode/policy_dist_mean_std,0.7933012145757675
30932992,6667.526,episode/policy_dist_min_loc,-2.8182911229133607
30932992,6667.526,episode/policy_dist_min_std,0.0680891690775752
30932992,6667.526,episode/policy_loss,-0.0010117828488000668
30932992,6667.526,episode/total_loss,1.1048974591493606
30932992,6667.526,episode/v_loss,1.2089790177345277
30932992,6702.105,eval/walltime,2122.5299639701843
30932992,6702.105,training/sps,6862.051137673608
30932992,6702.105,training/walltime,4554.610976457596
30932992,6702.105,training/entropy_loss,-0.10223621875047684
30932992,6702.105,training/kl_mean,0.0035773299168795347
30932992,6702.105,training/learning_rate,0.0003000000142492354
30932992,6702.105,training/policy_dist_max_loc,4.117332458496094
30932992,6702.105,training/policy_dist_max_std,2.729475498199463
30932992,6702.105,training/policy_dist_mean_loc,-0.08256882429122925
30932992,6702.105,training/policy_dist_mean_std,0.7966036796569824
30932992,6702.105,training/policy_dist_min_loc,-2.89630126953125
30932992,6702.105,training/policy_dist_min_std,0.06368547677993774
30932992,6702.105,training/policy_loss,-0.0007553722243756056
30932992,6702.105,training/total_loss,1.4567086696624756
30932992,6702.105,training/v_loss,1.5597003698349
30932992,6702.105,eval/episode_reward,405.2535400390625
30932992,6702.105,eval/episode_reward/ctrl,-0.26984381675720215
30932992,6702.105,eval/episode_reward/forward,410.6129455566406
30932992,6702.105,eval/episode_reward/joint,-0.09467418491840363
30932992,6702.105,eval/episode_reward/orient,-4.994804859161377
30932992,6702.105,eval/episode_reward/total,405.2535400390625
30932992,6702.105,eval/episode_state/forward_vel,44.44488525390625
30932992,6702.105,eval/episode_state/up_z,946.594970703125
30932992,6702.105,eval/episode_reward_std,37.671051025390625
30932992,6702.105,eval/episode_reward/ctrl_std,0.002730204490944743
30932992,6702.105,eval/episode_reward/forward_std,36.555999755859375
30932992,6702.105,eval/episode_reward/joint_std,0.005456852726638317
30932992,6702.105,eval/episode_reward/orient_std,3.664982557296753
30932992,6702.105,eval/episode_reward/total_std,37.671051025390625
30932992,6702.105,eval/episode_state/forward_vel_std,22.03116226196289
30932992,6702.105,eval/episode_state/up_z_std,7.4999003410339355
30932992,6702.105,eval/avg_episode_length,1000.0
30932992,6702.105,eval/std_episode_length,0.0
30932992,6702.105,eval/epoch_eval_time,34.55487680435181
30932992,6702.105,eval/sps,926.0632061049615
0,161.711,eval/walltime,80.31854963302612
0,161.711,eval/episode_reward,265.434326171875
0,161.711,eval/episode_reward/ctrl,-0.2769644260406494
0,161.711,eval/episode_reward/forward,339.473388671875
0,161.711,eval/episode_reward/joint,-0.1158677488565445
0,161.711,eval/episode_reward/orient,-73.64627075195312
0,161.711,eval/episode_reward/total,265.434326171875
0,161.711,eval/episode_state/forward_vel,-4.498353004455566
0,161.711,eval/episode_state/up_z,782.7866821289062
0,161.711,eval/episode_reward_std,62.159915924072266
0,161.711,eval/episode_reward/ctrl_std,0.004882731940597296
0,161.711,eval/episode_reward/forward_std,18.69359016418457
0,161.711,eval/episode_reward/joint_std,0.005749712698161602
0,161.711,eval/episode_reward/orient_std,51.3907356262207
0,161.711,eval/episode_reward/total_std,62.159915924072266
0,161.711,eval/episode_state/forward_vel_std,11.234857559204102
0,161.711,eval/episode_state/up_z_std,121.43457794189453
0,161.711,eval/avg_episode_length,1000.0
0,161.711,eval/std_episode_length,0.0
0,161.711,eval/epoch_eval_time,80.31854963302612
0,161.711,eval/sps,398.4135687983333
524288,295.999,episode/sps,2049.4335855730756
524288,295.999,episode/length,1000.0
524288,295.999,episode/reward/ctrl,-0.2772528576850891
524288,295.999,episode/reward/forward,339.54668487548827
524288,295.999,episode/reward/joint,-0.11680776812136173
524288,295.999,episode/reward/orient,-94.39688998222351
524288,295.999,episode/reward/total,244.75573963165283
524288,295.999,episode/state/forward_vel,-3.841725993081927
524288,295.999,episode/state/up_z,794.1351677322388
524288,295.999,episode/sum_reward,244.75573963165283
524288,295.999,episode/entropy_loss,-0.11383376480080187
524288,295.999,episode/kl_mean,4.619166657328606
524288,295.999,episode/learning_rate,0.0003000000142492354
524288,295.999,episode/policy_dist_max_loc,1.8232153505086899
524288,295.999,episode/policy_dist_max_std,2.2259319350123405
524288,295.999,episode/policy_dist_mean_loc,-0.03100856760283932
524288,295.999,episode/policy_dist_mean_std,0.7117264941334724
524288,295.999,episode/policy_dist_min_loc,-2.477244883775711
524288,295.999,episode/policy_dist_min_std,0.06479022570420057
524288,295.999,episode/policy_loss,0.28220937959849834
524288,295.999,episode/total_loss,6.43423767387867
524288,295.999,episode/v_loss,6.2658620327711105
524288,369.084,eval/walltime,152.71642088890076
524288,369.084,training/sps,3913.8379338214095
524288,369.084,training/walltime,133.95751404762268
524288,369.084,training/entropy_loss,-0.11383377015590668
524288,369.084,training/kl_mean,4.619166851043701
524288,369.084,training/learning_rate,0.0003000000142492354
524288,369.084,training/policy_dist_max_loc,1.823215365409851
524288,369.084,training/policy_dist_max_std,2.2259316444396973
524288,369.084,training/policy_dist_mean_loc,-0.031008567661046982
524288,369.084,training/policy_dist_mean_std,0.7117265462875366
524288,369.084,training/policy_dist_min_loc,-2.4772448539733887
524288,369.084,training/policy_dist_min_std,0.06479021906852722
524288,369.084,training/policy_loss,0.2822093665599823
524288,369.084,training/total_loss,6.434237480163574
524288,369.084,training/v_loss,6.265861988067627
524288,369.084,eval/episode_reward,208.912353515625
524288,369.084,eval/episode_reward/ctrl,-0.23809069395065308
524288,369.084,eval/episode_reward/forward,332.0576171875
524288,369.084,eval/episode_reward/joint,-0.06348369270563126
524288,369.084,eval/episode_reward/orient,-122.8436508178711
524288,369.084,eval/episode_reward/total,208.912353515625
524288,369.084,eval/episode_state/forward_vel,-9.180240631103516
524288,369.084,eval/episode_state/up_z,787.4515380859375
524288,369.084,eval/episode_reward_std,443.16497802734375
524288,369.084,eval/episode_reward/ctrl_std,0.0032564036082476377
524288,369.084,eval/episode_reward/forward_std,24.146484375
524288,369.084,eval/episode_reward/joint_std,0.007574611809104681
524288,369.084,eval/episode_reward/orient_std,445.7288513183594
524288,369.084,eval/episode_reward/total_std,443.16497802734375
524288,369.084,eval/episode_state/forward_vel_std,14.942935943603516
524288,369.084,eval/episode_state/up_z_std,247.18357849121094
524288,369.084,eval/avg_episode_length,1000.0
524288,369.084,eval/std_episode_length,0.0
524288,369.084,eval/epoch_eval_time,72.39787125587463
524288,369.084,eval/sps,442.0019462575483
1048576,476.158,episode/sps,2910.1412853490433
1048576,476.158,episode/length,1000.0
1048576,476.158,episode/reward/ctrl,-0.2366208428144455
1048576,476.158,episode/reward/forward,333.10615997314454
1048576,476.158,episode/reward/joint,-0.061489133425056935
1048576,476.158,episode/reward/orient,-106.40875195503234
1048576,476.158,episode/reward/total,226.39930534362793
1048576,476.158,episode/state/forward_vel,-8.100345004796981
1048576,476.158,episode/state/up_z,791.1958013916015
1048576,476.158,episode/sum_reward,226.39930534362793
1048576,476.158,episode/entropy_loss,-0.11392277991399169
1048576,476.158,episode/kl_mean,2.394361586077139
1048576,476.158,episode/learning_rate,0.0003000000142492354
1048576,476.158,episode/policy_dist_max_loc,1.780564883723855
1048576,476.158,episode/policy_dist_max_std,2.3041406087577343
1048576,476.158,episode/policy_dist_mean_loc,-0.037791853974340484
1048576,476.158,episode/policy_dist_mean_std,0.7191424397751689
1048576,476.158,episode/policy_dist_min_loc,-2.5662856362760067
1048576,476.158,episode/policy_dist_min_std,0.0661601796746254
1048576,476.158,episode/policy_loss,0.16655047988751903
1048576,476.158,episode/total_loss,8.643355019390583
1048576,476.158,episode/v_loss,8.590727306902409
1048576,489.042,eval/walltime,165.45065069198608
1048576,489.042,training/sps,4894.768227111104
1048576,489.042,training/walltime,241.069429397583
1048576,489.042,training/entropy_loss,-0.11401179432868958
1048576,489.042,training/kl_mean,0.16955651342868805
1048576,489.042,training/learning_rate,0.0003000000142492354
1048576,489.042,training/policy_dist_max_loc,1.7379143238067627
1048576,489.042,training/policy_dist_max_std,2.3823494911193848
1048576,489.042,training/policy_dist_mean_loc,-0.04457513988018036
1048576,489.042,training/policy_dist_mean_std,0.7265584468841553
1048576,489.042,training/policy_dist_min_loc,-2.6553263664245605
1048576,489.042,training/policy_dist_min_std,0.06753013283014297
1048576,489.042,training/policy_loss,0.05089157819747925
1048576,489.042,training/total_loss,10.852472305297852
1048576,489.042,training/v_loss,10.915592193603516
1048576,489.042,eval/episode_reward,297.70953369140625
1048576,489.042,eval/episode_reward/ctrl,-0.2365255206823349
1048576,489.042,eval/episode_reward/forward,330.86981201171875
1048576,489.042,eval/episode_reward/joint,-0.06080951914191246
1048576,489.042,eval/episode_reward/orient,-32.86292266845703
1048576,489.042,eval/episode_reward/total,297.70953369140625
1048576,489.042,eval/episode_state/forward_vel,-9.891180038452148
1048576,489.042,eval/episode_state/up_z,861.0623779296875
1048576,489.042,eval/episode_reward_std,35.44793701171875
1048576,489.042,eval/episode_reward/ctrl_std,0.0025498855393379927
1048576,489.042,eval/episode_reward/forward_std,21.359281539916992
1048576,489.042,eval/episode_reward/joint_std,0.0053156111389398575
1048576,489.042,eval/episode_reward/orient_std,22.19854164123535
1048576,489.042,eval/episode_reward/total_std,35.44793701171875
1048576,489.042,eval/episode_state/forward_vel_std,13.207664489746094
1048576,489.042,eval/episode_state/up_z_std,54.839996337890625
1048576,489.042,eval/avg_episode_length,1000.0
1048576,489.042,eval/std_episode_length,0.0
1048576,489.042,eval/epoch_eval_time,12.734229803085327
1048576,489.042,eval/sps,2512.912087721775
1572864,527.157,episode/sps,10280.530528674704
1572864,527.157,episode/length,1000.0
1572864,527.157,episode/reward/ctrl,-0.23597709819674492
1572864,527.157,episode/reward/forward,336.4867852783203
1572864,527.157,episode/reward/joint,-0.05980299662798643
1572864,527.157,episode/reward/orient,-34.834453253746034
1572864,527.157,episode/reward/total,301.3565678405762
1572864,527.157,episode/state/forward_vel,-6.9281676492095
1572864,527.157,episode/state/up_z,856.485357055664
1572864,527.157,episode/sum_reward,301.3565678405762
1572864,527.157,episode/entropy_loss,-0.113764290465042
1572864,527.157,episode/kl_mean,1.5983166730584344
1572864,527.157,episode/learning_rate,0.0003000000142492354
1572864,527.157,episode/policy_dist_max_loc,1.7515247240662575
1572864,527.157,episode/policy_dist_max_std,2.333521991968155
1572864,527.157,episode/policy_dist_mean_loc,-0.04282775946194306
1572864,527.157,episode/policy_dist_mean_std,0.7250356872876486
1572864,527.157,episode/policy_dist_min_loc,-2.5588165298104286
1572864,527.157,episode/policy_dist_min_std,0.0720099494792521
1572864,527.157,episode/policy_loss,0.11029889526616898
1572864,527.157,episode/total_loss,6.680604303876559
1572864,527.157,episode/v_loss,6.684069688121478
1572864,538.762,eval/walltime,176.89836502075195
1572864,538.762,training/sps,13739.215255263485
1572864,538.762,training/walltime,279.2293963432312
1572864,538.762,training/entropy_loss,-0.11344730854034424
1572864,538.762,training/kl_mean,0.006226846948266029
1572864,538.762,training/learning_rate,0.0003000000142492354
1572864,538.762,training/policy_dist_max_loc,1.6934444904327393
1572864,538.762,training/policy_dist_max_std,2.392284631729126
1572864,538.762,training/policy_dist_mean_loc,-0.052899569272994995
1572864,538.762,training/policy_dist_mean_std,0.7368221879005432
1572864,538.762,training/policy_dist_min_loc,-2.5438783168792725
1572864,538.762,training/policy_dist_min_std,0.0837094858288765
1572864,538.762,training/policy_loss,-0.0022042738273739815
1572864,538.762,training/total_loss,2.7551028728485107
1572864,538.762,training/v_loss,2.8707544803619385
1572864,538.762,eval/episode_reward,332.79156494140625
1572864,538.762,eval/episode_reward/ctrl,-0.2369229942560196
1572864,538.762,eval/episode_reward/forward,341.60174560546875
1572864,538.762,eval/episode_reward/joint,-0.0624757781624794
1572864,538.762,eval/episode_reward/orient,-8.510725975036621
1572864,538.762,eval/episode_reward/total,332.79156494140625
1572864,538.762,eval/episode_state/forward_vel,-3.2153687477111816
1572864,538.762,eval/episode_state/up_z,938.6522827148438
1572864,538.762,eval/episode_reward_std,21.284435272216797
1572864,538.762,eval/episode_reward/ctrl_std,0.002241147682070732
1572864,538.762,eval/episode_reward/forward_std,18.66219139099121
1572864,538.762,eval/episode_reward/joint_std,0.005910934880375862
1572864,538.762,eval/episode_reward/orient_std,8.690566062927246
1572864,538.762,eval/episode_reward/total_std,21.284435272216797
1572864,538.762,eval/episode_state/forward_vel_std,11.296905517578125
1572864,538.762,eval/episode_state/up_z_std,36.355621337890625
1572864,538.762,eval/avg_episode_length,1000.0
1572864,538.762,eval/std_episode_length,0.0
1572864,538.762,eval/epoch_eval_time,11.44771432876587
1572864,538.762,eval/sps,2795.31783210123
2097152,577.318,episode/sps,10452.02378896148
2097152,577.318,episode/length,1000.0
2097152,577.318,episode/reward/ctrl,-0.2367812967300415
2097152,577.318,episode/reward/forward,344.8808605957031
2097152,577.318,episode/reward/joint,-0.06274684131145478
2097152,577.318,episode/reward/orient,-32.716974505782126
2097152,577.318,episode/reward/total,311.86437927246095
2097152,577.318,episode/state/forward_vel,-1.0964394196867944
2097152,577.318,episode/state/up_z,915.1109945678711
2097152,577.318,episode/sum_reward,311.86437927246095
2097152,577.318,episode/entropy_loss,-0.11357086591422558
2097152,577.318,episode/kl_mean,0.23983981769299134
2097152,577.318,episode/learning_rate,0.0003000000142492354
2097152,577.318,episode/policy_dist_max_loc,1.7131773459911346
2097152,577.318,episode/policy_dist_max_std,2.3731315970420837
2097152,577.318,episode/policy_dist_mean_loc,-0.05287515319883823
2097152,577.318,episode/policy_dist_mean_std,0.7325272554159165
2097152,577.318,episode/policy_dist_min_loc,-2.556138880252838
2097152,577.318,episode/policy_dist_min_std,0.07812168169766665
2097152,577.318,episode/policy_loss,0.026263992981403136
2097152,577.318,episode/total_loss,5.17431211233139
2097152,577.318,episode/v_loss,5.261618978977204
2097152,589.634,eval/walltime,189.06871008872986
2097152,589.634,training/sps,13580.457847245007
2097152,589.634,training/walltime,317.8354585170746
2097152,589.634,training/entropy_loss,-0.1133003681898117
2097152,589.634,training/kl_mean,0.0046667251735925674
2097152,589.634,training/learning_rate,0.0003000000142492354
2097152,589.634,training/policy_dist_max_loc,1.670121431350708
2097152,589.634,training/policy_dist_max_std,2.3417680263519287
2097152,589.634,training/policy_dist_mean_loc,-0.06297989189624786
2097152,589.634,training/policy_dist_mean_std,0.7362518906593323
2097152,589.634,training/policy_dist_min_loc,-2.4483494758605957
2097152,589.634,training/policy_dist_min_std,0.08639131486415863
2097152,589.634,training/policy_loss,-0.002479099901393056
2097152,589.634,training/total_loss,1.7314553260803223
2097152,589.634,training/v_loss,1.8472347259521484
2097152,589.634,eval/episode_reward,264.00726318359375
2097152,589.634,eval/episode_reward/ctrl,-0.2368246614933014
2097152,589.634,eval/episode_reward/forward,344.0264892578125
2097152,589.634,eval/episode_reward/joint,-0.06669361889362335
2097152,589.634,eval/episode_reward/orient,-79.7157211303711
2097152,589.634,eval/episode_reward/total,264.00726318359375
2097152,589.634,eval/episode_state/forward_vel,-1.1034700870513916
2097152,589.634,eval/episode_state/up_z,913.4849243164062
2097152,589.634,eval/episode_reward_std,418.598876953125
2097152,589.634,eval/episode_reward/ctrl_std,0.002503072377294302
2097152,589.634,eval/episode_reward/forward_std,15.590949058532715
2097152,589.634,eval/episode_reward/joint_std,0.006267068907618523
2097152,589.634,eval/episode_reward/orient_std,416.3981018066406
2097152,589.634,eval/episode_reward/total_std,418.598876953125
2097152,589.634,eval/episode_state/forward_vel_std,9.311636924743652
2097152,589.634,eval/episode_state/up_z_std,226.01248168945312
2097152,589.634,eval/avg_episode_length,1000.0
2097152,589.634,eval/std_episode_length,0.0
2097152,589.634,eval/epoch_eval_time,12.170345067977905
2097152,589.634,eval/sps,2629.3420458715705
2621440,628.112,episode/sps,10321.894062827969
2621440,628.112,episode/length,1000.0
2621440,628.112,episode/reward/ctrl,-0.23689489766955377
2621440,628.112,episode/reward/forward,343.9747592163086
2621440,628.112,episode/reward/joint,-0.06718840148299933
2621440,628.112,episode/reward/orient,-4.496588725447655
2621440,628.112,episode/reward/total,339.17411712646486
2621440,628.112,episode/state/forward_vel,-1.4364954786002635
2621440,628.112,episode/state/up_z,954.9563061523437
2621440,628.112,episode/sum_reward,339.17411712646486
2621440,628.112,episode/entropy_loss,-0.11327071152627469
2621440,628.112,episode/kl_mean,0.008129107840359211
2621440,628.112,episode/learning_rate,0.0003000000142492354
2621440,628.112,episode/policy_dist_max_loc,1.719706414937973
2621440,628.112,episode/policy_dist_max_std,2.331357407569885
2621440,628.112,episode/policy_dist_mean_loc,-0.06180445112287998
2621440,628.112,episode/policy_dist_mean_std,0.7358562219142913
2621440,628.112,episode/policy_dist_min_loc,-2.494865291118622
2621440,628.112,episode/policy_dist_min_std,0.08417892936617136
2621440,628.112,episode/policy_loss,-0.000808579558506608
2621440,628.112,episode/total_loss,2.398747447729111
2621440,628.112,episode/v_loss,2.5128267329931258
2621440,641.189,eval/walltime,202.00078678131104
2621440,641.189,training/sps,13609.477935995656
2621440,641.189,training/walltime,356.3591992855072
2621440,641.189,training/entropy_loss,-0.11302539706230164
2621440,641.189,training/kl_mean,0.0032872818410396576
2621440,641.189,training/learning_rate,0.0003000000142492354
2621440,641.189,training/policy_dist_max_loc,1.790350317955017
2621440,641.189,training/policy_dist_max_std,2.2567977905273438
2621440,641.189,training/policy_dist_mean_loc,-0.07107965648174286
2621440,641.189,training/policy_dist_mean_std,0.734644889831543
2621440,641.189,training/policy_dist_min_loc,-2.466120719909668
2621440,641.189,training/policy_dist_min_std,0.08397828042507172
2621440,641.189,training/policy_loss,-0.0012359295506030321
2621440,641.189,training/total_loss,1.9179508686065674
2621440,641.189,training/v_loss,2.032212257385254
2621440,641.189,eval/episode_reward,346.6961669921875
2621440,641.189,eval/episode_reward/ctrl,-0.23649996519088745
2621440,641.189,eval/episode_reward/forward,350.041259765625
2621440,641.189,eval/episode_reward/joint,-0.07277341187000275
2621440,641.189,eval/episode_reward/orient,-3.0358049869537354
2621440,641.189,eval/episode_reward/total,346.6961669921875
2621440,641.189,eval/episode_state/forward_vel,2.810091495513916
2621440,641.189,eval/episode_state/up_z,960.4699096679688
2621440,641.189,eval/episode_reward_std,18.67323875427246
2621440,641.189,eval/episode_reward/ctrl_std,0.0020829385612159967
2621440,641.189,eval/episode_reward/forward_std,18.264095306396484
2621440,641.189,eval/episode_reward/joint_std,0.005556636024266481
2621440,641.189,eval/episode_reward/orient_std,1.645423412322998
2621440,641.189,eval/episode_reward/total_std,18.67323875427246
2621440,641.189,eval/episode_state/forward_vel_std,10.878865242004395
2621440,641.189,eval/episode_state/up_z_std,8.557320594787598
2621440,641.189,eval/avg_episode_length,1000.0
2621440,641.189,eval/std_episode_length,0.0
2621440,641.189,eval/epoch_eval_time,12.932076692581177
2621440,641.189,eval/sps,2474.467230646539
3145728,680.613,episode/sps,9986.14200234194
3145728,680.613,episode/length,1000.0
3145728,680.613,episode/reward/ctrl,-0.23590548992156982
3145728,680.613,episode/reward/forward,353.2835363769531
3145728,680.613,episode/reward/joint,-0.07139969024807215
3145728,680.613,episode/reward/orient,-3.058958135843277
3145728,680.613,episode/reward/total,349.9172705078125
3145728,680.613,episode/state/forward_vel,4.753730601444841
3145728,680.613,episode/state/up_z,961.4116900634766
3145728,680.613,episode/sum_reward,349.9172705078125
3145728,680.613,episode/entropy_loss,-0.11312437333166599
3145728,680.613,episode/kl_mean,0.0036656025238335135
3145728,680.613,episode/learning_rate,0.0003000000142492354
3145728,680.613,episode/policy_dist_max_loc,1.7189978468418121
3145728,680.613,episode/policy_dist_max_std,2.318178470134735
3145728,680.613,episode/policy_dist_mean_loc,-0.06919036414474249
3145728,680.613,episode/policy_dist_mean_std,0.7348579251766205
3145728,680.613,episode/policy_dist_min_loc,-2.4418677639961244
3145728,680.613,episode/policy_dist_min_std,0.08494870506227016
3145728,680.613,episode/policy_loss,-0.0015210149715130683
3145728,680.613,episode/total_loss,2.921331667304039
3145728,680.613,episode/v_loss,3.0359770494699476
3145728,695.711,eval/walltime,216.93161845207214
3145728,695.711,training/sps,13280.8662460721
3145728,695.711,training/walltime,395.83614230155945
3145728,695.711,training/entropy_loss,-0.11301374435424805
3145728,695.711,training/kl_mean,0.002491503953933716
3145728,695.711,training/learning_rate,0.0003000000142492354
3145728,695.711,training/policy_dist_max_loc,1.7013921737670898
3145728,695.711,training/policy_dist_max_std,2.3518588542938232
3145728,695.711,training/policy_dist_mean_loc,-0.07512129843235016
3145728,695.711,training/policy_dist_mean_std,0.7332600355148315
3145728,695.711,training/policy_dist_min_loc,-2.407871961593628
3145728,695.711,training/policy_dist_min_std,0.08371908962726593
3145728,695.711,training/policy_loss,-0.0003283064579591155
3145728,695.711,training/total_loss,5.249818801879883
3145728,695.711,training/v_loss,5.363161087036133
3145728,695.711,eval/episode_reward,345.96881103515625
3145728,695.711,eval/episode_reward/ctrl,-0.2359328716993332
3145728,695.711,eval/episode_reward/forward,350.25006103515625
3145728,695.711,eval/episode_reward/joint,-0.07494635134935379
3145728,695.711,eval/episode_reward/orient,-3.9703705310821533
3145728,695.711,eval/episode_reward/total,345.96881103515625
3145728,695.711,eval/episode_state/forward_vel,2.370692014694214
3145728,695.711,eval/episode_state/up_z,956.5809326171875
3145728,695.711,eval/episode_reward_std,29.404647827148438
3145728,695.711,eval/episode_reward/ctrl_std,0.0020004664547741413
3145728,695.711,eval/episode_reward/forward_std,27.600893020629883
3145728,695.711,eval/episode_reward/joint_std,0.004683345090597868
3145728,695.711,eval/episode_reward/orient_std,3.2589941024780273
3145728,695.711,eval/episode_reward/total_std,29.404647827148438
3145728,695.711,eval/episode_state/forward_vel_std,15.459308624267578
3145728,695.711,eval/episode_state/up_z_std,10.377166748046875
3145728,695.711,eval/avg_episode_length,1000.0
3145728,695.711,eval/std_episode_length,0.0
3145728,695.711,eval/epoch_eval_time,14.930831670761108
3145728,695.711,eval/sps,2143.216178819112
3670016,738.564,episode/sps,9047.109339551615
3670016,738.564,episode/length,1000.0
3670016,738.564,episode/reward/ctrl,-0.23608073487877845
3670016,738.564,episode/reward/forward,353.99580474853514
3670016,738.564,episode/reward/joint,-0.07457294058054685
3670016,738.564,episode/reward/orient,-3.2484975171089174
3670016,738.564,episode/reward/total,350.43666015625
3670016,738.564,episode/state/forward_vel,5.45816410407424
3670016,738.564,episode/state/up_z,959.260078125
3670016,738.564,episode/sum_reward,350.43666015625
3670016,738.564,episode/entropy_loss,-0.11304080061614513
3670016,738.564,episode/kl_mean,0.0029980475455522538
3670016,738.564,episode/learning_rate,0.0003000000142492354
3670016,738.564,episode/policy_dist_max_loc,1.6960566771030425
3670016,738.564,episode/policy_dist_max_std,2.3045106744766235
3670016,738.564,episode/policy_dist_mean_loc,-0.07521620392799377
3670016,738.564,episode/policy_dist_mean_std,0.7340838569402695
3670016,738.564,episode/policy_dist_min_loc,-2.4295292949676512
3670016,738.564,episode/policy_dist_min_std,0.08594517171382904
3670016,738.564,episode/policy_loss,-0.0008095455169677734
3670016,738.564,episode/total_loss,5.414226524233818
3670016,738.564,episode/v_loss,5.5280768650770185
3670016,751.896,eval/walltime,230.0810158252716
3670016,751.896,training/sps,12218.060501317777
3670016,751.896,training/walltime,438.74704456329346
3670016,751.896,training/entropy_loss,-0.11306697875261307
3670016,751.896,training/kl_mean,0.0028452244587242603
3670016,751.896,training/learning_rate,0.0003000000142492354
3670016,751.896,training/policy_dist_max_loc,1.602872610092163
3670016,751.896,training/policy_dist_max_std,2.2965478897094727
3670016,751.896,training/policy_dist_mean_loc,-0.0806925967335701
3670016,751.896,training/policy_dist_mean_std,0.733944296836853
3670016,751.896,training/policy_dist_min_loc,-2.4136452674865723
3670016,751.896,training/policy_dist_min_std,0.08965364098548889
3670016,751.896,training/policy_loss,-0.0005182843306101859
3670016,751.896,training/total_loss,9.507219314575195
3670016,751.896,training/v_loss,9.620804786682129
3670016,751.896,eval/episode_reward,342.8966979980469
3670016,751.896,eval/episode_reward/ctrl,-0.23727253079414368
3670016,751.896,eval/episode_reward/forward,346.2879943847656
3670016,751.896,eval/episode_reward/joint,-0.0805312842130661
3670016,751.896,eval/episode_reward/orient,-3.0734176635742188
3670016,751.896,eval/episode_reward/total,342.8966979980469
3670016,751.896,eval/episode_state/forward_vel,-0.11327248811721802
3670016,751.896,eval/episode_state/up_z,960.5132446289062
3670016,751.896,eval/episode_reward_std,21.085262298583984
3670016,751.896,eval/episode_reward/ctrl_std,0.002459397539496422
3670016,751.896,eval/episode_reward/forward_std,21.1833553314209
3670016,751.896,eval/episode_reward/joint_std,0.007046666461974382
3670016,751.896,eval/episode_reward/orient_std,1.9670350551605225
3670016,751.896,eval/episode_reward/total_std,21.085262298583984
3670016,751.896,eval/episode_state/forward_vel_std,12.504582405090332
3670016,751.896,eval/episode_state/up_z_std,8.961639404296875
3670016,751.896,eval/avg_episode_length,1000.0
3670016,751.896,eval/std_episode_length,0.0
3670016,751.896,eval/epoch_eval_time,13.149397373199463
3670016,751.896,eval/sps,2433.5715996552835
4194304,792.607,episode/sps,9701.312304762481
4194304,792.607,episode/length,1000.0
4194304,792.607,episode/reward/ctrl,-0.23698574408888817
4194304,792.607,episode/reward/forward,348.9511312866211
4194304,792.607,episode/reward/joint,-0.07845689788460732
4194304,792.607,episode/reward/orient,-65.67123713254928
4194304,792.607,episode/reward/total,282.9644479370117
4194304,792.607,episode/state/forward_vel,2.5284735525399444
4194304,792.607,episode/state/up_z,926.0234295654296
4194304,792.607,episode/sum_reward,282.9644479370117
4194304,792.607,episode/entropy_loss,-0.11297119311988353
4194304,792.607,episode/kl_mean,0.002821394285419956
4194304,792.607,episode/learning_rate,0.0003000000142492354
4194304,792.607,episode/policy_dist_max_loc,1.6636409294605254
4194304,792.607,episode/policy_dist_max_std,2.3264139103889465
4194304,792.607,episode/policy_dist_mean_loc,-0.08162950769066811
4194304,792.607,episode/policy_dist_mean_std,0.7344974142313003
4194304,792.607,episode/policy_dist_min_loc,-2.412231810092926
4194304,792.607,episode/policy_dist_min_std,0.08470618437975645
4194304,792.607,episode/policy_loss,-0.000594961056340253
4194304,792.607,episode/total_loss,6.2104026114940645
4194304,792.607,episode/v_loss,6.323968770503998
4194304,805.001,eval/walltime,242.31582808494568
4194304,805.001,training/sps,12863.498533880856
4194304,805.001,training/walltime,479.5048522949219
4194304,805.001,training/entropy_loss,-0.11283641308546066
4194304,805.001,training/kl_mean,0.0028496067970991135
4194304,805.001,training/learning_rate,0.0003000000142492354
4194304,805.001,training/policy_dist_max_loc,1.671126127243042
4194304,805.001,training/policy_dist_max_std,2.3305540084838867
4194304,805.001,training/policy_dist_mean_loc,-0.09007853269577026
4194304,805.001,training/policy_dist_mean_std,0.7362587451934814
4194304,805.001,training/policy_dist_min_loc,-2.3983702659606934
4194304,805.001,training/policy_dist_min_std,0.08116788417100906
4194304,805.001,training/policy_loss,-0.0006532835541293025
4194304,805.001,training/total_loss,4.5293169021606445
4194304,805.001,training/v_loss,4.642806053161621
4194304,805.001,eval/episode_reward,346.4490966796875
4194304,805.001,eval/episode_reward/ctrl,-0.23825335502624512
4194304,805.001,eval/episode_reward/forward,349.87213134765625
4194304,805.001,eval/episode_reward/joint,-0.08287284523248672
4194304,805.001,eval/episode_reward/orient,-3.1019210815429688
4194304,805.001,eval/episode_reward/total,346.4490966796875
4194304,805.001,eval/episode_state/forward_vel,2.74685001373291
4194304,805.001,eval/episode_state/up_z,958.3844604492188
4194304,805.001,eval/episode_reward_std,16.206941604614258
4194304,805.001,eval/episode_reward/ctrl_std,0.0020099750254303217
4194304,805.001,eval/episode_reward/forward_std,16.10979461669922
4194304,805.001,eval/episode_reward/joint_std,0.006022151093930006
4194304,805.001,eval/episode_reward/orient_std,1.6956262588500977
4194304,805.001,eval/episode_reward/total_std,16.206941604614258
4194304,805.001,eval/episode_state/forward_vel_std,9.739688873291016
4194304,805.001,eval/episode_state/up_z_std,9.436565399169922
4194304,805.001,eval/avg_episode_length,1000.0
4194304,805.001,eval/std_episode_length,0.0
4194304,805.001,eval/epoch_eval_time,12.234812259674072
4194304,805.001,eval/sps,2615.4876201469774
4718592,848.372,episode/sps,9401.782393022639
4718592,848.372,episode/length,1000.0
4718592,848.372,episode/reward/ctrl,-0.23814748227596283
4718592,848.372,episode/reward/forward,351.1944580078125
4718592,848.372,episode/reward/joint,-0.08228424809873104
4718592,848.372,episode/reward/orient,-7.370151929855346
4718592,848.372,episode/reward/total,343.5038703203201
4718592,848.372,episode/state/forward_vel,3.8052318042516706
4718592,848.372,episode/state/up_z,954.9461779785156
4718592,848.372,episode/sum_reward,343.5038703203201
4718592,848.372,episode/entropy_loss,-0.11283313073217868
4718592,848.372,episode/kl_mean,0.0029231363418512047
4718592,848.372,episode/learning_rate,0.0003000000142492354
4718592,848.372,episode/policy_dist_max_loc,1.6689123761653901
4718592,848.372,episode/policy_dist_max_std,2.2866884517669677
4718592,848.372,episode/policy_dist_mean_loc,-0.08716511964797974
4718592,848.372,episode/policy_dist_mean_std,0.7357313370704651
4718592,848.372,episode/policy_dist_min_loc,-2.414008603096008
4718592,848.372,episode/policy_dist_min_std,0.08692066546529531
4718592,848.372,episode/policy_loss,-0.0008223315863870084
4718592,848.372,episode/total_loss,5.367106042504311
4718592,848.372,episode/v_loss,5.4807615172863
4718592,861.873,eval/walltime,255.64396739006042
4718592,861.873,training/sps,12070.446793220843
4718592,861.873,training/walltime,522.9405269622803
4718592,861.873,training/entropy_loss,-0.11258161067962646
4718592,861.873,training/kl_mean,0.0030480867717415094
4718592,861.873,training/learning_rate,0.0003000000142492354
4718592,861.873,training/policy_dist_max_loc,1.7320759296417236
4718592,861.873,training/policy_dist_max_std,2.2401323318481445
4718592,861.873,training/policy_dist_mean_loc,-0.0918089896440506
4718592,861.873,training/policy_dist_mean_std,0.7372052669525146
4718592,861.873,training/policy_dist_min_loc,-2.4281439781188965
4718592,861.873,training/policy_dist_min_std,0.09034803509712219
4718592,861.873,training/policy_loss,-0.0012544000055640936
4718592,861.873,training/total_loss,2.0558812618255615
4718592,861.873,training/v_loss,2.169717311859131
4718592,861.873,eval/episode_reward,357.67047119140625
4718592,861.873,eval/episode_reward/ctrl,-0.2377644181251526
4718592,861.873,eval/episode_reward/forward,361.19818115234375
4718592,861.873,eval/episode_reward/joint,-0.0852539986371994
4718592,861.873,eval/episode_reward/orient,-3.2045836448669434
4718592,861.873,eval/episode_reward/total,357.67047119140625
4718592,861.873,eval/episode_state/forward_vel,9.372798919677734
4718592,861.873,eval/episode_state/up_z,956.230224609375
4718592,861.873,eval/episode_reward_std,16.15172004699707
4718592,861.873,eval/episode_reward/ctrl_std,0.002192178973928094
4718592,861.873,eval/episode_reward/forward_std,16.030723571777344
4718592,861.873,eval/episode_reward/joint_std,0.0055539170280098915
4718592,861.873,eval/episode_reward/orient_std,1.8216979503631592
4718592,861.873,eval/episode_reward/total_std,16.15172004699707
4718592,861.873,eval/episode_state/forward_vel_std,9.236461639404297
4718592,861.873,eval/episode_state/up_z_std,10.058825492858887
4718592,861.873,eval/avg_episode_length,1000.0
4718592,861.873,eval/std_episode_length,0.0
4718592,861.873,eval/epoch_eval_time,13.328139305114746
4718592,861.873,eval/sps,2400.93528942332
5242880,905.410,episode/sps,9192.020131667456
5242880,905.410,episode/length,1000.0
5242880,905.410,episode/reward/ctrl,-0.23766568526625634
5242880,905.410,episode/reward/forward,359.1735891723633
5242880,905.410,episode/reward/joint,-0.08450337491929531
5242880,905.410,episode/reward/orient,-5.061789988279343
5242880,905.410,episode/reward/total,353.7896459960937
5242880,905.410,episode/state/forward_vel,8.525803394913673
5242880,905.410,episode/state/up_z,953.2112310791016
5242880,905.410,episode/sum_reward,353.7896459960937
5242880,905.410,episode/entropy_loss,-0.11269947029650211
5242880,905.410,episode/kl_mean,0.0030760695680510253
5242880,905.410,episode/learning_rate,0.0003000000142492354
5242880,905.410,episode/policy_dist_max_loc,1.6815380728244782
5242880,905.410,episode/policy_dist_max_std,2.2560234105587007
5242880,905.410,episode/policy_dist_mean_loc,-0.09082434400916099
5242880,905.410,episode/policy_dist_mean_std,0.7363492256402969
5242880,905.410,episode/policy_dist_min_loc,-2.36582649230957
5242880,905.410,episode/policy_dist_min_std,0.08867726366966963
5242880,905.410,episode/policy_loss,-0.000906538604904199
5242880,905.410,episode/total_loss,4.782951930165291
5242880,905.410,episode/v_loss,4.896557964086533
5242880,918.427,eval/walltime,268.4969184398651
5242880,918.427,training/sps,12031.905120912337
5242880,918.427,training/walltime,566.5153386592865
5242880,918.427,training/entropy_loss,-0.1126464307308197
5242880,918.427,training/kl_mean,0.0032037883065640926
5242880,918.427,training/learning_rate,0.0003000000142492354
5242880,918.427,training/policy_dist_max_loc,1.6480307579040527
5242880,918.427,training/policy_dist_max_std,2.197117328643799
5242880,918.427,training/policy_dist_mean_loc,-0.09125091135501862
5242880,918.427,training/policy_dist_mean_std,0.7356985807418823
5242880,918.427,training/policy_dist_min_loc,-2.2645561695098877
5242880,918.427,training/policy_dist_min_std,0.09410379827022552
5242880,918.427,training/policy_loss,-0.0007184895221143961
5242880,918.427,training/total_loss,7.128704071044922
5242880,918.427,training/v_loss,7.242069244384766
5242880,918.427,eval/episode_reward,356.33770751953125
5242880,918.427,eval/episode_reward/ctrl,-0.23867426812648773
5242880,918.427,eval/episode_reward/forward,361.90673828125
5242880,918.427,eval/episode_reward/joint,-0.08657701313495636
5242880,918.427,eval/episode_reward/orient,-5.243818283081055
5242880,918.427,eval/episode_reward/total,356.33770751953125
5242880,918.427,eval/episode_state/forward_vel,9.874022483825684
5242880,918.427,eval/episode_state/up_z,948.976318359375
5242880,918.427,eval/episode_reward_std,24.166303634643555
5242880,918.427,eval/episode_reward/ctrl_std,0.0021291812881827354
5242880,918.427,eval/episode_reward/forward_std,22.20953941345215
5242880,918.427,eval/episode_reward/joint_std,0.005796665325760841
5242880,918.427,eval/episode_reward/orient_std,5.621224880218506
5242880,918.427,eval/episode_reward/total_std,24.166303634643555
5242880,918.427,eval/episode_state/forward_vel_std,13.435513496398926
5242880,918.427,eval/episode_state/up_z_std,8.849472999572754
5242880,918.427,eval/avg_episode_length,1000.0
5242880,918.427,eval/std_episode_length,0.0
5242880,918.427,eval/epoch_eval_time,12.852951049804688
5242880,918.427,eval/sps,2489.700604631671
0,62.026,eval/walltime,33.6349196434021
0,62.026,eval/episode_reward,265.856201171875
0,62.026,eval/episode_reward/ctrl,-0.277138888835907
0,62.026,eval/episode_reward/forward,340.8763732910156
0,62.026,eval/episode_reward/joint,-0.11733050644397736
0,62.026,eval/episode_reward/orient,-74.62572479248047
0,62.026,eval/episode_reward/total,265.856201171875
0,62.026,eval/episode_state/forward_vel,-3.4458465576171875
0,62.026,eval/episode_state/up_z,781.6541748046875
0,62.026,eval/episode_reward_std,66.44698333740234
0,62.026,eval/episode_reward/ctrl_std,0.005143936723470688
0,62.026,eval/episode_reward/forward_std,27.584957122802734
0,62.026,eval/episode_reward/joint_std,0.006717226933687925
0,62.026,eval/episode_reward/orient_std,52.50651931762695
0,62.026,eval/episode_reward/total_std,66.44698333740234
0,62.026,eval/episode_state/forward_vel_std,16.301347732543945
0,62.026,eval/episode_state/up_z_std,121.68154907226562
0,62.026,eval/avg_episode_length,1000.0
0,62.026,eval/std_episode_length,0.0
0,62.026,eval/epoch_eval_time,33.6349196434021
0,62.026,eval/sps,951.3921941620333
524288,105.022,episode/sps,5665.080882380445
524288,105.022,episode/length,1000.0
524288,105.022,episode/reward/ctrl,-0.2774204009771347
524288,105.022,episode/reward/forward,341.9666909790039
524288,105.022,episode/reward/joint,-0.11691726312041283
524288,105.022,episode/reward/orient,-89.01377207040787
524288,105.022,episode/reward/total,252.55860736846924
524288,105.022,episode/state/forward_vel,-2.4034942108392716
524288,105.022,episode/state/up_z,800.7079393005371
524288,105.022,episode/sum_reward,252.55860736846924
524288,105.022,episode/entropy_loss,-0.11378815537318587
524288,105.022,episode/kl_mean,4.624963417649269
524288,105.022,episode/learning_rate,0.0003000000142492354
524288,105.022,episode/policy_dist_max_loc,1.8647793233394623
524288,105.022,episode/policy_dist_max_std,2.251048505306244
524288,105.022,episode/policy_dist_mean_loc,-0.02999069297220558
524288,105.022,episode/policy_dist_mean_std,0.7118117567151785
524288,105.022,episode/policy_dist_min_loc,-2.5126172229647636
524288,105.022,episode/policy_dist_min_std,0.06368214380927384
524288,105.022,episode/policy_loss,0.2744519803673029
524288,105.022,episode/total_loss,6.365697205066681
524288,105.022,episode/v_loss,6.205033376812935
524288,136.775,eval/walltime,65.09979033470154
524288,136.775,training/sps,12228.893296871707
524288,136.775,training/walltime,42.87289023399353
524288,136.775,training/entropy_loss,-0.11378815770149231
524288,136.775,training/kl_mean,4.624963283538818
524288,136.775,training/learning_rate,0.0003000000142492354
524288,136.775,training/policy_dist_max_loc,1.8647792339324951
524288,136.775,training/policy_dist_max_std,2.2510485649108887
524288,136.775,training/policy_dist_mean_loc,-0.02999069355428219
524288,136.775,training/policy_dist_mean_std,0.7118117213249207
524288,136.775,training/policy_dist_min_loc,-2.5126171112060547
524288,136.775,training/policy_dist_min_std,0.06368214637041092
524288,136.775,training/policy_loss,0.27445197105407715
524288,136.775,training/total_loss,6.365696907043457
524288,136.775,training/v_loss,6.205033302307129
524288,136.775,eval/episode_reward,291.55157470703125
524288,136.775,eval/episode_reward/ctrl,-0.23765692114830017
524288,136.775,eval/episode_reward/forward,340.32855224609375
524288,136.775,eval/episode_reward/joint,-0.06330514699220657
524288,136.775,eval/episode_reward/orient,-48.476043701171875
524288,136.775,eval/episode_reward/total,291.55157470703125
524288,136.775,eval/episode_state/forward_vel,-4.071889877319336
524288,136.775,eval/episode_state/up_z,817.3829956054688
524288,136.775,eval/episode_reward_std,35.26185607910156
524288,136.775,eval/episode_reward/ctrl_std,0.0031010194215923548
524288,136.775,eval/episode_reward/forward_std,21.074487686157227
524288,136.775,eval/episode_reward/joint_std,0.006686598062515259
524288,136.775,eval/episode_reward/orient_std,24.572410583496094
524288,136.775,eval/episode_reward/total_std,35.26185607910156
524288,136.775,eval/episode_state/forward_vel_std,12.75686264038086
524288,136.775,eval/episode_state/up_z_std,57.79264831542969
524288,136.775,eval/avg_episode_length,1000.0
524288,136.775,eval/std_episode_length,0.0
524288,136.775,eval/epoch_eval_time,31.46487069129944
524288,136.775,eval/sps,1017.0071987249112
1048576,172.686,episode/sps,7748.386918395445
1048576,172.686,episode/length,1000.0
1048576,172.686,episode/reward/ctrl,-0.23597854107618332
1048576,172.686,episode/reward/forward,331.9469848632813
1048576,172.686,episode/reward/joint,-0.06127433855086565
1048576,172.686,episode/reward/orient,-97.59055303812028
1048576,172.686,episode/reward/total,234.05918716430665
1048576,172.686,episode/state/forward_vel,-8.461304088532925
1048576,172.686,episode/state/up_z,784.5725509643555
1048576,172.686,episode/sum_reward,234.05918716430665
1048576,172.686,episode/entropy_loss,-0.11381327628623694
1048576,172.686,episode/kl_mean,2.3854686565464363
1048576,172.686,episode/learning_rate,0.0003000000142492354
1048576,172.686,episode/policy_dist_max_loc,1.8074553422629833
1048576,172.686,episode/policy_dist_max_std,2.3399564512073994
1048576,172.686,episode/policy_dist_mean_loc,-0.03579339530551806
1048576,172.686,episode/policy_dist_mean_std,0.7193185612559319
1048576,172.686,episode/policy_dist_min_loc,-2.61964812874794
1048576,172.686,episode/policy_dist_min_std,0.06307422509416938
1048576,172.686,episode/policy_loss,0.15832806407706812
1048576,172.686,episode/total_loss,9.302620634436607
1048576,172.686,episode/v_loss,9.258105926215649
1048576,180.663,eval/walltime,73.05024290084839
1048576,180.663,training/sps,14595.467729430262
1048576,180.663,training/walltime,78.79417824745178
1048576,180.663,training/entropy_loss,-0.11383839696645737
1048576,180.663,training/kl_mean,0.14597389101982117
1048576,180.663,training/learning_rate,0.0003000000142492354
1048576,180.663,training/policy_dist_max_loc,1.750131368637085
1048576,180.663,training/policy_dist_max_std,2.4288644790649414
1048576,180.663,training/policy_dist_mean_loc,-0.041596099734306335
1048576,180.663,training/policy_dist_mean_std,0.7268253564834595
1048576,180.663,training/policy_dist_min_loc,-2.7266790866851807
1048576,180.663,training/policy_dist_min_std,0.06246630474925041
1048576,180.663,training/policy_loss,0.042204149067401886
1048576,180.663,training/total_loss,12.239543914794922
1048576,180.663,training/v_loss,12.311178207397461
1048576,180.663,eval/episode_reward,286.29736328125
1048576,180.663,eval/episode_reward/ctrl,-0.236404150724411
1048576,180.663,eval/episode_reward/forward,330.04931640625
1048576,180.663,eval/episode_reward/joint,-0.0609050951898098
1048576,180.663,eval/episode_reward/orient,-43.454620361328125
1048576,180.663,eval/episode_reward/total,286.29736328125
1048576,180.663,eval/episode_state/forward_vel,-10.419604301452637
1048576,180.663,eval/episode_state/up_z,832.9898071289062
1048576,180.663,eval/episode_reward_std,39.74258804321289
1048576,180.663,eval/episode_reward/ctrl_std,0.0027492246590554714
1048576,180.663,eval/episode_reward/forward_std,20.74612045288086
1048576,180.663,eval/episode_reward/joint_std,0.006375120021402836
1048576,180.663,eval/episode_reward/orient_std,24.52653694152832
1048576,180.663,eval/episode_reward/total_std,39.74258804321289
1048576,180.663,eval/episode_state/forward_vel_std,12.809894561767578
1048576,180.663,eval/episode_state/up_z_std,55.700923919677734
1048576,180.663,eval/avg_episode_length,1000.0
1048576,180.663,eval/std_episode_length,0.0
1048576,180.663,eval/epoch_eval_time,7.950452566146851
1048576,180.663,eval/sps,4024.928107395608
1572864,192.884,episode/sps,25957.525750363606
1572864,192.884,episode/length,1000.0
1572864,192.884,episode/reward/ctrl,-0.23589789718389512
1572864,192.884,episode/reward/forward,332.8464642333984
1572864,192.884,episode/reward/joint,-0.06077015593647957
1572864,192.884,episode/reward/orient,-52.58439397096634
1572864,192.884,episode/reward/total,279.96541152954103
1572864,192.884,episode/state/forward_vel,-8.696603198200464
1572864,192.884,episode/state/up_z,822.7263381958007
1572864,192.884,episode/sum_reward,279.96541152954103
1572864,192.884,episode/entropy_loss,-0.11365798022598028
1572864,192.884,episode/kl_mean,1.5924820624568383
1572864,192.884,episode/learning_rate,0.0003000000142492354
1572864,192.884,episode/policy_dist_max_loc,1.76964986572663
1572864,192.884,episode/policy_dist_max_std,2.3848902136087418
1572864,192.884,episode/policy_dist_mean_loc,-0.04024887620471418
1572864,192.884,episode/policy_dist_mean_std,0.7250928437958161
1572864,192.884,episode/policy_dist_min_loc,-2.606617473065853
1572864,192.884,episode/policy_dist_min_std,0.06858381780330092
1572864,192.884,episode/policy_loss,0.10499688263159139
1572864,192.884,episode/total_loss,7.320699284474055
1572864,192.884,episode/v_loss,7.329360442856948
1572864,200.698,eval/walltime,80.83602380752563
1572864,200.698,training/sps,42858.44390708567
1572864,200.698,training/walltime,91.02719354629517
1572864,200.698,training/entropy_loss,-0.11334738880395889
1572864,200.698,training/kl_mean,0.006508874706923962
1572864,200.698,training/learning_rate,0.0003000000142492354
1572864,200.698,training/policy_dist_max_loc,1.694038987159729
1572864,200.698,training/policy_dist_max_std,2.474757671356201
1572864,200.698,training/policy_dist_mean_loc,-0.04915983974933624
1572864,200.698,training/policy_dist_mean_std,0.7366414070129395
1572864,200.698,training/policy_dist_min_loc,-2.5805561542510986
1572864,200.698,training/policy_dist_min_std,0.07960300147533417
1572864,200.698,training/policy_loss,-0.00166548031847924
1572864,200.698,training/total_loss,3.35685658454895
1572864,200.698,training/v_loss,3.471869468688965
1572864,200.698,eval/episode_reward,324.2310791015625
1572864,200.698,eval/episode_reward/ctrl,-0.23752610385417938
1572864,200.698,eval/episode_reward/forward,342.7271423339844
1572864,200.698,eval/episode_reward/joint,-0.062183402478694916
1572864,200.698,eval/episode_reward/orient,-18.19637680053711
1572864,200.698,eval/episode_reward/total,324.2310791015625
1572864,200.698,eval/episode_state/forward_vel,-3.0814285278320312
1572864,200.698,eval/episode_state/up_z,902.228515625
1572864,200.698,eval/episode_reward_std,30.454198837280273
1572864,200.698,eval/episode_reward/ctrl_std,0.002846360905095935
1572864,200.698,eval/episode_reward/forward_std,21.469100952148438
1572864,200.698,eval/episode_reward/joint_std,0.005970755126327276
1572864,200.698,eval/episode_reward/orient_std,15.151829719543457
1572864,200.698,eval/episode_reward/total_std,30.454198837280273
1572864,200.698,eval/episode_state/forward_vel_std,13.091675758361816
1572864,200.698,eval/episode_state/up_z_std,47.5921630859375
1572864,200.698,eval/avg_episode_length,1000.0
1572864,200.698,eval/std_episode_length,0.0
1572864,200.698,eval/epoch_eval_time,7.785780906677246
1572864,200.698,eval/sps,4110.056574101147
2097152,212.948,episode/sps,26130.186394499477
2097152,212.948,episode/length,1000.0
2097152,212.948,episode/reward/ctrl,-0.23748985052108765
2097152,212.948,episode/reward/forward,337.3092533874512
2097152,212.948,episode/reward/joint,-0.06385082632303238
2097152,212.948,episode/reward/orient,-38.82507037162781
2097152,212.948,episode/reward/total,298.1828274536133
2097152,212.948,episode/state/forward_vel,-6.015298523008823
2097152,212.948,episode/state/up_z,885.8295474243164
2097152,212.948,episode/sum_reward,298.1828274536133
2097152,212.948,episode/entropy_loss,-0.11344306454062462
2097152,212.948,episode/kl_mean,0.2328768469952047
2097152,212.948,episode/learning_rate,0.0003000000142492354
2097152,212.948,episode/policy_dist_max_loc,1.725034499168396
2097152,212.948,episode/policy_dist_max_std,2.4352781677246096
2097152,212.948,episode/policy_dist_mean_loc,-0.0496019109711051
2097152,212.948,episode/policy_dist_mean_std,0.7330612599849701
2097152,212.948,episode/policy_dist_min_loc,-2.602627065181732
2097152,212.948,episode/policy_dist_min_std,0.07505469426512718
2097152,212.948,episode/policy_loss,0.023175375713326504
2097152,212.948,episode/total_loss,5.692592617869377
2097152,212.948,episode/v_loss,5.78286036670208
2097152,220.772,eval/walltime,88.63434171676636
2097152,220.772,training/sps,42759.643924474
2097152,220.772,training/walltime,103.28847432136536
2097152,220.772,training/entropy_loss,-0.11318449676036835
2097152,220.772,training/kl_mean,0.005699143745005131
2097152,220.772,training/learning_rate,0.0003000000142492354
2097152,220.772,training/policy_dist_max_loc,1.685749888420105
2097152,220.772,training/policy_dist_max_std,2.398312568664551
2097152,220.772,training/policy_dist_mean_loc,-0.05973542481660843
2097152,220.772,training/policy_dist_mean_std,0.7377960681915283
2097152,220.772,training/policy_dist_min_loc,-2.48093581199646
2097152,220.772,training/policy_dist_min_std,0.0861838236451149
2097152,220.772,training/policy_loss,-0.004183576442301273
2097152,220.772,training/total_loss,1.3494404554367065
2097152,220.772,training/v_loss,1.466808557510376
2097152,220.772,eval/episode_reward,311.52606201171875
2097152,220.772,eval/episode_reward/ctrl,-0.2367197573184967
2097152,220.772,eval/episode_reward/forward,352.8990478515625
2097152,220.772,eval/episode_reward/joint,-0.06593397259712219
2097152,220.772,eval/episode_reward/orient,-41.07032775878906
2097152,220.772,eval/episode_reward/total,311.52606201171875
2097152,220.772,eval/episode_state/forward_vel,4.143368721008301
2097152,220.772,eval/episode_state/up_z,930.78369140625
2097152,220.772,eval/episode_reward_std,193.96136474609375
2097152,220.772,eval/episode_reward/ctrl_std,0.002558289095759392
2097152,220.772,eval/episode_reward/forward_std,22.537425994873047
2097152,220.772,eval/episode_reward/joint_std,0.005475680809468031
2097152,220.772,eval/episode_reward/orient_std,197.50607299804688
2097152,220.772,eval/episode_reward/total_std,193.96136474609375
2097152,220.772,eval/episode_state/forward_vel_std,14.421282768249512
2097152,220.772,eval/episode_state/up_z_std,111.02784729003906
2097152,220.772,eval/avg_episode_length,1000.0
2097152,220.772,eval/std_episode_length,0.0
2097152,220.772,eval/epoch_eval_time,7.798317909240723
2097152,220.772,eval/sps,4103.449022266862
2621440,233.060,episode/sps,26069.340279329168
2621440,233.060,episode/length,1000.0
2621440,233.060,episode/reward/ctrl,-0.23704893246293068
2621440,233.060,episode/reward/forward,345.47546447753905
2621440,233.060,episode/reward/joint,-0.0655004195868969
2621440,233.060,episode/reward/orient,-5.941302380561829
2621440,233.060,episode/reward/total,339.23164154052733
2621440,233.060,episode/state/forward_vel,-0.7086656552553177
2621440,233.060,episode/state/up_z,947.9862561035156
2621440,233.060,episode/sum_reward,339.23164154052733
2621440,233.060,episode/entropy_loss,-0.11318827986717224
2621440,233.060,episode/kl_mean,0.008293706360273063
2621440,233.060,episode/learning_rate,0.0003000000142492354
2621440,233.060,episode/policy_dist_max_loc,1.7119531631469727
2621440,233.060,episode/policy_dist_max_std,2.3716063141822814
2621440,233.060,episode/policy_dist_mean_loc,-0.05830744557082653
2621440,233.060,episode/policy_dist_mean_std,0.7361763501167298
2621440,233.060,episode/policy_dist_min_loc,-2.5264738488197325
2621440,233.060,episode/policy_dist_min_std,0.08262420795857907
2621440,233.060,episode/policy_loss,-0.0014125891824369318
2621440,233.060,episode/total_loss,2.7652776992321013
2621440,233.060,episode/v_loss,2.8798785829544067
2621440,240.978,eval/walltime,96.52680492401123
2621440,240.978,training/sps,42631.442563588615
2621440,240.978,training/walltime,115.58662724494934
2621440,240.978,training/entropy_loss,-0.11299961805343628
2621440,240.978,training/kl_mean,0.0038435771130025387
2621440,240.978,training/learning_rate,0.0003000000142492354
2621440,240.978,training/policy_dist_max_loc,1.7492406368255615
2621440,240.978,training/policy_dist_max_std,2.2355690002441406
2621440,240.978,training/policy_dist_mean_loc,-0.06761829555034637
2621440,240.978,training/policy_dist_mean_std,0.7343869209289551
2621440,240.978,training/policy_dist_min_loc,-2.4890987873077393
2621440,240.978,training/policy_dist_min_std,0.08407574892044067
2621440,240.978,training/policy_loss,-0.0014097180683165789
2621440,240.978,training/total_loss,2.720885992050171
2621440,240.978,training/v_loss,2.8352954387664795
2621440,240.978,eval/episode_reward,342.08203125
2621440,240.978,eval/episode_reward/ctrl,-0.236643448472023
2621440,240.978,eval/episode_reward/forward,345.8113708496094
2621440,240.978,eval/episode_reward/joint,-0.07269711047410965
2621440,240.978,eval/episode_reward/orient,-3.419917583465576
2621440,240.978,eval/episode_reward/total,342.08203125
2621440,240.978,eval/episode_state/forward_vel,0.17613708972930908
2621440,240.978,eval/episode_state/up_z,958.624267578125
2621440,240.978,eval/episode_reward_std,20.910991668701172
2621440,240.978,eval/episode_reward/ctrl_std,0.0019971015863120556
2621440,240.978,eval/episode_reward/forward_std,20.550065994262695
2621440,240.978,eval/episode_reward/joint_std,0.004436930641531944
2621440,240.978,eval/episode_reward/orient_std,2.05886173248291
2621440,240.978,eval/episode_reward/total_std,20.910991668701172
2621440,240.978,eval/episode_state/forward_vel_std,12.924379348754883
2621440,240.978,eval/episode_state/up_z_std,11.117549896240234
2621440,240.978,eval/avg_episode_length,1000.0
2621440,240.978,eval/std_episode_length,0.0
2621440,240.978,eval/epoch_eval_time,7.892463207244873
2621440,240.978,eval/sps,4054.5010042778094
3145728,253.396,episode/sps,25781.38252462873
3145728,253.396,episode/length,1000.0
3145728,253.396,episode/reward/ctrl,-0.235720933675766
3145728,253.396,episode/reward/forward,350.4035922241211
3145728,253.396,episode/reward/joint,-0.0703766580671072
3145728,253.396,episode/reward/orient,-3.4568482953310014
3145728,253.396,episode/reward/total,346.64063415527346
3145728,253.396,episode/state/forward_vel,2.6514429737627507
3145728,253.396,episode/state/up_z,958.2856634521485
3145728,253.396,episode/sum_reward,346.64063415527346
3145728,253.396,episode/entropy_loss,-0.11300600938498974
3145728,253.396,episode/kl_mean,0.004446599801303819
3145728,253.396,episode/learning_rate,0.0003000000142492354
3145728,253.396,episode/policy_dist_max_loc,1.7198236191272736
3145728,253.396,episode/policy_dist_max_std,2.3339327430725096
3145728,253.396,episode/policy_dist_mean_loc,-0.06569360017776489
3145728,253.396,episode/policy_dist_mean_std,0.7350789165496826
3145728,253.396,episode/policy_dist_min_loc,-2.468332748413086
3145728,253.396,episode/policy_dist_min_std,0.0862500724196434
3145728,253.396,episode/policy_loss,-0.002203982969513163
3145728,253.396,episode/total_loss,2.275312715768814
3145728,253.396,episode/v_loss,2.3905227190256118
3145728,261.338,eval/walltime,104.44049906730652
3145728,261.338,training/sps,42176.87966837163
3145728,261.338,training/walltime,128.01732397079468
3145728,261.338,training/entropy_loss,-0.11280466616153717
3145728,261.338,training/kl_mean,0.0033623729832470417
3145728,261.338,training/learning_rate,0.0003000000142492354
3145728,261.338,training/policy_dist_max_loc,1.728919267654419
3145728,261.338,training/policy_dist_max_std,2.3576343059539795
3145728,261.338,training/policy_dist_mean_loc,-0.07134383916854858
3145728,261.338,training/policy_dist_mean_std,0.7326961755752563
3145728,261.338,training/policy_dist_min_loc,-2.428067207336426
3145728,261.338,training/policy_dist_min_std,0.08830983936786652
3145728,261.338,training/policy_loss,-0.0007012385176494718
3145728,261.338,training/total_loss,2.6656975746154785
3145728,261.338,training/v_loss,2.779203414916992
3145728,261.338,eval/episode_reward,343.2442626953125
3145728,261.338,eval/episode_reward/ctrl,-0.23573777079582214
3145728,261.338,eval/episode_reward/forward,347.48321533203125
3145728,261.338,eval/episode_reward/joint,-0.0745161920785904
3145728,261.338,eval/episode_reward/orient,-3.9287474155426025
3145728,261.338,eval/episode_reward/total,343.2442626953125
3145728,261.338,eval/episode_state/forward_vel,1.5248057842254639
3145728,261.338,eval/episode_state/up_z,955.4046630859375
3145728,261.338,eval/episode_reward_std,24.126171112060547
3145728,261.338,eval/episode_reward/ctrl_std,0.0018435309175401926
3145728,261.338,eval/episode_reward/forward_std,22.36648941040039
3145728,261.338,eval/episode_reward/joint_std,0.0044898116029798985
3145728,261.338,eval/episode_reward/orient_std,3.8341383934020996
3145728,261.338,eval/episode_reward/total_std,24.126171112060547
3145728,261.338,eval/episode_state/forward_vel_std,12.770907402038574
3145728,261.338,eval/episode_state/up_z_std,8.68509292602539
3145728,261.338,eval/avg_episode_length,1000.0
3145728,261.338,eval/std_episode_length,0.0
3145728,261.338,eval/epoch_eval_time,7.913694143295288
3145728,261.338,eval/sps,4043.623549327002
3670016,273.778,episode/sps,25723.474178643522
3670016,273.778,episode/length,1000.0
3670016,273.778,episode/reward/ctrl,-0.23584749475121497
3670016,273.778,episode/reward/forward,358.67890075683596
3670016,273.778,episode/reward/joint,-0.07509343691170216
3670016,273.778,episode/reward/orient,-3.4929814207553864
3670016,273.778,episode/reward/total,354.87499267578124
3670016,273.778,episode/state/forward_vel,8.107543420866131
3670016,273.778,episode/state/up_z,956.8860827636719
3670016,273.778,episode/sum_reward,354.87499267578124
3670016,273.778,episode/entropy_loss,-0.11287505052983761
3670016,273.778,episode/kl_mean,0.0034314954653382303
3670016,273.778,episode/learning_rate,0.0003000000142492354
3670016,273.778,episode/policy_dist_max_loc,1.7054263460636139
3670016,273.778,episode/policy_dist_max_std,2.3079731273651123
3670016,273.778,episode/policy_dist_mean_loc,-0.07042523328214884
3670016,273.778,episode/policy_dist_mean_std,0.7331939357519149
3670016,273.778,episode/policy_dist_min_loc,-2.4501512098312377
3670016,273.778,episode/policy_dist_min_std,0.08878739535808564
3670016,273.778,episode/policy_loss,-0.0010705282514391
3670016,273.778,episode/total_loss,4.152863140702248
3670016,273.778,episode/v_loss,4.266808750033379
3670016,281.799,eval/walltime,112.4252781867981
3670016,281.799,training/sps,42076.235238759444
3670016,281.799,training/walltime,140.47775435447693
3670016,281.799,training/entropy_loss,-0.11279945075511932
3670016,281.799,training/kl_mean,0.002707183826714754
3670016,281.799,training/learning_rate,0.0003000000142492354
3670016,281.799,training/policy_dist_max_loc,1.6449015140533447
3670016,281.799,training/policy_dist_max_std,2.3172051906585693
3670016,281.799,training/policy_dist_mean_loc,-0.0734170600771904
3670016,281.799,training/policy_dist_mean_std,0.7317254543304443
3670016,281.799,training/policy_dist_min_loc,-2.439830780029297
3670016,281.799,training/policy_dist_min_std,0.09378831088542938
3670016,281.799,training/policy_loss,-0.00048307626275345683
3670016,281.799,training/total_loss,7.454145431518555
3670016,281.799,training/v_loss,7.567427635192871
3670016,281.799,eval/episode_reward,351.6142578125
3670016,281.799,eval/episode_reward/ctrl,-0.2355138659477234
3670016,281.799,eval/episode_reward/forward,355.43902587890625
3670016,281.799,eval/episode_reward/joint,-0.07682055234909058
3670016,281.799,eval/episode_reward/orient,-3.512380361557007
3670016,281.799,eval/episode_reward/total,351.6142578125
3670016,281.799,eval/episode_state/forward_vel,5.6058149337768555
3670016,281.799,eval/episode_state/up_z,954.6190185546875
3670016,281.799,eval/episode_reward_std,19.561960220336914
3670016,281.799,eval/episode_reward/ctrl_std,0.00203169253654778
3670016,281.799,eval/episode_reward/forward_std,19.419212341308594
3670016,281.799,eval/episode_reward/joint_std,0.0056937988847494125
3670016,281.799,eval/episode_reward/orient_std,1.937242865562439
3670016,281.799,eval/episode_reward/total_std,19.561960220336914
3670016,281.799,eval/episode_state/forward_vel_std,12.12147045135498
3670016,281.799,eval/episode_state/up_z_std,9.383060455322266
3670016,281.799,eval/avg_episode_length,1000.0
3670016,281.799,eval/std_episode_length,0.0
3670016,281.799,eval/epoch_eval_time,7.984779119491577
3670016,281.799,eval/sps,4007.624947556166
4194304,294.347,episode/sps,25487.965113301816
4194304,294.347,episode/length,1000.0
4194304,294.347,episode/reward/ctrl,-0.235614864975214
4194304,294.347,episode/reward/forward,357.63561126708987
4194304,294.347,episode/reward/joint,-0.07636214140802622
4194304,294.347,episode/reward/orient,-70.8496366083622
4194304,294.347,episode/reward/total,286.47398498535154
4194304,294.347,episode/state/forward_vel,7.980765311680734
4194304,294.347,episode/state/up_z,921.0432690429687
4194304,294.347,episode/sum_reward,286.47398498535154
4194304,294.347,episode/entropy_loss,-0.11282284446060657
4194304,294.347,episode/kl_mean,0.0032117350527551027
4194304,294.347,episode/learning_rate,0.0003000000142492354
4194304,294.347,episode/policy_dist_max_loc,1.68251633644104
4194304,294.347,episode/policy_dist_max_std,2.3290021061897277
4194304,294.347,episode/policy_dist_mean_loc,-0.07356652796268463
4194304,294.347,episode/policy_dist_mean_std,0.7322648543119431
4194304,294.347,episode/policy_dist_min_loc,-2.396968276500702
4194304,294.347,episode/policy_dist_min_std,0.09128952849656344
4194304,294.347,episode/policy_loss,-0.0008610124482947867
4194304,294.347,episode/total_loss,6.031981772184372
4194304,294.347,episode/v_loss,6.1456656944751735
4194304,302.325,eval/walltime,120.37699770927429
4194304,302.325,training/sps,41745.742065754144
4194304,302.325,training/walltime,153.03683161735535
4194304,302.325,training/entropy_loss,-0.11285149306058884
4194304,302.325,training/kl_mean,0.003366072429344058
4194304,302.325,training/learning_rate,0.0003000000142492354
4194304,302.325,training/policy_dist_max_loc,1.6673970222473145
4194304,302.325,training/policy_dist_max_std,2.3134562969207764
4194304,302.325,training/policy_dist_mean_loc,-0.07646512985229492
4194304,302.325,training/policy_dist_mean_std,0.7320199012756348
4194304,302.325,training/policy_dist_min_loc,-2.303907632827759
4194304,302.325,training/policy_dist_min_std,0.09257146716117859
4194304,302.325,training/policy_loss,-0.0011340163182467222
4194304,302.325,training/total_loss,8.527444839477539
4194304,302.325,training/v_loss,8.641429901123047
4194304,302.325,eval/episode_reward,356.01458740234375
4194304,302.325,eval/episode_reward/ctrl,-0.23661449551582336
4194304,302.325,eval/episode_reward/forward,361.3937072753906
4194304,302.325,eval/episode_reward/joint,-0.07987342774868011
4194304,302.325,eval/episode_reward/orient,-5.062582969665527
4194304,302.325,eval/episode_reward/total,356.01458740234375
4194304,302.325,eval/episode_state/forward_vel,9.796789169311523
4194304,302.325,eval/episode_state/up_z,944.136474609375
4194304,302.325,eval/episode_reward_std,21.358449935913086
4194304,302.325,eval/episode_reward/ctrl_std,0.0018069174839183688
4194304,302.325,eval/episode_reward/forward_std,21.44307518005371
4194304,302.325,eval/episode_reward/joint_std,0.0057648541405797005
4194304,302.325,eval/episode_reward/orient_std,2.5366854667663574
4194304,302.325,eval/episode_reward/total_std,21.358449935913086
4194304,302.325,eval/episode_state/forward_vel_std,13.081415176391602
4194304,302.325,eval/episode_state/up_z_std,12.643622398376465
4194304,302.325,eval/avg_episode_length,1000.0
4194304,302.325,eval/std_episode_length,0.0
4194304,302.325,eval/epoch_eval_time,7.951719522476196
4194304,302.325,eval/sps,4024.286811116682
4718592,314.887,episode/sps,25525.502667240366
4718592,314.887,episode/length,1000.0
4718592,314.887,episode/reward/ctrl,-0.23640333533287047
4718592,314.887,episode/reward/forward,358.6245755004883
4718592,314.887,episode/reward/joint,-0.07918936476111411
4718592,314.887,episode/reward/orient,-39.98977542042732
4718592,314.887,episode/reward/total,318.319270324707
4718592,314.887,episode/state/forward_vel,8.59486604899168
4718592,314.887,episode/state/up_z,930.9812213134766
4718592,314.887,episode/sum_reward,318.319270324707
4718592,314.887,episode/entropy_loss,-0.11278859861195087
4718592,314.887,episode/kl_mean,0.002871597863268107
4718592,314.887,episode/learning_rate,0.0003000000142492354
4718592,314.887,episode/policy_dist_max_loc,1.665652048587799
4718592,314.887,episode/policy_dist_max_std,2.2700909686088564
4718592,314.887,episode/policy_dist_mean_loc,-0.0760509679466486
4718592,314.887,episode/policy_dist_mean_std,0.7325129920244217
4718592,314.887,episode/policy_dist_min_loc,-2.3625396275520325
4718592,314.887,episode/policy_dist_min_std,0.09534323360770941
4718592,314.887,episode/policy_loss,-0.0007648777803842677
4718592,314.887,episode/total_loss,6.848212255239487
4718592,314.887,episode/v_loss,6.961765785217285
4718592,322.877,eval/walltime,128.3383333683014
4718592,322.877,training/sps,41692.95368951531
4718592,322.877,training/walltime,165.61181020736694
4718592,322.877,training/entropy_loss,-0.11272567510604858
4718592,322.877,training/kl_mean,0.0022770646028220654
4718592,322.877,training/learning_rate,0.0003000000142492354
4718592,322.877,training/policy_dist_max_loc,1.6771798133850098
4718592,322.877,training/policy_dist_max_std,2.1884779930114746
4718592,322.877,training/policy_dist_mean_loc,-0.07859956473112106
4718592,322.877,training/policy_dist_mean_std,0.7337905764579773
4718592,322.877,training/policy_dist_min_loc,-2.3367323875427246
4718592,322.877,training/policy_dist_min_std,0.10056478530168533
4718592,322.877,training/policy_loss,-0.0005611663800664246
4718592,322.877,training/total_loss,5.031503677368164
4718592,322.877,training/v_loss,5.1447906494140625
4718592,322.877,eval/episode_reward,364.886474609375
4718592,322.877,eval/episode_reward/ctrl,-0.23687206208705902
4718592,322.877,eval/episode_reward/forward,370.6269226074219
4718592,322.877,eval/episode_reward/joint,-0.08099082857370377
4718592,322.877,eval/episode_reward/orient,-5.422617435455322
4718592,322.877,eval/episode_reward/total,364.886474609375
4718592,322.877,eval/episode_state/forward_vel,15.533221244812012
4718592,322.877,eval/episode_state/up_z,943.461669921875
4718592,322.877,eval/episode_reward_std,16.82693862915039
4718592,322.877,eval/episode_reward/ctrl_std,0.002134637674316764
4718592,322.877,eval/episode_reward/forward_std,16.058284759521484
4718592,322.877,eval/episode_reward/joint_std,0.006035849452018738
4718592,322.877,eval/episode_reward/orient_std,2.780048131942749
4718592,322.877,eval/episode_reward/total_std,16.82693862915039
4718592,322.877,eval/episode_state/forward_vel_std,10.166095733642578
4718592,322.877,eval/episode_state/up_z_std,10.290083885192871
4718592,322.877,eval/avg_episode_length,1000.0
4718592,322.877,eval/std_episode_length,0.0
4718592,322.877,eval/epoch_eval_time,7.9613356590271
4718592,322.877,eval/sps,4019.4260574500763
5242880,335.384,episode/sps,25579.52457459795
5242880,335.384,episode/length,1000.0
5242880,335.384,episode/reward/ctrl,-0.23703127339482308
5242880,335.384,episode/reward/forward,363.0163104248047
5242880,335.384,episode/reward/joint,-0.08073733374476433
5242880,335.384,episode/reward/orient,-10.265853312015533
5242880,335.384,episode/reward/total,352.4326427841186
5242880,335.384,episode/state/forward_vel,10.978185895681381
5242880,335.384,episode/state/up_z,939.0036682128906
5242880,335.384,episode/sum_reward,352.4326427841186
5242880,335.384,episode/entropy_loss,-0.11274074584245682
5242880,335.384,episode/kl_mean,0.0027376427315175533
5242880,335.384,episode/learning_rate,0.0003000000142492354
5242880,335.384,episode/policy_dist_max_loc,1.651455478668213
5242880,335.384,episode/policy_dist_max_std,2.216185473203659
5242880,335.384,episode/policy_dist_mean_loc,-0.07988576620817184
5242880,335.384,episode/policy_dist_mean_std,0.7335359501838684
5242880,335.384,episode/policy_dist_min_loc,-2.2934213185310366
5242880,335.384,episode/policy_dist_min_std,0.09748810958117246
5242880,335.384,episode/policy_loss,-0.0008801314951415406
5242880,335.384,episode/total_loss,6.657893871068954
5242880,335.384,episode/v_loss,6.771514797210694
5242880,343.427,eval/walltime,136.35335636138916
5242880,343.427,training/sps,41879.792317887535
5242880,343.427,training/walltime,178.13068795204163
5242880,343.427,training/entropy_loss,-0.11264542490243912
5242880,343.427,training/kl_mean,0.002445797435939312
5242880,343.427,training/learning_rate,0.0003000000142492354
5242880,343.427,training/policy_dist_max_loc,1.6104049682617188
5242880,343.427,training/policy_dist_max_std,2.1417665481567383
5242880,343.427,training/policy_dist_mean_loc,-0.08515535295009613
5242880,343.427,training/policy_dist_mean_std,0.7349235415458679
5242880,343.427,training/policy_dist_min_loc,-2.2274856567382812
5242880,343.427,training/policy_dist_min_std,0.09898422658443451
5242880,343.427,training/policy_loss,-0.0007804036140441895
5242880,343.427,training/total_loss,6.321479797363281
5242880,343.427,training/v_loss,6.434905529022217
5242880,343.427,eval/episode_reward,363.044189453125
5242880,343.427,eval/episode_reward/ctrl,-0.23849380016326904
5242880,343.427,eval/episode_reward/forward,368.863525390625
5242880,343.427,eval/episode_reward/joint,-0.08541908860206604
5242880,343.427,eval/episode_reward/orient,-5.495408058166504
5242880,343.427,eval/episode_reward/total,363.044189453125
5242880,343.427,eval/episode_state/forward_vel,15.001961708068848
5242880,343.427,eval/episode_state/up_z,945.541748046875
5242880,343.427,eval/episode_reward_std,19.115825653076172
5242880,343.427,eval/episode_reward/ctrl_std,0.0021279274951666594
5242880,343.427,eval/episode_reward/forward_std,18.113304138183594
5242880,343.427,eval/episode_reward/joint_std,0.004877612926065922
5242880,343.427,eval/episode_reward/orient_std,3.3212547302246094
5242880,343.427,eval/episode_reward/total_std,19.115825653076172
5242880,343.427,eval/episode_state/forward_vel_std,11.104240417480469
5242880,343.427,eval/episode_state/up_z_std,7.586349964141846
5242880,343.427,eval/avg_episode_length,1000.0
5242880,343.427,eval/std_episode_length,0.0
5242880,343.427,eval/epoch_eval_time,8.015022993087769
5242880,343.427,eval/sps,3992.502582662221
5767168,355.989,episode/sps,25443.75015580877
5767168,355.989,episode/length,1000.0
5767168,355.989,episode/reward/ctrl,-0.23813955903053283
5767168,355.989,episode/reward/forward,363.0598028564453
5767168,355.989,episode/reward/joint,-0.08424721710383892
5767168,355.989,episode/reward/orient,-10.87598675608635
5767168,355.989,episode/reward/total,351.86147674560544
5767168,355.989,episode/state/forward_vel,11.487578503787518
5767168,355.989,episode/state/up_z,940.589829711914
5767168,355.989,episode/sum_reward,351.86147674560544
5767168,355.989,episode/entropy_loss,-0.11257984600961209
5767168,355.989,episode/kl_mean,0.003052072169375606
5767168,355.989,episode/learning_rate,0.0003000000142492354
5767168,355.989,episode/policy_dist_max_loc,1.6482169818878174
5767168,355.989,episode/policy_dist_max_std,2.1878079867362974
5767168,355.989,episode/policy_dist_mean_loc,-0.0847113024443388
5767168,355.989,episode/policy_dist_mean_std,0.7349751198291778
5767168,355.989,episode/policy_dist_min_loc,-2.2976609373092653
5767168,355.989,episode/policy_dist_min_std,0.10037129610776901
5767168,355.989,episode/policy_loss,-0.00094771325813781
5767168,355.989,episode/total_loss,4.9160585552453995
5767168,355.989,episode/v_loss,5.0295861160755155
5767168,364.085,eval/walltime,144.42103934288025
5767168,364.085,training/sps,41693.27146827645
5767168,364.085,training/walltime,190.70557069778442
5767168,364.085,training/entropy_loss,-0.11233817040920258
5767168,364.085,training/kl_mean,0.00412443233653903
5767168,364.085,training/learning_rate,0.0003000000142492354
5767168,364.085,training/policy_dist_max_loc,1.6546382904052734
5767168,364.085,training/policy_dist_max_std,2.2257230281829834
5767168,364.085,training/policy_dist_mean_loc,-0.09121109545230865
5767168,364.085,training/policy_dist_mean_std,0.7364798188209534
5767168,364.085,training/policy_dist_min_loc,-2.331336498260498
5767168,364.085,training/policy_dist_min_std,0.10131272673606873
5767168,364.085,training/policy_loss,-0.0013337441487237811
5767168,364.085,training/total_loss,3.0813567638397217
5767168,364.085,training/v_loss,3.19502854347229
5767168,364.085,eval/episode_reward,358.0400390625
5767168,364.085,eval/episode_reward/ctrl,-0.24016046524047852
5767168,364.085,eval/episode_reward/forward,363.1267395019531
5767168,364.085,eval/episode_reward/joint,-0.0883319079875946
5767168,364.085,eval/episode_reward/orient,-4.7581682205200195
5767168,364.085,eval/episode_reward/total,358.0400390625
5767168,364.085,eval/episode_state/forward_vel,12.255762100219727
5767168,364.085,eval/episode_state/up_z,949.3450927734375
5767168,364.085,eval/episode_reward_std,18.32533836364746
5767168,364.085,eval/episode_reward/ctrl_std,0.0030926705803722143
5767168,364.085,eval/episode_reward/forward_std,17.968416213989258
5767168,364.085,eval/episode_reward/joint_std,0.005889754742383957
5767168,364.085,eval/episode_reward/orient_std,2.518317937850952
5767168,364.085,eval/episode_reward/total_std,18.32533836364746
5767168,364.085,eval/episode_state/forward_vel_std,11.912090301513672
5767168,364.085,eval/episode_state/up_z_std,8.928431510925293
5767168,364.085,eval/avg_episode_length,1000.0
5767168,364.085,eval/std_episode_length,0.0
5767168,364.085,eval/epoch_eval_time,8.067682981491089
5767168,364.085,eval/sps,3966.44241889704
6291456,376.695,episode/sps,25320.35937316097
6291456,376.695,episode/length,1000.0
6291456,376.695,episode/reward/ctrl,-0.23934386134147645
6291456,376.695,episode/reward/forward,360.50177001953125
6291456,376.695,episode/reward/joint,-0.08627411499619483
6291456,376.695,episode/reward/orient,-6.088027211427689
6291456,376.695,episode/reward/total,354.0881463623047
6291456,376.695,episode/state/forward_vel,10.077453923374414
6291456,376.695,episode/state/up_z,947.3862506103516
6291456,376.695,episode/sum_reward,354.0881463623047
6291456,376.695,episode/entropy_loss,-0.11241840429604054
6291456,376.695,episode/kl_mean,0.0030661701585631817
6291456,376.695,episode/learning_rate,0.0003000000142492354
6291456,376.695,episode/policy_dist_max_loc,1.6511725521087646
6291456,376.695,episode/policy_dist_max_std,2.1940684294700623
6291456,376.695,episode/policy_dist_mean_loc,-0.08851555079221725
6291456,376.695,episode/policy_dist_mean_std,0.736752660870552
6291456,376.695,episode/policy_dist_min_loc,-2.2701207780838013
6291456,376.695,episode/policy_dist_min_std,0.10157151192426682
6291456,376.695,episode/policy_loss,-0.0009814693221414927
6291456,376.695,episode/total_loss,4.464191679358482
6291456,376.695,episode/v_loss,4.577591569423675
6291456,384.757,eval/walltime,152.45578956604004
6291456,384.757,training/sps,41538.41190587477
6291456,384.757,training/walltime,203.32733392715454
6291456,384.757,training/entropy_loss,-0.1122363805770874
6291456,384.757,training/kl_mean,0.0025043627247214317
6291456,384.757,training/learning_rate,0.0003000000142492354
6291456,384.757,training/policy_dist_max_loc,1.6912400722503662
6291456,384.757,training/policy_dist_max_std,2.2099609375
6291456,384.757,training/policy_dist_mean_loc,-0.09008224308490753
6291456,384.757,training/policy_dist_mean_std,0.7391259670257568
6291456,384.757,training/policy_dist_min_loc,-2.2468361854553223
6291456,384.757,training/policy_dist_min_std,0.10355152189731598
6291456,384.757,training/policy_loss,-0.000777505396399647
6291456,384.757,training/total_loss,3.7995975017547607
6291456,384.757,training/v_loss,3.912611484527588
6291456,384.757,eval/episode_reward,364.21710205078125
6291456,384.757,eval/episode_reward/ctrl,-0.24163034558296204
6291456,384.757,eval/episode_reward/forward,368.52197265625
6291456,384.757,eval/episode_reward/joint,-0.08869120478630066
6291456,384.757,eval/episode_reward/orient,-3.9745850563049316
6291456,384.757,eval/episode_reward/total,364.21710205078125
6291456,384.757,eval/episode_state/forward_vel,14.693305015563965
6291456,384.757,eval/episode_state/up_z,952.2119140625
6291456,384.757,eval/episode_reward_std,18.90701675415039
6291456,384.757,eval/episode_reward/ctrl_std,0.0023646201007068157
6291456,384.757,eval/episode_reward/forward_std,18.596529006958008
6291456,384.757,eval/episode_reward/joint_std,0.004958906676620245
6291456,384.757,eval/episode_reward/orient_std,2.252927303314209
6291456,384.757,eval/episode_reward/total_std,18.90701675415039
6291456,384.757,eval/episode_state/forward_vel_std,12.362032890319824
6291456,384.757,eval/episode_state/up_z_std,9.155649185180664
6291456,384.757,eval/avg_episode_length,1000.0
6291456,384.757,eval/std_episode_length,0.0
6291456,384.757,eval/epoch_eval_time,8.03475022315979
6291456,384.757,eval/sps,3982.70003562295
6815744,397.353,episode/sps,25379.67522793078
6815744,397.353,episode/length,1000.0
6815744,397.353,episode/reward/ctrl,-0.24125674232840538
6815744,397.353,episode/reward/forward,367.02458251953124
6815744,397.353,episode/reward/joint,-0.08809192061424255
6815744,397.353,episode/reward/orient,-5.047594904899597
6815744,397.353,episode/reward/total,361.6476416015625
6815744,397.353,episode/state/forward_vel,14.04670333147049
6815744,397.353,episode/state/up_z,950.5434271240234
6815744,397.353,episode/sum_reward,361.6476416015625
6815744,397.353,episode/entropy_loss,-0.1122591733932495
6815744,397.353,episode/kl_mean,0.003103526132181287
6815744,397.353,episode/learning_rate,0.0003000000142492354
6815744,397.353,episode/policy_dist_max_loc,1.6726928198337554
6815744,397.353,episode/policy_dist_max_std,2.269531363248825
6815744,397.353,episode/policy_dist_mean_loc,-0.09176797449588775
6815744,397.353,episode/policy_dist_mean_std,0.7397755748033523
6815744,397.353,episode/policy_dist_min_loc,-2.27429217338562
6815744,397.353,episode/policy_dist_min_std,0.09934903856366872
6815744,397.353,episode/policy_loss,-0.0009336767204513308
6815744,397.353,episode/total_loss,3.668646613955498
6815744,397.353,episode/v_loss,3.781839479804039
6815744,405.415,eval/walltime,160.4892077445984
6815744,405.415,training/sps,41580.47502045817
6815744,405.415,training/walltime,215.93632888793945
6815744,405.415,training/entropy_loss,-0.11215125024318695
6815744,405.415,training/kl_mean,0.0026130061596632004
6815744,405.415,training/learning_rate,0.0003000000142492354
6815744,405.415,training/policy_dist_max_loc,1.682612419128418
6815744,405.415,training/policy_dist_max_std,2.376849889755249
6815744,405.415,training/policy_dist_mean_loc,-0.09459798038005829
6815744,405.415,training/policy_dist_mean_std,0.7443332672119141
6815744,405.415,training/policy_dist_min_loc,-2.2489728927612305
6815744,405.415,training/policy_dist_min_std,0.09325891733169556
6815744,405.415,training/policy_loss,-0.0006157946772873402
6815744,405.415,training/total_loss,3.8918349742889404
6815744,405.415,training/v_loss,4.004602432250977
6815744,405.415,eval/episode_reward,363.84503173828125
6815744,405.415,eval/episode_reward/ctrl,-0.24468469619750977
6815744,405.415,eval/episode_reward/forward,368.82635498046875
6815744,405.415,eval/episode_reward/joint,-0.09222220629453659
6815744,405.415,eval/episode_reward/orient,-4.644486427307129
6815744,405.415,eval/episode_reward/total,363.84503173828125
6815744,405.415,eval/episode_state/forward_vel,15.284322738647461
6815744,405.415,eval/episode_state/up_z,949.1018676757812
6815744,405.415,eval/episode_reward_std,18.218856811523438
6815744,405.415,eval/episode_reward/ctrl_std,0.0033202071208506823
6815744,405.415,eval/episode_reward/forward_std,18.282968521118164
6815744,405.415,eval/episode_reward/joint_std,0.005608498118817806
6815744,405.415,eval/episode_reward/orient_std,2.433825731277466
6815744,405.415,eval/episode_reward/total_std,18.218856811523438
6815744,405.415,eval/episode_state/forward_vel_std,11.979629516601562
6815744,405.415,eval/episode_state/up_z_std,10.063617706298828
6815744,405.415,eval/avg_episode_length,1000.0
6815744,405.415,eval/std_episode_length,0.0
6815744,405.415,eval/epoch_eval_time,8.03341817855835
6815744,405.415,eval/sps,3983.3604187828564
7340032,418.030,episode/sps,25356.924684831443
7340032,418.030,episode/length,1000.0
7340032,418.030,episode/reward/ctrl,-0.24227654576301574
7340032,418.030,episode/reward/forward,365.04269805908206
7340032,418.030,episode/reward/joint,-0.08917225822806359
7340032,418.030,episode/reward/orient,-4.923099005222321
7340032,418.030,episode/reward/total,359.7881503295898
7340032,418.030,episode/state/forward_vel,12.597663144767285
7340032,418.030,episode/state/up_z,950.1921960449218
7340032,418.030,episode/sum_reward,359.7881503295898
7340032,418.030,episode/entropy_loss,-0.1120884083211422
7340032,418.030,episode/kl_mean,0.0027517706371145323
7340032,418.030,episode/learning_rate,0.0003000000142492354
7340032,418.030,episode/policy_dist_max_loc,1.693980678319931
7340032,418.030,episode/policy_dist_max_std,2.2812400603294374
7340032,418.030,episode/policy_dist_mean_loc,-0.09345218159258366
7340032,418.030,episode/policy_dist_mean_std,0.7437369960546494
7340032,418.030,episode/policy_dist_min_loc,-2.2556200289726256
7340032,418.030,episode/policy_dist_min_std,0.10150860685855151
7340032,418.030,episode/policy_loss,-0.0007682042496162467
7340032,418.030,episode/total_loss,3.4611388170719146
7340032,418.030,episode/v_loss,3.57399544775486
7340032,426.112,eval/walltime,168.54504299163818
7340032,426.112,training/sps,41527.95294666415
7340032,426.112,training/walltime,228.56127095222473
7340032,426.112,training/entropy_loss,-0.11185358464717865
7340032,426.112,training/kl_mean,0.0028301673009991646
7340032,426.112,training/learning_rate,0.0003000000142492354
7340032,426.112,training/policy_dist_max_loc,1.7171767950057983
7340032,426.112,training/policy_dist_max_std,2.268070697784424
7340032,426.112,training/policy_dist_mean_loc,-0.09604767709970474
7340032,426.112,training/policy_dist_mean_std,0.7486250400543213
7340032,426.112,training/policy_dist_min_loc,-2.2661380767822266
7340032,426.112,training/policy_dist_min_std,0.1079721450805664
7340032,426.112,training/policy_loss,-0.0007195059442892671
7340032,426.112,training/total_loss,2.775054454803467
7340032,426.112,training/v_loss,2.887627601623535
7340032,426.112,eval/episode_reward,356.53839111328125
7340032,426.112,eval/episode_reward/ctrl,-0.24515341222286224
7340032,426.112,eval/episode_reward/forward,362.2236328125
7340032,426.112,eval/episode_reward/joint,-0.09134738147258759
7340032,426.112,eval/episode_reward/orient,-5.348715782165527
7340032,426.112,eval/episode_reward/total,356.53839111328125
7340032,426.112,eval/episode_state/forward_vel,10.448783874511719
7340032,426.112,eval/episode_state/up_z,945.8359985351562
7340032,426.112,eval/episode_reward_std,20.99416732788086
7340032,426.112,eval/episode_reward/ctrl_std,0.003274169284850359
7340032,426.112,eval/episode_reward/forward_std,20.006258010864258
7340032,426.112,eval/episode_reward/joint_std,0.005875695031136274
7340032,426.112,eval/episode_reward/orient_std,3.7449798583984375
7340032,426.112,eval/episode_reward/total_std,20.99416732788086
7340032,426.112,eval/episode_state/forward_vel_std,12.26406192779541
7340032,426.112,eval/episode_state/up_z_std,14.14188289642334
7340032,426.112,eval/avg_episode_length,1000.0
7340032,426.112,eval/std_episode_length,0.0
7340032,426.112,eval/epoch_eval_time,8.055835247039795
7340032,426.112,eval/sps,3972.2758744052953
7864320,438.782,episode/sps,25263.44362866681
7864320,438.782,episode/length,1000.0
7864320,438.782,episode/reward/ctrl,-0.2444771271944046
7864320,438.782,episode/reward/forward,364.62538970947264
7864320,438.782,episode/reward/joint,-0.09091698981821537
7864320,438.782,episode/reward/orient,-41.43352128624916
7864320,438.782,episode/reward/total,322.8565267944336
7864320,438.782,episode/state/forward_vel,12.598254789710046
7864320,438.782,episode/state/up_z,929.5859533691406
7864320,438.782,episode/sum_reward,322.8565267944336
7864320,438.782,episode/entropy_loss,-0.11193843565881252
7864320,438.782,episode/kl_mean,0.002861028618644923
7864320,438.782,episode/learning_rate,0.0003000000142492354
7864320,438.782,episode/policy_dist_max_loc,1.6962210297584535
7864320,438.782,episode/policy_dist_max_std,2.3185001039505004
7864320,438.782,episode/policy_dist_mean_loc,-0.0954527211934328
7864320,438.782,episode/policy_dist_mean_std,0.7480919373035431
7864320,438.782,episode/policy_dist_min_loc,-2.2363403522968293
7864320,438.782,episode/policy_dist_min_std,0.10331911969929934
7864320,438.782,episode/policy_loss,-0.0007450754356977996
7864320,438.782,episode/total_loss,3.1136892902851105
7864320,438.782,episode/v_loss,3.2263728123903275
7864320,446.881,eval/walltime,176.61679410934448
7864320,446.881,training/sps,41338.485310226635
7864320,446.881,training/walltime,241.24407720565796
7864320,446.881,training/entropy_loss,-0.11177636682987213
7864320,446.881,training/kl_mean,0.003013113047927618
7864320,446.881,training/learning_rate,0.0003000000142492354
7864320,446.881,training/policy_dist_max_loc,1.6906061172485352
7864320,446.881,training/policy_dist_max_std,2.3182175159454346
7864320,446.881,training/policy_dist_mean_loc,-0.0961969792842865
7864320,446.881,training/policy_dist_mean_std,0.7521829605102539
7864320,446.881,training/policy_dist_min_loc,-2.1879427433013916
7864320,446.881,training/policy_dist_min_std,0.10870320349931717
7864320,446.881,training/policy_loss,-0.0007766564376652241
7864320,446.881,training/total_loss,2.684756278991699
7864320,446.881,training/v_loss,2.797309398651123
7864320,446.881,eval/episode_reward,362.8782043457031
7864320,446.881,eval/episode_reward/ctrl,-0.24431683123111725
7864320,446.881,eval/episode_reward/forward,370.8905029296875
7864320,446.881,eval/episode_reward/joint,-0.08966916799545288
7864320,446.881,eval/episode_reward/orient,-7.678380012512207
7864320,446.881,eval/episode_reward/total,362.8782043457031
7864320,446.881,eval/episode_state/forward_vel,17.178695678710938
7864320,446.881,eval/episode_state/up_z,943.3323974609375
7864320,446.881,eval/episode_reward_std,24.477083206176758
7864320,446.881,eval/episode_reward/ctrl_std,0.002653443021699786
7864320,446.881,eval/episode_reward/forward_std,21.641910552978516
7864320,446.881,eval/episode_reward/joint_std,0.004603003617376089
7864320,446.881,eval/episode_reward/orient_std,8.266192436218262
7864320,446.881,eval/episode_reward/total_std,24.477083206176758
7864320,446.881,eval/episode_state/forward_vel_std,14.70089340209961
7864320,446.881,eval/episode_state/up_z_std,13.337674140930176
7864320,446.881,eval/avg_episode_length,1000.0
7864320,446.881,eval/std_episode_length,0.0
7864320,446.881,eval/epoch_eval_time,8.071751117706299
7864320,446.881,eval/sps,3964.4433448653267
8388608,459.554,episode/sps,25240.20008223408
8388608,459.554,episode/length,1000.0
8388608,459.554,episode/reward/ctrl,-0.24469561979174614
8388608,459.554,episode/reward/forward,368.3593280029297
8388608,459.554,episode/reward/joint,-0.09025244295597076
8388608,459.554,episode/reward/orient,-7.299486104249954
8388608,459.554,episode/reward/total,360.7248931884766
8388608,459.554,episode/state/forward_vel,14.478438954651356
8388608,459.554,episode/state/up_z,942.2910302734375
8388608,459.554,episode/sum_reward,360.7248931884766
8388608,459.554,episode/entropy_loss,-0.11183400474488735
8388608,459.554,episode/kl_mean,0.0028057801956310868
8388608,459.554,episode/learning_rate,0.0003000000142492354
8388608,459.554,episode/policy_dist_max_loc,1.7126101052761078
8388608,459.554,episode/policy_dist_max_std,2.280230736732483
8388608,459.554,episode/policy_dist_mean_loc,-0.0946107915788889
8388608,459.554,episode/policy_dist_mean_std,0.750413430929184
8388608,459.554,episode/policy_dist_min_loc,-2.221223043203354
8388608,459.554,episode/policy_dist_min_std,0.1049025210365653
8388608,459.554,episode/policy_loss,-0.000707114504330093
8388608,459.554,episode/total_loss,2.812668200135231
8388608,459.554,episode/v_loss,2.925209318995476
8388608,467.642,eval/walltime,184.67510604858398
8388608,467.642,training/sps,41327.09920701107
8388608,467.642,training/walltime,253.9303777217865
8388608,467.642,training/entropy_loss,-0.11182647943496704
8388608,467.642,training/kl_mean,0.0024387077428400517
8388608,467.642,training/learning_rate,0.0003000000142492354
8388608,467.642,training/policy_dist_max_loc,1.7360758781433105
8388608,467.642,training/policy_dist_max_std,2.247633934020996
8388608,467.642,training/policy_dist_mean_loc,-0.09166304767131805
8388608,467.642,training/policy_dist_mean_std,0.7510453462600708
8388608,467.642,training/policy_dist_min_loc,-2.2042641639709473
8388608,467.642,training/policy_dist_min_std,0.09932742267847061
8388608,467.642,training/policy_loss,-0.0005905404686927795
8388608,467.642,training/total_loss,2.767758846282959
8388608,467.642,training/v_loss,2.880176067352295
8388608,467.642,eval/episode_reward,362.3467102050781
8388608,467.642,eval/episode_reward/ctrl,-0.24508969485759735
8388608,467.642,eval/episode_reward/forward,374.1827392578125
8388608,467.642,eval/episode_reward/joint,-0.09059938788414001
8388608,467.642,eval/episode_reward/orient,-11.50042724609375
8388608,467.642,eval/episode_reward/total,362.3467102050781
8388608,467.642,eval/episode_state/forward_vel,18.90290069580078
8388608,467.642,eval/episode_state/up_z,941.238525390625
8388608,467.642,eval/episode_reward_std,39.32768249511719
8388608,467.642,eval/episode_reward/ctrl_std,0.0028145371470600367
8388608,467.642,eval/episode_reward/forward_std,17.970003128051758
8388608,467.642,eval/episode_reward/joint_std,0.00625056866556406
8388608,467.642,eval/episode_reward/orient_std,34.17289733886719
8388608,467.642,eval/episode_reward/total_std,39.32768249511719
8388608,467.642,eval/episode_state/forward_vel_std,11.87237548828125
8388608,467.642,eval/episode_state/up_z_std,24.58855438232422
8388608,467.642,eval/avg_episode_length,1000.0
8388608,467.642,eval/std_episode_length,0.0
8388608,467.642,eval/epoch_eval_time,8.058311939239502
8388608,467.642,eval/sps,3971.0550101911267
8912896,480.304,episode/sps,25267.61766001652
8912896,480.304,episode/length,1000.0
8912896,480.304,episode/reward/ctrl,-0.24508497655391692
8912896,480.304,episode/reward/forward,372.35517578125
8912896,480.304,episode/reward/joint,-0.09112247452139854
8912896,480.304,episode/reward/orient,-8.93378039598465
8912896,480.304,episode/reward/total,363.0851737594605
8912896,480.304,episode/state/forward_vel,17.596627060174942
8912896,480.304,episode/state/up_z,945.1843127441406
8912896,480.304,episode/sum_reward,363.0851737594605
8912896,480.304,episode/entropy_loss,-0.11185210801661015
8912896,480.304,episode/kl_mean,0.0027222813526168468
8912896,480.304,episode/learning_rate,0.0003000000142492354
8912896,480.304,episode/policy_dist_max_loc,1.7307172441482543
8912896,480.304,episode/policy_dist_max_std,2.2979248762130737
8912896,480.304,episode/policy_dist_mean_loc,-0.09234184481203556
8912896,480.304,episode/policy_dist_mean_std,0.7521649098396301
8912896,480.304,episode/policy_dist_min_loc,-2.218098307847977
8912896,480.304,episode/policy_dist_min_std,0.1038319082930684
8912896,480.304,episode/policy_loss,-0.000801998525930685
8912896,480.304,episode/total_loss,2.9355748921632765
8912896,480.304,episode/v_loss,3.0482289856672287
8912896,488.381,eval/walltime,192.72589230537415
8912896,488.381,training/sps,41372.19947698868
8912896,488.381,training/walltime,266.60284876823425
8912896,488.381,training/entropy_loss,-0.11197258532047272
8912896,488.381,training/kl_mean,0.002703465986996889
8912896,488.381,training/learning_rate,0.0003000000142492354
8912896,488.381,training/policy_dist_max_loc,1.7606511116027832
8912896,488.381,training/policy_dist_max_std,2.3277335166931152
8912896,488.381,training/policy_dist_mean_loc,-0.08853499591350555
8912896,488.381,training/policy_dist_mean_std,0.7535213232040405
8912896,488.381,training/policy_dist_min_loc,-2.246070384979248
8912896,488.381,training/policy_dist_min_std,0.10343881696462631
8912896,488.381,training/policy_loss,-0.0009394984226673841
8912896,488.381,training/total_loss,3.3425259590148926
8912896,488.381,training/v_loss,3.4554378986358643
8912896,488.381,eval/episode_reward,259.1366882324219
8912896,488.381,eval/episode_reward/ctrl,-0.24782201647758484
8912896,488.381,eval/episode_reward/forward,377.25982666015625
8912896,488.381,eval/episode_reward/joint,-0.09283355623483658
8912896,488.381,eval/episode_reward/orient,-117.78238677978516
8912896,488.381,eval/episode_reward/total,259.1366882324219
8912896,488.381,eval/episode_state/forward_vel,20.224882125854492
8912896,488.381,eval/episode_state/up_z,887.0691528320312
8912896,488.381,eval/episode_reward_std,636.556640625
8912896,488.381,eval/episode_reward/ctrl_std,0.003287212224677205
8912896,488.381,eval/episode_reward/forward_std,19.857004165649414
8912896,488.381,eval/episode_reward/joint_std,0.006699874997138977
8912896,488.381,eval/episode_reward/orient_std,630.2155151367188
8912896,488.381,eval/episode_reward/total_std,636.556640625
8912896,488.381,eval/episode_state/forward_vel_std,12.797471046447754
8912896,488.381,eval/episode_state/up_z_std,316.6645812988281
8912896,488.381,eval/avg_episode_length,1000.0
8912896,488.381,eval/std_episode_length,0.0
8912896,488.381,eval/epoch_eval_time,8.050786256790161
8912896,488.381,eval/sps,3974.767057442457
9437184,501.052,episode/sps,25268.595835096407
9437184,501.052,episode/length,1000.0
9437184,501.052,episode/reward/ctrl,-0.24595537945628165
9437184,501.052,episode/reward/forward,373.76808990478514
9437184,501.052,episode/reward/joint,-0.09031537376344204
9437184,501.052,episode/reward/orient,-3.9353451001644135
9437184,501.052,episode/reward/total,369.4964682006836
9437184,501.052,episode/state/forward_vel,18.213384677767753
9437184,501.052,episode/state/up_z,948.7480322265625
9437184,501.052,episode/sum_reward,369.4964682006836
9437184,501.052,episode/entropy_loss,-0.11186429403722287
9437184,501.052,episode/kl_mean,0.0025815196381881833
9437184,501.052,episode/learning_rate,0.0003000000142492354
9437184,501.052,episode/policy_dist_max_loc,1.7510821497440339
9437184,501.052,episode/policy_dist_max_std,2.284968440532684
9437184,501.052,episode/policy_dist_mean_loc,-0.08987034648656846
9437184,501.052,episode/policy_dist_mean_std,0.7540606206655502
9437184,501.052,episode/policy_dist_min_loc,-2.202458961009979
9437184,501.052,episode/policy_dist_min_std,0.10395083036273718
9437184,501.052,episode/policy_loss,-0.0007166896109265508
9437184,501.052,episode/total_loss,3.6996303641796113
9437184,501.052,episode/v_loss,3.81221131503582
9437184,509.118,eval/walltime,200.76416277885437
9437184,509.118,training/sps,41336.80061682351
9437184,509.118,training/walltime,279.286171913147
9437184,509.118,training/entropy_loss,-0.11181634664535522
9437184,509.118,training/kl_mean,0.0024309230502694845
9437184,509.118,training/learning_rate,0.0003000000142492354
9437184,509.118,training/policy_dist_max_loc,1.7495049238204956
9437184,509.118,training/policy_dist_max_std,2.2813079357147217
9437184,509.118,training/policy_dist_mean_loc,-0.08889902383089066
9437184,509.118,training/policy_dist_mean_std,0.7577852606773376
9437184,509.118,training/policy_dist_min_loc,-2.147402763366699
9437184,509.118,training/policy_dist_min_std,0.10784226655960083
9437184,509.118,training/policy_loss,-0.0005077630048617721
9437184,509.118,training/total_loss,5.243380546569824
9437184,509.118,training/v_loss,5.355704307556152
9437184,509.118,eval/episode_reward,257.3062744140625
9437184,509.118,eval/episode_reward/ctrl,-0.24974030256271362
9437184,509.118,eval/episode_reward/forward,374.3727111816406
9437184,509.118,eval/episode_reward/joint,-0.0946819931268692
9437184,509.118,eval/episode_reward/orient,-116.72200775146484
9437184,509.118,eval/episode_reward/total,257.3062744140625
9437184,509.118,eval/episode_state/forward_vel,18.519390106201172
9437184,509.118,eval/episode_state/up_z,886.6546630859375
9437184,509.118,eval/episode_reward_std,628.0291137695312
9437184,509.118,eval/episode_reward/ctrl_std,0.0029993795324116945
9437184,509.118,eval/episode_reward/forward_std,22.83984375
9437184,509.118,eval/episode_reward/joint_std,0.007621146738529205
9437184,509.118,eval/episode_reward/orient_std,619.0092163085938
9437184,509.118,eval/episode_reward/total_std,628.0291137695312
9437184,509.118,eval/episode_state/forward_vel_std,13.682984352111816
9437184,509.118,eval/episode_state/up_z_std,313.8009033203125
9437184,509.118,eval/avg_episode_length,1000.0
9437184,509.118,eval/std_episode_length,0.0
9437184,509.118,eval/epoch_eval_time,8.038270473480225
9437184,509.118,eval/sps,3980.955866759405
9961472,521.797,episode/sps,25272.916215697875
9961472,521.797,episode/length,1000.0
9961472,521.797,episode/reward/ctrl,-0.2480594612658024
9961472,521.797,episode/reward/forward,375.62394439697266
9961472,521.797,episode/reward/joint,-0.09262303613126278
9961472,521.797,episode/reward/orient,-4.4331513845920565
9961472,521.797,episode/reward/total,370.8501077270508
9961472,521.797,episode/state/forward_vel,20.15505939207971
9961472,521.797,episode/state/up_z,946.5577697753906
9961472,521.797,episode/sum_reward,370.8501077270508
9961472,521.797,episode/entropy_loss,-0.1117887781560421
9961472,521.797,episode/kl_mean,0.0025225274090189486
9961472,521.797,episode/learning_rate,0.0003000000142492354
9961472,521.797,episode/policy_dist_max_loc,1.751658580303192
9961472,521.797,episode/policy_dist_max_std,2.32853768825531
9961472,521.797,episode/policy_dist_mean_loc,-0.09034049406647682
9961472,521.797,episode/policy_dist_mean_std,0.7579423373937607
9961472,521.797,episode/policy_dist_min_loc,-2.2119334959983825
9961472,521.797,episode/policy_dist_min_std,0.1030602515488863
9961472,521.797,episode/policy_loss,-0.0006679446067573736
9961472,521.797,episode/total_loss,4.432030918002129
9961472,521.797,episode/v_loss,4.544487600326538
9961472,529.873,eval/walltime,208.8117332458496
9961472,529.873,training/sps,41308.066981026685
9961472,529.873,training/walltime,291.97831749916077
9961472,529.873,training/entropy_loss,-0.11159368604421616
9961472,529.873,training/kl_mean,0.002349606016650796
9961472,529.873,training/learning_rate,0.0003000000142492354
9961472,529.873,training/policy_dist_max_loc,1.7480183839797974
9961472,529.873,training/policy_dist_max_std,2.385741710662842
9961472,529.873,training/policy_dist_mean_loc,-0.09346161782741547
9961472,529.873,training/policy_dist_mean_std,0.7632970213890076
9961472,529.873,training/policy_dist_min_loc,-2.2524638175964355
9961472,529.873,training/policy_dist_min_std,0.09675906598567963
9961472,529.873,training/policy_loss,-0.0004797879373654723
9961472,529.873,training/total_loss,4.9545111656188965
9961472,529.873,training/v_loss,5.066584587097168
9961472,529.873,eval/episode_reward,371.76422119140625
9961472,529.873,eval/episode_reward/ctrl,-0.25155553221702576
9961472,529.873,eval/episode_reward/forward,377.3380126953125
9961472,529.873,eval/episode_reward/joint,-0.09582893550395966
9961472,529.873,eval/episode_reward/orient,-5.226306915283203
9961472,529.873,eval/episode_reward/total,371.76422119140625
9961472,529.873,eval/episode_state/forward_vel,20.486865997314453
9961472,529.873,eval/episode_state/up_z,943.10546875
9961472,529.873,eval/episode_reward_std,24.10188865661621
9961472,529.873,eval/episode_reward/ctrl_std,0.0034673933405429125
9961472,529.873,eval/episode_reward/forward_std,23.810209274291992
9961472,529.873,eval/episode_reward/joint_std,0.0051582264713943005
9961472,529.873,eval/episode_reward/orient_std,2.8849549293518066
9961472,529.873,eval/episode_reward/total_std,24.10188865661621
9961472,529.873,eval/episode_state/forward_vel_std,15.476760864257812
9961472,529.873,eval/episode_state/up_z_std,8.18397045135498
9961472,529.873,eval/avg_episode_length,1000.0
9961472,529.873,eval/std_episode_length,0.0
9961472,529.873,eval/epoch_eval_time,8.04757046699524
9961472,529.873,eval/sps,3976.3553647947115
10485760,542.563,episode/sps,25248.20658675933
10485760,542.563,episode/length,1000.0
10485760,542.563,episode/reward/ctrl,-0.2501785358786583
10485760,542.563,episode/reward/forward,380.5347009277344
10485760,542.563,episode/reward/joint,-0.09401560068130493
10485760,542.563,episode/reward/orient,-40.308636586666104
10485760,542.563,episode/reward/total,339.88183654785155
10485760,542.563,episode/state/forward_vel,22.884320205748082
10485760,542.563,episode/state/up_z,927.4119158935547
10485760,542.563,episode/sum_reward,339.88183654785155
10485760,542.563,episode/entropy_loss,-0.11161270163953305
10485760,542.563,episode/kl_mean,0.0025554572948021815
10485760,542.563,episode/learning_rate,0.0003000000142492354
10485760,542.563,episode/policy_dist_max_loc,1.759464898109436
10485760,542.563,episode/policy_dist_max_std,2.41566424369812
10485760,542.563,episode/policy_dist_mean_loc,-0.09351556167006493
10485760,542.563,episode/policy_dist_mean_std,0.7626554441452026
10485760,542.563,episode/policy_dist_min_loc,-2.203489181995392
10485760,542.563,episode/policy_dist_min_std,0.09355900321155787
10485760,542.563,episode/policy_loss,-0.000597430035850266
10485760,542.563,episode/total_loss,4.934725480675698
10485760,542.563,episode/v_loss,5.046935588717461
10485760,550.585,eval/walltime,216.80750560760498
10485760,550.585,training/sps,41280.33491629886
10485760,550.585,training/walltime,304.67898964881897
10485760,550.585,training/entropy_loss,-0.1113930195569992
10485760,550.585,training/kl_mean,0.002718860749155283
10485760,550.585,training/learning_rate,0.0003000000142492354
10485760,550.585,training/policy_dist_max_loc,1.7870738506317139
10485760,550.585,training/policy_dist_max_std,2.5870227813720703
10485760,550.585,training/policy_dist_mean_loc,-0.09883908182382584
10485760,550.585,training/policy_dist_mean_std,0.7678375244140625
10485760,550.585,training/policy_dist_min_loc,-2.21573543548584
10485760,550.585,training/policy_dist_min_std,0.07583919167518616
10485760,550.585,training/policy_loss,-0.000648579909466207
10485760,550.585,training/total_loss,4.8894267082214355
10485760,550.585,training/v_loss,5.001468181610107
10485760,550.585,eval/episode_reward,370.78826904296875
10485760,550.585,eval/episode_reward/ctrl,-0.2513890564441681
10485760,550.585,eval/episode_reward/forward,374.94647216796875
10485760,550.585,eval/episode_reward/joint,-0.09186495840549469
10485760,550.585,eval/episode_reward/orient,-3.814913272857666
10485760,550.585,eval/episode_reward/total,370.78826904296875
10485760,550.585,eval/episode_state/forward_vel,19.331892013549805
10485760,550.585,eval/episode_state/up_z,953.4390869140625
10485760,550.585,eval/episode_reward_std,19.230575561523438
10485760,550.585,eval/episode_reward/ctrl_std,0.003111547091975808
10485760,550.585,eval/episode_reward/forward_std,18.87056541442871
10485760,550.585,eval/episode_reward/joint_std,0.006616718601435423
10485760,550.585,eval/episode_reward/orient_std,3.0676991939544678
10485760,550.585,eval/episode_reward/total_std,19.230575561523438
10485760,550.585,eval/episode_state/forward_vel_std,12.993132591247559
10485760,550.585,eval/episode_state/up_z_std,10.606268882751465
10485760,550.585,eval/avg_episode_length,1000.0
10485760,550.585,eval/std_episode_length,0.0
10485760,550.585,eval/epoch_eval_time,7.995772361755371
10485760,550.585,eval/sps,4002.1149367707617
11010048,563.203,episode/sps,25401.697250763475
11010048,563.203,episode/length,1000.0
11010048,563.203,episode/reward/ctrl,-0.2507422734797001
11010048,563.203,episode/reward/forward,377.09785064697263
11010048,563.203,episode/reward/joint,-0.093452058583498
11010048,563.203,episode/reward/orient,-34.23889321088791
11010048,563.203,episode/reward/total,342.51473022460937
11010048,563.203,episode/state/forward_vel,20.395124240368606
11010048,563.203,episode/state/up_z,933.7524426269531
11010048,563.203,episode/sum_reward,342.51473022460937
11010048,563.203,episode/entropy_loss,-0.1116146433353424
11010048,563.203,episode/kl_mean,0.002761853723204695
11010048,563.203,episode/learning_rate,0.0003000000142492354
11010048,563.203,episode/policy_dist_max_loc,1.778297678232193
11010048,563.203,episode/policy_dist_max_std,2.4691311645507814
11010048,563.203,episode/policy_dist_mean_loc,-0.09578232660889625
11010048,563.203,episode/policy_dist_mean_std,0.7662047243118286
11010048,563.203,episode/policy_dist_min_loc,-2.245841181278229
11010048,563.203,episode/policy_dist_min_std,0.08747376952320338
11010048,563.203,episode/policy_loss,-0.0006733963472652249
11010048,563.203,episode/total_loss,4.7872282719612125
11010048,563.203,episode/v_loss,4.899516291022301
11010048,571.293,eval/walltime,224.8711588382721
11010048,571.293,training/sps,41512.280256992846
11010048,571.293,training/walltime,317.30869817733765
11010048,571.293,training/entropy_loss,-0.11183148622512817
11010048,571.293,training/kl_mean,0.0032004143577069044
11010048,571.293,training/learning_rate,0.0003000000142492354
11010048,571.293,training/policy_dist_max_loc,1.805145025253296
11010048,571.293,training/policy_dist_max_std,2.4613685607910156
11010048,571.293,training/policy_dist_mean_loc,-0.09593170881271362
11010048,571.293,training/policy_dist_mean_std,0.7683322429656982
11010048,571.293,training/policy_dist_min_loc,-2.2830629348754883
11010048,571.293,training/policy_dist_min_std,0.08873334527015686
11010048,571.293,training/policy_loss,-0.0008277393644675612
11010048,571.293,training/total_loss,4.455998420715332
11010048,571.293,training/v_loss,4.568656921386719
11010048,571.293,eval/episode_reward,377.67364501953125
11010048,571.293,eval/episode_reward/ctrl,-0.25323647260665894
11010048,571.293,eval/episode_reward/forward,381.45721435546875
11010048,571.293,eval/episode_reward/joint,-0.09393340349197388
11010048,571.293,eval/episode_reward/orient,-3.436326503753662
11010048,571.293,eval/episode_reward/total,377.67364501953125
11010048,571.293,eval/episode_state/forward_vel,23.49150848388672
11010048,571.293,eval/episode_state/up_z,952.6873168945312
11010048,571.293,eval/episode_reward_std,19.834558486938477
11010048,571.293,eval/episode_reward/ctrl_std,0.0032444524113088846
11010048,571.293,eval/episode_reward/forward_std,19.54956817626953
11010048,571.293,eval/episode_reward/joint_std,0.0061101727187633514
11010048,571.293,eval/episode_reward/orient_std,1.4279296398162842
11010048,571.293,eval/episode_reward/total_std,19.834558486938477
11010048,571.293,eval/episode_state/forward_vel_std,12.5272216796875
11010048,571.293,eval/episode_state/up_z_std,9.222529411315918
11010048,571.293,eval/avg_episode_length,1000.0
11010048,571.293,eval/std_episode_length,0.0
11010048,571.293,eval/epoch_eval_time,8.063653230667114
11010048,571.293,eval/sps,3968.42461904238
11534336,583.858,episode/sps,25382.49309459646
11534336,583.858,episode/length,1000.0
11534336,583.858,episode/reward/ctrl,-0.25123541310429576
11534336,583.858,episode/reward/forward,377.5999853515625
11534336,583.858,episode/reward/joint,-0.09308294765651226
11534336,583.858,episode/reward/orient,-3.9422806107997896
11534336,583.858,episode/reward/total,373.3133905029297
11534336,583.858,episode/state/forward_vel,21.117663063704967
11534336,583.858,episode/state/up_z,952.5699670410156
11534336,583.858,episode/sum_reward,373.3133905029297
11534336,583.858,episode/entropy_loss,-0.11163468264043332
11534336,583.858,episode/kl_mean,0.0030008653143886476
11534336,583.858,episode/learning_rate,0.0003000000142492354
11534336,583.858,episode/policy_dist_max_loc,1.82622532248497
11534336,583.858,episode/policy_dist_max_std,2.54114378452301
11534336,583.858,episode/policy_dist_mean_loc,-0.09638206556439399
11534336,583.858,episode/policy_dist_mean_std,0.7694882750511169
11534336,583.858,episode/policy_dist_min_loc,-2.228636231422424
11534336,583.858,episode/policy_dist_min_std,0.08657410588115454
11534336,583.858,episode/policy_loss,-0.0007880438725987915
11534336,583.858,episode/total_loss,4.877247307300568
11534336,583.858,episode/v_loss,4.98967002749443
11534336,591.882,eval/walltime,232.86645984649658
11534336,591.882,training/sps,41685.548128773735
11534336,591.882,training/walltime,329.8859107494354
11534336,591.882,training/entropy_loss,-0.11167505383491516
11534336,591.882,training/kl_mean,0.003087725955992937
11534336,591.882,training/learning_rate,0.0003000000142492354
11534336,591.882,training/policy_dist_max_loc,1.8987232446670532
11534336,591.882,training/policy_dist_max_std,2.594634532928467
11534336,591.882,training/policy_dist_mean_loc,-0.09454970061779022
11534336,591.882,training/policy_dist_mean_std,0.7729383707046509
11534336,591.882,training/policy_dist_min_loc,-2.1759371757507324
11534336,591.882,training/policy_dist_min_std,0.0942486971616745
11534336,591.882,training/policy_loss,-0.0008310686680488288
11534336,591.882,training/total_loss,5.163754463195801
11534336,591.882,training/v_loss,5.276260852813721
11534336,591.882,eval/episode_reward,376.1753845214844
11534336,591.882,eval/episode_reward/ctrl,-0.25346362590789795
11534336,591.882,eval/episode_reward/forward,381.971923828125
11534336,591.882,eval/episode_reward/joint,-0.09453928470611572
11534336,591.882,eval/episode_reward/orient,-5.448552131652832
11534336,591.882,eval/episode_reward/total,376.1753845214844
11534336,591.882,eval/episode_state/forward_vel,24.13465118408203
11534336,591.882,eval/episode_state/up_z,954.77685546875
11534336,591.882,eval/episode_reward_std,18.659809112548828
11534336,591.882,eval/episode_reward/ctrl_std,0.0027800207026302814
11534336,591.882,eval/episode_reward/forward_std,17.798263549804688
11534336,591.882,eval/episode_reward/joint_std,0.006249359808862209
11534336,591.882,eval/episode_reward/orient_std,7.601942539215088
11534336,591.882,eval/episode_reward/total_std,18.659809112548828
11534336,591.882,eval/episode_state/forward_vel_std,11.603944778442383
11534336,591.882,eval/episode_state/up_z_std,13.051255226135254
11534336,591.882,eval/avg_episode_length,1000.0
11534336,591.882,eval/std_episode_length,0.0
11534336,591.882,eval/epoch_eval_time,7.995301008224487
11534336,591.882,eval/sps,4002.3508767315598
12058624,604.551,episode/sps,25337.163676925822
12058624,604.551,episode/length,1000.0
12058624,604.551,episode/reward/ctrl,-0.2524143923819065
12058624,604.551,episode/reward/forward,378.2570458984375
12058624,604.551,episode/reward/joint,-0.09220510698854924
12058624,604.551,episode/reward/orient,-38.414396178722384
12058624,604.551,episode/reward/total,339.4979693603516
12058624,604.551,episode/state/forward_vel,21.424329536259176
12058624,604.551,episode/state/up_z,936.9438604736329
12058624,604.551,episode/sum_reward,339.4979693603516
12058624,604.551,episode/entropy_loss,-0.11165194399654865
12058624,604.551,episode/kl_mean,0.003634401199524291
12058624,604.551,episode/learning_rate,0.0003000000142492354
12058624,604.551,episode/policy_dist_max_loc,1.8650014328956603
12058624,604.551,episode/policy_dist_max_std,2.575470461845398
12058624,604.551,episode/policy_dist_mean_loc,-0.095742347240448
12058624,604.551,episode/policy_dist_mean_std,0.7725596493482589
12058624,604.551,episode/policy_dist_min_loc,-2.2377304911613463
12058624,604.551,episode/policy_dist_min_std,0.09082813952118159
12058624,604.551,episode/policy_loss,-0.0009268353674269747
12058624,604.551,episode/total_loss,4.449887833595276
12058624,604.551,episode/v_loss,4.562466595172882
12058624,612.540,eval/walltime,240.83012461662292
12058624,612.540,training/sps,41349.19347177037
12058624,612.540,training/walltime,342.56543254852295
12058624,612.540,training/entropy_loss,-0.11147848516702652
12058624,612.540,training/kl_mean,0.004565493203699589
12058624,612.540,training/learning_rate,0.0003000000142492354
12058624,612.540,training/policy_dist_max_loc,1.8991631269454956
12058624,612.540,training/policy_dist_max_std,2.6545138359069824
12058624,612.540,training/policy_dist_mean_loc,-0.09610791504383087
12058624,612.540,training/policy_dist_mean_std,0.7768608331680298
12058624,612.540,training/policy_dist_min_loc,-2.2543959617614746
12058624,612.540,training/policy_dist_min_std,0.09289787709712982
12058624,612.540,training/policy_loss,-0.0010510579450055957
12058624,612.540,training/total_loss,3.620919704437256
12058624,612.540,training/v_loss,3.7334494590759277
12058624,612.540,eval/episode_reward,378.9779052734375
12058624,612.540,eval/episode_reward/ctrl,-0.2561492621898651
12058624,612.540,eval/episode_reward/forward,381.7991027832031
12058624,612.540,eval/episode_reward/joint,-0.09309493005275726
12058624,612.540,eval/episode_reward/orient,-2.4719440937042236
12058624,612.540,eval/episode_reward/total,378.9779052734375
12058624,612.540,eval/episode_state/forward_vel,23.692623138427734
12058624,612.540,eval/episode_state/up_z,960.9070434570312
12058624,612.540,eval/episode_reward_std,24.83393669128418
12058624,612.540,eval/episode_reward/ctrl_std,0.0036917610559612513
12058624,612.540,eval/episode_reward/forward_std,24.67150115966797
12058624,612.540,eval/episode_reward/joint_std,0.007371471729129553
12058624,612.540,eval/episode_reward/orient_std,1.1709049940109253
12058624,612.540,eval/episode_reward/total_std,24.83393669128418
12058624,612.540,eval/episode_state/forward_vel_std,15.673545837402344
12058624,612.540,eval/episode_state/up_z_std,6.834622859954834
12058624,612.540,eval/avg_episode_length,1000.0
12058624,612.540,eval/std_episode_length,0.0
12058624,612.540,eval/epoch_eval_time,7.963664770126343
12058624,612.540,eval/sps,4018.2505069826443
12582912,625.102,episode/sps,25511.293343602927
12582912,625.102,episode/length,1000.0
12582912,625.102,episode/reward/ctrl,-0.2549923597276211
12582912,625.102,episode/reward/forward,382.70875457763674
12582912,625.102,episode/reward/joint,-0.09426965616643429
12582912,625.102,episode/reward/orient,-2.984116976261139
12582912,625.102,episode/reward/total,379.375380859375
12582912,625.102,episode/state/forward_vel,24.46624160900712
12582912,625.102,episode/state/up_z,958.8011724853516
12582912,625.102,episode/sum_reward,379.375380859375
12582912,625.102,episode/entropy_loss,-0.11143942438066005
12582912,625.102,episode/kl_mean,0.0038173389906296508
12582912,625.102,episode/learning_rate,0.0003000000142492354
12582912,625.102,episode/policy_dist_max_loc,1.869057710170746
12582912,625.102,episode/policy_dist_max_std,2.6396753668785093
12582912,625.102,episode/policy_dist_mean_loc,-0.0943434789031744
12582912,625.102,episode/policy_dist_mean_std,0.777394312620163
12582912,625.102,episode/policy_dist_min_loc,-2.2214762699604034
12582912,625.102,episode/policy_dist_min_std,0.09419118277728558
12582912,625.102,episode/policy_loss,-0.0011690164025640116
12582912,625.102,episode/total_loss,3.6931660103797914
12582912,625.102,episode/v_loss,3.8057744377851486
12582912,633.080,eval/walltime,248.78414273262024
12582912,633.080,training/sps,41704.87687295399
12582912,633.080,training/walltime,355.1368160247803
12582912,633.080,training/entropy_loss,-0.11110258102416992
12582912,633.080,training/kl_mean,0.0037735686637461185
12582912,633.080,training/learning_rate,0.0003000000142492354
12582912,633.080,training/policy_dist_max_loc,1.8198554515838623
12582912,633.080,training/policy_dist_max_std,2.6903293132781982
12582912,633.080,training/policy_dist_mean_loc,-0.09236988425254822
12582912,633.080,training/policy_dist_mean_std,0.7833638191223145
12582912,633.080,training/policy_dist_min_loc,-2.2273881435394287
12582912,633.080,training/policy_dist_min_std,0.09611593186855316
12582912,633.080,training/policy_loss,-0.0015342795522883534
12582912,633.080,training/total_loss,2.338362455368042
12582912,633.080,training/v_loss,2.4509992599487305
12582912,633.080,eval/episode_reward,375.4666748046875
12582912,633.080,eval/episode_reward/ctrl,-0.26256683468818665
12582912,633.080,eval/episode_reward/forward,385.8455505371094
12582912,633.080,eval/episode_reward/joint,-0.09686693549156189
12582912,633.080,eval/episode_reward/orient,-10.019482612609863
12582912,633.080,eval/episode_reward/total,375.4666748046875
12582912,633.080,eval/episode_state/forward_vel,27.438905715942383
12582912,633.080,eval/episode_state/up_z,959.4588623046875
12582912,633.080,eval/episode_reward_std,64.78124237060547
12582912,633.080,eval/episode_reward/ctrl_std,0.0052846516482532024
12582912,633.080,eval/episode_reward/forward_std,32.78475570678711
12582912,633.080,eval/episode_reward/joint_std,0.006060646381229162
12582912,633.080,eval/episode_reward/orient_std,37.70306396484375
12582912,633.080,eval/episode_reward/total_std,64.78124237060547
12582912,633.080,eval/episode_state/forward_vel_std,20.8785343170166
12582912,633.080,eval/episode_state/up_z_std,28.239538192749023
12582912,633.080,eval/avg_episode_length,1000.0
12582912,633.080,eval/std_episode_length,0.0
12582912,633.080,eval/epoch_eval_time,7.9540181159973145
12582912,633.080,eval/sps,4023.123851785153
13107200,645.595,episode/sps,25583.987660794413
13107200,645.595,episode/length,1000.0
13107200,645.595,episode/reward/ctrl,-0.25888187408447266
13107200,645.595,episode/reward/forward,386.48028076171875
13107200,645.595,episode/reward/joint,-0.09503918707370758
13107200,645.595,episode/reward/orient,-8.754055632352829
13107200,645.595,episode/reward/total,377.3722784423828
13107200,645.595,episode/state/forward_vel,26.933759295940398
13107200,645.595,episode/state/up_z,959.2009625244141
13107200,645.595,episode/sum_reward,377.3722784423828
13107200,645.595,episode/entropy_loss,-0.1107921090722084
13107200,645.595,episode/kl_mean,0.004247807249194011
13107200,645.595,episode/learning_rate,0.0003000000142492354
13107200,645.595,episode/policy_dist_max_loc,1.8742938876152038
13107200,645.595,episode/policy_dist_max_std,2.728843643665314
13107200,645.595,episode/policy_dist_mean_loc,-0.09627497039735317
13107200,645.595,episode/policy_dist_mean_std,0.7855297374725342
13107200,645.595,episode/policy_dist_min_loc,-2.255651776790619
13107200,645.595,episode/policy_dist_min_std,0.08877531621605157
13107200,645.595,episode/policy_loss,-0.0014697594418248627
13107200,645.595,episode/total_loss,3.1135064727067947
13107200,645.595,episode/v_loss,3.2257683181762697
13107200,653.653,eval/walltime,256.8127222061157
13107200,653.653,training/sps,41859.00550435342
13107200,653.653,training/walltime,367.66191053390503
13107200,653.653,training/entropy_loss,-0.1096837967634201
13107200,653.653,training/kl_mean,0.004412456415593624
13107200,653.653,training/learning_rate,0.0003000000142492354
13107200,653.653,training/policy_dist_max_loc,1.903395414352417
13107200,653.653,training/policy_dist_max_std,2.8458847999572754
13107200,653.653,training/policy_dist_mean_loc,-0.10024106502532959
13107200,653.653,training/policy_dist_mean_std,0.7977550029754639
13107200,653.653,training/policy_dist_min_loc,-2.2858757972717285
13107200,653.653,training/policy_dist_min_std,0.0765685886144638
13107200,653.653,training/policy_loss,-0.0017962041310966015
13107200,653.653,training/total_loss,3.177946090698242
13107200,653.653,training/v_loss,3.28942608833313
13107200,653.653,eval/episode_reward,374.5288391113281
13107200,653.653,eval/episode_reward/ctrl,-0.26751837134361267
13107200,653.653,eval/episode_reward/forward,378.586181640625
13107200,653.653,eval/episode_reward/joint,-0.1009405255317688
13107200,653.653,eval/episode_reward/orient,-3.6888866424560547
13107200,653.653,eval/episode_reward/total,374.5288391113281
13107200,653.653,eval/episode_state/forward_vel,22.792043685913086
13107200,653.653,eval/episode_state/up_z,965.0293579101562
13107200,653.653,eval/episode_reward_std,32.473793029785156
13107200,653.653,eval/episode_reward/ctrl_std,0.004709815140813589
13107200,653.653,eval/episode_reward/forward_std,31.675472259521484
13107200,653.653,eval/episode_reward/joint_std,0.007043635938316584
13107200,653.653,eval/episode_reward/orient_std,8.22948169708252
13107200,653.653,eval/episode_reward/total_std,32.473793029785156
13107200,653.653,eval/episode_state/forward_vel_std,20.05079460144043
13107200,653.653,eval/episode_state/up_z_std,9.271283149719238
13107200,653.653,eval/avg_episode_length,1000.0
13107200,653.653,eval/std_episode_length,0.0
13107200,653.653,eval/epoch_eval_time,8.028579473495483
13107200,653.653,eval/sps,3985.7611306758154
13631488,666.289,episode/sps,25334.699109439855
13631488,666.289,episode/length,1000.0
13631488,666.289,episode/reward/ctrl,-0.26414952233433725
13631488,666.289,episode/reward/forward,386.7106182861328
13631488,666.289,episode/reward/joint,-0.09887746073305607
13631488,666.289,episode/reward/orient,-3.0274851405620575
13631488,666.289,episode/reward/total,383.3201202392578
13631488,666.289,episode/state/forward_vel,27.62542482316494
13631488,666.289,episode/state/up_z,964.7742205810547
13631488,666.289,episode/sum_reward,383.3201202392578
13631488,666.289,episode/entropy_loss,-0.10975415639579296
13631488,666.289,episode/kl_mean,0.004304784709820524
13631488,666.289,episode/learning_rate,0.0003000000142492354
13631488,666.289,episode/policy_dist_max_loc,1.9052734923362733
13631488,666.289,episode/policy_dist_max_std,2.9457193422317505
13631488,666.289,episode/policy_dist_mean_loc,-0.09976093836128712
13631488,666.289,episode/policy_dist_mean_std,0.7967945218086243
13631488,666.289,episode/policy_dist_min_loc,-2.301483348608017
13631488,666.289,episode/policy_dist_min_std,0.07993695765733719
13631488,666.289,episode/policy_loss,-0.0013681765484216157
13631488,666.289,episode/total_loss,3.2623632031679155
13631488,666.289,episode/v_loss,3.3734855276346205
13631488,674.314,eval/walltime,264.8112106323242
13631488,674.314,training/sps,41451.0389813022
13631488,674.314,training/walltime,380.3102786540985
13631488,674.314,training/entropy_loss,-0.10824095457792282
13631488,674.314,training/kl_mean,0.004597856197506189
13631488,674.314,training/learning_rate,0.0003000000142492354
13631488,674.314,training/policy_dist_max_loc,1.9999592304229736
13631488,674.314,training/policy_dist_max_std,3.3222224712371826
13631488,674.314,training/policy_dist_mean_loc,-0.10760229825973511
13631488,674.314,training/policy_dist_mean_std,0.8116021752357483
13631488,674.314,training/policy_dist_min_loc,-2.390258550643921
13631488,674.314,training/policy_dist_min_std,0.06611737608909607
13631488,674.314,training/policy_loss,-0.0007032060530036688
13631488,674.314,training/total_loss,4.191130638122559
13631488,674.314,training/v_loss,4.300074577331543
13631488,674.314,eval/episode_reward,361.8331298828125
13631488,674.314,eval/episode_reward/ctrl,-0.27032116055488586
13631488,674.314,eval/episode_reward/forward,386.7508544921875
13631488,674.314,eval/episode_reward/joint,-0.10251210629940033
13631488,674.314,eval/episode_reward/orient,-24.54473114013672
13631488,674.314,eval/episode_reward/total,361.8331298828125
13631488,674.314,eval/episode_state/forward_vel,27.8543758392334
13631488,674.314,eval/episode_state/up_z,956.445556640625
13631488,674.314,eval/episode_reward_std,130.01467895507812
13631488,674.314,eval/episode_reward/ctrl_std,0.00349735957570374
13631488,674.314,eval/episode_reward/forward_std,30.20547103881836
13631488,674.314,eval/episode_reward/joint_std,0.005691308993846178
13631488,674.314,eval/episode_reward/orient_std,124.7415542602539
13631488,674.314,eval/episode_reward/total_std,130.01467895507812
13631488,674.314,eval/episode_state/forward_vel_std,19.155654907226562
13631488,674.314,eval/episode_state/up_z_std,69.90557098388672
13631488,674.314,eval/avg_episode_length,1000.0
13631488,674.314,eval/std_episode_length,0.0
13631488,674.314,eval/epoch_eval_time,7.998488426208496
13631488,674.314,eval/sps,4000.7559297261973
14155776,686.875,episode/sps,25468.366937445153
14155776,686.875,episode/length,1000.0
14155776,686.875,episode/reward/ctrl,-0.26830030858516696
14155776,686.875,episode/reward/forward,381.82548950195314
14155776,686.875,episode/reward/joint,-0.10156451113522053
14155776,686.875,episode/reward/orient,-29.329415803551672
14155776,686.875,episode/reward/total,352.12616455078125
14155776,686.875,episode/state/forward_vel,24.799648476839067
14155776,686.875,episode/state/up_z,953.172573852539
14155776,686.875,episode/sum_reward,352.12616455078125
14155776,686.875,episode/entropy_loss,-0.10860750809311867
14155776,686.875,episode/kl_mean,0.004670561611419544
14155776,686.875,episode/learning_rate,0.0003000000142492354
14155776,686.875,episode/policy_dist_max_loc,1.96352175116539
14155776,686.875,episode/policy_dist_max_std,3.0443229246139527
14155776,686.875,episode/policy_dist_mean_loc,-0.1050664385408163
14155776,686.875,episode/policy_dist_mean_std,0.8083952671289444
14155776,686.875,episode/policy_dist_min_loc,-2.344506253004074
14155776,686.875,episode/policy_dist_min_std,0.0718007380142808
14155776,686.875,episode/policy_loss,-0.0009363366453908384
14155776,686.875,episode/total_loss,3.4029105043411256
14155776,686.875,episode/v_loss,3.512454355955124
14155776,694.963,eval/walltime,272.87128257751465
14155776,694.963,training/sps,41699.05003688971
14155776,694.963,training/walltime,392.88341879844666
14155776,694.963,training/entropy_loss,-0.10759536921977997
14155776,694.963,training/kl_mean,0.004967260640114546
14155776,694.963,training/learning_rate,0.0003000000142492354
14155776,694.963,training/policy_dist_max_loc,2.0036606788635254
14155776,694.963,training/policy_dist_max_std,2.9736180305480957
14155776,694.963,training/policy_dist_mean_loc,-0.10875017195940018
14155776,694.963,training/policy_dist_mean_std,0.818759560585022
14155776,694.963,training/policy_dist_min_loc,-2.350139856338501
14155776,694.963,training/policy_dist_min_std,0.07072882354259491
14155776,694.963,training/policy_loss,-0.00012592310667969286
14155776,694.963,training/total_loss,2.9235990047454834
14155776,694.963,training/v_loss,3.031320571899414
14155776,694.963,eval/episode_reward,366.81719970703125
14155776,694.963,eval/episode_reward/ctrl,-0.27196991443634033
14155776,694.963,eval/episode_reward/forward,398.37493896484375
14155776,694.963,eval/episode_reward/joint,-0.10334815084934235
14155776,694.963,eval/episode_reward/orient,-31.182382583618164
14155776,694.963,eval/episode_reward/total,366.81719970703125
14155776,694.963,eval/episode_state/forward_vel,35.30936050415039
14155776,694.963,eval/episode_state/up_z,950.6760864257812
14155776,694.963,eval/episode_reward_std,154.45843505859375
14155776,694.963,eval/episode_reward/ctrl_std,0.0027883241418749094
14155776,694.963,eval/episode_reward/forward_std,33.29828643798828
14155776,694.963,eval/episode_reward/joint_std,0.005130279343575239
14155776,694.963,eval/episode_reward/orient_std,148.7767791748047
14155776,694.963,eval/episode_reward/total_std,154.45843505859375
14155776,694.963,eval/episode_state/forward_vel_std,21.64621353149414
14155776,694.963,eval/episode_state/up_z_std,80.30022430419922
14155776,694.963,eval/avg_episode_length,1000.0
14155776,694.963,eval/std_episode_length,0.0
14155776,694.963,eval/epoch_eval_time,8.06007194519043
14155776,694.963,eval/sps,3970.1878863618454
14680064,707.529,episode/sps,25384.659577390983
14680064,707.529,episode/length,1000.0
14680064,707.529,episode/reward/ctrl,-0.27050281077623367
14680064,707.529,episode/reward/forward,392.5854431152344
14680064,707.529,episode/reward/joint,-0.10266179613769054
14680064,707.529,episode/reward/orient,-18.52686912238598
14680064,707.529,episode/reward/total,373.68537841796876
14680064,707.529,episode/state/forward_vel,31.22561713218689
14680064,707.529,episode/state/up_z,958.8767086791992
14680064,707.529,episode/sum_reward,373.68537841796876
14680064,707.529,episode/entropy_loss,-0.10756537914276124
14680064,707.529,episode/kl_mean,0.004522918730508536
14680064,707.529,episode/learning_rate,0.0003000000142492354
14680064,707.529,episode/policy_dist_max_loc,1.994787632226944
14680064,707.529,episode/policy_dist_max_std,3.041984007358551
14680064,707.529,episode/policy_dist_mean_loc,-0.10928523667156696
14680064,707.529,episode/policy_dist_mean_std,0.8175232487916947
14680064,707.529,episode/policy_dist_min_loc,-2.314848692417145
14680064,707.529,episode/policy_dist_min_std,0.07243519116193056
14680064,707.529,episode/policy_loss,-0.000615944070596015
14680064,707.529,episode/total_loss,3.3139125287532805
14680064,707.529,episode/v_loss,3.4220938634872438
14680064,715.562,eval/walltime,280.87726616859436
14680064,715.562,training/sps,41682.85922571619
14680064,715.562,training/walltime,405.4614427089691
14680064,715.562,training/entropy_loss,-0.1065918356180191
14680064,715.562,training/kl_mean,0.003946085926145315
14680064,715.562,training/learning_rate,0.0003000000142492354
14680064,715.562,training/policy_dist_max_loc,1.9846900701522827
14680064,715.562,training/policy_dist_max_std,2.830453872680664
14680064,715.562,training/policy_dist_mean_loc,-0.11250004172325134
14680064,715.562,training/policy_dist_mean_std,0.8246482014656067
14680064,715.562,training/policy_dist_min_loc,-2.194324016571045
14680064,715.562,training/policy_dist_min_std,0.07971657812595367
14680064,715.562,training/policy_loss,-0.0007316519622690976
14680064,715.562,training/total_loss,2.7522175312042236
14680064,715.562,training/v_loss,2.8595409393310547
14680064,715.562,eval/episode_reward,401.9585266113281
14680064,715.562,eval/episode_reward/ctrl,-0.2724188566207886
14680064,715.562,eval/episode_reward/forward,405.0908203125
14680064,715.562,eval/episode_reward/joint,-0.10330008715391159
14680064,715.562,eval/episode_reward/orient,-2.7565035820007324
14680064,715.562,eval/episode_reward/total,401.9585266113281
14680064,715.562,eval/episode_state/forward_vel,39.4173698425293
14680064,715.562,eval/episode_state/up_z,967.1192626953125
14680064,715.562,eval/episode_reward_std,27.64200782775879
14680064,715.562,eval/episode_reward/ctrl_std,0.0033411842305213213
14680064,715.562,eval/episode_reward/forward_std,27.589061737060547
14680064,715.562,eval/episode_reward/joint_std,0.005682460963726044
14680064,715.562,eval/episode_reward/orient_std,2.1902716159820557
14680064,715.562,eval/episode_reward/total_std,27.64200782775879
14680064,715.562,eval/episode_state/forward_vel_std,18.19487953186035
14680064,715.562,eval/episode_state/up_z_std,6.427713394165039
14680064,715.562,eval/avg_episode_length,1000.0
14680064,715.562,eval/std_episode_length,0.0
14680064,715.562,eval/epoch_eval_time,8.005983591079712
14680064,715.562,eval/sps,3997.01044049784
15204352,728.170,episode/sps,25399.83502509947
15204352,728.170,episode/length,1000.0
15204352,728.170,episode/reward/ctrl,-0.27281850695610044
15204352,728.170,episode/reward/forward,387.1533135986328
15204352,728.170,episode/reward/joint,-0.1040917120873928
15204352,728.170,episode/reward/orient,-28.705479489564894
15204352,728.170,episode/reward/total,358.07092651367185
15204352,728.170,episode/state/forward_vel,27.871560314893724
15204352,728.170,episode/state/up_z,952.0864475631714
15204352,728.170,episode/sum_reward,358.07092651367185
15204352,728.170,episode/entropy_loss,-0.10699304796755314
15204352,728.170,episode/kl_mean,0.0043407226027920845
15204352,728.170,episode/learning_rate,0.0003000000142492354
15204352,728.170,episode/policy_dist_max_loc,1.9893679857254027
15204352,728.170,episode/policy_dist_max_std,2.91560161113739
15204352,728.170,episode/policy_dist_mean_loc,-0.11169264949858189
15204352,728.170,episode/policy_dist_mean_std,0.8228391247987747
15204352,728.170,episode/policy_dist_min_loc,-2.252846779823303
15204352,728.170,episode/policy_dist_min_std,0.07458860669285058
15204352,728.170,episode/policy_loss,-0.0005855309072649107
15204352,728.170,episode/total_loss,2.3730583560466765
15204352,728.170,episode/v_loss,2.480636942982674
15204352,736.269,eval/walltime,288.9488549232483
15204352,736.269,training/sps,41545.488202065746
15204352,736.269,training/walltime,418.0810561180115
15204352,736.269,training/entropy_loss,-0.10661828517913818
15204352,736.269,training/kl_mean,0.0039216275326907635
15204352,736.269,training/learning_rate,0.0003000000142492354
15204352,736.269,training/policy_dist_max_loc,1.9812990427017212
15204352,736.269,training/policy_dist_max_std,2.9282822608947754
15204352,736.269,training/policy_dist_mean_loc,-0.11431884765625
15204352,736.269,training/policy_dist_mean_std,0.8265929818153381
15204352,736.269,training/policy_dist_min_loc,-2.2181296348571777
15204352,736.269,training/policy_dist_min_std,0.07315847277641296
15204352,736.269,training/policy_loss,-0.0008575026877224445
15204352,736.269,training/total_loss,1.1628915071487427
15204352,736.269,training/v_loss,1.2703672647476196
15204352,736.269,eval/episode_reward,393.5337219238281
15204352,736.269,eval/episode_reward/ctrl,-0.27472183108329773
15204352,736.269,eval/episode_reward/forward,396.3608703613281
15204352,736.269,eval/episode_reward/joint,-0.1047486662864685
15204352,736.269,eval/episode_reward/orient,-2.4476821422576904
15204352,736.269,eval/episode_reward/total,393.5337219238281
15204352,736.269,eval/episode_state/forward_vel,33.19841003417969
15204352,736.269,eval/episode_state/up_z,967.02099609375
15204352,736.269,eval/episode_reward_std,30.6275577545166
15204352,736.269,eval/episode_reward/ctrl_std,0.0032723871991038322
15204352,736.269,eval/episode_reward/forward_std,30.5289306640625
15204352,736.269,eval/episode_reward/joint_std,0.005573098547756672
15204352,736.269,eval/episode_reward/orient_std,2.657498598098755
15204352,736.269,eval/episode_reward/total_std,30.6275577545166
15204352,736.269,eval/episode_state/forward_vel_std,19.878381729125977
15204352,736.269,eval/episode_state/up_z_std,8.021159172058105
15204352,736.269,eval/avg_episode_length,1000.0
15204352,736.269,eval/std_episode_length,0.0
15204352,736.269,eval/epoch_eval_time,8.07158875465393
15204352,736.269,eval/sps,3964.5230911385797
15728640,748.861,episode/sps,25339.16329756764
15728640,748.861,episode/length,1000.0
15728640,748.861,episode/reward/ctrl,-0.27364723950624464
15728640,748.861,episode/reward/forward,394.1246856689453
15728640,748.861,episode/reward/joint,-0.10373342134058476
15728640,748.861,episode/reward/orient,-3.1303143215179445
15728640,748.861,episode/reward/total,390.617018737793
15728640,748.861,episode/state/forward_vel,32.5170509660244
15728640,748.861,episode/state/up_z,966.4683459472657
15728640,748.861,episode/sum_reward,390.617018737793
15728640,748.861,episode/entropy_loss,-0.10658028915524483
15728640,748.861,episode/kl_mean,0.004029631479643286
15728640,748.861,episode/learning_rate,0.0003000000142492354
15728640,748.861,episode/policy_dist_max_loc,2.015546053647995
15728640,748.861,episode/policy_dist_max_std,2.98046418428421
15728640,748.861,episode/policy_dist_mean_loc,-0.11375466868281364
15728640,748.861,episode/policy_dist_mean_std,0.8261287152767182
15728640,748.861,episode/policy_dist_min_loc,-2.2993787145614624
15728640,748.861,episode/policy_dist_min_std,0.07061191631481051
15728640,748.861,episode/policy_loss,-0.0009003643356845715
15728640,748.861,episode/total_loss,1.6422374540567397
15728640,748.861,episode/v_loss,1.7497181069850922
15728640,756.862,eval/walltime,296.9317820072174
15728640,756.862,training/sps,41614.08909003477
15728640,756.862,training/walltime,430.67986607551575
15728640,756.862,training/entropy_loss,-0.1063653975725174
15728640,756.862,training/kl_mean,0.003897689748555422
15728640,756.862,training/learning_rate,0.0003000000142492354
15728640,756.862,training/policy_dist_max_loc,2.0770554542541504
15728640,756.862,training/policy_dist_max_std,3.1918694972991943
15728640,756.862,training/policy_dist_mean_loc,-0.11541058868169785
15728640,756.862,training/policy_dist_mean_std,0.8282713294029236
15728640,756.862,training/policy_dist_min_loc,-2.462907314300537
15728640,756.862,training/policy_dist_min_std,0.05922715365886688
15728640,756.862,training/policy_loss,-0.0010815883288159966
15728640,756.862,training/total_loss,0.82047438621521
15728640,756.862,training/v_loss,0.9279214143753052
15728640,756.862,eval/episode_reward,403.2056884765625
15728640,756.862,eval/episode_reward/ctrl,-0.2758164405822754
15728640,756.862,eval/episode_reward/forward,406.6756591796875
15728640,756.862,eval/episode_reward/joint,-0.10602764040231705
15728640,756.862,eval/episode_reward/orient,-3.0882039070129395
15728640,756.862,eval/episode_reward/total,403.2056884765625
15728640,756.862,eval/episode_state/forward_vel,40.71525573730469
15728640,756.862,eval/episode_state/up_z,963.8885498046875
15728640,756.862,eval/episode_reward_std,31.578014373779297
15728640,756.862,eval/episode_reward/ctrl_std,0.003347855294123292
15728640,756.862,eval/episode_reward/forward_std,31.361003875732422
15728640,756.862,eval/episode_reward/joint_std,0.005822156090289354
15728640,756.862,eval/episode_reward/orient_std,2.261305570602417
15728640,756.862,eval/episode_reward/total_std,31.578014373779297
15728640,756.862,eval/episode_state/forward_vel_std,20.2326717376709
15728640,756.862,eval/episode_state/up_z_std,6.840109825134277
15728640,756.862,eval/avg_episode_length,1000.0
15728640,756.862,eval/std_episode_length,0.0
15728640,756.862,eval/epoch_eval_time,7.982927083969116
15728640,756.862,eval/sps,4008.5547147562797
16252928,769.376,episode/sps,25556.234207499085
16252928,769.376,episode/length,1000.0
16252928,769.376,episode/reward/ctrl,-0.2744479101896286
16252928,769.376,episode/reward/forward,397.8899670410156
16252928,769.376,episode/reward/joint,-0.1052208237349987
16252928,769.376,episode/reward/orient,-2.91003778219223
16252928,769.376,episode/reward/total,394.60027465820315
16252928,769.376,episode/state/forward_vel,34.804805345386264
16252928,769.376,episode/state/up_z,966.5410656738281
16252928,769.376,episode/sum_reward,394.60027465820315
16252928,769.376,episode/entropy_loss,-0.10624928250908852
16252928,769.376,episode/kl_mean,0.0037839632853865625
16252928,769.376,episode/learning_rate,0.0003000000142492354
16252928,769.376,episode/policy_dist_max_loc,2.095291097164154
16252928,769.376,episode/policy_dist_max_std,3.1164520502090456
16252928,769.376,episode/policy_dist_mean_loc,-0.11670145042240619
16252928,769.376,episode/policy_dist_mean_std,0.8289658284187317
16252928,769.376,episode/policy_dist_min_loc,-2.381577875614166
16252928,769.376,episode/policy_dist_min_std,0.06508388457819819
16252928,769.376,episode/policy_loss,-0.0008816540857515065
16252928,769.376,episode/total_loss,1.6050889921188354
16252928,769.376,episode/v_loss,1.7122199434041976
16252928,777.437,eval/walltime,304.9749917984009
16252928,777.437,training/sps,41874.536865226866
16252928,777.437,training/walltime,443.2003149986267
16252928,777.437,training/entropy_loss,-0.10573773086071014
16252928,777.437,training/kl_mean,0.0035765189677476883
16252928,777.437,training/learning_rate,0.0003000000142492354
16252928,777.437,training/policy_dist_max_loc,2.235623359680176
16252928,777.437,training/policy_dist_max_std,3.25767183303833
16252928,777.437,training/policy_dist_mean_loc,-0.12042434513568878
16252928,777.437,training/policy_dist_mean_std,0.8324031829833984
16252928,777.437,training/policy_dist_min_loc,-2.482701063156128
16252928,777.437,training/policy_dist_min_std,0.062024835497140884
16252928,777.437,training/policy_loss,-0.0005075199296697974
16252928,777.437,training/total_loss,2.6239004135131836
16252928,777.437,training/v_loss,2.7301456928253174
16252928,777.437,eval/episode_reward,399.989990234375
16252928,777.437,eval/episode_reward/ctrl,-0.27225369215011597
16252928,777.437,eval/episode_reward/forward,404.610595703125
16252928,777.437,eval/episode_reward/joint,-0.10377459228038788
16252928,777.437,eval/episode_reward/orient,-4.244598865509033
16252928,777.437,eval/episode_reward/total,399.989990234375
16252928,777.437,eval/episode_state/forward_vel,38.981536865234375
16252928,777.437,eval/episode_state/up_z,964.9842529296875
16252928,777.437,eval/episode_reward_std,30.308130264282227
16252928,777.437,eval/episode_reward/ctrl_std,0.0033871247433125973
16252928,777.437,eval/episode_reward/forward_std,29.736522674560547
16252928,777.437,eval/episode_reward/joint_std,0.0056862495839595795
16252928,777.437,eval/episode_reward/orient_std,6.806831359863281
16252928,777.437,eval/episode_reward/total_std,30.308130264282227
16252928,777.437,eval/episode_state/forward_vel_std,19.19354248046875
16252928,777.437,eval/episode_state/up_z_std,8.947196006774902
16252928,777.437,eval/avg_episode_length,1000.0
16252928,777.437,eval/std_episode_length,0.0
16252928,777.437,eval/epoch_eval_time,8.043209791183472
16252928,777.437,eval/sps,3978.5111703883017
16777216,789.915,episode/sps,25526.70566629334
16777216,789.915,episode/length,1000.0
16777216,789.915,episode/reward/ctrl,-0.2748223087191582
16777216,789.915,episode/reward/forward,408.1792678833008
16777216,789.915,episode/reward/joint,-0.10614184625446796
16777216,789.915,episode/reward/orient,-2.806380062699318
16777216,789.915,episode/reward/total,404.99190002441406
16777216,789.915,episode/state/forward_vel,41.38622065067291
16777216,789.915,episode/state/up_z,965.1630499267578
16777216,789.915,episode/sum_reward,404.99190002441406
16777216,789.915,episode/entropy_loss,-0.10635242313146591
16777216,789.915,episode/kl_mean,0.0037018915021326394
16777216,789.915,episode/learning_rate,0.0003000000142492354
16777216,789.915,episode/policy_dist_max_loc,2.133894830942154
16777216,789.915,episode/policy_dist_max_std,3.140655040740967
16777216,789.915,episode/policy_dist_mean_loc,-0.1172282025963068
16777216,789.915,episode/policy_dist_mean_std,0.8290708893537522
16777216,789.915,episode/policy_dist_min_loc,-2.423842043876648
16777216,789.915,episode/policy_dist_min_std,0.06285960970446468
16777216,789.915,episode/policy_loss,-0.0008980809007334755
16777216,789.915,episode/total_loss,1.6082554191350937
16777216,789.915,episode/v_loss,1.7155059397220611
16777216,797.873,eval/walltime,312.9152991771698
16777216,797.873,training/sps,41994.765310505994
16777216,797.873,training/walltime,455.68491864204407
16777216,797.873,training/entropy_loss,-0.10694342851638794
16777216,797.873,training/kl_mean,0.0036762321833521128
16777216,797.873,training/learning_rate,0.0003000000142492354
16777216,797.873,training/policy_dist_max_loc,2.10357666015625
16777216,797.873,training/policy_dist_max_std,2.9832937717437744
16777216,797.873,training/policy_dist_mean_loc,-0.11624053120613098
16777216,797.873,training/policy_dist_mean_std,0.8267391920089722
16777216,797.873,training/policy_dist_min_loc,-2.336836338043213
16777216,797.873,training/policy_dist_min_std,0.06701115518808365
16777216,797.873,training/policy_loss,-0.000927950139157474
16777216,797.873,training/total_loss,1.4449923038482666
16777216,797.873,training/v_loss,1.552863597869873
16777216,797.873,eval/episode_reward,401.33740234375
16777216,797.873,eval/episode_reward/ctrl,-0.2701079249382019
16777216,797.873,eval/episode_reward/forward,403.95849609375
16777216,797.873,eval/episode_reward/joint,-0.09778735786676407
16777216,797.873,eval/episode_reward/orient,-2.2531561851501465
16777216,797.873,eval/episode_reward/total,401.33740234375
16777216,797.873,eval/episode_state/forward_vel,38.554908752441406
16777216,797.873,eval/episode_state/up_z,968.313232421875
16777216,797.873,eval/episode_reward_std,29.104087829589844
16777216,797.873,eval/episode_reward/ctrl_std,0.0034446301870048046
16777216,797.873,eval/episode_reward/forward_std,28.963844299316406
16777216,797.873,eval/episode_reward/joint_std,0.00628098426386714
16777216,797.873,eval/episode_reward/orient_std,1.4230090379714966
16777216,797.873,eval/episode_reward/total_std,29.104087829589844
16777216,797.873,eval/episode_state/forward_vel_std,18.188127517700195
16777216,797.873,eval/episode_state/up_z_std,6.398308277130127
16777216,797.873,eval/avg_episode_length,1000.0
16777216,797.873,eval/std_episode_length,0.0
16777216,797.873,eval/epoch_eval_time,7.940307378768921
16777216,797.873,eval/sps,4030.0706853695297
17301504,810.311,episode/sps,25704.475237102
17301504,810.311,episode/length,1000.0
17301504,810.311,episode/reward/ctrl,-0.2719100424647331
17301504,810.311,episode/reward/forward,404.0393359375
17301504,810.311,episode/reward/joint,-0.10286780267953873
17301504,810.311,episode/reward/orient,-2.9006931549310684
17301504,810.311,episode/reward/total,400.76390838623047
17301504,810.311,episode/state/forward_vel,38.57227628111839
17301504,810.311,episode/state/up_z,966.3277288818359
17301504,810.311,episode/sum_reward,400.76390838623047
17301504,810.311,episode/entropy_loss,-0.10677130669355392
17301504,810.311,episode/kl_mean,0.0036716883012559267
17301504,810.311,episode/learning_rate,0.0003000000142492354
17301504,810.311,episode/policy_dist_max_loc,2.1319662916660307
17301504,810.311,episode/policy_dist_max_std,3.0056406259536743
17301504,810.311,episode/policy_dist_mean_loc,-0.11456041380763055
17301504,810.311,episode/policy_dist_mean_std,0.8270909547805786
17301504,810.311,episode/policy_dist_min_loc,-2.366777791976929
17301504,810.311,episode/policy_dist_min_std,0.06377430260181427
17301504,810.311,episode/policy_loss,-0.0010835493068589131
17301504,810.311,episode/total_loss,1.7200401908159255
17301504,810.311,episode/v_loss,1.8278950595855712
17301504,818.300,eval/walltime,320.88602471351624
17301504,818.300,training/sps,42129.920164204945
17301504,818.300,training/walltime,468.1294710636139
17301504,818.300,training/entropy_loss,-0.10771171748638153
17301504,818.300,training/kl_mean,0.003621513955295086
17301504,818.300,training/learning_rate,0.0003000000142492354
17301504,818.300,training/policy_dist_max_loc,2.060810089111328
17301504,818.300,training/policy_dist_max_std,2.7468180656433105
17301504,818.300,training/policy_dist_mean_loc,-0.10686512291431427
17301504,818.300,training/policy_dist_mean_std,0.8218621015548706
17301504,818.300,training/policy_dist_min_loc,-2.26814603805542
17301504,818.300,training/policy_dist_min_std,0.06273569166660309
17301504,818.300,training/policy_loss,-0.0016850798856467009
17301504,818.300,training/total_loss,1.217940330505371
17301504,818.300,training/v_loss,1.3273371458053589
17301504,818.300,eval/episode_reward,413.42047119140625
17301504,818.300,eval/episode_reward/ctrl,-0.2716781497001648
17301504,818.300,eval/episode_reward/forward,415.77789306640625
17301504,818.300,eval/episode_reward/joint,-0.10084875673055649
17301504,818.300,eval/episode_reward/orient,-1.9849226474761963
17301504,818.300,eval/episode_reward/total,413.42047119140625
17301504,818.300,eval/episode_state/forward_vel,46.063716888427734
17301504,818.300,eval/episode_state/up_z,967.36181640625
17301504,818.300,eval/episode_reward_std,35.196197509765625
17301504,818.300,eval/episode_reward/ctrl_std,0.004111035726964474
17301504,818.300,eval/episode_reward/forward_std,35.18266296386719
17301504,818.300,eval/episode_reward/joint_std,0.005079192575067282
17301504,818.300,eval/episode_reward/orient_std,0.8075524568557739
17301504,818.300,eval/episode_reward/total_std,35.196197509765625
17301504,818.300,eval/episode_state/forward_vel_std,22.671581268310547
17301504,818.300,eval/episode_state/up_z_std,5.37836217880249
17301504,818.300,eval/avg_episode_length,1000.0
17301504,818.300,eval/std_episode_length,0.0
17301504,818.300,eval/epoch_eval_time,7.9707255363464355
17301504,818.300,eval/sps,4014.690990685891
17825792,830.691,episode/sps,25726.206987374095
17825792,830.691,episode/length,1000.0
17825792,830.691,episode/reward/ctrl,-0.271495977640152
17825792,830.691,episode/reward/forward,401.19190399169923
17825792,830.691,episode/reward/joint,-0.10115180440247058
17825792,830.691,episode/reward/orient,-3.014873321056366
17825792,830.691,episode/reward/total,397.80436614990236
17825792,830.691,episode/state/forward_vel,36.644912043958904
17825792,830.691,episode/state/up_z,966.1311999511719
17825792,830.691,episode/sum_reward,397.80436614990236
17825792,830.691,episode/entropy_loss,-0.10747922115027904
17825792,830.691,episode/kl_mean,0.0036904109094757585
17825792,830.691,episode/learning_rate,0.0003000000142492354
17825792,830.691,episode/policy_dist_max_loc,2.0798262655735016
17825792,830.691,episode/policy_dist_max_std,2.8411113023757935
17825792,830.691,episode/policy_dist_mean_loc,-0.11094112232327462
17825792,830.691,episode/policy_dist_mean_std,0.8237481248378754
17825792,830.691,episode/policy_dist_min_loc,-2.3496879529953003
17825792,830.691,episode/policy_dist_min_std,0.06384293064475059
17825792,830.691,episode/policy_loss,-0.0011451503237185534
17825792,830.691,episode/total_loss,1.7259067261219025
17825792,830.691,episode/v_loss,1.8345310866832734
17825792,838.606,eval/walltime,328.783287525177
17825792,838.606,training/sps,42291.192485009575
17825792,838.606,training/walltime,480.526567697525
17825792,838.606,training/entropy_loss,-0.10797734558582306
17825792,838.606,training/kl_mean,0.00370924174785614
17825792,838.606,training/learning_rate,0.0003000000142492354
17825792,838.606,training/policy_dist_max_loc,2.0737414360046387
17825792,838.606,training/policy_dist_max_std,2.7473411560058594
17825792,838.606,training/policy_dist_mean_loc,-0.10858838260173798
17825792,838.606,training/policy_dist_mean_std,0.8216620683670044
17825792,838.606,training/policy_dist_min_loc,-2.4289019107818604
17825792,838.606,training/policy_dist_min_std,0.06359761208295822
17825792,838.606,training/policy_loss,-0.0007646369631402194
17825792,838.606,training/total_loss,2.3851523399353027
17825792,838.606,training/v_loss,2.493894577026367
17825792,838.606,eval/episode_reward,371.0032653808594
17825792,838.606,eval/episode_reward/ctrl,-0.2721279263496399
17825792,838.606,eval/episode_reward/forward,399.4707336425781
17825792,838.606,eval/episode_reward/joint,-0.09992936253547668
17825792,838.606,eval/episode_reward/orient,-28.095415115356445
17825792,838.606,eval/episode_reward/total,371.0032653808594
17825792,838.606,eval/episode_state/forward_vel,36.10918426513672
17825792,838.606,eval/episode_state/up_z,954.5720825195312
17825792,838.606,eval/episode_reward_std,164.67221069335938
17825792,838.606,eval/episode_reward/ctrl_std,0.002597855171188712
17825792,838.606,eval/episode_reward/forward_std,38.67091751098633
17825792,838.606,eval/episode_reward/joint_std,0.005667064804583788
17825792,838.606,eval/episode_reward/orient_std,145.8350372314453
17825792,838.606,eval/episode_reward/total_std,164.67221069335938
17825792,838.606,eval/episode_state/forward_vel_std,24.42851448059082
17825792,838.606,eval/episode_state/up_z_std,80.2061538696289
17825792,838.606,eval/avg_episode_length,1000.0
17825792,838.606,eval/std_episode_length,0.0
17825792,838.606,eval/epoch_eval_time,7.897262811660767
17825792,838.606,eval/sps,4052.0368592457307
18350080,851.096,episode/sps,25694.461179576843
18350080,851.096,episode/length,1000.0
18350080,851.096,episode/reward/ctrl,-0.27123187512159347
18350080,851.096,episode/reward/forward,411.91531158447265
18350080,851.096,episode/reward/joint,-0.1009945473074913
18350080,851.096,episode/reward/orient,-3.071081866621971
18350080,851.096,episode/reward/total,408.4720162963867
18350080,851.096,episode/state/forward_vel,44.50944779872894
18350080,851.096,episode/state/up_z,966.0821240234375
18350080,851.096,episode/sum_reward,408.4720162963867
18350080,851.096,episode/entropy_loss,-0.10788579627871514
18350080,851.096,episode/kl_mean,0.0032758587267016992
18350080,851.096,episode/learning_rate,0.0003000000142492354
18350080,851.096,episode/policy_dist_max_loc,2.0650170063972473
18350080,851.096,episode/policy_dist_max_std,2.7519554710388183
18350080,851.096,episode/policy_dist_mean_loc,-0.10791982740163802
18350080,851.096,episode/policy_dist_mean_std,0.8219614708423615
18350080,851.096,episode/policy_dist_min_loc,-2.41043177485466
18350080,851.096,episode/policy_dist_min_std,0.06546354431658984
18350080,851.096,episode/policy_loss,-0.0010445385075581726
18350080,851.096,episode/total_loss,2.2861715114116667
18350080,851.096,episode/v_loss,2.395101821422577
18350080,859.086,eval/walltime,336.75597381591797
18350080,859.086,training/sps,41956.706851799296
18350080,859.086,training/walltime,493.0224959850311
18350080,859.086,training/entropy_loss,-0.10811612010002136
18350080,859.086,training/kl_mean,0.002457908820360899
18350080,859.086,training/learning_rate,0.0003000000142492354
18350080,859.086,training/policy_dist_max_loc,2.0585849285125732
18350080,859.086,training/policy_dist_max_std,2.7153756618499756
18350080,859.086,training/policy_dist_mean_loc,-0.10736960172653198
18350080,859.086,training/policy_dist_mean_std,0.8214832544326782
18350080,859.086,training/policy_dist_min_loc,-2.52661395072937
18350080,859.086,training/policy_dist_min_std,0.07027794420719147
18350080,859.086,training/policy_loss,-0.0005456713261082768
18350080,859.086,training/total_loss,3.311325788497925
18350080,859.086,training/v_loss,3.419987678527832
18350080,859.086,eval/episode_reward,409.86090087890625
18350080,859.086,eval/episode_reward/ctrl,-0.27067235112190247
18350080,859.086,eval/episode_reward/forward,412.5248107910156
18350080,859.086,eval/episode_reward/joint,-0.09596274048089981
18350080,859.086,eval/episode_reward/orient,-2.2973060607910156
18350080,859.086,eval/episode_reward/total,409.86090087890625
18350080,859.086,eval/episode_state/forward_vel,44.34149932861328
18350080,859.086,eval/episode_state/up_z,968.925048828125
18350080,859.086,eval/episode_reward_std,33.51217269897461
18350080,859.086,eval/episode_reward/ctrl_std,0.002926351735368371
18350080,859.086,eval/episode_reward/forward_std,32.95087814331055
18350080,859.086,eval/episode_reward/joint_std,0.004793798550963402
18350080,859.086,eval/episode_reward/orient_std,2.49143385887146
18350080,859.086,eval/episode_reward/total_std,33.51217269897461
18350080,859.086,eval/episode_state/forward_vel_std,21.28790283203125
18350080,859.086,eval/episode_state/up_z_std,8.305874824523926
18350080,859.086,eval/avg_episode_length,1000.0
18350080,859.086,eval/std_episode_length,0.0
18350080,859.086,eval/epoch_eval_time,7.972686290740967
18350080,859.086,eval/sps,4013.7036417904733
18874368,871.537,episode/sps,25648.4618920749
18874368,871.537,episode/length,1000.0
18874368,871.537,episode/reward/ctrl,-0.2711383485794067
18874368,871.537,episode/reward/forward,410.2850146484375
18874368,871.537,episode/reward/joint,-0.09911828592419625
18874368,871.537,episode/reward/orient,-3.2916659724712374
18874368,871.537,episode/reward/total,406.62310180664065
18874368,871.537,episode/state/forward_vel,43.64421577982605
18874368,871.537,episode/state/up_z,966.5428942871093
18874368,871.537,episode/sum_reward,406.62310180664065
18874368,871.537,episode/entropy_loss,-0.10820608489215373
18874368,871.537,episode/kl_mean,0.003341122783604078
18874368,871.537,episode/learning_rate,0.0003000000142492354
18874368,871.537,episode/policy_dist_max_loc,2.052841178178787
18874368,871.537,episode/policy_dist_max_std,2.777600107192993
18874368,871.537,episode/policy_dist_mean_loc,-0.10641541853547096
18874368,871.537,episode/policy_dist_mean_std,0.8207665687799454
18874368,871.537,episode/policy_dist_min_loc,-2.5190888690948485
18874368,871.537,episode/policy_dist_min_std,0.0634933478757739
18874368,871.537,episode/policy_loss,-0.000924723739590263
18874368,871.537,episode/total_loss,2.7019851213693618
18874368,871.537,episode/v_loss,2.8111159127950667
18874368,879.437,eval/walltime,344.6382563114166
18874368,879.437,training/sps,42085.554598147486
18874368,879.437,training/walltime,505.48016715049744
18874368,879.437,training/entropy_loss,-0.10860177874565125
18874368,879.437,training/kl_mean,0.0037505710497498512
18874368,879.437,training/learning_rate,0.0003000000142492354
18874368,879.437,training/policy_dist_max_loc,2.025073289871216
18874368,879.437,training/policy_dist_max_std,2.870957136154175
18874368,879.437,training/policy_dist_mean_loc,-0.10309772938489914
18874368,879.437,training/policy_dist_mean_std,0.8188455104827881
18874368,879.437,training/policy_dist_min_loc,-2.627882957458496
18874368,879.437,training/policy_dist_min_std,0.05683836340904236
18874368,879.437,training/policy_loss,-0.001222431194037199
18874368,879.437,training/total_loss,2.571592330932617
18874368,879.437,training/v_loss,2.6814165115356445
18874368,879.437,eval/episode_reward,407.27325439453125
18874368,879.437,eval/episode_reward/ctrl,-0.2711666226387024
18874368,879.437,eval/episode_reward/forward,409.5135498046875
18874368,879.437,eval/episode_reward/joint,-0.09663977473974228
18874368,879.437,eval/episode_reward/orient,-1.8724467754364014
18874368,879.437,eval/episode_reward/total,407.27325439453125
18874368,879.437,eval/episode_state/forward_vel,42.600257873535156
18874368,879.437,eval/episode_state/up_z,971.117919921875
18874368,879.437,eval/episode_reward_std,31.03318977355957
18874368,879.437,eval/episode_reward/ctrl_std,0.0048447647131979465
18874368,879.437,eval/episode_reward/forward_std,31.010332107543945
18874368,879.437,eval/episode_reward/joint_std,0.008419905789196491
18874368,879.437,eval/episode_reward/orient_std,0.8457675576210022
18874368,879.437,eval/episode_reward/total_std,31.03318977355957
18874368,879.437,eval/episode_state/forward_vel_std,20.352642059326172
18874368,879.437,eval/episode_state/up_z_std,3.938514232635498
18874368,879.437,eval/avg_episode_length,1000.0
18874368,879.437,eval/std_episode_length,0.0
18874368,879.437,eval/epoch_eval_time,7.882282495498657
18874368,879.437,eval/sps,4059.737774974986
19398656,891.842,episode/sps,25820.772556261134
19398656,891.842,episode/length,1000.0
19398656,891.842,episode/reward/ctrl,-0.2701105776429176
19398656,891.842,episode/reward/forward,406.0712257385254
19398656,891.842,episode/reward/joint,-0.09640924893319607
19398656,891.842,episode/reward/orient,-3.3977246832847596
19398656,891.842,episode/reward/total,402.30700256347654
19398656,891.842,episode/state/forward_vel,40.32121147930622
19398656,891.842,episode/state/up_z,967.4140692138672
19398656,891.842,episode/sum_reward,402.30700256347654
19398656,891.842,episode/entropy_loss,-0.10825609251856803
19398656,891.842,episode/kl_mean,0.003032140305149369
19398656,891.842,episode/learning_rate,0.0003000000142492354
19398656,891.842,episode/policy_dist_max_loc,2.0807157301902772
19398656,891.842,episode/policy_dist_max_std,2.7805239295959474
19398656,891.842,episode/policy_dist_mean_loc,-0.10494504429399967
19398656,891.842,episode/policy_dist_mean_std,0.8199243301153183
19398656,891.842,episode/policy_dist_min_loc,-2.532535376548767
19398656,891.842,episode/policy_dist_min_std,0.06172830186784267
19398656,891.842,episode/policy_loss,-0.000832206705090357
19398656,891.842,episode/total_loss,3.0054020041227343
19398656,891.842,episode/v_loss,3.114490283727646
19398656,899.771,eval/walltime,352.5497055053711
19398656,899.771,training/sps,42242.76747312104
19398656,899.771,training/walltime,517.8914752006531
19398656,899.771,training/entropy_loss,-0.10807865858078003
19398656,899.771,training/kl_mean,0.0026302821934223175
19398656,899.771,training/learning_rate,0.0003000000142492354
19398656,899.771,training/policy_dist_max_loc,2.1582255363464355
19398656,899.771,training/policy_dist_max_std,2.740701913833618
19398656,899.771,training/policy_dist_mean_loc,-0.10385756939649582
19398656,899.771,training/policy_dist_mean_std,0.8190957903862
19398656,899.771,training/policy_dist_min_loc,-2.451538562774658
19398656,899.771,training/policy_dist_min_std,0.0577591210603714
19398656,899.771,training/policy_loss,-0.0007075605681166053
19398656,899.771,training/total_loss,3.280364513397217
19398656,899.771,training/v_loss,3.389150381088257
19398656,899.771,eval/episode_reward,407.3354797363281
19398656,899.771,eval/episode_reward/ctrl,-0.2703849971294403
19398656,899.771,eval/episode_reward/forward,410.117431640625
19398656,899.771,eval/episode_reward/joint,-0.09308181703090668
19398656,899.771,eval/episode_reward/orient,-2.418504238128662
19398656,899.771,eval/episode_reward/total,407.3354797363281
19398656,899.771,eval/episode_state/forward_vel,43.054847717285156
19398656,899.771,eval/episode_state/up_z,969.19921875
19398656,899.771,eval/episode_reward_std,33.189735412597656
19398656,899.771,eval/episode_reward/ctrl_std,0.0037196059711277485
19398656,899.771,eval/episode_reward/forward_std,31.80483627319336
19398656,899.771,eval/episode_reward/joint_std,0.005755866877734661
19398656,899.771,eval/episode_reward/orient_std,2.544583559036255
19398656,899.771,eval/episode_reward/total_std,33.189735412597656
19398656,899.771,eval/episode_state/forward_vel_std,20.920000076293945
19398656,899.771,eval/episode_state/up_z_std,7.301283836364746
19398656,899.771,eval/avg_episode_length,1000.0
19398656,899.771,eval/std_episode_length,0.0
19398656,899.771,eval/epoch_eval_time,7.911449193954468
19398656,899.771,eval/sps,4044.7709661654394
19922944,912.119,episode/sps,25855.60305707512
19922944,912.119,episode/length,1000.0
19922944,912.119,episode/reward/ctrl,-0.27047983288764954
19922944,912.119,episode/reward/forward,412.61994995117186
19922944,912.119,episode/reward/joint,-0.09564381428062915
19922944,912.119,episode/reward/orient,-2.3620231240987777
19922944,912.119,episode/reward/total,409.89177978515625
19922944,912.119,episode/state/forward_vel,44.868487803936006
19922944,912.119,episode/state/up_z,971.0272576904297
19922944,912.119,episode/sum_reward,409.89177978515625
19922944,912.119,episode/entropy_loss,-0.10837194554507733
19922944,912.119,episode/kl_mean,0.003139896927168593
19922944,912.119,episode/learning_rate,0.0003000000142492354
19922944,912.119,episode/policy_dist_max_loc,2.1055985891819002
19922944,912.119,episode/policy_dist_max_std,2.7754971766471863
19922944,912.119,episode/policy_dist_mean_loc,-0.10242623709142208
19922944,912.119,episode/policy_dist_mean_std,0.8189366692304612
19922944,912.119,episode/policy_dist_min_loc,-2.601372561454773
19922944,912.119,episode/policy_dist_min_std,0.05717534441500902
19922944,912.119,episode/policy_loss,-0.0008677018129674252
19922944,912.119,episode/total_loss,3.154012057185173
19922944,912.119,episode/v_loss,3.26325170814991
19922944,920.021,eval/walltime,360.4335033893585
19922944,920.021,training/sps,42436.82148581146
19922944,920.021,training/walltime,530.2460291385651
19922944,920.021,training/entropy_loss,-0.10844597220420837
19922944,920.021,training/kl_mean,0.002855119062587619
19922944,920.021,training/learning_rate,0.0003000000142492354
19922944,920.021,training/policy_dist_max_loc,2.1446402072906494
19922944,920.021,training/policy_dist_max_std,2.7199864387512207
19922944,920.021,training/policy_dist_mean_loc,-0.09988605231046677
19922944,920.021,training/policy_dist_mean_std,0.8185756206512451
19922944,920.021,training/policy_dist_min_loc,-2.7222647666931152
19922944,920.021,training/policy_dist_min_std,0.05597871541976929
19922944,920.021,training/policy_loss,-0.0006130404653958976
19922944,920.021,training/total_loss,3.5902364253997803
19922944,920.021,training/v_loss,3.6992955207824707
19922944,920.021,eval/episode_reward,424.03802490234375
19922944,920.021,eval/episode_reward/ctrl,-0.27091360092163086
19922944,920.021,eval/episode_reward/forward,426.9225769042969
19922944,920.021,eval/episode_reward/joint,-0.09458344429731369
19922944,920.021,eval/episode_reward/orient,-2.519007444381714
19922944,920.021,eval/episode_reward/total,424.03802490234375
19922944,920.021,eval/episode_state/forward_vel,54.57951354980469
19922944,920.021,eval/episode_state/up_z,971.6848754882812
19922944,920.021,eval/episode_reward_std,26.771677017211914
19922944,920.021,eval/episode_reward/ctrl_std,0.0037781742867082357
19922944,920.021,eval/episode_reward/forward_std,26.218351364135742
19922944,920.021,eval/episode_reward/joint_std,0.00670549226924777
19922944,920.021,eval/episode_reward/orient_std,4.173608303070068
19922944,920.021,eval/episode_reward/total_std,26.771677017211914
19922944,920.021,eval/episode_state/forward_vel_std,18.232479095458984
19922944,920.021,eval/episode_state/up_z_std,7.099684715270996
19922944,920.021,eval/avg_episode_length,1000.0
19922944,920.021,eval/std_episode_length,0.0
19922944,920.021,eval/epoch_eval_time,7.883797883987427
19922944,920.021,eval/sps,4058.9574302753695
20447232,932.438,episode/sps,25803.68480783481
20447232,932.438,episode/length,1000.0
20447232,932.438,episode/reward/ctrl,-0.2705157196521759
20447232,932.438,episode/reward/forward,416.17847671508787
20447232,932.438,episode/reward/joint,-0.09504044383764267
20447232,932.438,episode/reward/orient,-18.49480264008045
20447232,932.438,episode/reward/total,397.3180465698242
20447232,932.438,episode/state/forward_vel,47.33602422714233
20447232,932.438,episode/state/up_z,961.1755322265625
20447232,932.438,episode/sum_reward,397.3180465698242
20447232,932.438,episode/entropy_loss,-0.10823593899607659
20447232,932.438,episode/kl_mean,0.0029784814338199793
20447232,932.438,episode/learning_rate,0.0003000000142492354
20447232,932.438,episode/policy_dist_max_loc,2.169511172771454
20447232,932.438,episode/policy_dist_max_std,2.7151714181900024
20447232,932.438,episode/policy_dist_mean_loc,-0.10004186898469924
20447232,932.438,episode/policy_dist_mean_std,0.819093861579895
20447232,932.438,episode/policy_dist_min_loc,-2.6540856945514677
20447232,932.438,episode/policy_dist_min_std,0.054841830264776945
20447232,932.438,episode/policy_loss,-0.0009404358542815317
20447232,932.438,episode/total_loss,2.9592190957069398
20447232,932.438,episode/v_loss,3.0683954709768297
20447232,940.387,eval/walltime,368.36474347114563
20447232,940.387,training/sps,42202.44892813054
20447232,940.387,training/walltime,542.6691944599152
20447232,940.387,training/entropy_loss,-0.1081719920039177
20447232,940.387,training/kl_mean,0.0033328449353575706
20447232,940.387,training/learning_rate,0.0003000000142492354
20447232,940.387,training/policy_dist_max_loc,2.222609043121338
20447232,940.387,training/policy_dist_max_std,2.6925551891326904
20447232,940.387,training/policy_dist_mean_loc,-0.09574500471353531
20447232,940.387,training/policy_dist_mean_std,0.8195216655731201
20447232,940.387,training/policy_dist_min_loc,-2.8054676055908203
20447232,940.387,training/policy_dist_min_std,0.050648391246795654
20447232,940.387,training/policy_loss,-0.0013452454004436731
20447232,940.387,training/total_loss,1.9941669702529907
20447232,940.387,training/v_loss,2.103684186935425
20447232,940.387,eval/episode_reward,426.45330810546875
20447232,940.387,eval/episode_reward/ctrl,-0.272689551115036
20447232,940.387,eval/episode_reward/forward,428.98968505859375
20447232,940.387,eval/episode_reward/joint,-0.0963154286146164
20447232,940.387,eval/episode_reward/orient,-2.167337656021118
20447232,940.387,eval/episode_reward/total,426.45330810546875
20447232,940.387,eval/episode_state/forward_vel,56.31330871582031
20447232,940.387,eval/episode_state/up_z,969.0956420898438
20447232,940.387,eval/episode_reward_std,25.184707641601562
20447232,940.387,eval/episode_reward/ctrl_std,0.004225589334964752
20447232,940.387,eval/episode_reward/forward_std,25.052047729492188
20447232,940.387,eval/episode_reward/joint_std,0.0074868169613182545
20447232,940.387,eval/episode_reward/orient_std,1.6364761590957642
20447232,940.387,eval/episode_reward/total_std,25.184707641601562
20447232,940.387,eval/episode_state/forward_vel_std,17.641756057739258
20447232,940.387,eval/episode_state/up_z_std,6.835781097412109
20447232,940.387,eval/avg_episode_length,1000.0
20447232,940.387,eval/std_episode_length,0.0
20447232,940.387,eval/epoch_eval_time,7.931240081787109
20447232,940.387,eval/sps,4034.6780163020344
20971520,952.862,episode/sps,25669.641124531045
20971520,952.862,episode/length,1000.0
20971520,952.862,episode/reward/ctrl,-0.27011617958545686
20971520,952.862,episode/reward/forward,411.41317657470705
20971520,952.862,episode/reward/joint,-0.09171983823180199
20971520,952.862,episode/reward/orient,-3.2483832013607024
20971520,952.862,episode/reward/total,407.8029449462891
20971520,952.862,episode/state/forward_vel,43.726670057475566
20971520,952.862,episode/state/up_z,970.095171508789
20971520,952.862,episode/sum_reward,407.8029449462891
20971520,952.862,episode/entropy_loss,-0.10799136720597743
20971520,952.862,episode/kl_mean,0.00316880309372209
20971520,952.862,episode/learning_rate,0.0003000000142492354
20971520,952.862,episode/policy_dist_max_loc,2.1785687947273256
20971520,952.862,episode/policy_dist_max_std,2.711076169013977
20971520,952.862,episode/policy_dist_mean_loc,-0.09925948940217495
20971520,952.862,episode/policy_dist_mean_std,0.8203664582967758
20971520,952.862,episode/policy_dist_min_loc,-2.7042525744438173
20971520,952.862,episode/policy_dist_min_std,0.052643768284469844
20971520,952.862,episode/policy_loss,-0.0010166089594713411
20971520,952.862,episode/total_loss,2.773839678168297
20971520,952.862,episode/v_loss,2.8828476709127426
20971520,960.771,eval/walltime,376.2560706138611
20971520,960.771,training/sps,42004.0887282007
20971520,960.771,training/walltime,555.1510269641876
20971520,960.771,training/entropy_loss,-0.10736976563930511
20971520,960.771,training/kl_mean,0.003258427605032921
20971520,960.771,training/learning_rate,0.0003000000142492354
20971520,960.771,training/policy_dist_max_loc,2.1667587757110596
20971520,960.771,training/policy_dist_max_std,2.6972622871398926
20971520,960.771,training/policy_dist_mean_loc,-0.10170853137969971
20971520,960.771,training/policy_dist_mean_std,0.8230233788490295
20971520,960.771,training/policy_dist_min_loc,-2.5877625942230225
20971520,960.771,training/policy_dist_min_std,0.05046838894486427
20971520,960.771,training/policy_loss,-0.000977617222815752
20971520,960.771,training/total_loss,2.6092605590820312
20971520,960.771,training/v_loss,2.7176077365875244
20971520,960.771,eval/episode_reward,412.37762451171875
20971520,960.771,eval/episode_reward/ctrl,-0.2730496823787689
20971520,960.771,eval/episode_reward/forward,417.8265075683594
20971520,960.771,eval/episode_reward/joint,-0.09656603634357452
20971520,960.771,eval/episode_reward/orient,-5.0792412757873535
20971520,960.771,eval/episode_reward/total,412.37762451171875
20971520,960.771,eval/episode_state/forward_vel,48.21577072143555
20971520,960.771,eval/episode_state/up_z,966.0679931640625
20971520,960.771,eval/episode_reward_std,41.98121643066406
20971520,960.771,eval/episode_reward/ctrl_std,0.0031940124463289976
20971520,960.771,eval/episode_reward/forward_std,38.47077560424805
20971520,960.771,eval/episode_reward/joint_std,0.005959001369774342
20971520,960.771,eval/episode_reward/orient_std,10.610301971435547
20971520,960.771,eval/episode_reward/total_std,41.98121643066406
20971520,960.771,eval/episode_state/forward_vel_std,24.952014923095703
20971520,960.771,eval/episode_state/up_z_std,12.728635787963867
20971520,960.771,eval/avg_episode_length,1000.0
20971520,960.771,eval/std_episode_length,0.0
20971520,960.771,eval/epoch_eval_time,7.891327142715454
20971520,960.771,eval/sps,4055.084705180351
21495808,973.230,episode/sps,25740.8472206781
21495808,973.230,episode/length,1000.0
21495808,973.230,episode/reward/ctrl,-0.27241392970085143
21495808,973.230,episode/reward/forward,415.36400329589844
21495808,973.230,episode/reward/joint,-0.09550666652619838
21495808,973.230,episode/reward/orient,-3.1320514088869094
21495808,973.230,episode/reward/total,411.8640153503418
21495808,973.230,episode/state/forward_vel,46.95286761045456
21495808,973.230,episode/state/up_z,969.2231164550781
21495808,973.230,episode/sum_reward,411.8640153503418
21495808,973.230,episode/entropy_loss,-0.10754471480846405
21495808,973.230,episode/kl_mean,0.0035172425117343665
21495808,973.230,episode/learning_rate,0.0003000000142492354
21495808,973.230,episode/policy_dist_max_loc,2.177792706489563
21495808,973.230,episode/policy_dist_max_std,2.7282549571990966
21495808,973.230,episode/policy_dist_mean_loc,-0.10031668521463871
21495808,973.230,episode/policy_dist_mean_std,0.8221014702320099
21495808,973.230,episode/policy_dist_min_loc,-2.672918887138367
21495808,973.230,episode/policy_dist_min_std,0.050062819849699736
21495808,973.230,episode/policy_loss,-0.0012593373582058121
21495808,973.230,episode/total_loss,2.361918486356735
21495808,973.230,episode/v_loss,2.4707225507497785
21495808,981.186,eval/walltime,384.1943464279175
21495808,981.186,training/sps,42059.434105804656
21495808,981.186,training/walltime,567.6164348125458
21495808,981.186,training/entropy_loss,-0.1069914698600769
21495808,981.186,training/kl_mean,0.003907277248799801
21495808,981.186,training/learning_rate,0.0003000000142492354
21495808,981.186,training/policy_dist_max_loc,2.1435258388519287
21495808,981.186,training/policy_dist_max_std,2.812333822250366
21495808,981.186,training/policy_dist_mean_loc,-0.10352976620197296
21495808,981.186,training/policy_dist_mean_std,0.8241044282913208
21495808,981.186,training/policy_dist_min_loc,-2.6049964427948
21495808,981.186,training/policy_dist_min_std,0.04813597351312637
21495808,981.186,training/policy_loss,-0.0014067554147914052
21495808,981.186,training/total_loss,2.3051748275756836
21495808,981.186,training/v_loss,2.4135730266571045
21495808,981.186,eval/episode_reward,417.23358154296875
21495808,981.186,eval/episode_reward/ctrl,-0.2730478048324585
21495808,981.186,eval/episode_reward/forward,419.830322265625
21495808,981.186,eval/episode_reward/joint,-0.09524871408939362
21495808,981.186,eval/episode_reward/orient,-2.228437662124634
21495808,981.186,eval/episode_reward/total,417.23358154296875
21495808,981.186,eval/episode_state/forward_vel,49.958900451660156
21495808,981.186,eval/episode_state/up_z,971.5972900390625
21495808,981.186,eval/episode_reward_std,38.44676208496094
21495808,981.186,eval/episode_reward/ctrl_std,0.005328014958649874
21495808,981.186,eval/episode_reward/forward_std,38.7768440246582
21495808,981.186,eval/episode_reward/joint_std,0.006089769769459963
21495808,981.186,eval/episode_reward/orient_std,2.267110586166382
21495808,981.186,eval/episode_reward/total_std,38.44676208496094
21495808,981.186,eval/episode_state/forward_vel_std,24.70513153076172
21495808,981.186,eval/episode_state/up_z_std,5.594051361083984
21495808,981.186,eval/avg_episode_length,1000.0
21495808,981.186,eval/std_episode_length,0.0
21495808,981.186,eval/epoch_eval_time,7.9382758140563965
21495808,981.186,eval/sps,4031.1020616513765
22020096,993.816,episode/sps,25468.028615613643
22020096,993.816,episode/length,1000.0
22020096,993.816,episode/reward/ctrl,-0.27325101375579836
22020096,993.816,episode/reward/forward,426.75270751953127
22020096,993.816,episode/reward/joint,-0.09872607745230198
22020096,993.816,episode/reward/orient,-2.0966567075252533
22020096,993.816,episode/reward/total,424.28407501220704
22020096,993.816,episode/state/forward_vel,54.72616529464722
22020096,993.816,episode/state/up_z,972.1576330566406
22020096,993.816,episode/sum_reward,424.28407501220704
22020096,993.816,episode/entropy_loss,-0.10705100551247597
22020096,993.816,episode/kl_mean,0.0035907583287917077
22020096,993.816,episode/learning_rate,0.0003000000142492354
22020096,993.816,episode/policy_dist_max_loc,2.1905008578300476
22020096,993.816,episode/policy_dist_max_std,2.765004987716675
22020096,993.816,episode/policy_dist_mean_loc,-0.10426083832979202
22020096,993.816,episode/policy_dist_mean_std,0.8237664759159088
22020096,993.816,episode/policy_dist_min_loc,-2.6413166308403015
22020096,993.816,episode/policy_dist_min_std,0.047516210712492464
22020096,993.816,episode/policy_loss,-0.0012692362775851506
22020096,993.816,episode/total_loss,2.1576171892881395
22020096,993.816,episode/v_loss,2.265937432050705
22020096,1001.757,eval/walltime,392.11777210235596
22020096,1001.757,training/sps,41490.493627540774
22020096,1001.757,training/walltime,580.2527751922607
22020096,1001.757,training/entropy_loss,-0.10667341947555542
22020096,1001.757,training/kl_mean,0.003555902512744069
22020096,1001.757,training/learning_rate,0.0003000000142492354
22020096,1001.757,training/policy_dist_max_loc,2.2625844478607178
22020096,1001.757,training/policy_dist_max_std,2.7820396423339844
22020096,1001.757,training/policy_dist_mean_loc,-0.10866615176200867
22020096,1001.757,training/policy_dist_mean_std,0.8245983123779297
22020096,1001.757,training/policy_dist_min_loc,-2.7005615234375
22020096,1001.757,training/policy_dist_min_std,0.044077299535274506
22020096,1001.757,training/policy_loss,-0.0012843726435676217
22020096,1001.757,training/total_loss,1.637855052947998
22020096,1001.757,training/v_loss,1.7458126544952393
22020096,1001.757,eval/episode_reward,420.3250732421875
22020096,1001.757,eval/episode_reward/ctrl,-0.27443987131118774
22020096,1001.757,eval/episode_reward/forward,422.7568054199219
22020096,1001.757,eval/episode_reward/joint,-0.10185392200946808
22020096,1001.757,eval/episode_reward/orient,-2.055393695831299
22020096,1001.757,eval/episode_reward/total,420.3250732421875
22020096,1001.757,eval/episode_state/forward_vel,52.17033767700195
22020096,1001.757,eval/episode_state/up_z,972.40478515625
22020096,1001.757,eval/episode_reward_std,42.3338623046875
22020096,1001.757,eval/episode_reward/ctrl_std,0.004282612819224596
22020096,1001.757,eval/episode_reward/forward_std,43.170066833496094
22020096,1001.757,eval/episode_reward/joint_std,0.006391420029103756
22020096,1001.757,eval/episode_reward/orient_std,3.108750820159912
22020096,1001.757,eval/episode_reward/total_std,42.3338623046875
22020096,1001.757,eval/episode_state/forward_vel_std,28.706356048583984
22020096,1001.757,eval/episode_state/up_z_std,5.590418338775635
22020096,1001.757,eval/avg_episode_length,1000.0
22020096,1001.757,eval/std_episode_length,0.0
22020096,1001.757,eval/epoch_eval_time,7.923425674438477
22020096,1001.757,eval/sps,4038.6571812283455
22544384,1014.232,episode/sps,25681.162622343098
22544384,1014.232,episode/length,1000.0
22544384,1014.232,episode/reward/ctrl,-0.2755884876847267
22544384,1014.232,episode/reward/forward,422.0438668823242
22544384,1014.232,episode/reward/joint,-0.10241230547428132
22544384,1014.232,episode/reward/orient,-12.490201090574265
22544384,1014.232,episode/reward/total,409.1756948852539
22544384,1014.232,episode/state/forward_vel,51.53890892982483
22544384,1014.232,episode/state/up_z,966.1035675048828
22544384,1014.232,episode/sum_reward,409.1756948852539
22544384,1014.232,episode/entropy_loss,-0.10642239414155483
22544384,1014.232,episode/kl_mean,0.0036321577301714567
22544384,1014.232,episode/learning_rate,0.0003000000142492354
22544384,1014.232,episode/policy_dist_max_loc,2.1889181661605837
22544384,1014.232,episode/policy_dist_max_std,2.7604914021492006
22544384,1014.232,episode/policy_dist_mean_loc,-0.10732051603496075
22544384,1014.232,episode/policy_dist_mean_std,0.825508936047554
22544384,1014.232,episode/policy_dist_min_loc,-2.688326902389526
22544384,1014.232,episode/policy_dist_min_std,0.0470363419316709
22544384,1014.232,episode/policy_loss,-0.0011664186346752104
22544384,1014.232,episode/total_loss,2.1597235697507857
22544384,1014.232,episode/v_loss,2.26731237411499
22544384,1022.250,eval/walltime,400.11868381500244
22544384,1022.250,training/sps,42007.86242763487
22544384,1022.250,training/walltime,592.7334864139557
22544384,1022.250,training/entropy_loss,-0.10547451674938202
22544384,1022.250,training/kl_mean,0.0033189356327056885
22544384,1022.250,training/learning_rate,0.0003000000142492354
22544384,1022.250,training/policy_dist_max_loc,2.1611580848693848
22544384,1022.250,training/policy_dist_max_std,2.6864817142486572
22544384,1022.250,training/policy_dist_mean_loc,-0.11066053807735443
22544384,1022.250,training/policy_dist_mean_std,0.828052818775177
22544384,1022.250,training/policy_dist_min_loc,-2.78027606010437
22544384,1022.250,training/policy_dist_min_std,0.04836219549179077
22544384,1022.250,training/policy_loss,-0.0007252527284435928
22544384,1022.250,training/total_loss,2.4279274940490723
22544384,1022.250,training/v_loss,2.5341272354125977
22544384,1022.250,eval/episode_reward,410.3853759765625
22544384,1022.250,eval/episode_reward/ctrl,-0.2766360640525818
22544384,1022.250,eval/episode_reward/forward,417.87872314453125
22544384,1022.250,eval/episode_reward/joint,-0.10172997415065765
22544384,1022.250,eval/episode_reward/orient,-7.115070819854736
22544384,1022.250,eval/episode_reward/total,410.3853759765625
22544384,1022.250,eval/episode_state/forward_vel,49.905296325683594
22544384,1022.250,eval/episode_state/up_z,964.92919921875
22544384,1022.250,eval/episode_reward_std,48.19895935058594
22544384,1022.250,eval/episode_reward/ctrl_std,0.004098466597497463
22544384,1022.250,eval/episode_reward/forward_std,44.780433654785156
22544384,1022.250,eval/episode_reward/joint_std,0.008184184320271015
22544384,1022.250,eval/episode_reward/orient_std,14.554450988769531
22544384,1022.250,eval/episode_reward/total_std,48.19895935058594
22544384,1022.250,eval/episode_state/forward_vel_std,28.491914749145508
22544384,1022.250,eval/episode_state/up_z_std,15.282837867736816
22544384,1022.250,eval/avg_episode_length,1000.0
22544384,1022.250,eval/std_episode_length,0.0
22544384,1022.250,eval/epoch_eval_time,8.000911712646484
22544384,1022.250,eval/sps,3999.5441956220848
23068672,1034.649,episode/sps,25678.607892667696
23068672,1034.649,episode/length,1000.0
23068672,1034.649,episode/reward/ctrl,-0.276682308614254
23068672,1034.649,episode/reward/forward,426.7302005004883
23068672,1034.649,episode/reward/joint,-0.10105843283236027
23068672,1034.649,episode/reward/orient,-2.0443832844495775
23068672,1034.649,episode/reward/total,424.3080657958984
23068672,1034.649,episode/state/forward_vel,54.90934215009212
23068672,1034.649,episode/state/up_z,971.5968078613281
23068672,1034.649,episode/sum_reward,424.3080657958984
23068672,1034.649,episode/entropy_loss,-0.10583221420645714
23068672,1034.649,episode/kl_mean,0.003348957822890952
23068672,1034.649,episode/learning_rate,0.0003000000142492354
23068672,1034.649,episode/policy_dist_max_loc,2.221096954345703
23068672,1034.649,episode/policy_dist_max_std,2.7658749413490296
23068672,1034.649,episode/policy_dist_mean_loc,-0.10940708570182324
23068672,1034.649,episode/policy_dist_mean_std,0.8273278450965882
23068672,1034.649,episode/policy_dist_min_loc,-2.8062645626068115
23068672,1034.649,episode/policy_dist_min_std,0.04389688929542899
23068672,1034.649,episode/policy_loss,-0.001030283188811154
23068672,1034.649,episode/total_loss,2.126148291826248
23068672,1034.649,episode/v_loss,2.233010782599449
23068672,1042.549,eval/walltime,408.0021593570709
23068672,1042.549,training/sps,42262.98042212641
23068672,1042.549,training/walltime,605.1388585567474
23068672,1042.549,training/entropy_loss,-0.10522156953811646
23068672,1042.549,training/kl_mean,0.0029263016767799854
23068672,1042.549,training/learning_rate,0.0003000000142492354
23068672,1042.549,training/policy_dist_max_loc,2.2471203804016113
23068672,1042.549,training/policy_dist_max_std,2.823894500732422
23068672,1042.549,training/policy_dist_mean_loc,-0.1094144880771637
23068672,1042.549,training/policy_dist_mean_std,0.8296728134155273
23068672,1042.549,training/policy_dist_min_loc,-2.9442152976989746
23068672,1042.549,training/policy_dist_min_std,0.03847235441207886
23068672,1042.549,training/policy_loss,-0.0008908688323572278
23068672,1042.549,training/total_loss,2.4611523151397705
23068672,1042.549,training/v_loss,2.567265033721924
23068672,1042.549,eval/episode_reward,431.892822265625
23068672,1042.549,eval/episode_reward/ctrl,-0.2785521149635315
23068672,1042.549,eval/episode_reward/forward,434.57659912109375
23068672,1042.549,eval/episode_reward/joint,-0.10399223864078522
23068672,1042.549,eval/episode_reward/orient,-2.301222324371338
23068672,1042.549,eval/episode_reward/total,431.892822265625
23068672,1042.549,eval/episode_state/forward_vel,59.535892486572266
23068672,1042.549,eval/episode_state/up_z,970.8280029296875
23068672,1042.549,eval/episode_reward_std,32.495182037353516
23068672,1042.549,eval/episode_reward/ctrl_std,0.004054177086800337
23068672,1042.549,eval/episode_reward/forward_std,30.79378890991211
23068672,1042.549,eval/episode_reward/joint_std,0.00673460029065609
23068672,1042.549,eval/episode_reward/orient_std,3.141132116317749
23068672,1042.549,eval/episode_reward/total_std,32.495182037353516
23068672,1042.549,eval/episode_state/forward_vel_std,20.286624908447266
23068672,1042.549,eval/episode_state/up_z_std,7.680846691131592
23068672,1042.549,eval/avg_episode_length,1000.0
23068672,1042.549,eval/std_episode_length,0.0
23068672,1042.549,eval/epoch_eval_time,7.8834755420684814
23068672,1042.549,eval/sps,4059.1233941475234
23592960,1055.054,episode/sps,25693.630479356532
23592960,1055.054,episode/length,1000.0
23592960,1055.054,episode/reward/ctrl,-0.27876673012971875
23592960,1055.054,episode/reward/forward,419.61682769775393
23592960,1055.054,episode/reward/joint,-0.10350825145840645
23592960,1055.054,episode/reward/orient,-2.056941142678261
23592960,1055.054,episode/reward/total,417.17759307861326
23592960,1055.054,episode/state/forward_vel,50.507806557267905
23592960,1055.054,episode/state/up_z,971.2519604492187
23592960,1055.054,episode/sum_reward,417.17759307861326
23592960,1055.054,episode/entropy_loss,-0.10502225913107395
23592960,1055.054,episode/kl_mean,0.0033570443256758153
23592960,1055.054,episode/learning_rate,0.0003000000142492354
23592960,1055.054,episode/policy_dist_max_loc,2.22066765666008
23592960,1055.054,episode/policy_dist_max_std,2.772872574329376
23592960,1055.054,episode/policy_dist_mean_loc,-0.10953934386372566
23592960,1055.054,episode/policy_dist_mean_std,0.8293812531232834
23592960,1055.054,episode/policy_dist_min_loc,-2.821263303756714
23592960,1055.054,episode/policy_dist_min_std,0.042876093788072465
23592960,1055.054,episode/policy_loss,-0.0007282419101829874
23592960,1055.054,episode/total_loss,3.483235539197922
23592960,1055.054,episode/v_loss,3.5889860266447067
23592960,1063.078,eval/walltime,416.00893902778625
23592960,1063.078,training/sps,41906.578124574495
23592960,1063.078,training/walltime,617.6497344970703
23592960,1063.078,training/entropy_loss,-0.10419091582298279
23592960,1063.078,training/kl_mean,0.0037395558319985867
23592960,1063.078,training/learning_rate,0.0003000000142492354
23592960,1063.078,training/policy_dist_max_loc,2.2482566833496094
23592960,1063.078,training/policy_dist_max_std,2.8080735206604004
23592960,1063.078,training/policy_dist_mean_loc,-0.10872477293014526
23592960,1063.078,training/policy_dist_mean_std,0.8308830261230469
23592960,1063.078,training/policy_dist_min_loc,-2.758491039276123
23592960,1063.078,training/policy_dist_min_std,0.041700392961502075
23592960,1063.078,training/policy_loss,-0.0003481997409835458
23592960,1063.078,training/total_loss,5.777297019958496
23592960,1063.078,training/v_loss,5.8818359375
23592960,1063.078,eval/episode_reward,414.95697021484375
23592960,1063.078,eval/episode_reward/ctrl,-0.27806222438812256
23592960,1063.078,eval/episode_reward/forward,421.12908935546875
23592960,1063.078,eval/episode_reward/joint,-0.10354266315698624
23592960,1063.078,eval/episode_reward/orient,-5.790455341339111
23592960,1063.078,eval/episode_reward/total,414.95697021484375
23592960,1063.078,eval/episode_state/forward_vel,51.04027557373047
23592960,1063.078,eval/episode_state/up_z,968.4393310546875
23592960,1063.078,eval/episode_reward_std,43.18303680419922
23592960,1063.078,eval/episode_reward/ctrl_std,0.004722174257040024
23592960,1063.078,eval/episode_reward/forward_std,34.808349609375
23592960,1063.078,eval/episode_reward/joint_std,0.006997636519372463
23592960,1063.078,eval/episode_reward/orient_std,17.174989700317383
23592960,1063.078,eval/episode_reward/total_std,43.18303680419922
23592960,1063.078,eval/episode_state/forward_vel_std,22.908103942871094
23592960,1063.078,eval/episode_state/up_z_std,16.05057144165039
23592960,1063.078,eval/avg_episode_length,1000.0
23592960,1063.078,eval/std_episode_length,0.0
23592960,1063.078,eval/epoch_eval_time,8.006779670715332
23592960,1063.078,eval/sps,3996.6130349557993
24117248,1075.559,episode/sps,25568.952648865023
24117248,1075.559,episode/length,1000.0
24117248,1075.559,episode/reward/ctrl,-0.277654427587986
24117248,1075.559,episode/reward/forward,424.21155029296875
24117248,1075.559,episode/reward/joint,-0.10287971831858159
24117248,1075.559,episode/reward/orient,-2.832472130060196
24117248,1075.559,episode/reward/total,420.998564453125
24117248,1075.559,episode/state/forward_vel,53.106561434268954
24117248,1075.559,episode/state/up_z,970.9557824707031
24117248,1075.559,episode/sum_reward,420.998564453125
24117248,1075.559,episode/entropy_loss,-0.1046589408814907
24117248,1075.559,episode/kl_mean,0.0033541466784663496
24117248,1075.559,episode/learning_rate,0.0003000000142492354
24117248,1075.559,episode/policy_dist_max_loc,2.2225265955924987
24117248,1075.559,episode/policy_dist_max_std,2.7680440306663514
24117248,1075.559,episode/policy_dist_mean_loc,-0.10869616106152534
24117248,1075.559,episode/policy_dist_mean_std,0.8296183824539185
24117248,1075.559,episode/policy_dist_min_loc,-2.8440482115745542
24117248,1075.559,episode/policy_dist_min_std,0.04305107372812927
24117248,1075.559,episode/policy_loss,-0.0007042280576570192
24117248,1075.559,episode/total_loss,3.127140738964081
24117248,1075.559,episode/v_loss,3.2325039041042327
24117248,1083.504,eval/walltime,423.9366204738617
24117248,1083.504,training/sps,41984.65885624078
24117248,1083.504,training/walltime,630.1373434066772
24117248,1083.504,training/entropy_loss,-0.10448901355266571
24117248,1083.504,training/kl_mean,0.0032895789481699467
24117248,1083.504,training/learning_rate,0.0003000000142492354
24117248,1083.504,training/policy_dist_max_loc,2.1793651580810547
24117248,1083.504,training/policy_dist_max_std,2.6835718154907227
24117248,1083.504,training/policy_dist_mean_loc,-0.10776889324188232
24117248,1083.504,training/policy_dist_mean_std,0.8283942937850952
24117248,1083.504,training/policy_dist_min_loc,-2.8557987213134766
24117248,1083.504,training/policy_dist_min_std,0.04766813665628433
24117248,1083.504,training/policy_loss,-0.000782132672611624
24117248,1083.504,training/total_loss,1.2641408443450928
24117248,1083.504,training/v_loss,1.3694120645523071
24117248,1083.504,eval/episode_reward,413.65509033203125
24117248,1083.504,eval/episode_reward/ctrl,-0.2766278088092804
24117248,1083.504,eval/episode_reward/forward,416.00787353515625
24117248,1083.504,eval/episode_reward/joint,-0.10260138660669327
24117248,1083.504,eval/episode_reward/orient,-1.973563551902771
24117248,1083.504,eval/episode_reward/total,413.65509033203125
24117248,1083.504,eval/episode_state/forward_vel,47.817840576171875
24117248,1083.504,eval/episode_state/up_z,971.538330078125
24117248,1083.504,eval/episode_reward_std,37.850929260253906
24117248,1083.504,eval/episode_reward/ctrl_std,0.0045534418895840645
24117248,1083.504,eval/episode_reward/forward_std,37.95684814453125
24117248,1083.504,eval/episode_reward/joint_std,0.008195621892809868
24117248,1083.504,eval/episode_reward/orient_std,1.4499101638793945
24117248,1083.504,eval/episode_reward/total_std,37.850929260253906
24117248,1083.504,eval/episode_state/forward_vel_std,25.268508911132812
24117248,1083.504,eval/episode_state/up_z_std,6.107668876647949
24117248,1083.504,eval/avg_episode_length,1000.0
24117248,1083.504,eval/std_episode_length,0.0
24117248,1083.504,eval/epoch_eval_time,7.9276814460754395
24117248,1083.504,eval/sps,4036.4891321208984
24641536,1096.032,episode/sps,25609.16984541394
24641536,1096.032,episode/length,1000.0
24641536,1096.032,episode/reward/ctrl,-0.27631579667329786
24641536,1096.032,episode/reward/forward,428.1035900878906
24641536,1096.032,episode/reward/joint,-0.10063693135976791
24641536,1096.032,episode/reward/orient,-2.8840092128515242
24641536,1096.032,episode/reward/total,424.8426217651367
24641536,1096.032,episode/state/forward_vel,56.24853694915772
24641536,1096.032,episode/state/up_z,971.6085974121094
24641536,1096.032,episode/sum_reward,424.8426217651367
24641536,1096.032,episode/entropy_loss,-0.10457123667001725
24641536,1096.032,episode/kl_mean,0.003668081999057904
24641536,1096.032,episode/learning_rate,0.0003000000142492354
24641536,1096.032,episode/policy_dist_max_loc,2.2045611250400543
24641536,1096.032,episode/policy_dist_max_std,2.70744921207428
24641536,1096.032,episode/policy_dist_mean_loc,-0.10760198511183262
24641536,1096.032,episode/policy_dist_mean_std,0.8292280906438827
24641536,1096.032,episode/policy_dist_min_loc,-2.7889702558517455
24641536,1096.032,episode/policy_dist_min_std,0.04362357559613884
24641536,1096.032,episode/policy_loss,-0.0006892973469075514
24641536,1096.032,episode/total_loss,3.2924895417690276
24641536,1096.032,episode/v_loss,3.397750059366226
24641536,1104.080,eval/walltime,431.9678056240082
24641536,1104.080,training/sps,41828.24942337924
24641536,1104.080,training/walltime,642.6716475486755
24641536,1104.080,training/entropy_loss,-0.10495390743017197
24641536,1104.080,training/kl_mean,0.003878589253872633
24641536,1104.080,training/learning_rate,0.0003000000142492354
24641536,1104.080,training/policy_dist_max_loc,2.1787521839141846
24641536,1104.080,training/policy_dist_max_std,2.6283960342407227
24641536,1104.080,training/policy_dist_mean_loc,-0.10628175735473633
24641536,1104.080,training/policy_dist_mean_std,0.8283613324165344
24641536,1104.080,training/policy_dist_min_loc,-2.758779525756836
24641536,1104.080,training/policy_dist_min_std,0.0422697514295578
24641536,1104.080,training/policy_loss,-0.0008040595566853881
24641536,1104.080,training/total_loss,3.0045981407165527
24641536,1104.080,training/v_loss,3.110356330871582
24641536,1104.080,eval/episode_reward,428.2050476074219
24641536,1104.080,eval/episode_reward/ctrl,-0.28076010942459106
24641536,1104.080,eval/episode_reward/forward,430.46099853515625
24641536,1104.080,eval/episode_reward/joint,-0.10601405799388885
24641536,1104.080,eval/episode_reward/orient,-1.8692197799682617
24641536,1104.080,eval/episode_reward/total,428.2050476074219
24641536,1104.080,eval/episode_state/forward_vel,58.85240936279297
24641536,1104.080,eval/episode_state/up_z,972.512451171875
24641536,1104.080,eval/episode_reward_std,45.136199951171875
24641536,1104.080,eval/episode_reward/ctrl_std,0.004450417589396238
24641536,1104.080,eval/episode_reward/forward_std,44.219268798828125
24641536,1104.080,eval/episode_reward/joint_std,0.0075484164990484715
24641536,1104.080,eval/episode_reward/orient_std,1.9800945520401
24641536,1104.080,eval/episode_reward/total_std,45.136199951171875
24641536,1104.080,eval/episode_state/forward_vel_std,29.261144638061523
24641536,1104.080,eval/episode_state/up_z_std,6.269763469696045
24641536,1104.080,eval/avg_episode_length,1000.0
24641536,1104.080,eval/std_episode_length,0.0
24641536,1104.080,eval/epoch_eval_time,8.031185150146484
24641536,1104.080,eval/sps,3984.467971008779
25165824,1116.564,episode/sps,25535.333839501665
25165824,1116.564,episode/length,1000.0
25165824,1116.564,episode/reward/ctrl,-0.27944899797439576
25165824,1116.564,episode/reward/forward,429.7537841796875
25165824,1116.564,episode/reward/joint,-0.10612337082624436
25165824,1116.564,episode/reward/orient,-2.7018725055456163
25165824,1116.564,episode/reward/total,426.66637420654297
25165824,1116.564,episode/state/forward_vel,56.96464107036591
25165824,1116.564,episode/state/up_z,971.0953497314454
25165824,1116.564,episode/sum_reward,426.66637420654297
25165824,1116.564,episode/entropy_loss,-0.10435263402760028
25165824,1116.564,episode/kl_mean,0.003702768032671884
25165824,1116.564,episode/learning_rate,0.0003000000142492354
25165824,1116.564,episode/policy_dist_max_loc,2.1821674370765685
25165824,1116.564,episode/policy_dist_max_std,2.70956818819046
25165824,1116.564,episode/policy_dist_mean_loc,-0.1084813816845417
25165824,1116.564,episode/policy_dist_mean_std,0.8302256560325623
25165824,1116.564,episode/policy_dist_min_loc,-2.8956429171562195
25165824,1116.564,episode/policy_dist_min_std,0.042957667578011755
25165824,1116.564,episode/policy_loss,-0.0007772385271528037
25165824,1116.564,episode/total_loss,3.1448180133104326
25165824,1116.564,episode/v_loss,3.249947872161865
25165824,1124.561,eval/walltime,439.9484598636627
25165824,1124.561,training/sps,41978.13814574732
25165824,1124.561,training/walltime,655.161196231842
25165824,1124.561,training/entropy_loss,-0.10362422466278076
25165824,1124.561,training/kl_mean,0.003906398080289364
25165824,1124.561,training/learning_rate,0.0003000000142492354
25165824,1124.561,training/policy_dist_max_loc,2.1886098384857178
25165824,1124.561,training/policy_dist_max_std,2.7999775409698486
25165824,1124.561,training/policy_dist_mean_loc,-0.11108984053134918
25165824,1124.561,training/policy_dist_mean_std,0.8336590528488159
25165824,1124.561,training/policy_dist_min_loc,-3.0482726097106934
25165824,1124.561,training/policy_dist_min_std,0.039284877479076385
25165824,1124.561,training/policy_loss,-0.0006275406340137124
25165824,1124.561,training/total_loss,5.008899211883545
25165824,1124.561,training/v_loss,5.1131510734558105
25165824,1124.561,eval/episode_reward,418.4272766113281
25165824,1124.561,eval/episode_reward/ctrl,-0.2801394760608673
25165824,1124.561,eval/episode_reward/forward,422.1195068359375
25165824,1124.561,eval/episode_reward/joint,-0.1026507318019867
25165824,1124.561,eval/episode_reward/orient,-3.3094322681427
25165824,1124.561,eval/episode_reward/total,418.4272766113281
25165824,1124.561,eval/episode_state/forward_vel,52.986751556396484
25165824,1124.561,eval/episode_state/up_z,969.1917724609375
25165824,1124.561,eval/episode_reward_std,48.749027252197266
25165824,1124.561,eval/episode_reward/ctrl_std,0.004287294112145901
25165824,1124.561,eval/episode_reward/forward_std,50.064453125
25165824,1124.561,eval/episode_reward/joint_std,0.007874040864408016
25165824,1124.561,eval/episode_reward/orient_std,5.748284339904785
25165824,1124.561,eval/episode_reward/total_std,48.749027252197266
25165824,1124.561,eval/episode_state/forward_vel_std,33.52306365966797
25165824,1124.561,eval/episode_state/up_z_std,7.324540615081787
25165824,1124.561,eval/avg_episode_length,1000.0
25165824,1124.561,eval/std_episode_length,0.0
25165824,1124.561,eval/epoch_eval_time,7.980654239654541
25165824,1124.561,eval/sps,4009.696328027511
25690112,1137.073,episode/sps,25563.13995644157
25690112,1137.073,episode/length,1000.0
25690112,1137.073,episode/reward/ctrl,-0.2795081573724747
25690112,1137.073,episode/reward/forward,428.1687893676758
25690112,1137.073,episode/reward/joint,-0.10244240403175355
25690112,1137.073,episode/reward/orient,-2.49974311709404
25690112,1137.073,episode/reward/total,425.287092590332
25690112,1137.073,episode/state/forward_vel,56.25031482219696
25690112,1137.073,episode/state/up_z,971.68560546875
25690112,1137.073,episode/sum_reward,425.287092590332
25690112,1137.073,episode/entropy_loss,-0.1041268514841795
25690112,1137.073,episode/kl_mean,0.003873470303369686
25690112,1137.073,episode/learning_rate,0.0003000000142492354
25690112,1137.073,episode/policy_dist_max_loc,2.168732248544693
25690112,1137.073,episode/policy_dist_max_std,2.7227580428123472
25690112,1137.073,episode/policy_dist_mean_loc,-0.10814180068671703
25690112,1137.073,episode/policy_dist_mean_std,0.8313273066282272
25690112,1137.073,episode/policy_dist_min_loc,-2.941056387424469
25690112,1137.073,episode/policy_dist_min_std,0.04078059766441584
25690112,1137.073,episode/policy_loss,-0.0007928745951357996
25690112,1137.073,episode/total_loss,4.1296907514333725
25690112,1137.073,episode/v_loss,4.2346104484796525
25690112,1145.075,eval/walltime,447.9329800605774
25690112,1145.075,training/sps,41881.3077920368
25690112,1145.075,training/walltime,667.6796209812164
25690112,1145.075,training/entropy_loss,-0.10376520454883575
25690112,1145.075,training/kl_mean,0.00386532093398273
25690112,1145.075,training/learning_rate,0.0003000000142492354
25690112,1145.075,training/policy_dist_max_loc,2.147235870361328
25690112,1145.075,training/policy_dist_max_std,2.7542033195495605
25690112,1145.075,training/policy_dist_mean_loc,-0.1074269562959671
25690112,1145.075,training/policy_dist_mean_std,0.8322650194168091
25690112,1145.075,training/policy_dist_min_loc,-3.0331642627716064
25690112,1145.075,training/policy_dist_min_std,0.039813946932554245
25690112,1145.075,training/policy_loss,-0.0008039793465286493
25690112,1145.075,training/total_loss,4.728686332702637
25690112,1145.075,training/v_loss,4.833255767822266
25690112,1145.075,eval/episode_reward,434.34442138671875
25690112,1145.075,eval/episode_reward/ctrl,-0.28014811873435974
25690112,1145.075,eval/episode_reward/forward,437.51025390625
25690112,1145.075,eval/episode_reward/joint,-0.10475944727659225
25690112,1145.075,eval/episode_reward/orient,-2.7809033393859863
25690112,1145.075,eval/episode_reward/total,434.34442138671875
25690112,1145.075,eval/episode_state/forward_vel,62.37849426269531
25690112,1145.075,eval/episode_state/up_z,970.87646484375
25690112,1145.075,eval/episode_reward_std,36.702919006347656
25690112,1145.075,eval/episode_reward/ctrl_std,0.0034062296617776155
25690112,1145.075,eval/episode_reward/forward_std,37.46376419067383
25690112,1145.075,eval/episode_reward/joint_std,0.005646388977766037
25690112,1145.075,eval/episode_reward/orient_std,4.340316295623779
25690112,1145.075,eval/episode_reward/total_std,36.702919006347656
25690112,1145.075,eval/episode_state/forward_vel_std,25.123550415039062
25690112,1145.075,eval/episode_state/up_z_std,7.612507343292236
25690112,1145.075,eval/avg_episode_length,1000.0
25690112,1145.075,eval/std_episode_length,0.0
25690112,1145.075,eval/epoch_eval_time,7.984520196914673
25690112,1145.075,eval/sps,4007.7549070970144
26214400,1157.600,episode/sps,25541.300019383078
26214400,1157.600,episode/length,1000.0
26214400,1157.600,episode/reward/ctrl,-0.28057955741882323
26214400,1157.600,episode/reward/forward,425.04566375732423
26214400,1157.600,episode/reward/joint,-0.10463877946138382
26214400,1157.600,episode/reward/orient,-2.784620599746704
26214400,1157.600,episode/reward/total,421.87580810546876
26214400,1157.600,episode/state/forward_vel,53.890870101451874
26214400,1157.600,episode/state/up_z,970.8522576904297
26214400,1157.600,episode/sum_reward,421.87580810546876
26214400,1157.600,episode/entropy_loss,-0.10350347384810447
26214400,1157.600,episode/kl_mean,0.0037854956125374884
26214400,1157.600,episode/learning_rate,0.0003000000142492354
26214400,1157.600,episode/policy_dist_max_loc,2.1766406536102294
26214400,1157.600,episode/policy_dist_max_std,2.773032081127167
26214400,1157.600,episode/policy_dist_mean_loc,-0.10787201941013336
26214400,1157.600,episode/policy_dist_mean_std,0.8324604046344757
26214400,1157.600,episode/policy_dist_min_loc,-3.0136408185958863
26214400,1157.600,episode/policy_dist_min_std,0.04117432162165642
26214400,1157.600,episode/policy_loss,-0.0006444214216753608
26214400,1157.600,episode/total_loss,4.2528402882814405
26214400,1157.600,episode/v_loss,4.356988162398339
26214400,1165.536,eval/walltime,455.8513629436493
26214400,1165.536,training/sps,41836.47702980059
26214400,1165.536,training/walltime,680.2114601135254
26214400,1165.536,training/entropy_loss,-0.10293253511190414
26214400,1165.536,training/kl_mean,0.003341702278703451
26214400,1165.536,training/learning_rate,0.0003000000142492354
26214400,1165.536,training/policy_dist_max_loc,2.1999964714050293
26214400,1165.536,training/policy_dist_max_std,2.7830429077148438
26214400,1165.536,training/policy_dist_mean_loc,-0.1053156703710556
26214400,1165.536,training/policy_dist_mean_std,0.8320012092590332
26214400,1165.536,training/policy_dist_min_loc,-2.979679584503174
26214400,1165.536,training/policy_dist_min_std,0.04402461647987366
26214400,1165.536,training/policy_loss,-0.00040573347359895706
26214400,1165.536,training/total_loss,3.2222516536712646
26214400,1165.536,training/v_loss,3.325589895248413
26214400,1165.536,eval/episode_reward,420.9901428222656
26214400,1165.536,eval/episode_reward/ctrl,-0.2795875072479248
26214400,1165.536,eval/episode_reward/forward,425.1483459472656
26214400,1165.536,eval/episode_reward/joint,-0.1034766286611557
26214400,1165.536,eval/episode_reward/orient,-3.77504301071167
26214400,1165.536,eval/episode_reward/total,420.9901428222656
26214400,1165.536,eval/episode_state/forward_vel,53.89287567138672
26214400,1165.536,eval/episode_state/up_z,968.6845703125
26214400,1165.536,eval/episode_reward_std,43.78213119506836
26214400,1165.536,eval/episode_reward/ctrl_std,0.0038931870367377996
26214400,1165.536,eval/episode_reward/forward_std,39.07865524291992
26214400,1165.536,eval/episode_reward/joint_std,0.009493837133049965
26214400,1165.536,eval/episode_reward/orient_std,11.636695861816406
26214400,1165.536,eval/episode_reward/total_std,43.78213119506836
26214400,1165.536,eval/episode_state/forward_vel_std,25.344993591308594
26214400,1165.536,eval/episode_state/up_z_std,13.57814884185791
26214400,1165.536,eval/avg_episode_length,1000.0
26214400,1165.536,eval/std_episode_length,0.0
26214400,1165.536,eval/epoch_eval_time,7.918382883071899
26214400,1165.536,eval/sps,4041.2291843591365
26738688,1178.029,episode/sps,25664.304923678807
26738688,1178.029,episode/length,1000.0
26738688,1178.029,episode/reward/ctrl,-0.2802276310324669
26738688,1178.029,episode/reward/forward,424.9005456542969
26738688,1178.029,episode/reward/joint,-0.10251913227140903
26738688,1178.029,episode/reward/orient,-36.94442793011665
26738688,1178.029,episode/reward/total,387.5733840942383
26738688,1178.029,episode/state/forward_vel,53.933360465765
26738688,1178.029,episode/state/up_z,953.0460125732421
26738688,1178.029,episode/sum_reward,387.5733840942383
26738688,1178.029,episode/entropy_loss,-0.10322270110249519
26738688,1178.029,episode/kl_mean,0.0037617661117110403
26738688,1178.029,episode/learning_rate,0.0003000000142492354
26738688,1178.029,episode/policy_dist_max_loc,2.1799268925189974
26738688,1178.029,episode/policy_dist_max_std,2.8126856970787046
26738688,1178.029,episode/policy_dist_mean_loc,-0.10459134675562382
26738688,1178.029,episode/policy_dist_mean_std,0.8318258959054947
26738688,1178.029,episode/policy_dist_min_loc,-3.0043924331665037
26738688,1178.029,episode/policy_dist_min_std,0.04095650931820274
26738688,1178.029,episode/policy_loss,-0.0008148815786262276
26738688,1178.029,episode/total_loss,3.6916446578502655
26738688,1178.029,episode/v_loss,3.795682238936424
26738688,1185.939,eval/walltime,463.74394369125366
26738688,1185.939,training/sps,41944.084826026585
26738688,1185.939,training/walltime,692.7111487388611
26738688,1185.939,training/entropy_loss,-0.1029050350189209
26738688,1185.939,training/kl_mean,0.0039375340566039085
26738688,1185.939,training/learning_rate,0.0003000000142492354
26738688,1185.939,training/policy_dist_max_loc,2.2025928497314453
26738688,1185.939,training/policy_dist_max_std,2.8946471214294434
26738688,1185.939,training/policy_dist_mean_loc,-0.10020613670349121
26738688,1185.939,training/policy_dist_mean_std,0.8310201168060303
26738688,1185.939,training/policy_dist_min_loc,-2.980821132659912
26738688,1185.939,training/policy_dist_min_std,0.03912315145134926
26738688,1185.939,training/policy_loss,-0.0011597631964832544
26738688,1185.939,training/total_loss,3.049718141555786
26738688,1185.939,training/v_loss,3.153782844543457
26738688,1185.939,eval/episode_reward,425.66070556640625
26738688,1185.939,eval/episode_reward/ctrl,-0.28033268451690674
26738688,1185.939,eval/episode_reward/forward,429.5453796386719
26738688,1185.939,eval/episode_reward/joint,-0.10015099495649338
26738688,1185.939,eval/episode_reward/orient,-3.504199981689453
26738688,1185.939,eval/episode_reward/total,425.66070556640625
26738688,1185.939,eval/episode_state/forward_vel,57.3414306640625
26738688,1185.939,eval/episode_state/up_z,969.7315673828125
26738688,1185.939,eval/episode_reward_std,44.083335876464844
26738688,1185.939,eval/episode_reward/ctrl_std,0.007192197255790234
26738688,1185.939,eval/episode_reward/forward_std,43.04726791381836
26738688,1185.939,eval/episode_reward/joint_std,0.008439763449132442
26738688,1185.939,eval/episode_reward/orient_std,6.789917945861816
26738688,1185.939,eval/episode_reward/total_std,44.083335876464844
26738688,1185.939,eval/episode_state/forward_vel_std,28.0698184967041
26738688,1185.939,eval/episode_state/up_z_std,8.696088790893555
26738688,1185.939,eval/avg_episode_length,1000.0
26738688,1185.939,eval/std_episode_length,0.0
26738688,1185.939,eval/epoch_eval_time,7.89258074760437
26738688,1185.939,eval/sps,4054.440622569866
27262976,1198.338,episode/sps,25815.42365056169
27262976,1198.338,episode/length,1000.0
27262976,1198.338,episode/reward/ctrl,-0.27995440751314166
27262976,1198.338,episode/reward/forward,427.7239208984375
27262976,1198.338,episode/reward/joint,-0.09934434033930302
27262976,1198.338,episode/reward/orient,-3.5037545382976534
27262976,1198.338,episode/reward/total,423.8408709716797
27262976,1198.338,episode/state/forward_vel,55.666127789020535
27262976,1198.338,episode/state/up_z,968.7045904541015
27262976,1198.338,episode/sum_reward,423.8408709716797
27262976,1198.338,episode/entropy_loss,-0.10306597098708153
27262976,1198.338,episode/kl_mean,0.003734589865198359
27262976,1198.338,episode/learning_rate,0.0003000000142492354
27262976,1198.338,episode/policy_dist_max_loc,2.1746612858772276
27262976,1198.338,episode/policy_dist_max_std,2.959086630344391
27262976,1198.338,episode/policy_dist_mean_loc,-0.1024689394235611
27262976,1198.338,episode/policy_dist_mean_std,0.8317212724685669
27262976,1198.338,episode/policy_dist_min_loc,-2.974048066139221
27262976,1198.338,episode/policy_dist_min_std,0.039656078759580854
27262976,1198.338,episode/policy_loss,-0.0007631048291659681
27262976,1198.338,episode/total_loss,3.8247220653295515
27262976,1198.338,episode/v_loss,3.928551145195961
27262976,1206.259,eval/walltime,471.6478543281555
27262976,1206.259,training/sps,42263.38573941587
27262976,1206.259,training/walltime,705.1164019107819
27262976,1206.259,training/entropy_loss,-0.10327889025211334
27262976,1206.259,training/kl_mean,0.0037351299542933702
27262976,1206.259,training/learning_rate,0.0003000000142492354
27262976,1206.259,training/policy_dist_max_loc,2.128516674041748
27262976,1206.259,training/policy_dist_max_std,3.2072155475616455
27262976,1206.259,training/policy_dist_mean_loc,-0.1011233851313591
27262976,1206.259,training/policy_dist_mean_std,0.8321801424026489
27262976,1206.259,training/policy_dist_min_loc,-2.954594612121582
27262976,1206.259,training/policy_dist_min_std,0.03611302003264427
27262976,1206.259,training/policy_loss,-0.0006083049229346216
27262976,1206.259,training/total_loss,5.064018249511719
27262976,1206.259,training/v_loss,5.167905330657959
27262976,1206.259,eval/episode_reward,442.20916748046875
27262976,1206.259,eval/episode_reward/ctrl,-0.2797830402851105
27262976,1206.259,eval/episode_reward/forward,446.21209716796875
27262976,1206.259,eval/episode_reward/joint,-0.09758678823709488
27262976,1206.259,eval/episode_reward/orient,-3.6255812644958496
27262976,1206.259,eval/episode_reward/total,442.20916748046875
27262976,1206.259,eval/episode_state/forward_vel,67.38925170898438
27262976,1206.259,eval/episode_state/up_z,970.44287109375
27262976,1206.259,eval/episode_reward_std,28.319005966186523
27262976,1206.259,eval/episode_reward/ctrl_std,0.004140008240938187
27262976,1206.259,eval/episode_reward/forward_std,26.7496337890625
27262976,1206.259,eval/episode_reward/joint_std,0.005527299363166094
27262976,1206.259,eval/episode_reward/orient_std,8.839967727661133
27262976,1206.259,eval/episode_reward/total_std,28.319005966186523
27262976,1206.259,eval/episode_state/forward_vel_std,17.842796325683594
27262976,1206.259,eval/episode_state/up_z_std,9.369101524353027
27262976,1206.259,eval/avg_episode_length,1000.0
27262976,1206.259,eval/std_episode_length,0.0
27262976,1206.259,eval/epoch_eval_time,7.9039106369018555
27262976,1206.259,eval/sps,4048.6287699911595
27787264,1218.679,episode/sps,25774.726031225506
27787264,1218.679,episode/length,1000.0
27787264,1218.679,episode/reward/ctrl,-0.280034938454628
27787264,1218.679,episode/reward/forward,438.9605514526367
27787264,1218.679,episode/reward/joint,-0.09847373828291893
27787264,1218.679,episode/reward/orient,-57.929176958203314
27787264,1218.679,episode/reward/total,380.65284851074216
27787264,1218.679,episode/state/forward_vel,63.71683678984642
27787264,1218.679,episode/state/up_z,942.1690489959717
27787264,1218.679,episode/sum_reward,380.65284851074216
27787264,1218.679,episode/entropy_loss,-0.10303003184497356
27787264,1218.679,episode/kl_mean,0.003650399763137102
27787264,1218.679,episode/learning_rate,0.0003000000142492354
27787264,1218.679,episode/policy_dist_max_loc,2.1925541067123415
27787264,1218.679,episode/policy_dist_max_std,3.1049515771865845
27787264,1218.679,episode/policy_dist_mean_loc,-0.10024950407445431
27787264,1218.679,episode/policy_dist_mean_std,0.8324895459413528
27787264,1218.679,episode/policy_dist_min_loc,-2.974660887718201
27787264,1218.679,episode/policy_dist_min_std,0.03664906391873956
27787264,1218.679,episode/policy_loss,-0.0008812733516970184
27787264,1218.679,episode/total_loss,4.22370563030243
27787264,1218.679,episode/v_loss,4.327616932392121
27787264,1226.681,eval/walltime,479.63194131851196
27787264,1226.681,training/sps,42190.557702469654
27787264,1226.681,training/walltime,717.5430686473846
27787264,1226.681,training/entropy_loss,-0.10295896977186203
27787264,1226.681,training/kl_mean,0.0033092680387198925
27787264,1226.681,training/learning_rate,0.0003000000142492354
27787264,1226.681,training/policy_dist_max_loc,2.24299693107605
27787264,1226.681,training/policy_dist_max_std,3.2656350135803223
27787264,1226.681,training/policy_dist_mean_loc,-0.09880440682172775
27787264,1226.681,training/policy_dist_mean_std,0.8342663049697876
27787264,1226.681,training/policy_dist_min_loc,-2.997584342956543
27787264,1226.681,training/policy_dist_min_std,0.033748261630535126
27787264,1226.681,training/policy_loss,-0.0007874259608797729
27787264,1226.681,training/total_loss,4.496092796325684
27787264,1226.681,training/v_loss,4.599839210510254
27787264,1226.681,eval/episode_reward,441.73040771484375
27787264,1226.681,eval/episode_reward/ctrl,-0.2807058095932007
27787264,1226.681,eval/episode_reward/forward,444.1592712402344
27787264,1226.681,eval/episode_reward/joint,-0.10027554631233215
27787264,1226.681,eval/episode_reward/orient,-2.0478408336639404
27787264,1226.681,eval/episode_reward/total,441.73040771484375
27787264,1226.681,eval/episode_state/forward_vel,67.57760620117188
27787264,1226.681,eval/episode_state/up_z,970.787841796875
27787264,1226.681,eval/episode_reward_std,41.05671310424805
27787264,1226.681,eval/episode_reward/ctrl_std,0.0054680705070495605
27787264,1226.681,eval/episode_reward/forward_std,41.069602966308594
27787264,1226.681,eval/episode_reward/joint_std,0.008155527524650097
27787264,1226.681,eval/episode_reward/orient_std,1.891085147857666
27787264,1226.681,eval/episode_reward/total_std,41.05671310424805
27787264,1226.681,eval/episode_state/forward_vel_std,27.124271392822266
27787264,1226.681,eval/episode_state/up_z_std,5.805366516113281
27787264,1226.681,eval/avg_episode_length,1000.0
27787264,1226.681,eval/std_episode_length,0.0
27787264,1226.681,eval/epoch_eval_time,7.984086990356445
27787264,1226.681,eval/sps,4007.9723628576567
28311552,1239.171,episode/sps,25585.489395832767
28311552,1239.171,episode/length,1000.0
28311552,1239.171,episode/reward/ctrl,-0.27957890659570694
28311552,1239.171,episode/reward/forward,436.1774475097656
28311552,1239.171,episode/reward/joint,-0.09867103658616543
28311552,1239.171,episode/reward/orient,-38.62632818698883
28311552,1239.171,episode/reward/total,397.1728518676758
28311552,1239.171,episode/state/forward_vel,61.5815970993042
28311552,1239.171,episode/state/up_z,950.4910638427734
28311552,1239.171,episode/sum_reward,397.1728518676758
28311552,1239.171,episode/entropy_loss,-0.10298092164099217
28311552,1239.171,episode/kl_mean,0.0037490378995426
28311552,1239.171,episode/learning_rate,0.0003000000142492354
28311552,1239.171,episode/policy_dist_max_loc,2.201354387998581
28311552,1239.171,episode/policy_dist_max_std,3.2345573496818543
28311552,1239.171,episode/policy_dist_mean_loc,-0.09989461094141007
28311552,1239.171,episode/policy_dist_mean_std,0.8326889604330063
28311552,1239.171,episode/policy_dist_min_loc,-2.9498598074913023
28311552,1239.171,episode/policy_dist_min_std,0.03447554213926196
28311552,1239.171,episode/policy_loss,-0.0006701889674877747
28311552,1239.171,episode/total_loss,5.26604021012783
28311552,1239.171,episode/v_loss,5.369691306352616
28311552,1247.139,eval/walltime,487.57510209083557
28311552,1247.139,training/sps,41943.44960400004
28311552,1247.139,training/walltime,730.0429465770721
28311552,1247.139,training/entropy_loss,-0.10274903476238251
28311552,1247.139,training/kl_mean,0.004069334361702204
28311552,1247.139,training/learning_rate,0.0003000000142492354
28311552,1247.139,training/policy_dist_max_loc,2.2441458702087402
28311552,1247.139,training/policy_dist_max_std,3.271298408508301
28311552,1247.139,training/policy_dist_mean_loc,-0.09973379224538803
28311552,1247.139,training/policy_dist_mean_std,0.8318468332290649
28311552,1247.139,training/policy_dist_min_loc,-2.9028687477111816
28311552,1247.139,training/policy_dist_min_std,0.03282330930233002
28311552,1247.139,training/policy_loss,-0.0004477790789678693
28311552,1247.139,training/total_loss,6.449049949645996
28311552,1247.139,training/v_loss,6.55224609375
28311552,1247.139,eval/episode_reward,437.0452575683594
28311552,1247.139,eval/episode_reward/ctrl,-0.27906161546707153
28311552,1247.139,eval/episode_reward/forward,440.447021484375
28311552,1247.139,eval/episode_reward/joint,-0.0991516262292862
28311552,1247.139,eval/episode_reward/orient,-3.023515224456787
28311552,1247.139,eval/episode_reward/total,437.0452575683594
28311552,1247.139,eval/episode_state/forward_vel,64.26217651367188
28311552,1247.139,eval/episode_state/up_z,970.041748046875
28311552,1247.139,eval/episode_reward_std,27.767230987548828
28311552,1247.139,eval/episode_reward/ctrl_std,0.0034416757989674807
28311552,1247.139,eval/episode_reward/forward_std,27.402603149414062
28311552,1247.139,eval/episode_reward/joint_std,0.007897368632256985
28311552,1247.139,eval/episode_reward/orient_std,4.076842784881592
28311552,1247.139,eval/episode_reward/total_std,27.767230987548828
28311552,1247.139,eval/episode_state/forward_vel_std,19.122711181640625
28311552,1247.139,eval/episode_state/up_z_std,8.382762908935547
28311552,1247.139,eval/avg_episode_length,1000.0
28311552,1247.139,eval/std_episode_length,0.0
28311552,1247.139,eval/epoch_eval_time,7.943160772323608
28311552,1247.139,eval/sps,4028.622977328842
28835840,1259.583,episode/sps,25685.59434498979
28835840,1259.583,episode/length,1000.0
28835840,1259.583,episode/reward/ctrl,-0.28009690165519713
28835840,1259.583,episode/reward/forward,431.5072137451172
28835840,1259.583,episode/reward/joint,-0.10081051848828793
28835840,1259.583,episode/reward/orient,-2.4413887721300127
28835840,1259.583,episode/reward/total,428.6849157714844
28835840,1259.583,episode/state/forward_vel,58.80507714509964
28835840,1259.583,episode/state/up_z,971.0156042480469
28835840,1259.583,episode/sum_reward,428.6849157714844
28835840,1259.583,episode/entropy_loss,-0.10296742543578148
28835840,1259.583,episode/kl_mean,0.0037670521845575423
28835840,1259.583,episode/learning_rate,0.0003000000142492354
28835840,1259.583,episode/policy_dist_max_loc,2.265611037015915
28835840,1259.583,episode/policy_dist_max_std,3.215523593425751
28835840,1259.583,episode/policy_dist_mean_loc,-0.09873853012919426
28835840,1259.583,episode/policy_dist_mean_std,0.8317059284448624
28835840,1259.583,episode/policy_dist_min_loc,-3.0334152507781984
28835840,1259.583,episode/policy_dist_min_std,0.03630334932357073
28835840,1259.583,episode/policy_loss,-0.0007023002445930615
28835840,1259.583,episode/total_loss,4.724115851521492
28835840,1259.583,episode/v_loss,4.827785561084747
28835840,1267.586,eval/walltime,495.55140566825867
28835840,1267.586,training/sps,42091.733273919344
28835840,1267.586,training/walltime,742.4987890720367
28835840,1267.586,training/entropy_loss,-0.10314548760652542
28835840,1267.586,training/kl_mean,0.0038106399588286877
28835840,1267.586,training/learning_rate,0.0003000000142492354
28835840,1267.586,training/policy_dist_max_loc,2.323247194290161
28835840,1267.586,training/policy_dist_max_std,3.102102518081665
28835840,1267.586,training/policy_dist_mean_loc,-0.09753042459487915
28835840,1267.586,training/policy_dist_mean_std,0.8290300369262695
28835840,1267.586,training/policy_dist_min_loc,-3.1980693340301514
28835840,1267.586,training/policy_dist_min_std,0.04209914058446884
28835840,1267.586,training/policy_loss,-0.0008022289257496595
28835840,1267.586,training/total_loss,3.12541127204895
28835840,1267.586,training/v_loss,3.2293591499328613
28835840,1267.586,eval/episode_reward,436.7998352050781
28835840,1267.586,eval/episode_reward/ctrl,-0.2812650799751282
28835840,1267.586,eval/episode_reward/forward,438.83233642578125
28835840,1267.586,eval/episode_reward/joint,-0.09909380972385406
28835840,1267.586,eval/episode_reward/orient,-1.652100920677185
28835840,1267.586,eval/episode_reward/total,436.7998352050781
28835840,1267.586,eval/episode_state/forward_vel,63.26811599731445
28835840,1267.586,eval/episode_state/up_z,972.1761474609375
28835840,1267.586,eval/episode_reward_std,34.445098876953125
28835840,1267.586,eval/episode_reward/ctrl_std,0.005115960258990526
28835840,1267.586,eval/episode_reward/forward_std,34.41788864135742
28835840,1267.586,eval/episode_reward/joint_std,0.006980528589338064
28835840,1267.586,eval/episode_reward/orient_std,0.9389532208442688
28835840,1267.586,eval/episode_reward/total_std,34.445098876953125
28835840,1267.586,eval/episode_state/forward_vel_std,23.21076202392578
28835840,1267.586,eval/episode_state/up_z_std,3.672992706298828
28835840,1267.586,eval/avg_episode_length,1000.0
28835840,1267.586,eval/std_episode_length,0.0
28835840,1267.586,eval/epoch_eval_time,7.976303577423096
28835840,1267.586,eval/sps,4011.883410578292
29360128,1280.082,episode/sps,25575.72279065282
29360128,1280.082,episode/length,1000.0
29360128,1280.082,episode/reward/ctrl,-0.27929493099451064
29360128,1280.082,episode/reward/forward,434.600322265625
29360128,1280.082,episode/reward/joint,-0.09949846297502518
29360128,1280.082,episode/reward/orient,-64.57174623191356
29360128,1280.082,episode/reward/total,369.64984802246096
29360128,1280.082,episode/state/forward_vel,61.226743439137934
29360128,1280.082,episode/state/up_z,938.6512307739258
29360128,1280.082,episode/sum_reward,369.64984802246096
29360128,1280.082,episode/entropy_loss,-0.10291211441159248
29360128,1280.082,episode/kl_mean,0.003832159707089886
29360128,1280.082,episode/learning_rate,0.0003000000142492354
29360128,1280.082,episode/policy_dist_max_loc,2.2968376803398134
29360128,1280.082,episode/policy_dist_max_std,3.2384532141685485
29360128,1280.082,episode/policy_dist_mean_loc,-0.09819851338863372
29360128,1280.082,episode/policy_dist_mean_std,0.8305517590045929
29360128,1280.082,episode/policy_dist_min_loc,-3.0253857469558714
29360128,1280.082,episode/policy_dist_min_std,0.03602375665679574
29360128,1280.082,episode/policy_loss,-0.0006839741607836913
29360128,1280.082,episode/total_loss,4.966336615681648
29360128,1280.082,episode/v_loss,5.069932690858841
29360128,1288.031,eval/walltime,503.47311758995056
29360128,1288.031,training/sps,41916.582300070644
29360128,1288.031,training/walltime,755.006679058075
29360128,1288.031,training/entropy_loss,-0.1028367131948471
29360128,1288.031,training/kl_mean,0.0035205339081585407
29360128,1288.031,training/learning_rate,0.0003000000142492354
29360128,1288.031,training/policy_dist_max_loc,2.3315443992614746
29360128,1288.031,training/policy_dist_max_std,3.3250908851623535
29360128,1288.031,training/policy_dist_mean_loc,-0.09739784151315689
29360128,1288.031,training/policy_dist_mean_std,0.8303649425506592
29360128,1288.031,training/policy_dist_min_loc,-2.9837894439697266
29360128,1288.031,training/policy_dist_min_std,0.033051472157239914
29360128,1288.031,training/policy_loss,-0.0006400209967978299
29360128,1288.031,training/total_loss,5.370879173278809
29360128,1288.031,training/v_loss,5.474356651306152
29360128,1288.031,eval/episode_reward,427.53826904296875
29360128,1288.031,eval/episode_reward/ctrl,-0.27816203236579895
29360128,1288.031,eval/episode_reward/forward,431.1488952636719
29360128,1288.031,eval/episode_reward/joint,-0.09646491706371307
29360128,1288.031,eval/episode_reward/orient,-3.2361042499542236
29360128,1288.031,eval/episode_reward/total,427.53826904296875
29360128,1288.031,eval/episode_state/forward_vel,58.709686279296875
29360128,1288.031,eval/episode_state/up_z,969.9531860351562
29360128,1288.031,eval/episode_reward_std,44.25063705444336
29360128,1288.031,eval/episode_reward/ctrl_std,0.003964334260672331
29360128,1288.031,eval/episode_reward/forward_std,44.059452056884766
29360128,1288.031,eval/episode_reward/joint_std,0.005738494917750359
29360128,1288.031,eval/episode_reward/orient_std,5.851042747497559
29360128,1288.031,eval/episode_reward/total_std,44.25063705444336
29360128,1288.031,eval/episode_state/forward_vel_std,29.327537536621094
29360128,1288.031,eval/episode_state/up_z_std,8.643437385559082
29360128,1288.031,eval/avg_episode_length,1000.0
29360128,1288.031,eval/std_episode_length,0.0
29360128,1288.031,eval/epoch_eval_time,7.9217119216918945
29360128,1288.031,eval/sps,4039.530888818984
29884416,1300.531,episode/sps,25639.090173296132
29884416,1300.531,episode/length,1000.0
29884416,1300.531,episode/reward/ctrl,-0.2802586483955383
29884416,1300.531,episode/reward/forward,449.55505798339846
29884416,1300.531,episode/reward/joint,-0.09780540637671947
29884416,1300.531,episode/reward/orient,-21.176093425154686
29884416,1300.531,episode/reward/total,428.00086669921876
29884416,1300.531,episode/state/forward_vel,71.03498304843903
29884416,1300.531,episode/state/up_z,960.9527424240113
29884416,1300.531,episode/sum_reward,428.00086669921876
29884416,1300.531,episode/entropy_loss,-0.10253101959824562
29884416,1300.531,episode/kl_mean,0.003828045757254586
29884416,1300.531,episode/learning_rate,0.0003000000142492354
29884416,1300.531,episode/policy_dist_max_loc,2.4073200035095215
29884416,1300.531,episode/policy_dist_max_std,3.4317649531364443
29884416,1300.531,episode/policy_dist_mean_loc,-0.09761997126042843
29884416,1300.531,episode/policy_dist_mean_std,0.8307475477457047
29884416,1300.531,episode/policy_dist_min_loc,-3.1018920159339904
29884416,1300.531,episode/policy_dist_min_std,0.033493343712762
29884416,1300.531,episode/policy_loss,-0.0006924732030893211
29884416,1300.531,episode/total_loss,3.862742254734039
29884416,1300.531,episode/v_loss,3.965965722799301
29884416,1308.489,eval/walltime,511.4032726287842
29884416,1308.489,training/sps,41903.542030494595
29884416,1308.489,training/walltime,767.5184614658356
29884416,1308.489,training/entropy_loss,-0.10153062641620636
29884416,1308.489,training/kl_mean,0.004003546200692654
29884416,1308.489,training/learning_rate,0.0003000000142492354
29884416,1308.489,training/policy_dist_max_loc,2.5805184841156006
29884416,1308.489,training/policy_dist_max_std,3.864805221557617
29884416,1308.489,training/policy_dist_mean_loc,-0.09784884005784988
29884416,1308.489,training/policy_dist_mean_std,0.8328424692153931
29884416,1308.489,training/policy_dist_min_loc,-3.1662044525146484
29884416,1308.489,training/policy_dist_min_std,0.025957200676202774
29884416,1308.489,training/policy_loss,-0.000621237326413393
29884416,1308.489,training/total_loss,2.662946939468384
29884416,1308.489,training/v_loss,2.765098810195923
29884416,1308.489,eval/episode_reward,435.72686767578125
29884416,1308.489,eval/episode_reward/ctrl,-0.28020912408828735
29884416,1308.489,eval/episode_reward/forward,437.69000244140625
29884416,1308.489,eval/episode_reward/joint,-0.09945870190858841
29884416,1308.489,eval/episode_reward/orient,-1.5835015773773193
29884416,1308.489,eval/episode_reward/total,435.72686767578125
29884416,1308.489,eval/episode_state/forward_vel,62.96979904174805
29884416,1308.489,eval/episode_state/up_z,971.78564453125
29884416,1308.489,eval/episode_reward_std,29.29424285888672
29884416,1308.489,eval/episode_reward/ctrl_std,0.005455792881548405
29884416,1308.489,eval/episode_reward/forward_std,29.24570083618164
29884416,1308.489,eval/episode_reward/joint_std,0.006671111099421978
29884416,1308.489,eval/episode_reward/orient_std,0.7233549356460571
29884416,1308.489,eval/episode_reward/total_std,29.29424285888672
29884416,1308.489,eval/episode_state/forward_vel_std,19.884286880493164
29884416,1308.489,eval/episode_state/up_z_std,4.319576263427734
29884416,1308.489,eval/avg_episode_length,1000.0
29884416,1308.489,eval/std_episode_length,0.0
29884416,1308.489,eval/epoch_eval_time,7.930155038833618
29884416,1308.489,eval/sps,4035.230060862293
30408704,1321.012,episode/sps,25598.666081217132
30408704,1321.012,episode/length,1000.0
30408704,1321.012,episode/reward/ctrl,-0.2804939588904381
30408704,1321.012,episode/reward/forward,441.5955435180664
30408704,1321.012,episode/reward/joint,-0.09893175944685936
30408704,1321.012,episode/reward/orient,-2.227469335794449
30408704,1321.012,episode/reward/total,438.98867401123044
30408704,1321.012,episode/state/forward_vel,65.65281534194946
30408704,1321.012,episode/state/up_z,970.3112927246094
30408704,1321.012,episode/sum_reward,438.98867401123044
30408704,1321.012,episode/entropy_loss,-0.10180220752954483
30408704,1321.012,episode/kl_mean,0.0039053349813912065
30408704,1321.012,episode/learning_rate,0.0003000000142492354
30408704,1321.012,episode/policy_dist_max_loc,2.502866036891937
30408704,1321.012,episode/policy_dist_max_std,3.6078458523750303
30408704,1321.012,episode/policy_dist_mean_loc,-0.09799330234527588
30408704,1321.012,episode/policy_dist_mean_std,0.8313060408830643
30408704,1321.012,episode/policy_dist_min_loc,-3.120758101940155
30408704,1321.012,episode/policy_dist_min_std,0.02961213106289506
30408704,1321.012,episode/policy_loss,-0.001073857559094904
30408704,1321.012,episode/total_loss,3.283217425942421
30408704,1321.012,episode/v_loss,3.3860934662818907
30408704,1328.953,eval/walltime,519.3190732002258
30408704,1328.953,training/sps,41831.304854537215
30408704,1328.953,training/walltime,780.0518500804901
30408704,1328.953,training/entropy_loss,-0.10090797394514084
30408704,1328.953,training/kl_mean,0.004072640091180801
30408704,1328.953,training/learning_rate,0.0003000000142492354
30408704,1328.953,training/policy_dist_max_loc,2.617086887359619
30408704,1328.953,training/policy_dist_max_std,3.6930432319641113
30408704,1328.953,training/policy_dist_mean_loc,-0.09880533814430237
30408704,1328.953,training/policy_dist_mean_std,0.8310556411743164
30408704,1328.953,training/policy_dist_min_loc,-3.2148070335388184
30408704,1328.953,training/policy_dist_min_std,0.02842365950345993
30408704,1328.953,training/policy_loss,-0.001884132158011198
30408704,1328.953,training/total_loss,1.9011651277542114
30408704,1328.953,training/v_loss,2.0039572715759277
30408704,1328.953,eval/episode_reward,418.7297668457031
30408704,1328.953,eval/episode_reward/ctrl,-0.2811432480812073
30408704,1328.953,eval/episode_reward/forward,449.13555908203125
30408704,1328.953,eval/episode_reward/joint,-0.10100124776363373
30408704,1328.953,eval/episode_reward/orient,-30.023658752441406
30408704,1328.953,eval/episode_reward/total,418.7297668457031
30408704,1328.953,eval/episode_state/forward_vel,72.72908782958984
30408704,1328.953,eval/episode_state/up_z,955.1874389648438
30408704,1328.953,eval/episode_reward_std,156.5652313232422
30408704,1328.953,eval/episode_reward/ctrl_std,0.007722632959485054
30408704,1328.953,eval/episode_reward/forward_std,43.22828674316406
30408704,1328.953,eval/episode_reward/joint_std,0.008450969122350216
30408704,1328.953,eval/episode_reward/orient_std,154.2633514404297
30408704,1328.953,eval/episode_reward/total_std,156.5652313232422
30408704,1328.953,eval/episode_state/forward_vel_std,28.3343448638916
30408704,1328.953,eval/episode_state/up_z_std,84.77249908447266
30408704,1328.953,eval/avg_episode_length,1000.0
30408704,1328.953,eval/std_episode_length,0.0
30408704,1328.953,eval/epoch_eval_time,7.91580057144165
30408704,1328.953,eval/sps,4042.547523929353
30932992,1341.478,episode/sps,25617.607058156485
30932992,1341.478,episode/length,1000.0
30932992,1341.478,episode/reward/ctrl,-0.28066348403692243
30932992,1341.478,episode/reward/forward,447.6889450073242
30932992,1341.478,episode/reward/joint,-0.09982008762657642
30932992,1341.478,episode/reward/orient,-2.3292490953207015
30932992,1341.478,episode/reward/total,444.9792422485352
30932992,1341.478,episode/state/forward_vel,70.27952621459961
30932992,1341.478,episode/state/up_z,971.2250463867188
30932992,1341.478,episode/sum_reward,444.9792422485352
30932992,1341.478,episode/entropy_loss,-0.10116177193820476
30932992,1341.478,episode/kl_mean,0.003823987621581182
30932992,1341.478,episode/learning_rate,0.0003000000142492354
30932992,1341.478,episode/policy_dist_max_loc,2.638268885612488
30932992,1341.478,episode/policy_dist_max_std,3.76838374376297
30932992,1341.478,episode/policy_dist_mean_loc,-0.09874679371714593
30932992,1341.478,episode/policy_dist_mean_std,0.8311390125751495
30932992,1341.478,episode/policy_dist_min_loc,-3.2138192772865297
30932992,1341.478,episode/policy_dist_min_std,0.02764117986895144
30932992,1341.478,episode/policy_loss,-0.0010558940173359588
30932992,1341.478,episode/total_loss,3.369669305086136
30932992,1341.478,episode/v_loss,3.471886955499649
30932992,1349.476,eval/walltime,527.2904875278473
30932992,1349.476,training/sps,41819.06751600884
30932992,1349.476,training/walltime,792.588906288147
30932992,1349.476,training/entropy_loss,-0.10082641243934631
30932992,1349.476,training/kl_mean,0.003363475203514099
30932992,1349.476,training/learning_rate,0.0003000000142492354
30932992,1349.476,training/policy_dist_max_loc,2.753584384918213
30932992,1349.476,training/policy_dist_max_std,3.8147943019866943
30932992,1349.476,training/policy_dist_mean_loc,-0.0998617559671402
30932992,1349.476,training/policy_dist_mean_std,0.8296258449554443
30932992,1349.476,training/policy_dist_min_loc,-3.272402763366699
30932992,1349.476,training/policy_dist_min_std,0.028009513393044472
30932992,1349.476,training/policy_loss,-0.0006378283724188805
30932992,1349.476,training/total_loss,5.326742172241211
30932992,1349.476,training/v_loss,5.428206443786621
30932992,1349.476,eval/episode_reward,432.7333679199219
30932992,1349.476,eval/episode_reward/ctrl,-0.28059864044189453
30932992,1349.476,eval/episode_reward/forward,435.888916015625
30932992,1349.476,eval/episode_reward/joint,-0.09863177686929703
30932992,1349.476,eval/episode_reward/orient,-2.7764015197753906
30932992,1349.476,eval/episode_reward/total,432.7333679199219
30932992,1349.476,eval/episode_state/forward_vel,63.27615737915039
30932992,1349.476,eval/episode_state/up_z,970.7100830078125
30932992,1349.476,eval/episode_reward_std,47.5064697265625
30932992,1349.476,eval/episode_reward/ctrl_std,0.005444031208753586
30932992,1349.476,eval/episode_reward/forward_std,46.508487701416016
30932992,1349.476,eval/episode_reward/joint_std,0.00696884049102664
30932992,1349.476,eval/episode_reward/orient_std,3.680593252182007
30932992,1349.476,eval/episode_reward/total_std,47.5064697265625
30932992,1349.476,eval/episode_state/forward_vel_std,30.704242706298828
30932992,1349.476,eval/episode_state/up_z_std,7.547762393951416
30932992,1349.476,eval/avg_episode_length,1000.0
30932992,1349.476,eval/std_episode_length,0.0
30932992,1349.476,eval/epoch_eval_time,7.97141432762146
30932992,1349.476,eval/sps,4014.344090623662
