step,wall_time_s,metric,value
0,34.854,eval/walltime,23.0705304145813
0,34.854,eval/episode_reward,-928.986083984375
0,34.854,eval/episode_reward/ctrl,-0.24427804350852966
0,34.854,eval/episode_reward/forward,622.3541259765625
0,34.854,eval/episode_reward/joint,-0.09598862379789352
0,34.854,eval/episode_reward/orient,-1551.000244140625
0,34.854,eval/episode_reward/total,-928.986083984375
0,34.854,eval/episode_state/forward_vel,2.679758310317993
0,34.854,eval/episode_state/up_z,-8.389129638671875
0,34.854,eval/episode_reward_std,1212.584228515625
0,34.854,eval/episode_reward/ctrl_std,0.002256463747471571
0,34.854,eval/episode_reward/forward_std,20.894216537475586
0,34.854,eval/episode_reward/joint_std,0.004748737905174494
0,34.854,eval/episode_reward/orient_std,1222.83837890625
0,34.854,eval/episode_reward/total_std,1212.584228515625
0,34.854,eval/episode_state/forward_vel_std,18.17818260192871
0,34.854,eval/episode_state/up_z_std,554.2718505859375
0,34.854,eval/avg_episode_length,1000.0
0,34.854,eval/std_episode_length,0.0
0,34.854,eval/epoch_eval_time,23.0705304145813
0,34.854,eval/sps,1387.0509010826643
1048576,121.988,episode/sps,9031.912184219846
1048576,121.988,episode/length,1000.0
1048576,121.988,episode/reward/ctrl,-0.24496210843324662
1048576,121.988,episode/reward/forward,619.2536981201172
1048576,121.988,episode/reward/joint,-0.09805742926895618
1048576,121.988,episode/reward/orient,-1713.607670288086
1048576,121.988,episode/reward/total,-1094.6968884277344
1048576,121.988,episode/state/forward_vel,0.4094794589281082
1048576,121.988,episode/state/up_z,-90.71034870147705
1048576,121.988,episode/sum_reward,-1094.6968884277344
1048576,121.988,episode/entropy_loss,-0.11500681445002556
1048576,121.988,episode/kl_mean,2.99497789144516
1048576,121.988,episode/learning_rate,0.0003000000142492354
1048576,121.988,episode/policy_dist_max_loc,1.1553073567152023
1048576,121.988,episode/policy_dist_max_std,1.6980518925189971
1048576,121.988,episode/policy_dist_mean_loc,0.004867213456891477
1048576,121.988,episode/policy_dist_mean_std,0.6954058885574341
1048576,121.988,episode/policy_dist_min_loc,-1.0351486223936082
1048576,121.988,episode/policy_dist_min_std,0.22944553986191749
1048576,121.988,episode/policy_loss,0.317192859351635
1048576,121.988,episode/total_loss,205.97560623168945
1048576,121.988,episode/v_loss,205.77342025756835
1048576,144.636,eval/walltime,45.699397563934326
1048576,144.636,training/sps,12033.074580653496
1048576,144.636,training/walltime,87.14115357398987
1048576,144.636,training/entropy_loss,-0.11498568207025528
1048576,144.636,training/kl_mean,3.028780460357666
1048576,144.636,training/learning_rate,0.0003000000142492354
1048576,144.636,training/policy_dist_max_loc,1.19819176197052
1048576,144.636,training/policy_dist_max_std,1.687577486038208
1048576,144.636,training/policy_dist_mean_loc,0.004589827265590429
1048576,144.636,training/policy_dist_mean_std,0.6952314376831055
1048576,144.636,training/policy_dist_min_loc,-1.0393294095993042
1048576,144.636,training/policy_dist_min_std,0.21647703647613525
1048576,144.636,training/policy_loss,0.33288589119911194
1048576,144.636,training/total_loss,204.994873046875
1048576,144.636,training/v_loss,204.7769775390625
1048576,144.636,eval/episode_reward,-935.69873046875
1048576,144.636,eval/episode_reward/ctrl,-0.22147563099861145
1048576,144.636,eval/episode_reward/forward,615.907470703125
1048576,144.636,eval/episode_reward/joint,-0.049958087503910065
1048576,144.636,eval/episode_reward/orient,-1551.334716796875
1048576,144.636,eval/episode_reward/total,-935.69873046875
1048576,144.636,eval/episode_state/forward_vel,-3.694984197616577
1048576,144.636,eval/episode_state/up_z,-9.785636901855469
1048576,144.636,eval/episode_reward_std,959.793701171875
1048576,144.636,eval/episode_reward/ctrl_std,0.005460354033857584
1048576,144.636,eval/episode_reward/forward_std,23.664398193359375
1048576,144.636,eval/episode_reward/joint_std,0.015345262363553047
1048576,144.636,eval/episode_reward/orient_std,960.5045166015625
1048576,144.636,eval/episode_reward/total_std,959.793701171875
1048576,144.636,eval/episode_state/forward_vel_std,17.544158935546875
1048576,144.636,eval/episode_state/up_z_std,463.8547058105469
1048576,144.636,eval/avg_episode_length,1000.0
1048576,144.636,eval/std_episode_length,0.0
1048576,144.636,eval/epoch_eval_time,22.628867149353027
1048576,144.636,eval/sps,1414.122933719857
2097152,227.025,episode/sps,9982.92576994915
2097152,227.025,episode/length,1000.0
2097152,227.025,episode/reward/ctrl,-0.21989336490631103
2097152,227.025,episode/reward/forward,608.9790142822266
2097152,227.025,episode/reward/joint,-0.049381324537098405
2097152,227.025,episode/reward/orient,-1699.7500785827638
2097152,227.025,episode/reward/total,-1091.0403189086915
2097152,227.025,episode/state/forward_vel,-8.534400036334992
2097152,227.025,episode/state/up_z,-62.91362634539604
2097152,227.025,episode/sum_reward,-1091.0403189086915
2097152,227.025,episode/entropy_loss,-0.11488634169101715
2097152,227.025,episode/kl_mean,0.42587212562561033
2097152,227.025,episode/learning_rate,0.0003000000142492354
2097152,227.025,episode/policy_dist_max_loc,0.9365503346920013
2097152,227.025,episode/policy_dist_max_std,1.4756540620326997
2097152,227.025,episode/policy_dist_mean_loc,0.005379744283854962
2097152,227.025,episode/policy_dist_mean_std,0.6962445485591888
2097152,227.025,episode/policy_dist_min_loc,-0.8089802157878876
2097152,227.025,episode/policy_dist_min_std,0.32939252942800523
2097152,227.025,episode/policy_loss,0.12148088321089745
2097152,227.025,episode/total_loss,127.8920344543457
2097152,227.025,episode/v_loss,127.885439453125
2097152,235.330,eval/walltime,53.98450756072998
2097152,235.330,training/sps,12726.335279980987
2097152,235.330,training/walltime,169.53533673286438
2097152,235.330,training/entropy_loss,-0.11490316689014435
2097152,235.330,training/kl_mean,0.438088595867157
2097152,235.330,training/learning_rate,0.0003000000142492354
2097152,235.330,training/policy_dist_max_loc,0.9417639970779419
2097152,235.330,training/policy_dist_max_std,1.486751675605774
2097152,235.330,training/policy_dist_mean_loc,0.005609669256955385
2097152,235.330,training/policy_dist_mean_std,0.6961352229118347
2097152,235.330,training/policy_dist_min_loc,-0.8134749531745911
2097152,235.330,training/policy_dist_min_std,0.32700884342193604
2097152,235.330,training/policy_loss,0.12563127279281616
2097152,235.330,training/total_loss,133.78927612304688
2097152,235.330,training/v_loss,133.77854919433594
2097152,235.330,eval/episode_reward,-377.713134765625
2097152,235.330,eval/episode_reward/ctrl,-0.21749764680862427
2097152,235.330,eval/episode_reward/forward,614.8876342773438
2097152,235.330,eval/episode_reward/joint,-0.040099453181028366
2097152,235.330,eval/episode_reward/orient,-992.3430786132812
2097152,235.330,eval/episode_reward/total,-377.713134765625
2097152,235.330,eval/episode_state/forward_vel,-3.3304078578948975
2097152,235.330,eval/episode_state/up_z,264.981689453125
2097152,235.330,eval/episode_reward_std,841.4996948242188
2097152,235.330,eval/episode_reward/ctrl_std,0.0021705555263906717
2097152,235.330,eval/episode_reward/forward_std,24.512985229492188
2097152,235.330,eval/episode_reward/joint_std,0.005501578561961651
2097152,235.330,eval/episode_reward/orient_std,835.2793579101562
2097152,235.330,eval/episode_reward/total_std,841.4996948242188
2097152,235.330,eval/episode_state/forward_vel_std,19.27573013305664
2097152,235.330,eval/episode_state/up_z_std,395.213623046875
2097152,235.330,eval/avg_episode_length,1000.0
2097152,235.330,eval/std_episode_length,0.0
2097152,235.330,eval/epoch_eval_time,8.285109996795654
2097152,235.330,eval/sps,3862.3506522395364
3145728,306.220,episode/sps,13240.400365087558
3145728,306.220,episode/length,1000.0
3145728,306.220,episode/reward/ctrl,-0.2173791666328907
3145728,306.220,episode/reward/forward,610.8703588867188
3145728,306.220,episode/reward/joint,-0.03853598598390818
3145728,306.220,episode/reward/orient,-1182.578652534485
3145728,306.220,episode/reward/total,-571.9640680003166
3145728,306.220,episode/state/forward_vel,-7.048986465483904
3145728,306.220,episode/state/up_z,172.24470041275023
3145728,306.220,episode/sum_reward,-571.9640680003166
3145728,306.220,episode/entropy_loss,-0.1145330897718668
3145728,306.220,episode/kl_mean,0.009771221997216344
3145728,306.220,episode/learning_rate,0.0003000000142492354
3145728,306.220,episode/policy_dist_max_loc,0.948285157084465
3145728,306.220,episode/policy_dist_max_std,1.5244627404212951
3145728,306.220,episode/policy_dist_mean_loc,-6.791505846194923e-05
3145728,306.220,episode/policy_dist_mean_std,0.6958753561973572
3145728,306.220,episode/policy_dist_min_loc,-0.8358081090450287
3145728,306.220,episode/policy_dist_min_std,0.32171373277902604
3145728,306.220,episode/policy_loss,-0.006775389505783096
3145728,306.220,episode/total_loss,110.55426612854004
3145728,306.220,episode/v_loss,110.6755746459961
3145728,314.457,eval/walltime,62.20729923248291
3145728,314.457,training/sps,14790.680972410873
3145728,314.457,training/walltime,240.42970609664917
3145728,314.457,training/entropy_loss,-0.1145673617720604
3145728,314.457,training/kl_mean,0.009601300582289696
3145728,314.457,training/learning_rate,0.0003000000142492354
3145728,314.457,training/policy_dist_max_loc,0.9441221356391907
3145728,314.457,training/policy_dist_max_std,1.5186169147491455
3145728,314.457,training/policy_dist_mean_loc,0.0010591583559289575
3145728,314.457,training/policy_dist_mean_std,0.6958310604095459
3145728,314.457,training/policy_dist_min_loc,-0.8411946296691895
3145728,314.457,training/policy_dist_min_std,0.32175973057746887
3145728,314.457,training/policy_loss,-0.00483505055308342
3145728,314.457,training/total_loss,111.09220886230469
3145728,314.457,training/v_loss,111.21161651611328
3145728,314.457,eval/episode_reward,-225.30308532714844
3145728,314.457,eval/episode_reward/ctrl,-0.21811285614967346
3145728,314.457,eval/episode_reward/forward,612.82275390625
3145728,314.457,eval/episode_reward/joint,-0.041063092648983
3145728,314.457,eval/episode_reward/orient,-837.8665771484375
3145728,314.457,eval/episode_reward/total,-225.30308532714844
3145728,314.457,eval/episode_state/forward_vel,-5.762221336364746
3145728,314.457,eval/episode_state/up_z,315.14532470703125
3145728,314.457,eval/episode_reward_std,728.69384765625
3145728,314.457,eval/episode_reward/ctrl_std,0.0028228082228451967
3145728,314.457,eval/episode_reward/forward_std,19.16933250427246
3145728,314.457,eval/episode_reward/joint_std,0.006481865420937538
3145728,314.457,eval/episode_reward/orient_std,729.1826171875
3145728,314.457,eval/episode_reward/total_std,728.69384765625
3145728,314.457,eval/episode_state/forward_vel_std,15.519796371459961
3145728,314.457,eval/episode_state/up_z_std,373.9245910644531
3145728,314.457,eval/avg_episode_length,1000.0
3145728,314.457,eval/std_episode_length,0.0
3145728,314.457,eval/epoch_eval_time,8.22279167175293
3145728,314.457,eval/sps,3891.6223683407825
4194304,385.536,episode/sps,13220.253895776452
4194304,385.536,episode/length,1000.0
4194304,385.536,episode/reward/ctrl,-0.21789442166686057
4194304,385.536,episode/reward/forward,615.0574139404297
4194304,385.536,episode/reward/joint,-0.04240740017965436
4194304,385.536,episode/reward/orient,-739.0579375839234
4194304,385.536,episode/reward/total,-124.2608009147644
4194304,385.536,episode/state/forward_vel,-2.7156296999752523
4194304,385.536,episode/state/up_z,371.91007405281067
4194304,385.536,episode/sum_reward,-124.2608009147644
4194304,385.536,episode/entropy_loss,-0.11437370993196964
4194304,385.536,episode/kl_mean,0.008838485600426793
4194304,385.536,episode/learning_rate,0.0003000000142492354
4194304,385.536,episode/policy_dist_max_loc,0.9177086991071701
4194304,385.536,episode/policy_dist_max_std,1.5242582726478577
4194304,385.536,episode/policy_dist_mean_loc,-0.0059925980377011
4194304,385.536,episode/policy_dist_mean_std,0.696647127866745
4194304,385.536,episode/policy_dist_min_loc,-0.7619558149576187
4194304,385.536,episode/policy_dist_min_std,0.3307794453203678
4194304,385.536,episode/policy_loss,-0.008119146069511772
4194304,385.536,episode/total_loss,66.38049613952637
4194304,385.536,episode/v_loss,66.50298862457275
4194304,393.945,eval/walltime,70.60172271728516
4194304,393.945,training/sps,14751.148232442567
4194304,393.945,training/walltime,311.51407074928284
4194304,393.945,training/entropy_loss,-0.11441641300916672
4194304,393.945,training/kl_mean,0.008456079289317131
4194304,393.945,training/learning_rate,0.0003000000142492354
4194304,393.945,training/policy_dist_max_loc,0.9210374355316162
4194304,393.945,training/policy_dist_max_std,1.5145739316940308
4194304,393.945,training/policy_dist_mean_loc,-0.005010569002479315
4194304,393.945,training/policy_dist_mean_std,0.6965551376342773
4194304,393.945,training/policy_dist_min_loc,-0.7674577236175537
4194304,393.945,training/policy_dist_min_std,0.3309025764465332
4194304,393.945,training/policy_loss,-0.006572194397449493
4194304,393.945,training/total_loss,67.06834411621094
4194304,393.945,training/v_loss,67.18932342529297
4194304,393.945,eval/episode_reward,261.7471008300781
4194304,393.945,eval/episode_reward/ctrl,-0.21929112076759338
4194304,393.945,eval/episode_reward/forward,617.0257568359375
4194304,393.945,eval/episode_reward/joint,-0.04537365585565567
4194304,393.945,eval/episode_reward/orient,-355.01416015625
4194304,393.945,eval/episode_reward/total,261.7471008300781
4194304,393.945,eval/episode_state/forward_vel,-0.9129738807678223
4194304,393.945,eval/episode_state/up_z,566.9168701171875
4194304,393.945,eval/episode_reward_std,498.0239562988281
4194304,393.945,eval/episode_reward/ctrl_std,0.001831130008213222
4194304,393.945,eval/episode_reward/forward_std,23.42332649230957
4194304,393.945,eval/episode_reward/joint_std,0.005897982511669397
4194304,393.945,eval/episode_reward/orient_std,495.3281555175781
4194304,393.945,eval/episode_reward/total_std,498.0239562988281
4194304,393.945,eval/episode_state/forward_vel_std,18.96442985534668
4194304,393.945,eval/episode_state/up_z_std,284.4786682128906
4194304,393.945,eval/avg_episode_length,1000.0
4194304,393.945,eval/std_episode_length,0.0
4194304,393.945,eval/epoch_eval_time,8.394423484802246
4194304,393.945,eval/sps,3812.0545214254043
5242880,465.744,episode/sps,13073.2025897368
5242880,465.744,episode/length,1000.0
5242880,465.744,episode/reward/ctrl,-0.2191767807304859
5242880,465.744,episode/reward/forward,616.9599047851563
5242880,465.744,episode/reward/joint,-0.04513787504285574
5242880,465.744,episode/reward/orient,-432.2294837188721
5242880,465.744,episode/reward/total,184.4661426448822
5242880,465.744,episode/state/forward_vel,-1.4837906473875047
5242880,465.744,episode/state/up_z,521.3516600036621
5242880,465.744,episode/sum_reward,184.4661426448822
5242880,465.744,episode/entropy_loss,-0.11407327495515346
5242880,465.744,episode/kl_mean,0.00887402655556798
5242880,465.744,episode/learning_rate,0.0003000000142492354
5242880,465.744,episode/policy_dist_max_loc,0.8733731991052628
5242880,465.744,episode/policy_dist_max_std,1.53758957862854
5242880,465.744,episode/policy_dist_mean_loc,-0.013161899680271745
5242880,465.744,episode/policy_dist_mean_std,0.6984876853227615
5242880,465.744,episode/policy_dist_min_loc,-0.7714239609241486
5242880,465.744,episode/policy_dist_min_std,0.33448479741811754
5242880,465.744,episode/policy_loss,-0.0075873845349997285
5242880,465.744,episode/total_loss,37.570552616119386
5242880,465.744,episode/v_loss,37.69221313476562
5242880,474.299,eval/walltime,79.14222383499146
5242880,474.299,training/sps,14603.166956799992
5242880,474.299,training/walltime,383.3187692165375
5242880,474.299,training/entropy_loss,-0.11411315202713013
5242880,474.299,training/kl_mean,0.008680980652570724
5242880,474.299,training/learning_rate,0.0003000000142492354
5242880,474.299,training/policy_dist_max_loc,0.8710380792617798
5242880,474.299,training/policy_dist_max_std,1.5241641998291016
5242880,474.299,training/policy_dist_mean_loc,-0.012354569509625435
5242880,474.299,training/policy_dist_mean_std,0.6983629465103149
5242880,474.299,training/policy_dist_min_loc,-0.7708713412284851
5242880,474.299,training/policy_dist_min_std,0.3377923369407654
5242880,474.299,training/policy_loss,-0.0062693278305232525
5242880,474.299,training/total_loss,37.67380905151367
5242880,474.299,training/v_loss,37.794193267822266
5242880,474.299,eval/episode_reward,374.86138916015625
5242880,474.299,eval/episode_reward/ctrl,-0.22013375163078308
5242880,474.299,eval/episode_reward/forward,614.365966796875
5242880,474.299,eval/episode_reward/joint,-0.04995185136795044
5242880,474.299,eval/episode_reward/orient,-239.23452758789062
5242880,474.299,eval/episode_reward/total,374.86138916015625
5242880,474.299,eval/episode_state/forward_vel,-6.260071754455566
5242880,474.299,eval/episode_state/up_z,654.7734985351562
5242880,474.299,eval/episode_reward_std,521.8695678710938
5242880,474.299,eval/episode_reward/ctrl_std,0.0020400015637278557
5242880,474.299,eval/episode_reward/forward_std,13.736834526062012
5242880,474.299,eval/episode_reward/joint_std,0.005185809917747974
5242880,474.299,eval/episode_reward/orient_std,528.4959106445312
5242880,474.299,eval/episode_reward/total_std,521.8695678710938
5242880,474.299,eval/episode_state/forward_vel_std,12.169578552246094
5242880,474.299,eval/episode_state/up_z_std,293.676025390625
5242880,474.299,eval/avg_episode_length,1000.0
5242880,474.299,eval/std_episode_length,0.0
5242880,474.299,eval/epoch_eval_time,8.540501117706299
5242880,474.299,eval/sps,3746.852738378209
6291456,546.699,episode/sps,12952.636090412741
6291456,546.699,episode/length,1000.0
6291456,546.699,episode/reward/ctrl,-0.21945663183927536
6291456,546.699,episode/reward/forward,619.5412127685547
6291456,546.699,episode/reward/joint,-0.04857752036303282
6291456,546.699,episode/reward/orient,-177.6794665813446
6291456,546.699,episode/reward/total,441.5937596893311
6291456,546.699,episode/state/forward_vel,-2.9272965124249457
6291456,546.699,episode/state/up_z,682.7520922660827
6291456,546.699,episode/sum_reward,441.5937596893311
6291456,546.699,episode/entropy_loss,-0.11372473582625389
6291456,546.699,episode/kl_mean,0.009078944027423859
6291456,546.699,episode/learning_rate,0.0003000000142492354
6291456,546.699,episode/policy_dist_max_loc,0.9333391571044922
6291456,546.699,episode/policy_dist_max_std,1.5062990725040435
6291456,546.699,episode/policy_dist_mean_loc,-0.02070524584501982
6291456,546.699,episode/policy_dist_mean_std,0.6995885491371154
6291456,546.699,episode/policy_dist_min_loc,-0.7711629068851471
6291456,546.699,episode/policy_dist_min_std,0.3210674774646759
6291456,546.699,episode/policy_loss,-0.00627779467497021
6291456,546.699,episode/total_loss,14.8594641828537
6291456,546.699,episode/v_loss,14.979466724395753
6291456,555.303,eval/walltime,87.73316502571106
6291456,555.303,training/sps,14482.110665106553
6291456,555.303,training/walltime,455.72368478775024
6291456,555.303,training/entropy_loss,-0.11378040164709091
6291456,555.303,training/kl_mean,0.009065108373761177
6291456,555.303,training/learning_rate,0.0003000000142492354
6291456,555.303,training/policy_dist_max_loc,0.9227910041809082
6291456,555.303,training/policy_dist_max_std,1.5096652507781982
6291456,555.303,training/policy_dist_mean_loc,-0.020420562475919724
6291456,555.303,training/policy_dist_mean_std,0.6995714902877808
6291456,555.303,training/policy_dist_min_loc,-0.7754522562026978
6291456,555.303,training/policy_dist_min_std,0.3234502077102661
6291456,555.303,training/policy_loss,-0.00521120335906744
6291456,555.303,training/total_loss,15.074851989746094
6291456,555.303,training/v_loss,15.193842887878418
6291456,555.303,eval/episode_reward,515.943115234375
6291456,555.303,eval/episode_reward/ctrl,-0.21966564655303955
6291456,555.303,eval/episode_reward/forward,619.929931640625
6291456,555.303,eval/episode_reward/joint,-0.04907973110675812
6291456,555.303,eval/episode_reward/orient,-103.71815490722656
6291456,555.303,eval/episode_reward/total,515.943115234375
6291456,555.303,eval/episode_state/forward_vel,-4.136895179748535
6291456,555.303,eval/episode_state/up_z,825.2967529296875
6291456,555.303,eval/episode_reward_std,388.7861022949219
6291456,555.303,eval/episode_reward/ctrl_std,0.001687181182205677
6291456,555.303,eval/episode_reward/forward_std,16.729143142700195
6291456,555.303,eval/episode_reward/joint_std,0.005024166312068701
6291456,555.303,eval/episode_reward/orient_std,389.3511962890625
6291456,555.303,eval/episode_reward/total_std,388.7861022949219
6291456,555.303,eval/episode_state/forward_vel_std,12.807632446289062
6291456,555.303,eval/episode_state/up_z_std,235.607421875
6291456,555.303,eval/avg_episode_length,1000.0
6291456,555.303,eval/std_episode_length,0.0
6291456,555.303,eval/epoch_eval_time,8.590941190719604
6291456,555.303,eval/sps,3724.8538070040704
7340032,628.281,episode/sps,12852.906483583061
7340032,628.281,episode/length,1000.0
7340032,628.281,episode/reward/ctrl,-0.21936339318752288
7340032,628.281,episode/reward/forward,615.2638470458984
7340032,628.281,episode/reward/joint,-0.049079150557518006
7340032,628.281,episode/reward/orient,-68.62618980646134
7340032,628.281,episode/reward/total,546.3692248535157
7340032,628.281,episode/state/forward_vel,-8.396969802081585
7340032,628.281,episode/state/up_z,850.2771771240234
7340032,628.281,episode/sum_reward,546.3692248535157
7340032,628.281,episode/entropy_loss,-0.11353268481791019
7340032,628.281,episode/kl_mean,0.008789637945592404
7340032,628.281,episode/learning_rate,0.0003000000142492354
7340032,628.281,episode/policy_dist_max_loc,0.8519224631786346
7340032,628.281,episode/policy_dist_max_std,1.3554884934425353
7340032,628.281,episode/policy_dist_mean_loc,-0.03415026595816016
7340032,628.281,episode/policy_dist_mean_std,0.6977785551548004
7340032,628.281,episode/policy_dist_min_loc,-0.7443551689386367
7340032,628.281,episode/policy_dist_min_std,0.32836974412202835
7340032,628.281,episode/policy_loss,-0.004676139315124601
7340032,628.281,episode/total_loss,16.51341429233551
7340032,628.281,episode/v_loss,16.631623177528382
7340032,636.714,eval/walltime,96.15112447738647
7340032,636.714,training/sps,14367.125210507764
7340032,636.714,training/walltime,528.7080838680267
7340032,636.714,training/entropy_loss,-0.1135886013507843
7340032,636.714,training/kl_mean,0.009518490172922611
7340032,636.714,training/learning_rate,0.0003000000142492354
7340032,636.714,training/policy_dist_max_loc,0.8585941791534424
7340032,636.714,training/policy_dist_max_std,1.363706111907959
7340032,636.714,training/policy_dist_mean_loc,-0.032933928072452545
7340032,636.714,training/policy_dist_mean_std,0.6978673934936523
7340032,636.714,training/policy_dist_min_loc,-0.7467973232269287
7340032,636.714,training/policy_dist_min_std,0.32911741733551025
7340032,636.714,training/policy_loss,-0.0035367393866181374
7340032,636.714,training/total_loss,16.421855926513672
7340032,636.714,training/v_loss,16.538982391357422
7340032,636.714,eval/episode_reward,475.1716613769531
7340032,636.714,eval/episode_reward/ctrl,-0.21922805905342102
7340032,636.714,eval/episode_reward/forward,610.1323852539062
7340032,636.714,eval/episode_reward/joint,-0.04890982061624527
7340032,636.714,eval/episode_reward/orient,-134.69244384765625
7340032,636.714,eval/episode_reward/total,475.1716613769531
7340032,636.714,eval/episode_state/forward_vel,-13.774106979370117
7340032,636.714,eval/episode_state/up_z,853.622314453125
7340032,636.714,eval/episode_reward_std,486.7010192871094
7340032,636.714,eval/episode_reward/ctrl_std,0.001553570618852973
7340032,636.714,eval/episode_reward/forward_std,14.496399879455566
7340032,636.714,eval/episode_reward/joint_std,0.005223608575761318
7340032,636.714,eval/episode_reward/orient_std,488.144775390625
7340032,636.714,eval/episode_reward/total_std,486.7010192871094
7340032,636.714,eval/episode_state/forward_vel_std,11.968966484069824
7340032,636.714,eval/episode_state/up_z_std,282.8067321777344
7340032,636.714,eval/avg_episode_length,1000.0
7340032,636.714,eval/std_episode_length,0.0
7340032,636.714,eval/epoch_eval_time,8.417959451675415
7340032,636.714,eval/sps,3801.396310317352
8388608,710.087,episode/sps,12817.94520912834
8388608,710.087,episode/length,1000.0
8388608,710.087,episode/reward/ctrl,-0.21938155710697174
8388608,710.087,episode/reward/forward,617.1052368164062
8388608,710.087,episode/reward/joint,-0.04864512220025063
8388608,710.087,episode/reward/orient,-31.01920020341873
8388608,710.087,episode/reward/total,585.8180517578126
8388608,710.087,episode/state/forward_vel,-7.322503786087037
8388608,710.087,episode/state/up_z,917.7907873535156
8388608,710.087,episode/sum_reward,585.8180517578126
8388608,710.087,episode/entropy_loss,-0.11379940249025822
8388608,710.087,episode/kl_mean,0.008250139472074806
8388608,710.087,episode/learning_rate,0.0003000000142492354
8388608,710.087,episode/policy_dist_max_loc,0.8516147148609161
8388608,710.087,episode/policy_dist_max_std,1.2951337838172912
8388608,710.087,episode/policy_dist_mean_loc,-0.04303649857640266
8388608,710.087,episode/policy_dist_mean_std,0.6989628863334656
8388608,710.087,episode/policy_dist_min_loc,-0.7379341292381286
8388608,710.087,episode/policy_dist_min_std,0.33708319246768953
8388608,710.087,episode/policy_loss,-0.0051536939968355
8388608,710.087,episode/total_loss,12.634395592212677
8388608,710.087,episode/v_loss,12.753348703384399
8388608,718.267,eval/walltime,104.31721210479736
8388608,718.267,training/sps,14289.985304715328
8388608,718.267,training/walltime,602.0864658355713
8388608,718.267,training/entropy_loss,-0.11381226032972336
8388608,718.267,training/kl_mean,0.008347597904503345
8388608,718.267,training/learning_rate,0.0003000000142492354
8388608,718.267,training/policy_dist_max_loc,0.8502167463302612
8388608,718.267,training/policy_dist_max_std,1.300262451171875
8388608,718.267,training/policy_dist_mean_loc,-0.04289717599749565
8388608,718.267,training/policy_dist_mean_std,0.6989079117774963
8388608,718.267,training/policy_dist_min_loc,-0.7416834831237793
8388608,718.267,training/policy_dist_min_std,0.3371317982673645
8388608,718.267,training/policy_loss,-0.004581246059387922
8388608,718.267,training/total_loss,12.604339599609375
8388608,718.267,training/v_loss,12.722732543945312
8388608,718.267,eval/episode_reward,594.614501953125
8388608,718.267,eval/episode_reward/ctrl,-0.22024938464164734
8388608,718.267,eval/episode_reward/forward,615.0934448242188
8388608,718.267,eval/episode_reward/joint,-0.04826998710632324
8388608,718.267,eval/episode_reward/orient,-20.210514068603516
8388608,718.267,eval/episode_reward/total,594.614501953125
8388608,718.267,eval/episode_state/forward_vel,-8.775461196899414
8388608,718.267,eval/episode_state/up_z,936.4658203125
8388608,718.267,eval/episode_reward_std,86.20890045166016
8388608,718.267,eval/episode_reward/ctrl_std,0.0017075014766305685
8388608,718.267,eval/episode_reward/forward_std,14.13986873626709
8388608,718.267,eval/episode_reward/joint_std,0.004689727909862995
8388608,718.267,eval/episode_reward/orient_std,84.1910171508789
8388608,718.267,eval/episode_reward/total_std,86.20890045166016
8388608,718.267,eval/episode_state/forward_vel_std,11.21889591217041
8388608,718.267,eval/episode_state/up_z_std,54.648521423339844
8388608,718.267,eval/avg_episode_length,1000.0
8388608,718.267,eval/std_episode_length,0.0
8388608,718.267,eval/epoch_eval_time,8.166087627410889
8388608,718.267,eval/sps,3918.645189721753
9437184,791.784,episode/sps,12834.919863234387
9437184,791.784,episode/length,1000.0
9437184,791.784,episode/reward/ctrl,-0.21962447613477706
9437184,791.784,episode/reward/forward,619.3909973144531
9437184,791.784,episode/reward/joint,-0.049031335338950155
9437184,791.784,episode/reward/orient,-57.10607857704163
9437184,791.784,episode/reward/total,562.0163024902344
9437184,791.784,episode/state/forward_vel,-5.171719725057483
9437184,791.784,episode/state/up_z,917.2247616577148
9437184,791.784,episode/sum_reward,562.0163024902344
9437184,791.784,episode/entropy_loss,-0.11406471334397793
9437184,791.784,episode/kl_mean,0.006997314589098096
9437184,791.784,episode/learning_rate,0.0003000000142492354
9437184,791.784,episode/policy_dist_max_loc,0.8451676976680755
9437184,791.784,episode/policy_dist_max_std,1.3351319789886475
9437184,791.784,episode/policy_dist_mean_loc,-0.047473838999867436
9437184,791.784,episode/policy_dist_mean_std,0.7005576294660568
9437184,791.784,episode/policy_dist_min_loc,-0.7654398560523987
9437184,791.784,episode/policy_dist_min_std,0.33953251779079435
9437184,791.784,episode/policy_loss,-0.0035383974900469184
9437184,791.784,episode/total_loss,9.244621760249139
9437184,791.784,episode/v_loss,9.362224888801574
9437184,799.694,eval/walltime,112.21394872665405
9437184,799.694,training/sps,14261.968760833573
9437184,799.694,training/walltime,675.6089940071106
9437184,799.694,training/entropy_loss,-0.11407433450222015
9437184,799.694,training/kl_mean,0.006685036234557629
9437184,799.694,training/learning_rate,0.0003000000142492354
9437184,799.694,training/policy_dist_max_loc,0.8455690145492554
9437184,799.694,training/policy_dist_max_std,1.3369886875152588
9437184,799.694,training/policy_dist_mean_loc,-0.04731974005699158
9437184,799.694,training/policy_dist_mean_std,0.7005143761634827
9437184,799.694,training/policy_dist_min_loc,-0.7716265916824341
9437184,799.694,training/policy_dist_min_std,0.33891257643699646
9437184,799.694,training/policy_loss,-0.003057787660509348
9437184,799.694,training/total_loss,9.38847541809082
9437184,799.694,training/v_loss,9.505607604980469
9437184,799.694,eval/episode_reward,615.6207275390625
9437184,799.694,eval/episode_reward/ctrl,-0.22017386555671692
9437184,799.694,eval/episode_reward/forward,619.704833984375
9437184,799.694,eval/episode_reward/joint,-0.04702144116163254
9437184,799.694,eval/episode_reward/orient,-3.8169965744018555
9437184,799.694,eval/episode_reward/total,615.6207275390625
9437184,799.694,eval/episode_state/forward_vel,-5.326869010925293
9437184,799.694,eval/episode_state/up_z,961.828857421875
9437184,799.694,eval/episode_reward_std,15.451586723327637
9437184,799.694,eval/episode_reward/ctrl_std,0.0013477833708748221
9437184,799.694,eval/episode_reward/forward_std,14.886054992675781
9437184,799.694,eval/episode_reward/joint_std,0.004306964576244354
9437184,799.694,eval/episode_reward/orient_std,3.0634148120880127
9437184,799.694,eval/episode_reward/total_std,15.451586723327637
9437184,799.694,eval/episode_state/forward_vel_std,12.440986633300781
9437184,799.694,eval/episode_state/up_z_std,18.192550659179688
9437184,799.694,eval/avg_episode_length,1000.0
9437184,799.694,eval/std_episode_length,0.0
9437184,799.694,eval/epoch_eval_time,7.8967366218566895
9437184,799.694,eval/sps,4052.306861980174
10485760,873.440,episode/sps,12841.421922810656
10485760,873.440,episode/length,1000.0
10485760,873.440,episode/reward/ctrl,-0.22023021325469017
10485760,873.440,episode/reward/forward,621.9420391845703
10485760,873.440,episode/reward/joint,-0.049607611075043676
10485760,873.440,episode/reward/orient,-3.749130438566208
10485760,873.440,episode/reward/total,617.9230786132813
10485760,873.440,episode/state/forward_vel,-3.2089080004394055
10485760,873.440,episode/state/up_z,963.7825988769531
10485760,873.440,episode/sum_reward,617.9230786132813
10485760,873.440,episode/entropy_loss,-0.11422028601169586
10485760,873.440,episode/kl_mean,0.006627354552038014
10485760,873.440,episode/learning_rate,0.0003000000142492354
10485760,873.440,episode/policy_dist_max_loc,0.8466081357002259
10485760,873.440,episode/policy_dist_max_std,1.2619130897521973
10485760,873.440,episode/policy_dist_mean_loc,-0.05293158948421478
10485760,873.440,episode/policy_dist_mean_std,0.7015297269821167
10485760,873.440,episode/policy_dist_min_loc,-0.7510978657007218
10485760,873.440,episode/policy_dist_min_std,0.33983281314373015
10485760,873.440,episode/policy_loss,-0.002929998668842018
10485760,873.440,episode/total_loss,8.566724536418915
10485760,873.440,episode/v_loss,8.683874796628952
10485760,881.265,eval/walltime,120.02506995201111
10485760,881.265,training/sps,14217.785466599556
10485760,881.265,training/walltime,749.3600013256073
10485760,881.265,training/entropy_loss,-0.11423350125551224
10485760,881.265,training/kl_mean,0.006343140732496977
10485760,881.265,training/learning_rate,0.0003000000142492354
10485760,881.265,training/policy_dist_max_loc,0.8388627767562866
10485760,881.265,training/policy_dist_max_std,1.2663707733154297
10485760,881.265,training/policy_dist_mean_loc,-0.052441105246543884
10485760,881.265,training/policy_dist_mean_std,0.7013369798660278
10485760,881.265,training/policy_dist_min_loc,-0.7553890943527222
10485760,881.265,training/policy_dist_min_std,0.3401125967502594
10485760,881.265,training/policy_loss,-0.0024899118579924107
10485760,881.265,training/total_loss,8.464293479919434
10485760,881.265,training/v_loss,8.58101749420166
10485760,881.265,eval/episode_reward,535.6535034179688
10485760,881.265,eval/episode_reward/ctrl,-0.22122031450271606
10485760,881.265,eval/episode_reward/forward,628.6962890625
10485760,881.265,eval/episode_reward/joint,-0.052480004727840424
10485760,881.265,eval/episode_reward/orient,-92.76910400390625
10485760,881.265,eval/episode_reward/total,535.6535034179688
10485760,881.265,eval/episode_state/forward_vel,2.17594575881958
10485760,881.265,eval/episode_state/up_z,926.6758422851562
10485760,881.265,eval/episode_reward_std,508.5540771484375
10485760,881.265,eval/episode_reward/ctrl_std,0.0020760735496878624
10485760,881.265,eval/episode_reward/forward_std,13.85027027130127
10485760,881.265,eval/episode_reward/joint_std,0.004713786765933037
10485760,881.265,eval/episode_reward/orient_std,502.643798828125
10485760,881.265,eval/episode_reward/total_std,508.5540771484375
10485760,881.265,eval/episode_state/forward_vel_std,10.710371971130371
10485760,881.265,eval/episode_state/up_z_std,259.8769226074219
10485760,881.265,eval/avg_episode_length,1000.0
10485760,881.265,eval/std_episode_length,0.0
10485760,881.265,eval/epoch_eval_time,7.811121225357056
10485760,881.265,eval/sps,4096.723002597779
11534336,955.398,episode/sps,12793.982375243342
11534336,955.398,episode/length,1000.0
11534336,955.398,episode/reward/ctrl,-0.22141239285469055
11534336,955.398,episode/reward/forward,628.3125604248047
11534336,955.398,episode/reward/joint,-0.05285761658102274
11534336,955.398,episode/reward/orient,-19.013216123208405
11534336,955.398,episode/reward/total,609.0250634765625
11534336,955.398,episode/state/forward_vel,1.9844650475680827
11534336,955.398,episode/state/up_z,961.6876667785644
11534336,955.398,episode/sum_reward,609.0250634765625
11534336,955.398,episode/entropy_loss,-0.11416665904223919
11534336,955.398,episode/kl_mean,0.006022833832539618
11534336,955.398,episode/learning_rate,0.0003000000142492354
11534336,955.398,episode/policy_dist_max_loc,0.8994487220048905
11534336,955.398,episode/policy_dist_max_std,1.2308743274211884
11534336,955.398,episode/policy_dist_mean_loc,-0.05726043909788132
11534336,955.398,episode/policy_dist_mean_std,0.7035358965396881
11534336,955.398,episode/policy_dist_min_loc,-0.7338502126932144
11534336,955.398,episode/policy_dist_min_std,0.3338250333070755
11534336,955.398,episode/policy_loss,-0.0025722131005022674
11534336,955.398,episode/total_loss,4.512768945991993
11534336,955.398,episode/v_loss,4.629507796764374
11534336,963.074,eval/walltime,127.68749403953552
11534336,963.074,training/sps,14143.634729824975
11534336,963.074,training/walltime,823.4976625442505
11534336,963.074,training/entropy_loss,-0.11416280269622803
11534336,963.074,training/kl_mean,0.0058621796779334545
11534336,963.074,training/learning_rate,0.0003000000142492354
11534336,963.074,training/policy_dist_max_loc,0.894172728061676
11534336,963.074,training/policy_dist_max_std,1.2368836402893066
11534336,963.074,training/policy_dist_mean_loc,-0.05683593824505806
11534336,963.074,training/policy_dist_mean_std,0.7032898664474487
11534336,963.074,training/policy_dist_min_loc,-0.7395951151847839
11534336,963.074,training/policy_dist_min_std,0.333529531955719
11534336,963.074,training/policy_loss,-0.00225446792319417
11534336,963.074,training/total_loss,4.605988502502441
11534336,963.074,training/v_loss,4.722406387329102
11534336,963.074,eval/episode_reward,631.2827758789062
11534336,963.074,eval/episode_reward/ctrl,-0.22175976634025574
11534336,963.074,eval/episode_reward/forward,634.2669677734375
11534336,963.074,eval/episode_reward/joint,-0.056608766317367554
11534336,963.074,eval/episode_reward/orient,-2.705982208251953
11534336,963.074,eval/episode_reward/total,631.2827758789062
11534336,963.074,eval/episode_state/forward_vel,6.393503189086914
11534336,963.074,eval/episode_state/up_z,972.1925659179688
11534336,963.074,eval/episode_reward_std,12.126273155212402
11534336,963.074,eval/episode_reward/ctrl_std,0.0013019369216635823
11534336,963.074,eval/episode_reward/forward_std,11.574036598205566
11534336,963.074,eval/episode_reward/joint_std,0.003997127525508404
11534336,963.074,eval/episode_reward/orient_std,3.320317029953003
11534336,963.074,eval/episode_reward/total_std,12.126273155212402
11534336,963.074,eval/episode_state/forward_vel_std,9.553312301635742
11534336,963.074,eval/episode_state/up_z_std,15.485434532165527
11534336,963.074,eval/avg_episode_length,1000.0
11534336,963.074,eval/std_episode_length,0.0
11534336,963.074,eval/epoch_eval_time,7.662424087524414
11534336,963.074,eval/sps,4176.224081893462
12582912,1037.565,episode/sps,12761.480671751508
12582912,1037.565,episode/length,1000.0
12582912,1037.565,episode/reward/ctrl,-0.22254588171839715
12582912,1037.565,episode/reward/forward,632.600048828125
12582912,1037.565,episode/reward/joint,-0.056380914226174354
12582912,1037.565,episode/reward/orient,-48.113197080418466
12582912,1037.565,episode/reward/total,584.2079428100586
12582912,1037.565,episode/state/forward_vel,5.865447167605161
12582912,1037.565,episode/state/up_z,953.2172659301758
12582912,1037.565,episode/sum_reward,584.2079428100586
12582912,1037.565,episode/entropy_loss,-0.11421105705201626
12582912,1037.565,episode/kl_mean,0.005425706561654806
12582912,1037.565,episode/learning_rate,0.0003000000142492354
12582912,1037.565,episode/policy_dist_max_loc,0.8575027555227279
12582912,1037.565,episode/policy_dist_max_std,1.2197068679332732
12582912,1037.565,episode/policy_dist_mean_loc,-0.06268556993454695
12582912,1037.565,episode/policy_dist_mean_std,0.7053194522857666
12582912,1037.565,episode/policy_dist_min_loc,-0.7232873207330703
12582912,1037.565,episode/policy_dist_min_std,0.3411156424880028
12582912,1037.565,episode/policy_loss,-0.001720545725984266
12582912,1037.565,episode/total_loss,5.962359582185745
12582912,1037.565,episode/v_loss,6.078291178047657
12582912,1045.222,eval/walltime,135.32988739013672
12582912,1045.222,training/sps,14075.400859701544
12582912,1045.222,training/walltime,897.9947237968445
12582912,1045.222,training/entropy_loss,-0.11424785852432251
12582912,1045.222,training/kl_mean,0.0052030631341040134
12582912,1045.222,training/learning_rate,0.0003000000142492354
12582912,1045.222,training/policy_dist_max_loc,0.8536219000816345
12582912,1045.222,training/policy_dist_max_std,1.22184419631958
12582912,1045.222,training/policy_dist_mean_loc,-0.062258459627628326
12582912,1045.222,training/policy_dist_mean_std,0.7050658464431763
12582912,1045.222,training/policy_dist_min_loc,-0.7220893502235413
12582912,1045.222,training/policy_dist_min_std,0.3422619700431824
12582912,1045.222,training/policy_loss,-0.0015055389376357198
12582912,1045.222,training/total_loss,5.949542045593262
12582912,1045.222,training/v_loss,6.065295219421387
12582912,1045.222,eval/episode_reward,628.5469970703125
12582912,1045.222,eval/episode_reward/ctrl,-0.223385289311409
12582912,1045.222,eval/episode_reward/forward,631.52197265625
12582912,1045.222,eval/episode_reward/joint,-0.05707995221018791
12582912,1045.222,eval/episode_reward/orient,-2.6944618225097656
12582912,1045.222,eval/episode_reward/total,628.5469970703125
12582912,1045.222,eval/episode_state/forward_vel,4.388067722320557
12582912,1045.222,eval/episode_state/up_z,970.2109375
12582912,1045.222,eval/episode_reward_std,14.259987831115723
12582912,1045.222,eval/episode_reward/ctrl_std,0.0017220925074070692
12582912,1045.222,eval/episode_reward/forward_std,14.195178031921387
12582912,1045.222,eval/episode_reward/joint_std,0.0036057133693248034
12582912,1045.222,eval/episode_reward/orient_std,2.2659332752227783
12582912,1045.222,eval/episode_reward/total_std,14.259987831115723
12582912,1045.222,eval/episode_state/forward_vel_std,11.634769439697266
12582912,1045.222,eval/episode_state/up_z_std,14.906517028808594
12582912,1045.222,eval/avg_episode_length,1000.0
12582912,1045.222,eval/std_episode_length,0.0
12582912,1045.222,eval/epoch_eval_time,7.642393350601196
12582912,1045.222,eval/sps,4187.169978300409
13631488,1120.243,episode/sps,12682.7294319255
13631488,1120.243,episode/length,1000.0
13631488,1120.243,episode/reward/ctrl,-0.22301683843135833
13631488,1120.243,episode/reward/forward,628.7789782714843
13631488,1120.243,episode/reward/joint,-0.05848955515772104
13631488,1120.243,episode/reward/orient,-2.303828011751175
13631488,1120.243,episode/reward/total,626.1937768554687
13631488,1120.243,episode/state/forward_vel,2.2290226186066864
13631488,1120.243,episode/state/up_z,973.8793646240234
13631488,1120.243,episode/sum_reward,626.1937768554687
13631488,1120.243,episode/entropy_loss,-0.11435217723250389
13631488,1120.243,episode/kl_mean,0.004887076690793037
13631488,1120.243,episode/learning_rate,0.0003000000142492354
13631488,1120.243,episode/policy_dist_max_loc,0.9444412535429001
13631488,1120.243,episode/policy_dist_max_std,1.216168521642685
13631488,1120.243,episode/policy_dist_mean_loc,-0.060432813055813314
13631488,1120.243,episode/policy_dist_mean_std,0.7083135622739792
13631488,1120.243,episode/policy_dist_min_loc,-0.7324984437227249
13631488,1120.243,episode/policy_dist_min_std,0.3290976631641388
13631488,1120.243,episode/policy_loss,-0.0014791841848636978
13631488,1120.243,episode/total_loss,5.657006909549236
13631488,1120.243,episode/v_loss,5.772838236689568
13631488,1127.700,eval/walltime,142.772145986557
13631488,1127.700,training/sps,13976.130372668558
13631488,1127.700,training/walltime,973.0209271907806
13631488,1127.700,training/entropy_loss,-0.1143825575709343
13631488,1127.700,training/kl_mean,0.004658336751163006
13631488,1127.700,training/learning_rate,0.0003000000142492354
13631488,1127.700,training/policy_dist_max_loc,0.9441058039665222
13631488,1127.700,training/policy_dist_max_std,1.221237063407898
13631488,1127.700,training/policy_dist_mean_loc,-0.060566097497940063
13631488,1127.700,training/policy_dist_mean_std,0.7081211805343628
13631488,1127.700,training/policy_dist_min_loc,-0.7411396503448486
13631488,1127.700,training/policy_dist_min_std,0.33012762665748596
13631488,1127.700,training/policy_loss,-0.0012299595400691032
13631488,1127.700,training/total_loss,5.645801544189453
13631488,1127.700,training/v_loss,5.761414527893066
13631488,1127.700,eval/episode_reward,631.03125
13631488,1127.700,eval/episode_reward/ctrl,-0.22374099493026733
13631488,1127.700,eval/episode_reward/forward,634.1072387695312
13631488,1127.700,eval/episode_reward/joint,-0.05841238424181938
13631488,1127.700,eval/episode_reward/orient,-2.793836832046509
13631488,1127.700,eval/episode_reward/total,631.03125
13631488,1127.700,eval/episode_state/forward_vel,6.323558807373047
13631488,1127.700,eval/episode_state/up_z,966.2174682617188
13631488,1127.700,eval/episode_reward_std,13.183548927307129
13631488,1127.700,eval/episode_reward/ctrl_std,0.0014770843554288149
13631488,1127.700,eval/episode_reward/forward_std,13.367301940917969
13631488,1127.700,eval/episode_reward/joint_std,0.004270843230187893
13631488,1127.700,eval/episode_reward/orient_std,1.903970718383789
13631488,1127.700,eval/episode_reward/total_std,13.183548927307129
13631488,1127.700,eval/episode_state/forward_vel_std,10.840629577636719
13631488,1127.700,eval/episode_state/up_z_std,16.695987701416016
13631488,1127.700,eval/avg_episode_length,1000.0
13631488,1127.700,eval/std_episode_length,0.0
13631488,1127.700,eval/epoch_eval_time,7.442258596420288
13631488,1127.700,eval/sps,4299.76996706241
14680064,1202.606,episode/sps,12731.080704943746
14680064,1202.606,episode/length,1000.0
14680064,1202.606,episode/reward/ctrl,-0.2238752716779709
14680064,1202.606,episode/reward/forward,634.1707775878906
14680064,1202.606,episode/reward/joint,-0.05879209566861391
14680064,1202.606,episode/reward/orient,-3.3151221053302287
14680064,1202.606,episode/reward/total,630.5730059814454
14680064,1202.606,episode/state/forward_vel,6.255471610724926
14680064,1202.606,episode/state/up_z,961.1360131835937
14680064,1202.606,episode/sum_reward,630.5730059814454
14680064,1202.606,episode/entropy_loss,-0.11468514934182167
14680064,1202.606,episode/kl_mean,0.005464379908517003
14680064,1202.606,episode/learning_rate,0.0003000000142492354
14680064,1202.606,episode/policy_dist_max_loc,0.9901078855991363
14680064,1202.606,episode/policy_dist_max_std,1.1942828118801116
14680064,1202.606,episode/policy_dist_mean_loc,-0.05326066609472036
14680064,1202.606,episode/policy_dist_mean_std,0.7104230892658233
14680064,1202.606,episode/policy_dist_min_loc,-0.6985208308696746
14680064,1202.606,episode/policy_dist_min_std,0.3277995720505714
14680064,1202.606,episode/policy_loss,-0.002311115363263525
14680064,1202.606,episode/total_loss,5.521868690550328
14680064,1202.606,episode/v_loss,5.638864974081517
14680064,1210.052,eval/walltime,150.2048945426941
14680064,1210.052,training/sps,13997.59159026207
14680064,1210.052,training/walltime,1047.9320998191833
14680064,1210.052,training/entropy_loss,-0.11468573659658432
14680064,1210.052,training/kl_mean,0.004874120932072401
14680064,1210.052,training/learning_rate,0.0003000000142492354
14680064,1210.052,training/policy_dist_max_loc,0.9763730764389038
14680064,1210.052,training/policy_dist_max_std,1.195751667022705
14680064,1210.052,training/policy_dist_mean_loc,-0.05327168107032776
14680064,1210.052,training/policy_dist_mean_std,0.7099596261978149
14680064,1210.052,training/policy_dist_min_loc,-0.701728343963623
14680064,1210.052,training/policy_dist_min_std,0.3287445902824402
14680064,1210.052,training/policy_loss,-0.0019527310505509377
14680064,1210.052,training/total_loss,5.611795425415039
14680064,1210.052,training/v_loss,5.728433609008789
14680064,1210.052,eval/episode_reward,627.9559326171875
14680064,1210.052,eval/episode_reward/ctrl,-0.2243650257587433
14680064,1210.052,eval/episode_reward/forward,640.6116333007812
14680064,1210.052,eval/episode_reward/joint,-0.062242262065410614
14680064,1210.052,eval/episode_reward/orient,-12.36911392211914
14680064,1210.052,eval/episode_reward/total,627.9559326171875
14680064,1210.052,eval/episode_state/forward_vel,11.743473052978516
14680064,1210.052,eval/episode_state/up_z,938.5938110351562
14680064,1210.052,eval/episode_reward_std,49.229469299316406
14680064,1210.052,eval/episode_reward/ctrl_std,0.001329679973423481
14680064,1210.052,eval/episode_reward/forward_std,13.016472816467285
14680064,1210.052,eval/episode_reward/joint_std,0.0039399354718625546
14680064,1210.052,eval/episode_reward/orient_std,42.23454666137695
14680064,1210.052,eval/episode_reward/total_std,49.229469299316406
14680064,1210.052,eval/episode_state/forward_vel_std,10.0618314743042
14680064,1210.052,eval/episode_state/up_z_std,39.660621643066406
14680064,1210.052,eval/avg_episode_length,1000.0
14680064,1210.052,eval/std_episode_length,0.0
14680064,1210.052,eval/epoch_eval_time,7.432748556137085
14680064,1210.052,eval/sps,4305.271429312402
15728640,1285.010,episode/sps,12724.84060250089
15728640,1285.010,episode/length,1000.0
15728640,1285.010,episode/reward/ctrl,-0.22440890207886696
15728640,1285.010,episode/reward/forward,641.847866821289
15728640,1285.010,episode/reward/joint,-0.061553357541561125
15728640,1285.010,episode/reward/orient,-16.929621196985245
15728640,1285.010,episode/reward/total,624.6323217773438
15728640,1285.010,episode/state/forward_vel,12.79555022507906
15728640,1285.010,episode/state/up_z,936.0494903564453
15728640,1285.010,episode/sum_reward,624.6323217773438
15728640,1285.010,episode/entropy_loss,-0.11483273848891258
15728640,1285.010,episode/kl_mean,0.006037232587113976
15728640,1285.010,episode/learning_rate,0.0003000000142492354
15728640,1285.010,episode/policy_dist_max_loc,1.0027895498275756
15728640,1285.010,episode/policy_dist_max_std,1.178733868598938
15728640,1285.010,episode/policy_dist_mean_loc,-0.04749039627611637
15728640,1285.010,episode/policy_dist_mean_std,0.7119013357162476
15728640,1285.010,episode/policy_dist_min_loc,-0.7029768776893616
15728640,1285.010,episode/policy_dist_min_std,0.32860912412405013
15728640,1285.010,episode/policy_loss,-0.0030298029695404695
15728640,1285.010,episode/total_loss,3.1389466869831084
15728640,1285.010,episode/v_loss,3.2568092074990274
15728640,1292.398,eval/walltime,157.5784046649933
15728640,1292.398,training/sps,13987.870072228137
15728640,1292.398,training/walltime,1122.8953354358673
15728640,1292.398,training/entropy_loss,-0.11484292149543762
15728640,1292.398,training/kl_mean,0.00574647868052125
15728640,1292.398,training/learning_rate,0.0003000000142492354
15728640,1292.398,training/policy_dist_max_loc,1.0055696964263916
15728640,1292.398,training/policy_dist_max_std,1.1857656240463257
15728640,1292.398,training/policy_dist_mean_loc,-0.04782734811306
15728640,1292.398,training/policy_dist_mean_std,0.7119636535644531
15728640,1292.398,training/policy_dist_min_loc,-0.7057280540466309
15728640,1292.398,training/policy_dist_min_std,0.3299736976623535
15728640,1292.398,training/policy_loss,-0.0026900367811322212
15728640,1292.398,training/total_loss,3.096653461456299
15728640,1292.398,training/v_loss,3.214186191558838
15728640,1292.398,eval/episode_reward,641.0621337890625
15728640,1292.398,eval/episode_reward/ctrl,-0.22472205758094788
15728640,1292.398,eval/episode_reward/forward,648.54052734375
15728640,1292.398,eval/episode_reward/joint,-0.06474277377128601
15728640,1292.398,eval/episode_reward/orient,-7.188998699188232
15728640,1292.398,eval/episode_reward/total,641.0621337890625
15728640,1292.398,eval/episode_state/forward_vel,18.355457305908203
15728640,1292.398,eval/episode_state/up_z,929.5240478515625
15728640,1292.398,eval/episode_reward_std,18.741348266601562
15728640,1292.398,eval/episode_reward/ctrl_std,0.0015389457112178206
15728640,1292.398,eval/episode_reward/forward_std,16.695322036743164
15728640,1292.398,eval/episode_reward/joint_std,0.0037202290259301662
15728640,1292.398,eval/episode_reward/orient_std,4.534608364105225
15728640,1292.398,eval/episode_reward/total_std,18.741348266601562
15728640,1292.398,eval/episode_state/forward_vel_std,14.434981346130371
15728640,1292.398,eval/episode_state/up_z_std,11.955049514770508
15728640,1292.398,eval/avg_episode_length,1000.0
15728640,1292.398,eval/std_episode_length,0.0
15728640,1292.398,eval/epoch_eval_time,7.373510122299194
15728640,1292.398,eval/sps,4339.859777668797
16777216,1367.928,episode/sps,12645.93143605938
16777216,1367.928,episode/length,1000.0
16777216,1367.928,episode/reward/ctrl,-0.2249787911772728
16777216,1367.928,episode/reward/forward,646.3583477783203
16777216,1367.928,episode/reward/joint,-0.06389914620667696
16777216,1367.928,episode/reward/orient,-10.112828235626221
16777216,1367.928,episode/reward/total,635.9566511535645
16777216,1367.928,episode/state/forward_vel,16.302332846373318
16777216,1367.928,episode/state/up_z,929.1153106689453
16777216,1367.928,episode/sum_reward,635.9566511535645
16777216,1367.928,episode/entropy_loss,-0.11488287471234798
16777216,1367.928,episode/kl_mean,0.005886055622249841
16777216,1367.928,episode/learning_rate,0.0003000000142492354
16777216,1367.928,episode/policy_dist_max_loc,0.9888246697187424
16777216,1367.928,episode/policy_dist_max_std,1.1601398265361786
16777216,1367.928,episode/policy_dist_mean_loc,-0.048580054678022865
16777216,1367.928,episode/policy_dist_mean_std,0.7122873532772064
16777216,1367.928,episode/policy_dist_min_loc,-0.719347950220108
16777216,1367.928,episode/policy_dist_min_std,0.32501724630594253
16777216,1367.928,episode/policy_loss,-0.0032920544053195045
16777216,1367.928,episode/total_loss,1.9536021764576434
16777216,1367.928,episode/v_loss,2.071777110695839
16777216,1375.122,eval/walltime,164.75758624076843
16777216,1375.122,training/sps,13881.821393829592
16777216,1375.122,training/walltime,1198.43124461174
16777216,1375.122,training/entropy_loss,-0.11490083485841751
16777216,1375.122,training/kl_mean,0.005572565831243992
16777216,1375.122,training/learning_rate,0.0003000000142492354
16777216,1375.122,training/policy_dist_max_loc,0.9969002604484558
16777216,1375.122,training/policy_dist_max_std,1.1631237268447876
16777216,1375.122,training/policy_dist_mean_loc,-0.04851149395108223
16777216,1375.122,training/policy_dist_mean_std,0.7124255895614624
16777216,1375.122,training/policy_dist_min_loc,-0.7186187505722046
16777216,1375.122,training/policy_dist_min_std,0.3238338232040405
16777216,1375.122,training/policy_loss,-0.0028071298729628325
16777216,1375.122,training/total_loss,1.9044289588928223
16777216,1375.122,training/v_loss,2.02213716506958
16777216,1375.122,eval/episode_reward,645.1720581054688
16777216,1375.122,eval/episode_reward/ctrl,-0.2251526415348053
16777216,1375.122,eval/episode_reward/forward,650.7938232421875
16777216,1375.122,eval/episode_reward/joint,-0.06468235701322556
16777216,1375.122,eval/episode_reward/orient,-5.331894874572754
16777216,1375.122,eval/episode_reward/total,645.1720581054688
16777216,1375.122,eval/episode_state/forward_vel,20.20178985595703
16777216,1375.122,eval/episode_state/up_z,933.69970703125
16777216,1375.122,eval/episode_reward_std,12.165453910827637
16777216,1375.122,eval/episode_reward/ctrl_std,0.0014782319776713848
16777216,1375.122,eval/episode_reward/forward_std,12.049478530883789
16777216,1375.122,eval/episode_reward/joint_std,0.004396663047373295
16777216,1375.122,eval/episode_reward/orient_std,1.0853527784347534
16777216,1375.122,eval/episode_reward/total_std,12.165453910827637
16777216,1375.122,eval/episode_state/forward_vel_std,9.319548606872559
16777216,1375.122,eval/episode_state/up_z_std,5.766179084777832
16777216,1375.122,eval/avg_episode_length,1000.0
16777216,1375.122,eval/std_episode_length,0.0
16777216,1375.122,eval/epoch_eval_time,7.1791815757751465
16777216,1375.122,eval/sps,4457.332588992906
17825792,1450.906,episode/sps,12636.838549090588
17825792,1450.906,episode/length,1000.0
17825792,1450.906,episode/reward/ctrl,-0.2250144237279892
17825792,1450.906,episode/reward/forward,651.2465447998047
17825792,1450.906,episode/reward/joint,-0.06532063584774733
17825792,1450.906,episode/reward/orient,-11.031169517040253
17825792,1450.906,episode/reward/total,639.925080871582
17825792,1450.906,episode/state/forward_vel,19.947795661985875
17825792,1450.906,episode/state/up_z,929.5562646484375
17825792,1450.906,episode/sum_reward,639.925080871582
17825792,1450.906,episode/entropy_loss,-0.11483012557029725
17825792,1450.906,episode/kl_mean,0.005137057895772159
17825792,1450.906,episode/learning_rate,0.0003000000142492354
17825792,1450.906,episode/policy_dist_max_loc,1.0576965564489365
17825792,1450.906,episode/policy_dist_max_std,1.14472740650177
17825792,1450.906,episode/policy_dist_mean_loc,-0.04904426045715809
17825792,1450.906,episode/policy_dist_mean_std,0.7125006902217865
17825792,1450.906,episode/policy_dist_min_loc,-0.6692324995994567
17825792,1450.906,episode/policy_dist_min_std,0.31650816202163695
17825792,1450.906,episode/policy_loss,-0.0023485558753600345
17825792,1450.906,episode/total_loss,1.7810387089848518
17825792,1450.906,episode/v_loss,1.8982173976302148
17825792,1457.974,eval/walltime,171.81033563613892
17825792,1457.974,training/sps,13835.351473694878
17825792,1457.974,training/walltime,1274.2208623886108
17825792,1457.974,training/entropy_loss,-0.11482769250869751
17825792,1457.974,training/kl_mean,0.004795783199369907
17825792,1457.974,training/learning_rate,0.0003000000142492354
17825792,1457.974,training/policy_dist_max_loc,1.0657187700271606
17825792,1457.974,training/policy_dist_max_std,1.1493711471557617
17825792,1457.974,training/policy_dist_mean_loc,-0.04893546923995018
17825792,1457.974,training/policy_dist_mean_std,0.7123679518699646
17825792,1457.974,training/policy_dist_min_loc,-0.6716780066490173
17825792,1457.974,training/policy_dist_min_std,0.3154357075691223
17825792,1457.974,training/policy_loss,-0.002076154574751854
17825792,1457.974,training/total_loss,1.7257188558578491
17825792,1457.974,training/v_loss,1.8426227569580078
17825792,1457.974,eval/episode_reward,647.80810546875
17825792,1457.974,eval/episode_reward/ctrl,-0.2250184863805771
17825792,1457.974,eval/episode_reward/forward,652.682373046875
17825792,1457.974,eval/episode_reward/joint,-0.0653785765171051
17825792,1457.974,eval/episode_reward/orient,-4.583683967590332
17825792,1457.974,eval/episode_reward/total,647.80810546875
17825792,1457.974,eval/episode_state/forward_vel,21.55194091796875
17825792,1457.974,eval/episode_state/up_z,937.8616943359375
17825792,1457.974,eval/episode_reward_std,18.143375396728516
17825792,1457.974,eval/episode_reward/ctrl_std,0.0012875368120148778
17825792,1457.974,eval/episode_reward/forward_std,18.090055465698242
17825792,1457.974,eval/episode_reward/joint_std,0.003883013967424631
17825792,1457.974,eval/episode_reward/orient_std,0.7155261635780334
17825792,1457.974,eval/episode_reward/total_std,18.143375396728516
17825792,1457.974,eval/episode_state/forward_vel_std,15.435696601867676
17825792,1457.974,eval/episode_state/up_z_std,5.262936115264893
17825792,1457.974,eval/avg_episode_length,1000.0
17825792,1457.974,eval/std_episode_length,0.0
17825792,1457.974,eval/epoch_eval_time,7.052749395370483
17825792,1457.974,eval/sps,4537.2376368576515
18874368,1533.597,episode/sps,12680.69203430484
18874368,1533.597,episode/length,1000.0
18874368,1533.597,episode/reward/ctrl,-0.22499312922358514
18874368,1533.597,episode/reward/forward,649.6472497558593
18874368,1533.597,episode/reward/joint,-0.0644526856020093
18874368,1533.597,episode/reward/orient,-15.429212417602539
18874368,1533.597,episode/reward/total,633.9284957885742
18874368,1533.597,episode/state/forward_vel,19.421657837182284
18874368,1533.597,episode/state/up_z,930.9989990234375
18874368,1533.597,episode/sum_reward,633.9284957885742
18874368,1533.597,episode/entropy_loss,-0.11490068033337593
18874368,1533.597,episode/kl_mean,0.005739876911975444
18874368,1533.597,episode/learning_rate,0.0003000000142492354
18874368,1533.597,episode/policy_dist_max_loc,1.1213092356920242
18874368,1533.597,episode/policy_dist_max_std,1.1420226109027862
18874368,1533.597,episode/policy_dist_mean_loc,-0.0493071611225605
18874368,1533.597,episode/policy_dist_mean_std,0.7127286106348037
18874368,1533.597,episode/policy_dist_min_loc,-0.6746659463644028
18874368,1533.597,episode/policy_dist_min_std,0.3222250962257385
18874368,1533.597,episode/policy_loss,-0.002340602689655498
18874368,1533.597,episode/total_loss,1.7532478176057338
18874368,1533.597,episode/v_loss,1.8704890850186349
18874368,1540.549,eval/walltime,178.74884343147278
18874368,1540.549,training/sps,13864.835272347975
18874368,1540.549,training/walltime,1349.8493123054504
18874368,1540.549,training/entropy_loss,-0.1148974820971489
18874368,1540.549,training/kl_mean,0.005401007831096649
18874368,1540.549,training/learning_rate,0.0003000000142492354
18874368,1540.549,training/policy_dist_max_loc,1.1276535987854004
18874368,1540.549,training/policy_dist_max_std,1.1437857151031494
18874368,1540.549,training/policy_dist_mean_loc,-0.04949500039219856
18874368,1540.549,training/policy_dist_mean_std,0.7127065658569336
18874368,1540.549,training/policy_dist_min_loc,-0.6736664772033691
18874368,1540.549,training/policy_dist_min_std,0.32279694080352783
18874368,1540.549,training/policy_loss,-0.002054343931376934
18874368,1540.549,training/total_loss,1.720108985900879
18874368,1540.549,training/v_loss,1.8370609283447266
18874368,1540.549,eval/episode_reward,644.7118530273438
18874368,1540.549,eval/episode_reward/ctrl,-0.22598238289356232
18874368,1540.549,eval/episode_reward/forward,649.93408203125
18874368,1540.549,eval/episode_reward/joint,-0.06773384660482407
18874368,1540.549,eval/episode_reward/orient,-4.928396224975586
18874368,1540.549,eval/episode_reward/total,644.7118530273438
18874368,1540.549,eval/episode_state/forward_vel,20.025501251220703
18874368,1540.549,eval/episode_state/up_z,938.5377197265625
18874368,1540.549,eval/episode_reward_std,16.697778701782227
18874368,1540.549,eval/episode_reward/ctrl_std,0.0016796618001535535
18874368,1540.549,eval/episode_reward/forward_std,16.751047134399414
18874368,1540.549,eval/episode_reward/joint_std,0.004654092248529196
18874368,1540.549,eval/episode_reward/orient_std,1.4209719896316528
18874368,1540.549,eval/episode_reward/total_std,16.697778701782227
18874368,1540.549,eval/episode_state/forward_vel_std,14.342256546020508
18874368,1540.549,eval/episode_state/up_z_std,5.72410774230957
18874368,1540.549,eval/avg_episode_length,1000.0
18874368,1540.549,eval/std_episode_length,0.0
18874368,1540.549,eval/epoch_eval_time,6.938507795333862
18874368,1540.549,eval/sps,4611.942645869759
19922944,1615.929,episode/sps,12735.957057638543
19922944,1615.929,episode/length,1000.0
19922944,1615.929,episode/reward/ctrl,-0.22609496995806694
19922944,1615.929,episode/reward/forward,653.7822772216797
19922944,1615.929,episode/reward/joint,-0.0663517276197672
19922944,1615.929,episode/reward/orient,-5.008937108516693
19922944,1615.929,episode/reward/total,648.4809039306641
19922944,1615.929,episode/state/forward_vel,23.267308915108444
19922944,1615.929,episode/state/up_z,939.5428765869141
19922944,1615.929,episode/sum_reward,648.4809039306641
19922944,1615.929,episode/entropy_loss,-0.11470510832965373
19922944,1615.929,episode/kl_mean,0.004817208922468126
19922944,1615.929,episode/learning_rate,0.0003000000142492354
19922944,1615.929,episode/policy_dist_max_loc,1.138906814455986
19922944,1615.929,episode/policy_dist_max_std,1.1599011051654815
19922944,1615.929,episode/policy_dist_mean_loc,-0.0549952781572938
19922944,1615.929,episode/policy_dist_mean_std,0.713498557806015
19922944,1615.929,episode/policy_dist_min_loc,-0.7193332695960999
19922944,1615.929,episode/policy_dist_min_std,0.3243523919582367
19922944,1615.929,episode/policy_loss,-0.002332119746133685
19922944,1615.929,episode/total_loss,1.7149060454964637
19922944,1615.929,episode/v_loss,1.8319432628154755
19922944,1622.893,eval/walltime,185.69949507713318
19922944,1622.893,training/sps,13909.649159800923
19922944,1622.893,training/walltime,1425.234103679657
19922944,1622.893,training/entropy_loss,-0.11468291282653809
19922944,1622.893,training/kl_mean,0.004364388063549995
19922944,1622.893,training/learning_rate,0.0003000000142492354
19922944,1622.893,training/policy_dist_max_loc,1.140706181526184
19922944,1622.893,training/policy_dist_max_std,1.164050817489624
19922944,1622.893,training/policy_dist_mean_loc,-0.05531197041273117
19922944,1622.893,training/policy_dist_mean_std,0.7134253978729248
19922944,1622.893,training/policy_dist_min_loc,-0.7213703393936157
19922944,1622.893,training/policy_dist_min_std,0.3247290253639221
19922944,1622.893,training/policy_loss,-0.0019905995577573776
19922944,1622.893,training/total_loss,1.731884479522705
19922944,1622.893,training/v_loss,1.848557949066162
19922944,1622.893,eval/episode_reward,650.6494140625
19922944,1622.893,eval/episode_reward/ctrl,-0.22704307734966278
19922944,1622.893,eval/episode_reward/forward,656.0311279296875
19922944,1622.893,eval/episode_reward/joint,-0.06920008361339569
19922944,1622.893,eval/episode_reward/orient,-5.085404396057129
19922944,1622.893,eval/episode_reward/total,650.6494140625
19922944,1622.893,eval/episode_state/forward_vel,27.13924217224121
19922944,1622.893,eval/episode_state/up_z,940.1016845703125
19922944,1622.893,eval/episode_reward_std,18.945383071899414
19922944,1622.893,eval/episode_reward/ctrl_std,0.0015305927954614162
19922944,1622.893,eval/episode_reward/forward_std,18.374927520751953
19922944,1622.893,eval/episode_reward/joint_std,0.00442079920321703
19922944,1622.893,eval/episode_reward/orient_std,2.1800224781036377
19922944,1622.893,eval/episode_reward/total_std,18.945383071899414
19922944,1622.893,eval/episode_state/forward_vel_std,15.341723442077637
19922944,1622.893,eval/episode_state/up_z_std,8.075081825256348
19922944,1622.893,eval/avg_episode_length,1000.0
19922944,1622.893,eval/std_episode_length,0.0
19922944,1622.893,eval/epoch_eval_time,6.9506516456604
19922944,1622.893,eval/sps,4603.884877467427
20971520,1698.352,episode/sps,12721.817454710153
20971520,1698.352,episode/length,1000.0
20971520,1698.352,episode/reward/ctrl,-0.2265294872224331
20971520,1698.352,episode/reward/forward,653.0442694091797
20971520,1698.352,episode/reward/joint,-0.06917934827506542
20971520,1698.352,episode/reward/orient,-5.806028614044189
20971520,1698.352,episode/reward/total,646.9425067138671
20971520,1698.352,episode/state/forward_vel,23.737994668483733
20971520,1698.352,episode/state/up_z,938.3464721679687
20971520,1698.352,episode/sum_reward,646.9425067138671
20971520,1698.352,episode/entropy_loss,-0.11466803126037121
20971520,1698.352,episode/kl_mean,0.004352522275876253
20971520,1698.352,episode/learning_rate,0.0003000000142492354
20971520,1698.352,episode/policy_dist_max_loc,1.181377825140953
20971520,1698.352,episode/policy_dist_max_std,1.1594680988788604
20971520,1698.352,episode/policy_dist_mean_loc,-0.05954576160758734
20971520,1698.352,episode/policy_dist_mean_std,0.7149575704336166
20971520,1698.352,episode/policy_dist_min_loc,-0.7502944797277451
20971520,1698.352,episode/policy_dist_min_std,0.32541048154234886
20971520,1698.352,episode/policy_loss,-0.002468153298541438
20971520,1698.352,episode/total_loss,1.3183661302924157
20971520,1698.352,episode/v_loss,1.4355023109912872
20971520,1705.315,eval/walltime,192.64756894111633
20971520,1705.315,training/sps,13895.013519420834
20971520,1705.315,training/walltime,1500.6982979774475
20971520,1705.315,training/entropy_loss,-0.1146673783659935
20971520,1705.315,training/kl_mean,0.00396866025403142
20971520,1705.315,training/learning_rate,0.0003000000142492354
20971520,1705.315,training/policy_dist_max_loc,1.1891111135482788
20971520,1705.315,training/policy_dist_max_std,1.1618627309799194
20971520,1705.315,training/policy_dist_mean_loc,-0.05947713553905487
20971520,1705.315,training/policy_dist_mean_std,0.714888334274292
20971520,1705.315,training/policy_dist_min_loc,-0.7463144063949585
20971520,1705.315,training/policy_dist_min_std,0.3237456679344177
20971520,1705.315,training/policy_loss,-0.0021177930757403374
20971520,1705.315,training/total_loss,1.2867188453674316
20971520,1705.315,training/v_loss,1.4035040140151978
20971520,1705.315,eval/episode_reward,651.4869384765625
20971520,1705.315,eval/episode_reward/ctrl,-0.22733891010284424
20971520,1705.315,eval/episode_reward/forward,656.8394775390625
20971520,1705.315,eval/episode_reward/joint,-0.0699705183506012
20971520,1705.315,eval/episode_reward/orient,-5.055200576782227
20971520,1705.315,eval/episode_reward/total,651.4869384765625
20971520,1705.315,eval/episode_state/forward_vel,27.119476318359375
20971520,1705.315,eval/episode_state/up_z,938.9244384765625
20971520,1705.315,eval/episode_reward_std,18.618515014648438
20971520,1705.315,eval/episode_reward/ctrl_std,0.0016778340796008706
20971520,1705.315,eval/episode_reward/forward_std,17.268489837646484
20971520,1705.315,eval/episode_reward/joint_std,0.0029571170452982187
20971520,1705.315,eval/episode_reward/orient_std,1.927525281906128
20971520,1705.315,eval/episode_reward/total_std,18.618515014648438
20971520,1705.315,eval/episode_state/forward_vel_std,14.536145210266113
20971520,1705.315,eval/episode_state/up_z_std,6.370659828186035
20971520,1705.315,eval/avg_episode_length,1000.0
20971520,1705.315,eval/std_episode_length,0.0
20971520,1705.315,eval/epoch_eval_time,6.948073863983154
20971520,1705.315,eval/sps,4605.592949418533
22020096,1780.672,episode/sps,12737.878592385852
22020096,1780.672,episode/length,1000.0
22020096,1780.672,episode/reward/ctrl,-0.22757989972829817
22020096,1780.672,episode/reward/forward,652.0155682373047
22020096,1780.672,episode/reward/joint,-0.06944148167967797
22020096,1780.672,episode/reward/orient,-49.787384638786314
22020096,1780.672,episode/reward/total,601.9311581420899
22020096,1780.672,episode/state/forward_vel,23.38946796655655
22020096,1780.672,episode/state/up_z,915.6636553955078
22020096,1780.672,episode/sum_reward,601.9311581420899
22020096,1780.672,episode/entropy_loss,-0.11453547768294811
22020096,1780.672,episode/kl_mean,0.004336078220512718
22020096,1780.672,episode/learning_rate,0.0003000000142492354
22020096,1780.672,episode/policy_dist_max_loc,1.2292747926712035
22020096,1780.672,episode/policy_dist_max_std,1.1563058876991272
22020096,1780.672,episode/policy_dist_mean_loc,-0.06550716325640678
22020096,1780.672,episode/policy_dist_mean_std,0.7169728928804397
22020096,1780.672,episode/policy_dist_min_loc,-0.7896664065122604
22020096,1780.672,episode/policy_dist_min_std,0.3267185586690903
22020096,1780.672,episode/policy_loss,-0.0020385752079891974
22020096,1780.672,episode/total_loss,3.435702522993088
22020096,1780.672,episode/v_loss,3.5522765678167345
22020096,1787.792,eval/walltime,199.7538356781006
22020096,1787.792,training/sps,13913.748123100151
22020096,1787.792,training/walltime,1576.060881137848
22020096,1787.792,training/entropy_loss,-0.11455616354942322
22020096,1787.792,training/kl_mean,0.0036960849538445473
22020096,1787.792,training/learning_rate,0.0003000000142492354
22020096,1787.792,training/policy_dist_max_loc,1.2263989448547363
22020096,1787.792,training/policy_dist_max_std,1.1571125984191895
22020096,1787.792,training/policy_dist_mean_loc,-0.06437094509601593
22020096,1787.792,training/policy_dist_mean_std,0.7167321443557739
22020096,1787.792,training/policy_dist_min_loc,-0.7862869501113892
22020096,1787.792,training/policy_dist_min_std,0.3271143436431885
22020096,1787.792,training/policy_loss,-0.0016730197239667177
22020096,1787.792,training/total_loss,3.468447685241699
22020096,1787.792,training/v_loss,3.584676742553711
22020096,1787.792,eval/episode_reward,651.2135620117188
22020096,1787.792,eval/episode_reward/ctrl,-0.22808155417442322
22020096,1787.792,eval/episode_reward/forward,655.9520263671875
22020096,1787.792,eval/episode_reward/joint,-0.0709102600812912
22020096,1787.792,eval/episode_reward/orient,-4.43936824798584
22020096,1787.792,eval/episode_reward/total,651.2135620117188
22020096,1787.792,eval/episode_state/forward_vel,27.483577728271484
22020096,1787.792,eval/episode_state/up_z,940.2869262695312
22020096,1787.792,eval/episode_reward_std,18.77146339416504
22020096,1787.792,eval/episode_reward/ctrl_std,0.001992749748751521
22020096,1787.792,eval/episode_reward/forward_std,18.700336456298828
22020096,1787.792,eval/episode_reward/joint_std,0.0043068816885352135
22020096,1787.792,eval/episode_reward/orient_std,1.1453102827072144
22020096,1787.792,eval/episode_reward/total_std,18.77146339416504
22020096,1787.792,eval/episode_state/forward_vel_std,16.52996063232422
22020096,1787.792,eval/episode_state/up_z_std,4.944096088409424
22020096,1787.792,eval/avg_episode_length,1000.0
22020096,1787.792,eval/std_episode_length,0.0
22020096,1787.792,eval/epoch_eval_time,7.106266736984253
22020096,1787.792,eval/sps,4503.067670322225
0,34.325,eval/walltime,22.21118474006653
0,34.325,eval/episode_reward,-889.6277465820312
0,34.325,eval/episode_reward/ctrl,-0.24377378821372986
0,34.325,eval/episode_reward/forward,628.044189453125
0,34.325,eval/episode_reward/joint,-0.09668546915054321
0,34.325,eval/episode_reward/orient,-1517.331787109375
0,34.325,eval/episode_reward/total,-889.6277465820312
0,34.325,eval/episode_state/forward_vel,8.21536636352539
0,34.325,eval/episode_state/up_z,12.140937805175781
0,34.325,eval/episode_reward_std,1236.3724365234375
0,34.325,eval/episode_reward/ctrl_std,0.0024118986912071705
0,34.325,eval/episode_reward/forward_std,22.194181442260742
0,34.325,eval/episode_reward/joint_std,0.004864583257585764
0,34.325,eval/episode_reward/orient_std,1237.5205078125
0,34.325,eval/episode_reward/total_std,1236.3724365234375
0,34.325,eval/episode_state/forward_vel_std,19.04322624206543
0,34.325,eval/episode_state/up_z_std,565.5247192382812
0,34.325,eval/avg_episode_length,1000.0
0,34.325,eval/std_episode_length,0.0
0,34.325,eval/epoch_eval_time,22.21118474006653
0,34.325,eval/sps,1440.715584264874
23068672,1844.315,episode/sps,16475.736368517573
23068672,1844.315,episode/length,1000.0
23068672,1844.315,episode/reward/ctrl,-0.22820186465978623
23068672,1844.315,episode/reward/forward,654.8851019287109
23068672,1844.315,episode/reward/joint,-0.07053034503012895
23068672,1844.315,episode/reward/orient,-40.93699558019638
23068672,1844.315,episode/reward/total,613.6493389892578
23068672,1844.315,episode/state/forward_vel,25.240535731315614
23068672,1844.315,episode/state/up_z,919.6842484927178
23068672,1844.315,episode/sum_reward,613.6493389892578
23068672,1844.315,episode/entropy_loss,-0.11437890231609345
23068672,1844.315,episode/kl_mean,0.004240316732320935
23068672,1844.315,episode/learning_rate,0.0003000000142492354
23068672,1844.315,episode/policy_dist_max_loc,1.2772490990161895
23068672,1844.315,episode/policy_dist_max_std,1.1532126665115356
23068672,1844.315,episode/policy_dist_mean_loc,-0.06704574398696422
23068672,1844.315,episode/policy_dist_mean_std,0.7179901278018952
23068672,1844.315,episode/policy_dist_min_loc,-0.8134311002492904
23068672,1844.315,episode/policy_dist_min_std,0.31889150574803354
23068672,1844.315,episode/policy_loss,-0.0018188036466017365
23068672,1844.315,episode/total_loss,3.399846213161945
23068672,1844.315,episode/v_loss,3.5160439392924308
23068672,1854.020,eval/walltime,209.44487023353577
23068672,1854.020,training/sps,18549.573455863036
23068672,1854.020,training/walltime,1632.5891890525818
23068672,1854.020,training/entropy_loss,-0.11439371109008789
23068672,1854.020,training/kl_mean,0.0038739838637411594
23068672,1854.020,training/learning_rate,0.0003000000142492354
23068672,1854.020,training/policy_dist_max_loc,1.2767012119293213
23068672,1854.020,training/policy_dist_max_std,1.1541205644607544
23068672,1854.020,training/policy_dist_mean_loc,-0.06678719073534012
23068672,1854.020,training/policy_dist_mean_std,0.7178590893745422
23068672,1854.020,training/policy_dist_min_loc,-0.8143784999847412
23068672,1854.020,training/policy_dist_min_std,0.31760311126708984
23068672,1854.020,training/policy_loss,-0.0015346482396125793
23068672,1854.020,training/total_loss,3.4730334281921387
23068672,1854.020,training/v_loss,3.5889620780944824
23068672,1854.020,eval/episode_reward,643.433837890625
23068672,1854.020,eval/episode_reward/ctrl,-0.2296568900346756
23068672,1854.020,eval/episode_reward/forward,649.702880859375
23068672,1854.020,eval/episode_reward/joint,-0.07383565604686737
23068672,1854.020,eval/episode_reward/orient,-5.965756416320801
23068672,1854.020,eval/episode_reward/total,643.433837890625
23068672,1854.020,eval/episode_state/forward_vel,20.905250549316406
23068672,1854.020,eval/episode_state/up_z,938.044189453125
23068672,1854.020,eval/episode_reward_std,17.484447479248047
23068672,1854.020,eval/episode_reward/ctrl_std,0.0016103062080219388
23068672,1854.020,eval/episode_reward/forward_std,15.748908042907715
23068672,1854.020,eval/episode_reward/joint_std,0.004160075448453426
23068672,1854.020,eval/episode_reward/orient_std,7.930026531219482
23068672,1854.020,eval/episode_reward/total_std,17.484447479248047
23068672,1854.020,eval/episode_state/forward_vel_std,13.143528938293457
23068672,1854.020,eval/episode_state/up_z_std,10.335740089416504
23068672,1854.020,eval/avg_episode_length,1000.0
23068672,1854.020,eval/std_episode_length,0.0
23068672,1854.020,eval/epoch_eval_time,9.69103455543518
23068672,1854.020,eval/sps,3302.0210398540908
1048576,120.947,episode/sps,9116.191985589836
1048576,120.947,episode/length,1000.0
1048576,120.947,episode/reward/ctrl,-0.2448551206290722
1048576,120.947,episode/reward/forward,619.3651654052734
1048576,120.947,episode/reward/joint,-0.09788004875183105
1048576,120.947,episode/reward/orient,-1719.9633238220215
1048576,120.947,episode/reward/total,-1100.9408172988892
1048576,120.947,episode/state/forward_vel,-0.25213983744382856
1048576,120.947,episode/state/up_z,-92.44749471664429
1048576,120.947,episode/sum_reward,-1100.9408172988892
1048576,120.947,episode/entropy_loss,-0.11497795417904853
1048576,120.947,episode/kl_mean,2.864786765575409
1048576,120.947,episode/learning_rate,0.0003000000142492354
1048576,120.947,episode/policy_dist_max_loc,1.1529422837495804
1048576,120.947,episode/policy_dist_max_std,1.8002147352695466
1048576,120.947,episode/policy_dist_mean_loc,0.004532890263944865
1048576,120.947,episode/policy_dist_mean_std,0.6977592903375626
1048576,120.947,episode/policy_dist_min_loc,-1.0914257919788362
1048576,120.947,episode/policy_dist_min_std,0.23281706348061562
1048576,120.947,episode/policy_loss,0.3150627592206001
1048576,120.947,episode/total_loss,208.70515274047852
1048576,120.947,episode/v_loss,208.5050685119629
24117248,1925.517,episode/sps,12913.226809819675
24117248,1925.517,episode/length,1000.0
24117248,1925.517,episode/reward/ctrl,-0.2299151337146759
24117248,1925.517,episode/reward/forward,649.0410925292969
24117248,1925.517,episode/reward/joint,-0.0732617362588644
24117248,1925.517,episode/reward/orient,-22.744516141414643
24117248,1925.517,episode/reward/total,625.993305053711
24117248,1925.517,episode/state/forward_vel,21.21775394976139
24117248,1925.517,episode/state/up_z,929.1367749214172
24117248,1925.517,episode/sum_reward,625.993305053711
24117248,1925.517,episode/entropy_loss,-0.11444605737924576
24117248,1925.517,episode/kl_mean,0.004488176447339356
24117248,1925.517,episode/learning_rate,0.0003000000142492354
24117248,1925.517,episode/policy_dist_max_loc,1.271957104206085
24117248,1925.517,episode/policy_dist_max_std,1.1536407768726349
24117248,1925.517,episode/policy_dist_mean_loc,-0.07120358385145664
24117248,1925.517,episode/policy_dist_mean_std,0.720500311255455
24117248,1925.517,episode/policy_dist_min_loc,-0.8149275559186936
24117248,1925.517,episode/policy_dist_min_std,0.3181439383327961
24117248,1925.517,episode/policy_loss,-0.0016904085397254675
24117248,1925.517,episode/total_loss,3.233647148311138
24117248,1925.517,episode/v_loss,3.349783625602722
1048576,140.385,eval/walltime,41.62775182723999
1048576,140.385,training/sps,12103.910990992608
1048576,140.385,training/walltime,86.63117241859436
1048576,140.385,training/entropy_loss,-0.11496922373771667
1048576,140.385,training/kl_mean,2.91571307182312
1048576,140.385,training/learning_rate,0.0003000000142492354
1048576,140.385,training/policy_dist_max_loc,1.195003867149353
1048576,140.385,training/policy_dist_max_std,1.7719895839691162
1048576,140.385,training/policy_dist_mean_loc,0.004294822923839092
1048576,140.385,training/policy_dist_mean_std,0.6972697973251343
1048576,140.385,training/policy_dist_min_loc,-1.0845348834991455
1048576,140.385,training/policy_dist_min_std,0.22017182409763336
1048576,140.385,training/policy_loss,0.32983362674713135
1048576,140.385,training/total_loss,207.8426513671875
1048576,140.385,training/v_loss,207.62777709960938
1048576,140.385,eval/episode_reward,-1190.357177734375
1048576,140.385,eval/episode_reward/ctrl,-0.22174131870269775
1048576,140.385,eval/episode_reward/forward,612.630859375
1048576,140.385,eval/episode_reward/joint,-0.04819854348897934
1048576,140.385,eval/episode_reward/orient,-1802.7177734375
1048576,140.385,eval/episode_reward/total,-1190.357177734375
1048576,140.385,eval/episode_state/forward_vel,-6.84132719039917
1048576,140.385,eval/episode_state/up_z,-119.24050903320312
1048576,140.385,eval/episode_reward_std,816.560546875
1048576,140.385,eval/episode_reward/ctrl_std,0.0040068598464131355
1048576,140.385,eval/episode_reward/forward_std,21.743249893188477
1048576,140.385,eval/episode_reward/joint_std,0.010522499680519104
1048576,140.385,eval/episode_reward/orient_std,813.7060546875
1048576,140.385,eval/episode_reward/total_std,816.560546875
1048576,140.385,eval/episode_state/forward_vel_std,16.97519302368164
1048576,140.385,eval/episode_state/up_z_std,388.9111328125
1048576,140.385,eval/avg_episode_length,1000.0
1048576,140.385,eval/std_episode_length,0.0
1048576,140.385,eval/epoch_eval_time,19.416567087173462
1048576,140.385,eval/sps,1648.0771217863287
24117248,1931.824,eval/walltime,215.7373399734497
24117248,1931.824,training/sps,14664.925146098689
24117248,1931.824,training/walltime,1704.0914974212646
24117248,1931.824,training/entropy_loss,-0.11442910134792328
24117248,1931.824,training/kl_mean,0.00395882548764348
24117248,1931.824,training/learning_rate,0.0003000000142492354
24117248,1931.824,training/policy_dist_max_loc,1.2726569175720215
24117248,1931.824,training/policy_dist_max_std,1.1531600952148438
24117248,1931.824,training/policy_dist_mean_loc,-0.07073341310024261
24117248,1931.824,training/policy_dist_mean_std,0.7202717065811157
24117248,1931.824,training/policy_dist_min_loc,-0.8144704103469849
24117248,1931.824,training/policy_dist_min_std,0.3163040280342102
24117248,1931.824,training/policy_loss,-0.001426526578143239
24117248,1931.824,training/total_loss,3.2442235946655273
24117248,1931.824,training/v_loss,3.360079288482666
24117248,1931.824,eval/episode_reward,641.5492553710938
24117248,1931.824,eval/episode_reward/ctrl,-0.23010742664337158
24117248,1931.824,eval/episode_reward/forward,648.2556762695312
24117248,1931.824,eval/episode_reward/joint,-0.07414267957210541
24117248,1931.824,eval/episode_reward/orient,-6.40222692489624
24117248,1931.824,eval/episode_reward/total,641.5492553710938
24117248,1931.824,eval/episode_state/forward_vel,19.94083595275879
24117248,1931.824,eval/episode_state/up_z,936.6522216796875
24117248,1931.824,eval/episode_reward_std,13.071459770202637
24117248,1931.824,eval/episode_reward/ctrl_std,0.0015913943061605096
24117248,1931.824,eval/episode_reward/forward_std,12.772689819335938
24117248,1931.824,eval/episode_reward/joint_std,0.003987005911767483
24117248,1931.824,eval/episode_reward/orient_std,6.398776054382324
24117248,1931.824,eval/episode_reward/total_std,13.071459770202637
24117248,1931.824,eval/episode_state/forward_vel_std,11.449142456054688
24117248,1931.824,eval/episode_state/up_z_std,9.582147598266602
24117248,1931.824,eval/avg_episode_length,1000.0
24117248,1931.824,eval/std_episode_length,0.0
24117248,1931.824,eval/epoch_eval_time,6.29246973991394
24117248,1931.824,eval/sps,5085.443605238163
25165824,2005.062,episode/sps,13182.133415905831
25165824,2005.062,episode/length,1000.0
25165824,2005.062,episode/reward/ctrl,-0.23048510417342186
25165824,2005.062,episode/reward/forward,648.357958984375
25165824,2005.062,episode/reward/joint,-0.07475279748439789
25165824,2005.062,episode/reward/orient,-15.63228755235672
25165824,2005.062,episode/reward/total,632.4203930664063
25165824,2005.062,episode/state/forward_vel,19.48773168385029
25165824,2005.062,episode/state/up_z,932.0371707153321
25165824,2005.062,episode/sum_reward,632.4203930664063
25165824,2005.062,episode/entropy_loss,-0.11440698251128197
25165824,2005.062,episode/kl_mean,0.004242552618961781
25165824,2005.062,episode/learning_rate,0.0003000000142492354
25165824,2005.062,episode/policy_dist_max_loc,1.3267948865890502
25165824,2005.062,episode/policy_dist_max_std,1.1688450241088868
25165824,2005.062,episode/policy_dist_mean_loc,-0.07698676586151124
25165824,2005.062,episode/policy_dist_mean_std,0.7218698000907898
25165824,2005.062,episode/policy_dist_min_loc,-0.8550291854143143
25165824,2005.062,episode/policy_dist_min_std,0.3231971287727356
25165824,2005.062,episode/policy_loss,-0.0016569554872694426
25165824,2005.062,episode/total_loss,2.800284112840891
25165824,2005.062,episode/v_loss,2.9163480600714684
2097152,222.539,episode/sps,10321.393096481543
2097152,222.539,episode/length,1000.0
2097152,222.539,episode/reward/ctrl,-0.2208944670855999
2097152,222.539,episode/reward/forward,608.4233819580078
2097152,222.539,episode/reward/joint,-0.049804762341082096
2097152,222.539,episode/reward/orient,-1798.1121865081786
2097152,222.539,episode/reward/total,-1189.959559173584
2097152,222.539,episode/state/forward_vel,-9.135186356306075
2097152,222.539,episode/state/up_z,-115.0643086385727
2097152,222.539,episode/sum_reward,-1189.959559173584
2097152,222.539,episode/entropy_loss,-0.11478105142712593
2097152,222.539,episode/kl_mean,0.37249868422746657
2097152,222.539,episode/learning_rate,0.0003000000142492354
2097152,222.539,episode/policy_dist_max_loc,0.9709366196393967
2097152,222.539,episode/policy_dist_max_std,1.5473668909072875
2097152,222.539,episode/policy_dist_mean_loc,0.0013928251548850313
2097152,222.539,episode/policy_dist_mean_std,0.6977270650863647
2097152,222.539,episode/policy_dist_min_loc,-0.8788759589195252
2097152,222.539,episode/policy_dist_min_std,0.32027799129486084
2097152,222.539,episode/policy_loss,0.10003029577434062
2097152,222.539,episode/total_loss,119.87289588928223
2097152,222.539,episode/v_loss,119.88764724731445
25165824,2014.371,eval/walltime,225.03249311447144
25165824,2014.371,training/sps,14316.263918269931
25165824,2014.371,training/walltime,1777.3351876735687
25165824,2014.371,training/entropy_loss,-0.11441769450902939
25165824,2014.371,training/kl_mean,0.0038629858754575253
25165824,2014.371,training/learning_rate,0.0003000000142492354
25165824,2014.371,training/policy_dist_max_loc,1.320866346359253
25165824,2014.371,training/policy_dist_max_std,1.1689742803573608
25165824,2014.371,training/policy_dist_mean_loc,-0.07679558545351028
25165824,2014.371,training/policy_dist_mean_std,0.7217400074005127
25165824,2014.371,training/policy_dist_min_loc,-0.8508075475692749
25165824,2014.371,training/policy_dist_min_std,0.32074999809265137
25165824,2014.371,training/policy_loss,-0.0014021460665389895
25165824,2014.371,training/total_loss,2.8780479431152344
25165824,2014.371,training/v_loss,2.993868112564087
25165824,2014.371,eval/episode_reward,648.660888671875
25165824,2014.371,eval/episode_reward/ctrl,-0.2307860106229782
25165824,2014.371,eval/episode_reward/forward,653.68994140625
25165824,2014.371,eval/episode_reward/joint,-0.07537560164928436
25165824,2014.371,eval/episode_reward/orient,-4.722667694091797
25165824,2014.371,eval/episode_reward/total,648.660888671875
25165824,2014.371,eval/episode_state/forward_vel,24.48541259765625
25165824,2014.371,eval/episode_state/up_z,939.1927490234375
25165824,2014.371,eval/episode_reward_std,14.0413818359375
25165824,2014.371,eval/episode_reward/ctrl_std,0.001404417329467833
25165824,2014.371,eval/episode_reward/forward_std,13.906373977661133
25165824,2014.371,eval/episode_reward/joint_std,0.005289104767143726
25165824,2014.371,eval/episode_reward/orient_std,1.6471352577209473
25165824,2014.371,eval/episode_reward/total_std,14.0413818359375
25165824,2014.371,eval/episode_state/forward_vel_std,13.16234302520752
25165824,2014.371,eval/episode_state/up_z_std,5.153161525726318
25165824,2014.371,eval/avg_episode_length,1000.0
25165824,2014.371,eval/std_episode_length,0.0
25165824,2014.371,eval/epoch_eval_time,9.295153141021729
25165824,2014.371,eval/sps,3442.654415103326
2097152,228.305,eval/walltime,47.37990093231201
2097152,228.305,training/sps,12762.732858695665
2097152,228.305,training/walltime,168.79037857055664
2097152,228.305,training/entropy_loss,-0.11478887498378754
2097152,228.305,training/kl_mean,0.38054054975509644
2097152,228.305,training/learning_rate,0.0003000000142492354
2097152,228.305,training/policy_dist_max_loc,0.9831098318099976
2097152,228.305,training/policy_dist_max_std,1.5788171291351318
2097152,228.305,training/policy_dist_mean_loc,0.002235635183751583
2097152,228.305,training/policy_dist_mean_std,0.697877049446106
2097152,228.305,training/policy_dist_min_loc,-0.8858658075332642
2097152,228.305,training/policy_dist_min_std,0.3152342140674591
2097152,228.305,training/policy_loss,0.10619737207889557
2097152,228.305,training/total_loss,128.2435302734375
2097152,228.305,training/v_loss,128.25213623046875
2097152,228.305,eval/episode_reward,-580.418701171875
2097152,228.305,eval/episode_reward/ctrl,-0.21853099763393402
2097152,228.305,eval/episode_reward/forward,600.4899291992188
2097152,228.305,eval/episode_reward/joint,-0.046669378876686096
2097152,228.305,eval/episode_reward/orient,-1180.6435546875
2097152,228.305,eval/episode_reward/total,-580.418701171875
2097152,228.305,eval/episode_state/forward_vel,-14.765432357788086
2097152,228.305,eval/episode_state/up_z,129.97792053222656
2097152,228.305,eval/episode_reward_std,652.97607421875
2097152,228.305,eval/episode_reward/ctrl_std,0.002194000640884042
2097152,228.305,eval/episode_reward/forward_std,35.53139114379883
2097152,228.305,eval/episode_reward/joint_std,0.00625506741926074
2097152,228.305,eval/episode_reward/orient_std,657.2374877929688
2097152,228.305,eval/episode_reward/total_std,652.97607421875
2097152,228.305,eval/episode_state/forward_vel_std,28.145692825317383
2097152,228.305,eval/episode_state/up_z_std,304.8106689453125
2097152,228.305,eval/avg_episode_length,1000.0
2097152,228.305,eval/std_episode_length,0.0
2097152,228.305,eval/epoch_eval_time,5.7521491050720215
2097152,228.305,eval/sps,5563.138127240763
3145728,279.858,episode/sps,18293.788160916694
3145728,279.858,episode/length,1000.0
3145728,279.858,episode/reward/ctrl,-0.2182628971338272
3145728,279.858,episode/reward/forward,610.3945062255859
3145728,279.858,episode/reward/joint,-0.04487896829843521
3145728,279.858,episode/reward/orient,-1192.136516189575
3145728,279.858,episode/reward/total,-582.0051327133178
3145728,279.858,episode/state/forward_vel,-7.470024229586125
3145728,279.858,episode/state/up_z,126.51885527610779
3145728,279.858,episode/sum_reward,-582.0051327133178
3145728,279.858,episode/entropy_loss,-0.11404107846319675
3145728,279.858,episode/kl_mean,0.01169178333133459
3145728,279.858,episode/learning_rate,0.0003000000142492354
3145728,279.858,episode/policy_dist_max_loc,0.9172044706344604
3145728,279.858,episode/policy_dist_max_std,1.5414815664291381
3145728,279.858,episode/policy_dist_mean_loc,-0.0005522578989257454
3145728,279.858,episode/policy_dist_mean_std,0.6962995809316636
3145728,279.858,episode/policy_dist_min_loc,-0.9087803065776825
3145728,279.858,episode/policy_dist_min_std,0.3167535883188248
3145728,279.858,episode/policy_loss,-0.006173517411807552
3145728,279.858,episode/total_loss,71.86350868225098
3145728,279.858,episode/v_loss,71.98372310638428
3145728,285.603,eval/walltime,53.11021041870117
3145728,285.603,training/sps,20337.696767176938
3145728,285.603,training/walltime,220.3486258983612
3145728,285.603,training/entropy_loss,-0.11413124948740005
3145728,285.603,training/kl_mean,0.012950217351317406
3145728,285.603,training/learning_rate,0.0003000000142492354
3145728,285.603,training/policy_dist_max_loc,0.918010413646698
3145728,285.603,training/policy_dist_max_std,1.5532433986663818
3145728,285.603,training/policy_dist_mean_loc,0.00022676361550111324
3145728,285.603,training/policy_dist_mean_std,0.6964517831802368
3145728,285.603,training/policy_dist_min_loc,-0.9152641296386719
3145728,285.603,training/policy_dist_min_std,0.3155133128166199
3145728,285.603,training/policy_loss,-0.0034906803630292416
3145728,285.603,training/total_loss,73.7044677734375
3145728,285.603,training/v_loss,73.82209777832031
3145728,285.603,eval/episode_reward,-273.7213134765625
3145728,285.603,eval/episode_reward/ctrl,-0.21920770406723022
3145728,285.603,eval/episode_reward/forward,604.19140625
3145728,285.603,eval/episode_reward/joint,-0.051009856164455414
3145728,285.603,eval/episode_reward/orient,-877.6426391601562
3145728,285.603,eval/episode_reward/total,-273.7213134765625
3145728,285.603,eval/episode_state/forward_vel,-12.608508110046387
3145728,285.603,eval/episode_state/up_z,242.31956481933594
3145728,285.603,eval/episode_reward_std,572.5379638671875
3145728,285.603,eval/episode_reward/ctrl_std,0.002566975774243474
3145728,285.603,eval/episode_reward/forward_std,23.674602508544922
3145728,285.603,eval/episode_reward/joint_std,0.0069984435103833675
3145728,285.603,eval/episode_reward/orient_std,573.1303100585938
3145728,285.603,eval/episode_reward/total_std,572.5379638671875
3145728,285.603,eval/episode_state/forward_vel_std,18.821208953857422
3145728,285.603,eval/episode_state/up_z_std,292.9964599609375
3145728,285.603,eval/avg_episode_length,1000.0
3145728,285.603,eval/std_episode_length,0.0
3145728,285.603,eval/epoch_eval_time,5.73030948638916
3145728,285.603,eval/sps,5584.340614762181
4194304,337.636,episode/sps,18148.515349509024
4194304,337.636,episode/length,1000.0
4194304,337.636,episode/reward/ctrl,-0.2191162548959255
4194304,337.636,episode/reward/forward,608.2876556396484
4194304,337.636,episode/reward/joint,-0.05177494764328003
4194304,337.636,episode/reward/orient,-787.054005203247
4194304,337.636,episode/reward/total,-179.0372492313385
4194304,337.636,episode/state/forward_vel,-8.019114303290843
4194304,337.636,episode/state/up_z,303.92034093856813
4194304,337.636,episode/sum_reward,-179.0372492313385
4194304,337.636,episode/entropy_loss,-0.11350113242864608
4194304,337.636,episode/kl_mean,0.008741655452176929
4194304,337.636,episode/learning_rate,0.0003000000142492354
4194304,337.636,episode/policy_dist_max_loc,0.9059278190135955
4194304,337.636,episode/policy_dist_max_std,1.5061212360858918
4194304,337.636,episode/policy_dist_mean_loc,-0.006087247857358306
4194304,337.636,episode/policy_dist_mean_std,0.696425062417984
4194304,337.636,episode/policy_dist_min_loc,-0.9108384013175964
4194304,337.636,episode/policy_dist_min_std,0.3275700578093529
4194304,337.636,episode/policy_loss,-0.00802834250498563
4194304,337.636,episode/total_loss,38.16239158630371
4194304,337.636,episode/v_loss,38.28392133712769
4194304,343.440,eval/walltime,58.899479150772095
4194304,343.440,training/sps,20149.851140558396
4194304,343.440,training/walltime,272.38752150535583
4194304,343.440,training/entropy_loss,-0.11359106749296188
4194304,343.440,training/kl_mean,0.009242061525583267
4194304,343.440,training/learning_rate,0.0003000000142492354
4194304,343.440,training/policy_dist_max_loc,0.9057618379592896
4194304,343.440,training/policy_dist_max_std,1.5143463611602783
4194304,343.440,training/policy_dist_mean_loc,-0.005421585403382778
4194304,343.440,training/policy_dist_mean_std,0.6964880228042603
4194304,343.440,training/policy_dist_min_loc,-0.9176304936408997
4194304,343.440,training/policy_dist_min_std,0.32689011096954346
4194304,343.440,training/policy_loss,-0.006138286087661982
4194304,343.440,training/total_loss,39.51619338989258
4194304,343.440,training/v_loss,39.63592529296875
4194304,343.440,eval/episode_reward,127.59048461914062
4194304,343.440,eval/episode_reward/ctrl,-0.22005851566791534
4194304,343.440,eval/episode_reward/forward,608.0161743164062
4194304,343.440,eval/episode_reward/joint,-0.05560735613107681
4194304,343.440,eval/episode_reward/orient,-480.1499938964844
4194304,343.440,eval/episode_reward/total,127.59048461914062
4194304,343.440,eval/episode_state/forward_vel,-9.340051651000977
4194304,343.440,eval/episode_state/up_z,460.58905029296875
4194304,343.440,eval/episode_reward_std,351.8097229003906
4194304,343.440,eval/episode_reward/ctrl_std,0.0018688368145376444
4194304,343.440,eval/episode_reward/forward_std,22.299795150756836
4194304,343.440,eval/episode_reward/joint_std,0.0063020349480211735
4194304,343.440,eval/episode_reward/orient_std,341.92547607421875
4194304,343.440,eval/episode_reward/total_std,351.8097229003906
4194304,343.440,eval/episode_state/forward_vel_std,18.074499130249023
4194304,343.440,eval/episode_state/up_z_std,196.37918090820312
4194304,343.440,eval/avg_episode_length,1000.0
4194304,343.440,eval/std_episode_length,0.0
4194304,343.440,eval/epoch_eval_time,5.789268732070923
4194304,343.440,eval/sps,5527.468404209497
5242880,396.049,episode/sps,17951.098656440092
5242880,396.049,episode/length,1000.0
5242880,396.049,episode/reward/ctrl,-0.22013989046216012
5242880,396.049,episode/reward/forward,611.1570294189453
5242880,396.049,episode/reward/joint,-0.056535341627895835
5242880,396.049,episode/reward/orient,-529.8067169189453
5242880,396.049,episode/reward/total,81.073703250885
5242880,396.049,episode/state/forward_vel,-6.440185700953006
5242880,396.049,episode/state/up_z,434.9981376361847
5242880,396.049,episode/sum_reward,81.073703250885
5242880,396.049,episode/entropy_loss,-0.1130159892141819
5242880,396.049,episode/kl_mean,0.008574994099326431
5242880,396.049,episode/learning_rate,0.0003000000142492354
5242880,396.049,episode/policy_dist_max_loc,0.9110011482238769
5242880,396.049,episode/policy_dist_max_std,1.5209961795806886
5242880,396.049,episode/policy_dist_mean_loc,-0.01310569440945983
5242880,396.049,episode/policy_dist_mean_std,0.6972429239749909
5242880,396.049,episode/policy_dist_min_loc,-0.907977152466774
5242880,396.049,episode/policy_dist_min_std,0.32221544906497
5242880,396.049,episode/policy_loss,-0.008308955011889338
5242880,396.049,episode/total_loss,20.06317130088806
5242880,396.049,episode/v_loss,20.18449634552002
5242880,401.915,eval/walltime,64.75217723846436
5242880,401.915,training/sps,19929.429589841042
5242880,401.915,training/walltime,325.0019726753235
5242880,401.915,training/entropy_loss,-0.11304837465286255
5242880,401.915,training/kl_mean,0.008672062307596207
5242880,401.915,training/learning_rate,0.0003000000142492354
5242880,401.915,training/policy_dist_max_loc,0.9083757400512695
5242880,401.915,training/policy_dist_max_std,1.5198203325271606
5242880,401.915,training/policy_dist_mean_loc,-0.01294964924454689
5242880,401.915,training/policy_dist_mean_std,0.6972141265869141
5242880,401.915,training/policy_dist_min_loc,-0.9129858016967773
5242880,401.915,training/policy_dist_min_std,0.3229830265045166
5242880,401.915,training/policy_loss,-0.006951057352125645
5242880,401.915,training/total_loss,20.695892333984375
5242880,401.915,training/v_loss,20.81589126586914
5242880,401.915,eval/episode_reward,263.19140625
5242880,401.915,eval/episode_reward/ctrl,-0.22107209265232086
5242880,401.915,eval/episode_reward/forward,617.55078125
5242880,401.915,eval/episode_reward/joint,-0.058632366359233856
5242880,401.915,eval/episode_reward/orient,-354.07977294921875
5242880,401.915,eval/episode_reward/total,263.19140625
5242880,401.915,eval/episode_state/forward_vel,-3.056891441345215
5242880,401.915,eval/episode_state/up_z,546.2059936523438
5242880,401.915,eval/episode_reward_std,588.2276611328125
5242880,401.915,eval/episode_reward/ctrl_std,0.0021009829360991716
5242880,401.915,eval/episode_reward/forward_std,23.076799392700195
5242880,401.915,eval/episode_reward/joint_std,0.00622117705643177
5242880,401.915,eval/episode_reward/orient_std,589.4857177734375
5242880,401.915,eval/episode_reward/total_std,588.2276611328125
5242880,401.915,eval/episode_state/forward_vel_std,18.983963012695312
5242880,401.915,eval/episode_state/up_z_std,294.2705078125
5242880,401.915,eval/avg_episode_length,1000.0
5242880,401.915,eval/std_episode_length,0.0
5242880,401.915,eval/epoch_eval_time,5.852698087692261
5242880,401.915,eval/sps,5467.563766409436
6291456,454.760,episode/sps,17859.809137571792
6291456,454.760,episode/length,1000.0
6291456,454.760,episode/reward/ctrl,-0.22051606550812722
6291456,454.760,episode/reward/forward,616.5387243652344
6291456,454.760,episode/reward/joint,-0.058125710375607015
6291456,454.760,episode/reward/orient,-257.8607465362549
6291456,454.760,episode/reward/total,358.3993426513672
6291456,454.760,episode/state/forward_vel,-3.629597158432007
6291456,454.760,episode/state/up_z,595.2974545288085
6291456,454.760,episode/sum_reward,358.3993426513672
6291456,454.760,episode/entropy_loss,-0.1126731863617897
6291456,454.760,episode/kl_mean,0.008373390529304742
6291456,454.760,episode/learning_rate,0.0003000000142492354
6291456,454.760,episode/policy_dist_max_loc,0.9491714876890183
6291456,454.760,episode/policy_dist_max_std,1.548225839138031
6291456,454.760,episode/policy_dist_mean_loc,-0.02474974039942026
6291456,454.760,episode/policy_dist_mean_std,0.6990679812431335
6291456,454.760,episode/policy_dist_min_loc,-0.9344258213043213
6291456,454.760,episode/policy_dist_min_std,0.3057117246091366
6291456,454.760,episode/policy_loss,-0.00694485058542341
6291456,454.760,episode/total_loss,13.956930694580079
6291456,454.760,episode/v_loss,14.076548843383788
6291456,460.608,eval/walltime,70.5864908695221
6291456,460.608,training/sps,19840.603285391415
6291456,460.608,training/walltime,377.85197854042053
6291456,460.608,training/entropy_loss,-0.11273093521595001
6291456,460.608,training/kl_mean,0.008365916088223457
6291456,460.608,training/learning_rate,0.0003000000142492354
6291456,460.608,training/policy_dist_max_loc,0.9395291805267334
6291456,460.608,training/policy_dist_max_std,1.5444426536560059
6291456,460.608,training/policy_dist_mean_loc,-0.024325665086507797
6291456,460.608,training/policy_dist_mean_std,0.6990084648132324
6291456,460.608,training/policy_dist_min_loc,-0.9265337586402893
6291456,460.608,training/policy_dist_min_std,0.30806964635849
6291456,460.608,training/policy_loss,-0.005814613774418831
6291456,460.608,training/total_loss,14.0892333984375
6291456,460.608,training/v_loss,14.207778930664062
6291456,460.608,eval/episode_reward,432.236328125
6291456,460.608,eval/episode_reward/ctrl,-0.22134771943092346
6291456,460.608,eval/episode_reward/forward,622.6565551757812
6291456,460.608,eval/episode_reward/joint,-0.05468348413705826
6291456,460.608,eval/episode_reward/orient,-190.1441650390625
6291456,460.608,eval/episode_reward/total,432.236328125
6291456,460.608,eval/episode_state/forward_vel,-0.8434443473815918
6291456,460.608,eval/episode_state/up_z,706.7653198242188
6291456,460.608,eval/episode_reward_std,463.7446594238281
6291456,460.608,eval/episode_reward/ctrl_std,0.001736070727929473
6291456,460.608,eval/episode_reward/forward_std,16.190017700195312
6291456,460.608,eval/episode_reward/joint_std,0.006303875241428614
6291456,460.608,eval/episode_reward/orient_std,463.40087890625
6291456,460.608,eval/episode_reward/total_std,463.7446594238281
6291456,460.608,eval/episode_state/forward_vel_std,14.684272766113281
6291456,460.608,eval/episode_state/up_z_std,260.4794616699219
6291456,460.608,eval/avg_episode_length,1000.0
6291456,460.608,eval/std_episode_length,0.0
6291456,460.608,eval/epoch_eval_time,5.834313631057739
6291456,460.608,eval/sps,5484.792560628682
7340032,513.494,episode/sps,17852.912909427778
7340032,513.494,episode/length,1000.0
7340032,513.494,episode/reward/ctrl,-0.2211209224164486
7340032,513.494,episode/reward/forward,617.2531866455079
7340032,513.494,episode/reward/joint,-0.05409083232283592
7340032,513.494,episode/reward/orient,-112.73161424636841
7340032,513.494,episode/reward/total,504.24631469726563
7340032,513.494,episode/state/forward_vel,-5.337617212831974
7340032,513.494,episode/state/up_z,736.988314819336
7340032,513.494,episode/sum_reward,504.24631469726563
7340032,513.494,episode/entropy_loss,-0.11277577690780163
7340032,513.494,episode/kl_mean,0.009835463422350586
7340032,513.494,episode/learning_rate,0.0003000000142492354
7340032,513.494,episode/policy_dist_max_loc,1.016491504907608
7340032,513.494,episode/policy_dist_max_std,1.5329043829441071
7340032,513.494,episode/policy_dist_mean_loc,-0.03992797233164311
7340032,513.494,episode/policy_dist_mean_std,0.6995802503824234
7340032,513.494,episode/policy_dist_min_loc,-0.9360512077808381
7340032,513.494,episode/policy_dist_min_std,0.3077619300782681
7340032,513.494,episode/policy_loss,-0.006450364459306001
7340032,513.494,episode/total_loss,11.617677435874938
7340032,513.494,episode/v_loss,11.736903500556945
7340032,519.405,eval/walltime,76.47940063476562
7340032,519.405,training/sps,19823.602235613525
7340032,519.405,training/walltime,430.74730944633484
7340032,519.405,training/entropy_loss,-0.11280913650989532
7340032,519.405,training/kl_mean,0.010071370750665665
7340032,519.405,training/learning_rate,0.0003000000142492354
7340032,519.405,training/policy_dist_max_loc,1.004489779472351
7340032,519.405,training/policy_dist_max_std,1.531435251235962
7340032,519.405,training/policy_dist_mean_loc,-0.03952854871749878
7340032,519.405,training/policy_dist_mean_std,0.6995669007301331
7340032,519.405,training/policy_dist_min_loc,-0.9304822087287903
7340032,519.405,training/policy_dist_min_std,0.30893802642822266
7340032,519.405,training/policy_loss,-0.005132452584803104
7340032,519.405,training/total_loss,11.696038246154785
7340032,519.405,training/v_loss,11.813980102539062
7340032,519.405,eval/episode_reward,440.92828369140625
7340032,519.405,eval/episode_reward/ctrl,-0.2203536033630371
7340032,519.405,eval/episode_reward/forward,618.2054443359375
7340032,519.405,eval/episode_reward/joint,-0.05344778299331665
7340032,519.405,eval/episode_reward/orient,-177.00344848632812
7340032,519.405,eval/episode_reward/total,440.92828369140625
7340032,519.405,eval/episode_state/forward_vel,-5.994140625
7340032,519.405,eval/episode_state/up_z,798.9920654296875
7340032,519.405,eval/episode_reward_std,580.9107055664062
7340032,519.405,eval/episode_reward/ctrl_std,0.0016211149049922824
7340032,519.405,eval/episode_reward/forward_std,14.81098747253418
7340032,519.405,eval/episode_reward/joint_std,0.00547666335478425
7340032,519.405,eval/episode_reward/orient_std,581.431640625
7340032,519.405,eval/episode_reward/total_std,580.9107055664062
7340032,519.405,eval/episode_state/forward_vel_std,12.720216751098633
7340032,519.405,eval/episode_state/up_z_std,336.33050537109375
7340032,519.405,eval/avg_episode_length,1000.0
7340032,519.405,eval/std_episode_length,0.0
7340032,519.405,eval/epoch_eval_time,5.89290976524353
7340032,519.405,eval/sps,5430.254538892905
8388608,572.863,episode/sps,17662.161689200577
8388608,572.863,episode/length,1000.0
8388608,572.863,episode/reward/ctrl,-0.22029063135385513
8388608,572.863,episode/reward/forward,618.8821392822266
8388608,572.863,episode/reward/joint,-0.051808686517179015
8388608,572.863,episode/reward/orient,-18.08499942302704
8388608,572.863,episode/reward/total,600.5250860595703
8388608,572.863,episode/state/forward_vel,-5.704569695778191
8388608,572.863,episode/state/up_z,906.2116418457031
8388608,572.863,episode/sum_reward,600.5250860595703
8388608,572.863,episode/entropy_loss,-0.11292405806481838
8388608,572.863,episode/kl_mean,0.008494188264012336
8388608,572.863,episode/learning_rate,0.0003000000142492354
8388608,572.863,episode/policy_dist_max_loc,0.9362683230638504
8388608,572.863,episode/policy_dist_max_std,1.3815422821044923
8388608,572.863,episode/policy_dist_mean_loc,-0.05224224809557199
8388608,572.863,episode/policy_dist_mean_std,0.698784562945366
8388608,572.863,episode/policy_dist_min_loc,-0.7826977086067199
8388608,572.863,episode/policy_dist_min_std,0.3171785488724709
8388608,572.863,episode/policy_loss,-0.004984725879039615
8388608,572.863,episode/total_loss,12.452839179039001
8388608,572.863,episode/v_loss,12.5707480096817
8388608,578.788,eval/walltime,82.3846001625061
8388608,578.788,training/sps,19610.91321199648
8388608,578.788,training/walltime,484.21631360054016
8388608,578.788,training/entropy_loss,-0.11294835805892944
8388608,578.788,training/kl_mean,0.009069330058991909
8388608,578.788,training/learning_rate,0.0003000000142492354
8388608,578.788,training/policy_dist_max_loc,0.930914044380188
8388608,578.788,training/policy_dist_max_std,1.3808022737503052
8388608,578.788,training/policy_dist_mean_loc,-0.05139555782079697
8388608,578.788,training/policy_dist_mean_std,0.6988061666488647
8388608,578.788,training/policy_dist_min_loc,-0.7818508148193359
8388608,578.788,training/policy_dist_min_std,0.3174530863761902
8388608,578.788,training/policy_loss,-0.004190321080386639
8388608,578.788,training/total_loss,12.536084175109863
8388608,578.788,training/v_loss,12.653223037719727
8388608,578.788,eval/episode_reward,600.9296875
8388608,578.788,eval/episode_reward/ctrl,-0.22131353616714478
8388608,578.788,eval/episode_reward/forward,618.2769775390625
8388608,578.788,eval/episode_reward/joint,-0.05160844326019287
8388608,578.788,eval/episode_reward/orient,-17.074443817138672
8388608,578.788,eval/episode_reward/total,600.9296875
8388608,578.788,eval/episode_state/forward_vel,-5.42764949798584
8388608,578.788,eval/episode_state/up_z,928.5203247070312
8388608,578.788,eval/episode_reward_std,60.050865173339844
8388608,578.788,eval/episode_reward/ctrl_std,0.00178041763138026
8388608,578.788,eval/episode_reward/forward_std,13.365477561950684
8388608,578.788,eval/episode_reward/joint_std,0.0054795085452497005
8388608,578.788,eval/episode_reward/orient_std,59.52080535888672
8388608,578.788,eval/episode_reward/total_std,60.050865173339844
8388608,578.788,eval/episode_state/forward_vel_std,10.41751766204834
8388608,578.788,eval/episode_state/up_z_std,39.910179138183594
8388608,578.788,eval/avg_episode_length,1000.0
8388608,578.788,eval/std_episode_length,0.0
8388608,578.788,eval/epoch_eval_time,5.9051995277404785
8388608,578.788,eval/sps,5418.953220746504
9437184,632.274,episode/sps,17649.3341618871
9437184,632.274,episode/length,1000.0
9437184,632.274,episode/reward/ctrl,-0.22069793283939362
9437184,632.274,episode/reward/forward,616.2091833496094
9437184,632.274,episode/reward/joint,-0.05197600059211254
9437184,632.274,episode/reward/orient,-41.366913982629775
9437184,632.274,episode/reward/total,574.5696070861817
9437184,632.274,episode/state/forward_vel,-7.167943945545703
9437184,632.274,episode/state/up_z,915.9550866699219
9437184,632.274,episode/sum_reward,574.5696070861817
9437184,632.274,episode/entropy_loss,-0.11331657864153385
9437184,632.274,episode/kl_mean,0.006571031762287021
9437184,632.274,episode/learning_rate,0.0003000000142492354
9437184,632.274,episode/policy_dist_max_loc,0.9229789537191391
9437184,632.274,episode/policy_dist_max_std,1.4065628480911254
9437184,632.274,episode/policy_dist_mean_loc,-0.05968544516712427
9437184,632.274,episode/policy_dist_mean_std,0.7013603079319001
9437184,632.274,episode/policy_dist_min_loc,-0.8177941012382507
9437184,632.274,episode/policy_dist_min_std,0.3193922197818756
9437184,632.274,episode/policy_loss,-0.003139429549919441
9437184,632.274,episode/total_loss,10.211353456377983
9437184,632.274,episode/v_loss,10.327809393405914
9437184,638.179,eval/walltime,88.26924991607666
9437184,638.179,training/sps,19600.559838764417
9437184,638.179,training/walltime,537.7135610580444
9437184,638.179,training/entropy_loss,-0.11333711445331573
9437184,638.179,training/kl_mean,0.006475433241575956
9437184,638.179,training/learning_rate,0.0003000000142492354
9437184,638.179,training/policy_dist_max_loc,0.9231935739517212
9437184,638.179,training/policy_dist_max_std,1.4093306064605713
9437184,638.179,training/policy_dist_mean_loc,-0.05922374129295349
9437184,638.179,training/policy_dist_mean_std,0.7013407945632935
9437184,638.179,training/policy_dist_min_loc,-0.8243171572685242
9437184,638.179,training/policy_dist_min_std,0.31862905621528625
9437184,638.179,training/policy_loss,-0.0027739359065890312
9437184,638.179,training/total_loss,10.310669898986816
9437184,638.179,training/v_loss,10.426779747009277
9437184,638.179,eval/episode_reward,608.046630859375
9437184,638.179,eval/episode_reward/ctrl,-0.22140735387802124
9437184,638.179,eval/episode_reward/forward,613.3461303710938
9437184,638.179,eval/episode_reward/joint,-0.04964200407266617
9437184,638.179,eval/episode_reward/orient,-5.028392791748047
9437184,638.179,eval/episode_reward/total,608.046630859375
9437184,638.179,eval/episode_state/forward_vel,-9.578100204467773
9437184,638.179,eval/episode_state/up_z,945.0885009765625
9437184,638.179,eval/episode_reward_std,12.248744010925293
9437184,638.179,eval/episode_reward/ctrl_std,0.0015208247350528836
9437184,638.179,eval/episode_reward/forward_std,12.40761947631836
9437184,638.179,eval/episode_reward/joint_std,0.004906598478555679
9437184,638.179,eval/episode_reward/orient_std,2.454909563064575
9437184,638.179,eval/episode_reward/total_std,12.248744010925293
9437184,638.179,eval/episode_state/forward_vel_std,10.635601997375488
9437184,638.179,eval/episode_state/up_z_std,14.136197090148926
9437184,638.179,eval/avg_episode_length,1000.0
9437184,638.179,eval/std_episode_length,0.0
9437184,638.179,eval/epoch_eval_time,5.884649753570557
9437184,638.179,eval/sps,5437.876736943223
10485760,691.599,episode/sps,17675.19782011514
10485760,691.599,episode/length,1000.0
10485760,691.599,episode/reward/ctrl,-0.22114497154951096
10485760,691.599,episode/reward/forward,619.7417181396485
10485760,691.599,episode/reward/joint,-0.05177263777703047
10485760,691.599,episode/reward/orient,-5.450976948738099
10485760,691.599,episode/reward/total,614.0177758789063
10485760,691.599,episode/state/forward_vel,-4.679459166228771
10485760,691.599,episode/state/up_z,946.400678100586
10485760,691.599,episode/sum_reward,614.0177758789063
10485760,691.599,episode/entropy_loss,-0.11372449211776256
10485760,691.599,episode/kl_mean,0.0068000469310209154
10485760,691.599,episode/learning_rate,0.0003000000142492354
10485760,691.599,episode/policy_dist_max_loc,0.9217266809940338
10485760,691.599,episode/policy_dist_max_std,1.3473448157310486
10485760,691.599,episode/policy_dist_mean_loc,-0.0642716931551695
10485760,691.599,episode/policy_dist_mean_std,0.7021967387199402
10485760,691.599,episode/policy_dist_min_loc,-0.7650958889722824
10485760,691.599,episode/policy_dist_min_std,0.3154519562423229
10485760,691.599,episode/policy_loss,-0.003637110200361349
10485760,691.599,episode/total_loss,9.596542983055114
10485760,691.599,episode/v_loss,9.713904531598091
10485760,697.499,eval/walltime,94.15032601356506
10485760,697.499,training/sps,19624.95558597347
10485760,697.499,training/walltime,591.1443061828613
10485760,697.499,training/entropy_loss,-0.11374888569116592
10485760,697.499,training/kl_mean,0.006523184943944216
10485760,697.499,training/learning_rate,0.0003000000142492354
10485760,697.499,training/policy_dist_max_loc,0.9129619598388672
10485760,697.499,training/policy_dist_max_std,1.3474676609039307
10485760,697.499,training/policy_dist_mean_loc,-0.06373140215873718
10485760,697.499,training/policy_dist_mean_std,0.7021872401237488
10485760,697.499,training/policy_dist_min_loc,-0.7676599025726318
10485760,697.499,training/policy_dist_min_std,0.3176058232784271
10485760,697.499,training/policy_loss,-0.0030865054577589035
10485760,697.499,training/total_loss,9.444160461425781
10485760,697.499,training/v_loss,9.560997009277344
10485760,697.499,eval/episode_reward,505.0679626464844
10485760,697.499,eval/episode_reward/ctrl,-0.22151270508766174
10485760,697.499,eval/episode_reward/forward,621.9679565429688
10485760,697.499,eval/episode_reward/joint,-0.05017469450831413
10485760,697.499,eval/episode_reward/orient,-116.62824249267578
10485760,697.499,eval/episode_reward/total,505.0679626464844
10485760,697.499,eval/episode_state/forward_vel,-2.7755398750305176
10485760,697.499,eval/episode_state/up_z,902.98681640625
10485760,697.499,eval/episode_reward_std,632.8073120117188
10485760,697.499,eval/episode_reward/ctrl_std,0.002262315945699811
10485760,697.499,eval/episode_reward/forward_std,15.848505020141602
10485760,697.499,eval/episode_reward/joint_std,0.005132074933499098
10485760,697.499,eval/episode_reward/orient_std,630.0668334960938
10485760,697.499,eval/episode_reward/total_std,632.8073120117188
10485760,697.499,eval/episode_state/forward_vel_std,12.568801879882812
10485760,697.499,eval/episode_state/up_z_std,318.675537109375
10485760,697.499,eval/avg_episode_length,1000.0
10485760,697.499,eval/std_episode_length,0.0
10485760,697.499,eval/epoch_eval_time,5.881076097488403
10485760,697.499,eval/sps,5441.181081412304
11534336,750.942,episode/sps,17669.767771980012
11534336,750.942,episode/length,1000.0
11534336,750.942,episode/reward/ctrl,-0.2216694262623787
11534336,750.942,episode/reward/forward,622.5527423095704
11534336,750.942,episode/reward/joint,-0.05009993106126785
11534336,750.942,episode/reward/orient,-4.471389111280441
11534336,750.942,episode/reward/total,617.809594116211
11534336,750.942,episode/state/forward_vel,-2.0729445385932923
11534336,750.942,episode/state/up_z,961.531171875
11534336,750.942,episode/sum_reward,617.809594116211
11534336,750.942,episode/entropy_loss,-0.11365479283034802
11534336,750.942,episode/kl_mean,0.007368400804698467
11534336,750.942,episode/learning_rate,0.0003000000142492354
11534336,750.942,episode/policy_dist_max_loc,0.9075471520423889
11534336,750.942,episode/policy_dist_max_std,1.3018676543235779
11534336,750.942,episode/policy_dist_mean_loc,-0.0697292660921812
11534336,750.942,episode/policy_dist_mean_std,0.7031165826320648
11534336,750.942,episode/policy_dist_min_loc,-0.7549461162090302
11534336,750.942,episode/policy_dist_min_std,0.31877371311187747
11534336,750.942,episode/policy_loss,-0.0036580267286626623
11534336,750.942,episode/total_loss,5.941227577924728
11534336,750.942,episode/v_loss,6.058540393710136
11534336,756.921,eval/walltime,100.11025547981262
11534336,756.921,training/sps,19616.472977546076
11534336,756.921,training/walltime,644.5981559753418
11534336,756.921,training/entropy_loss,-0.11364869773387909
11534336,756.921,training/kl_mean,0.007081039249897003
11534336,756.921,training/learning_rate,0.0003000000142492354
11534336,756.921,training/policy_dist_max_loc,0.9132406115531921
11534336,756.921,training/policy_dist_max_std,1.3067641258239746
11534336,756.921,training/policy_dist_mean_loc,-0.06912729144096375
11534336,756.921,training/policy_dist_mean_std,0.7029641270637512
11534336,756.921,training/policy_dist_min_loc,-0.7562810182571411
11534336,756.921,training/policy_dist_min_std,0.31772008538246155
11534336,756.921,training/policy_loss,-0.0032397815957665443
11534336,756.921,training/total_loss,6.091642379760742
11534336,756.921,training/v_loss,6.208530902862549
11534336,756.921,eval/episode_reward,625.8494873046875
11534336,756.921,eval/episode_reward/ctrl,-0.22283773124217987
11534336,756.921,eval/episode_reward/forward,629.1860961914062
11534336,756.921,eval/episode_reward/joint,-0.05630476027727127
11534336,756.921,eval/episode_reward/orient,-3.0574660301208496
11534336,756.921,eval/episode_reward/total,625.8494873046875
11534336,756.921,eval/episode_state/forward_vel,3.0376336574554443
11534336,756.921,eval/episode_state/up_z,969.7078247070312
11534336,756.921,eval/episode_reward_std,14.411581039428711
11534336,756.921,eval/episode_reward/ctrl_std,0.0013639420503750443
11534336,756.921,eval/episode_reward/forward_std,14.30332088470459
11534336,756.921,eval/episode_reward/joint_std,0.0038038135971874
11534336,756.921,eval/episode_reward/orient_std,2.3970494270324707
11534336,756.921,eval/episode_reward/total_std,14.411581039428711
11534336,756.921,eval/episode_state/forward_vel_std,11.835172653198242
11534336,756.921,eval/episode_state/up_z_std,12.945758819580078
11534336,756.921,eval/avg_episode_length,1000.0
11534336,756.921,eval/std_episode_length,0.0
11534336,756.921,eval/epoch_eval_time,5.959929466247559
11534336,756.921,eval/sps,5369.191058589419
12582912,810.799,episode/sps,17517.881983043128
12582912,810.799,episode/length,1000.0
12582912,810.799,episode/reward/ctrl,-0.22365868642926215
12582912,810.799,episode/reward/forward,628.2479235839844
12582912,810.799,episode/reward/joint,-0.05615573737770319
12582912,810.799,episode/reward/orient,-65.65966003775597
12582912,810.799,episode/reward/total,562.3085186767578
12582912,810.799,episode/state/forward_vel,3.141998166590929
12582912,810.799,episode/state/up_z,938.5347286987304
12582912,810.799,episode/sum_reward,562.3085186767578
12582912,810.799,episode/entropy_loss,-0.11364063002169132
12582912,810.799,episode/kl_mean,0.0058955639135092495
12582912,810.799,episode/learning_rate,0.0003000000142492354
12582912,810.799,episode/policy_dist_max_loc,0.8816458773612976
12582912,810.799,episode/policy_dist_max_std,1.2601940071582793
12582912,810.799,episode/policy_dist_mean_loc,-0.07987924359738827
12582912,810.799,episode/policy_dist_mean_std,0.7072544246912003
12582912,810.799,episode/policy_dist_min_loc,-0.7759313517808915
12582912,810.799,episode/policy_dist_min_std,0.3213634739816189
12582912,810.799,episode/policy_loss,-0.0023975420469650997
12582912,810.799,episode/total_loss,9.30720240354538
12582912,810.799,episode/v_loss,9.423240635991096
12582912,816.770,eval/walltime,106.06090307235718
12582912,816.770,training/sps,19458.054369387763
12582912,816.770,training/walltime,698.4872026443481
12582912,816.770,training/entropy_loss,-0.1136784479022026
12582912,816.770,training/kl_mean,0.005884404294192791
12582912,816.770,training/learning_rate,0.0003000000142492354
12582912,816.770,training/policy_dist_max_loc,0.8743935823440552
12582912,816.770,training/policy_dist_max_std,1.2605018615722656
12582912,816.770,training/policy_dist_mean_loc,-0.07909096777439117
12582912,816.770,training/policy_dist_mean_std,0.7068840265274048
12582912,816.770,training/policy_dist_min_loc,-0.7715417146682739
12582912,816.770,training/policy_dist_min_std,0.3217397928237915
12582912,816.770,training/policy_loss,-0.002005747053772211
12582912,816.770,training/total_loss,9.26778507232666
12582912,816.770,training/v_loss,9.383468627929688
12582912,816.770,eval/episode_reward,625.9979248046875
12582912,816.770,eval/episode_reward/ctrl,-0.22443577647209167
12582912,816.770,eval/episode_reward/forward,629.259521484375
12582912,816.770,eval/episode_reward/joint,-0.05759695544838905
12582912,816.770,eval/episode_reward/orient,-2.9795095920562744
12582912,816.770,eval/episode_reward/total,625.9979248046875
12582912,816.770,eval/episode_state/forward_vel,3.863316059112549
12582912,816.770,eval/episode_state/up_z,971.1181640625
12582912,816.770,eval/episode_reward_std,14.524600982666016
12582912,816.770,eval/episode_reward/ctrl_std,0.0018049952341243625
12582912,816.770,eval/episode_reward/forward_std,13.955581665039062
12582912,816.770,eval/episode_reward/joint_std,0.004593553487211466
12582912,816.770,eval/episode_reward/orient_std,3.039146661758423
12582912,816.770,eval/episode_reward/total_std,14.524600982666016
12582912,816.770,eval/episode_state/forward_vel_std,11.33090877532959
12582912,816.770,eval/episode_state/up_z_std,13.007603645324707
12582912,816.770,eval/avg_episode_length,1000.0
12582912,816.770,eval/std_episode_length,0.0
12582912,816.770,eval/epoch_eval_time,5.950647592544556
12582912,816.770,eval/sps,5377.565971154491
13631488,870.720,episode/sps,17499.502098553345
13631488,870.720,episode/length,1000.0
13631488,870.720,episode/reward/ctrl,-0.2240397348999977
13631488,870.720,episode/reward/forward,627.5954864501953
13631488,870.720,episode/reward/joint,-0.05886275473982096
13631488,870.720,episode/reward/orient,-2.664692247509956
13631488,870.720,episode/reward/total,624.647841796875
13631488,870.720,episode/state/forward_vel,2.5597956770658494
13631488,870.720,episode/state/up_z,973.606205444336
13631488,870.720,episode/sum_reward,624.647841796875
13631488,870.720,episode/entropy_loss,-0.11413949362933636
13631488,870.720,episode/kl_mean,0.005163660924881697
13631488,870.720,episode/learning_rate,0.0003000000142492354
13631488,870.720,episode/policy_dist_max_loc,0.9413631194829941
13631488,870.720,episode/policy_dist_max_std,1.246977288722992
13631488,870.720,episode/policy_dist_mean_loc,-0.08100765563547611
13631488,870.720,episode/policy_dist_mean_std,0.7106015539169311
13631488,870.720,episode/policy_dist_min_loc,-0.7796527791023254
13631488,870.720,episode/policy_dist_min_std,0.31762930884957313
13631488,870.720,episode/policy_loss,-0.0017300609103403986
13631488,870.720,episode/total_loss,6.309807342588901
13631488,870.720,episode/v_loss,6.425676936507225
13631488,876.751,eval/walltime,112.0719084739685
13631488,876.751,training/sps,19432.163336112455
13631488,876.751,training/walltime,752.4480500221252
13631488,876.751,training/entropy_loss,-0.11413246393203735
13631488,876.751,training/kl_mean,0.005028550513088703
13631488,876.751,training/learning_rate,0.0003000000142492354
13631488,876.751,training/policy_dist_max_loc,0.9456820487976074
13631488,876.751,training/policy_dist_max_std,1.2543554306030273
13631488,876.751,training/policy_dist_mean_loc,-0.08063191920518875
13631488,876.751,training/policy_dist_mean_std,0.7101396322250366
13631488,876.751,training/policy_dist_min_loc,-0.7842427492141724
13631488,876.751,training/policy_dist_min_std,0.316800594329834
13631488,876.751,training/policy_loss,-0.0014825476100668311
13631488,876.751,training/total_loss,6.381803512573242
13631488,876.751,training/v_loss,6.497418403625488
13631488,876.751,eval/episode_reward,628.6651611328125
13631488,876.751,eval/episode_reward/ctrl,-0.22505787014961243
13631488,876.751,eval/episode_reward/forward,631.8182373046875
13631488,876.751,eval/episode_reward/joint,-0.05885987728834152
13631488,876.751,eval/episode_reward/orient,-2.8692448139190674
13631488,876.751,eval/episode_reward/total,628.6651611328125
13631488,876.751,eval/episode_state/forward_vel,5.98108434677124
13631488,876.751,eval/episode_state/up_z,968.0087890625
13631488,876.751,eval/episode_reward_std,14.72861099243164
13631488,876.751,eval/episode_reward/ctrl_std,0.001603980315849185
13631488,876.751,eval/episode_reward/forward_std,14.794053077697754
13631488,876.751,eval/episode_reward/joint_std,0.004335710313171148
13631488,876.751,eval/episode_reward/orient_std,1.9225844144821167
13631488,876.751,eval/episode_reward/total_std,14.72861099243164
13631488,876.751,eval/episode_state/forward_vel_std,12.084885597229004
13631488,876.751,eval/episode_state/up_z_std,15.018293380737305
13631488,876.751,eval/avg_episode_length,1000.0
13631488,876.751,eval/std_episode_length,0.0
13631488,876.751,eval/epoch_eval_time,6.011005401611328
13631488,876.751,eval/sps,5323.5686648063875
14680064,930.695,episode/sps,17483.537326200898
14680064,930.695,episode/length,1000.0
14680064,930.695,episode/reward/ctrl,-0.22522325769066812
14680064,930.695,episode/reward/forward,632.6453503417969
14680064,930.695,episode/reward/joint,-0.05994578633457422
14680064,930.695,episode/reward/orient,-3.2199410770833494
14680064,930.695,episode/reward/total,629.1402423095703
14680064,930.695,episode/state/forward_vel,6.460382509231567
14680064,930.695,episode/state/up_z,966.6226708984375
14680064,930.695,episode/sum_reward,629.1402423095703
14680064,930.695,episode/entropy_loss,-0.11477814450860023
14680064,930.695,episode/kl_mean,0.005536924754269421
14680064,930.695,episode/learning_rate,0.0003000000142492354
14680064,930.695,episode/policy_dist_max_loc,1.0032600623369217
14680064,930.695,episode/policy_dist_max_std,1.2400390267372132
14680064,930.695,episode/policy_dist_mean_loc,-0.07364610888063908
14680064,930.695,episode/policy_dist_mean_std,0.7129178184270859
14680064,930.695,episode/policy_dist_min_loc,-0.7443517661094665
14680064,930.695,episode/policy_dist_min_std,0.3103102479875088
14680064,930.695,episode/policy_loss,-0.002087746866454836
14680064,930.695,episode/total_loss,4.784427365660667
14680064,930.695,episode/v_loss,4.9012932589650156
14680064,936.675,eval/walltime,118.03134822845459
14680064,936.675,training/sps,19434.015133520257
14680064,936.675,training/walltime,806.4037556648254
14680064,936.675,training/entropy_loss,-0.11475672572851181
14680064,936.675,training/kl_mean,0.0050994353368878365
14680064,936.675,training/learning_rate,0.0003000000142492354
14680064,936.675,training/policy_dist_max_loc,0.9921020269393921
14680064,936.675,training/policy_dist_max_std,1.240834355354309
14680064,936.675,training/policy_dist_mean_loc,-0.07400055229663849
14680064,936.675,training/policy_dist_mean_std,0.7124089598655701
14680064,936.675,training/policy_dist_min_loc,-0.7469446659088135
14680064,936.675,training/policy_dist_min_std,0.3113705813884735
14680064,936.675,training/policy_loss,-0.0018055974505841732
14680064,936.675,training/total_loss,4.894368648529053
14680064,936.675,training/v_loss,5.010931015014648
14680064,936.675,eval/episode_reward,630.5160522460938
14680064,936.675,eval/episode_reward/ctrl,-0.2261616587638855
14680064,936.675,eval/episode_reward/forward,638.7734375
14680064,936.675,eval/episode_reward/joint,-0.0615459680557251
14680064,936.675,eval/episode_reward/orient,-7.969709396362305
14680064,936.675,eval/episode_reward/total,630.5160522460938
14680064,936.675,eval/episode_state/forward_vel,10.878661155700684
14680064,936.675,eval/episode_state/up_z,950.7926025390625
14680064,936.675,eval/episode_reward_std,30.824697494506836
14680064,936.675,eval/episode_reward/ctrl_std,0.0015072582755237818
14680064,936.675,eval/episode_reward/forward_std,16.348220825195312
14680064,936.675,eval/episode_reward/joint_std,0.00415415083989501
14680064,936.675,eval/episode_reward/orient_std,21.511581420898438
14680064,936.675,eval/episode_reward/total_std,30.824697494506836
14680064,936.675,eval/episode_state/forward_vel_std,13.837127685546875
14680064,936.675,eval/episode_state/up_z_std,27.825321197509766
14680064,936.675,eval/avg_episode_length,1000.0
14680064,936.675,eval/std_episode_length,0.0
14680064,936.675,eval/epoch_eval_time,5.959439754486084
14680064,936.675,eval/sps,5369.632267179373
15728640,990.391,episode/sps,17565.28663178227
15728640,990.391,episode/length,1000.0
15728640,990.391,episode/reward/ctrl,-0.22611284747719765
15728640,990.391,episode/reward/forward,636.9816998291016
15728640,990.391,episode/reward/joint,-0.06040620420128107
15728640,990.391,episode/reward/orient,-40.29532878100872
15728640,990.391,episode/reward/total,596.3998132324218
15728640,990.391,episode/state/forward_vel,10.368447034955025
15728640,990.391,episode/state/up_z,934.1726422119141
15728640,990.391,episode/sum_reward,596.3998132324218
15728640,990.391,episode/entropy_loss,-0.11519353464245796
15728640,990.391,episode/kl_mean,0.005491115963086486
15728640,990.391,episode/learning_rate,0.0003000000142492354
15728640,990.391,episode/policy_dist_max_loc,1.0612808644771576
15728640,990.391,episode/policy_dist_max_std,1.2374023807048797
15728640,990.391,episode/policy_dist_mean_loc,-0.06847384311258793
15728640,990.391,episode/policy_dist_mean_std,0.7168092107772828
15728640,990.391,episode/policy_dist_min_loc,-0.7141380685567856
15728640,990.391,episode/policy_dist_min_std,0.316907447129488
15728640,990.391,episode/policy_loss,-0.0021984474748023785
15728640,990.391,episode/total_loss,5.321684165298938
15728640,990.391,episode/v_loss,5.439076156020165
15728640,996.363,eval/walltime,123.98512387275696
15728640,996.363,training/sps,19516.970348137933
15728640,996.363,training/walltime,860.1301271915436
15728640,996.363,training/entropy_loss,-0.11519593745470047
15728640,996.363,training/kl_mean,0.00503823347389698
15728640,996.363,training/learning_rate,0.0003000000142492354
15728640,996.363,training/policy_dist_max_loc,1.0594549179077148
15728640,996.363,training/policy_dist_max_std,1.2468534708023071
15728640,996.363,training/policy_dist_mean_loc,-0.0688847005367279
15728640,996.363,training/policy_dist_mean_std,0.7166540026664734
15728640,996.363,training/policy_dist_min_loc,-0.7188035249710083
15728640,996.363,training/policy_dist_min_std,0.3177083730697632
15728640,996.363,training/policy_loss,-0.0018707455601543188
15728640,996.363,training/total_loss,5.245236396789551
15728640,996.363,training/v_loss,5.362303733825684
15728640,996.363,eval/episode_reward,638.9952392578125
15728640,996.363,eval/episode_reward/ctrl,-0.22670325636863708
15728640,996.363,eval/episode_reward/forward,644.8492431640625
15728640,996.363,eval/episode_reward/joint,-0.06215667724609375
15728640,996.363,eval/episode_reward/orient,-5.5650129318237305
15728640,996.363,eval/episode_reward/total,638.9952392578125
15728640,996.363,eval/episode_state/forward_vel,17.063064575195312
15728640,996.363,eval/episode_state/up_z,943.36376953125
15728640,996.363,eval/episode_reward_std,19.15460777282715
15728640,996.363,eval/episode_reward/ctrl_std,0.001705375500023365
15728640,996.363,eval/episode_reward/forward_std,18.172657012939453
15728640,996.363,eval/episode_reward/joint_std,0.005077028181403875
15728640,996.363,eval/episode_reward/orient_std,3.875955104827881
15728640,996.363,eval/episode_reward/total_std,19.15460777282715
15728640,996.363,eval/episode_state/forward_vel_std,15.067955017089844
15728640,996.363,eval/episode_state/up_z_std,11.661426544189453
15728640,996.363,eval/avg_episode_length,1000.0
15728640,996.363,eval/std_episode_length,0.0
15728640,996.363,eval/epoch_eval_time,5.953775644302368
15728640,996.363,eval/sps,5374.740653961876
16777216,1050.197,episode/sps,17532.996119347208
16777216,1050.197,episode/length,1000.0
16777216,1050.197,episode/reward/ctrl,-0.22659445583820342
16777216,1050.197,episode/reward/forward,645.1824060058593
16777216,1050.197,episode/reward/joint,-0.06168175213038921
16777216,1050.197,episode/reward/orient,-9.970981615781785
16777216,1050.197,episode/reward/total,634.9231575012207
16777216,1050.197,episode/state/forward_vel,16.88093355000019
16777216,1050.197,episode/state/up_z,941.9243804931641
16777216,1050.197,episode/sum_reward,634.9231575012207
16777216,1050.197,episode/entropy_loss,-0.11510227404534817
16777216,1050.197,episode/kl_mean,0.0059130036784335975
16777216,1050.197,episode/learning_rate,0.0003000000142492354
16777216,1050.197,episode/policy_dist_max_loc,1.0408823651075363
16777216,1050.197,episode/policy_dist_max_std,1.2278838491439819
16777216,1050.197,episode/policy_dist_mean_loc,-0.06769781671464443
16777216,1050.197,episode/policy_dist_mean_std,0.7168264663219452
16777216,1050.197,episode/policy_dist_min_loc,-0.7243880331516266
16777216,1050.197,episode/policy_dist_min_std,0.3082433107495308
16777216,1050.197,episode/policy_loss,-0.0027792215030058285
16777216,1050.197,episode/total_loss,3.3248665502667425
16777216,1050.197,episode/v_loss,3.4427480232715606
16777216,1056.191,eval/walltime,129.959547996521
16777216,1056.191,training/sps,19474.144377574426
16777216,1056.191,training/walltime,913.9746494293213
16777216,1056.191,training/entropy_loss,-0.11513029038906097
16777216,1056.191,training/kl_mean,0.005430716555565596
16777216,1056.191,training/learning_rate,0.0003000000142492354
16777216,1056.191,training/policy_dist_max_loc,1.0442392826080322
16777216,1056.191,training/policy_dist_max_std,1.2330073118209839
16777216,1056.191,training/policy_dist_mean_loc,-0.06701342761516571
16777216,1056.191,training/policy_dist_mean_std,0.716844916343689
16777216,1056.191,training/policy_dist_min_loc,-0.7249003648757935
16777216,1056.191,training/policy_dist_min_std,0.30888253450393677
16777216,1056.191,training/policy_loss,-0.0023069167509675026
16777216,1056.191,training/total_loss,3.294055461883545
16777216,1056.191,training/v_loss,3.4114925861358643
16777216,1056.191,eval/episode_reward,635.2518920898438
16777216,1056.191,eval/episode_reward/ctrl,-0.227572500705719
16777216,1056.191,eval/episode_reward/forward,640.8297119140625
16777216,1056.191,eval/episode_reward/joint,-0.06713179498910904
16777216,1056.191,eval/episode_reward/orient,-5.282968997955322
16777216,1056.191,eval/episode_reward/total,635.2518920898438
16777216,1056.191,eval/episode_state/forward_vel,13.758380889892578
16777216,1056.191,eval/episode_state/up_z,939.6988525390625
16777216,1056.191,eval/episode_reward_std,16.864978790283203
16777216,1056.191,eval/episode_reward/ctrl_std,0.0014173840172588825
16777216,1056.191,eval/episode_reward/forward_std,16.4617919921875
16777216,1056.191,eval/episode_reward/joint_std,0.004550032317638397
16777216,1056.191,eval/episode_reward/orient_std,1.8780039548873901
16777216,1056.191,eval/episode_reward/total_std,16.864978790283203
16777216,1056.191,eval/episode_state/forward_vel_std,13.05437183380127
16777216,1056.191,eval/episode_state/up_z_std,8.488654136657715
16777216,1056.191,eval/avg_episode_length,1000.0
16777216,1056.191,eval/std_episode_length,0.0
16777216,1056.191,eval/epoch_eval_time,5.974424123764038
16777216,1056.191,eval/sps,5356.164767867064
17825792,1110.249,episode/sps,17460.916269843165
17825792,1110.249,episode/length,1000.0
17825792,1110.249,episode/reward/ctrl,-0.22742762550711632
17825792,1110.249,episode/reward/forward,644.2500628662109
17825792,1110.249,episode/reward/joint,-0.06664405696094036
17825792,1110.249,episode/reward/orient,-17.09956197619438
17825792,1110.249,episode/reward/total,626.8564379882813
17825792,1110.249,episode/state/forward_vel,16.37131895855069
17825792,1110.249,episode/state/up_z,933.2724017333984
17825792,1110.249,episode/sum_reward,626.8564379882813
17825792,1110.249,episode/entropy_loss,-0.11509032599627972
17825792,1110.249,episode/kl_mean,0.005725986072793603
17825792,1110.249,episode/learning_rate,0.0003000000142492354
17825792,1110.249,episode/policy_dist_max_loc,1.1413473469018935
17825792,1110.249,episode/policy_dist_max_std,1.2210783803462981
17825792,1110.249,episode/policy_dist_mean_loc,-0.07332350470125676
17825792,1110.249,episode/policy_dist_mean_std,0.7194534504413604
17825792,1110.249,episode/policy_dist_min_loc,-0.7005154222249985
17825792,1110.249,episode/policy_dist_min_std,0.30931447327136996
17825792,1110.249,episode/policy_loss,-0.0020596429900615475
17825792,1110.249,episode/total_loss,4.5447602429986
17825792,1110.249,episode/v_loss,4.6619102075695995
17825792,1116.282,eval/walltime,135.9727053642273
17825792,1116.282,training/sps,19393.35121861164
17825792,1116.282,training/walltime,968.0434892177582
17825792,1116.282,training/entropy_loss,-0.11509325355291367
17825792,1116.282,training/kl_mean,0.0052584391087293625
17825792,1116.282,training/learning_rate,0.0003000000142492354
17825792,1116.282,training/policy_dist_max_loc,1.1430296897888184
17825792,1116.282,training/policy_dist_max_std,1.2236486673355103
17825792,1116.282,training/policy_dist_mean_loc,-0.07276391237974167
17825792,1116.282,training/policy_dist_mean_std,0.7192696332931519
17825792,1116.282,training/policy_dist_min_loc,-0.6997538805007935
17825792,1116.282,training/policy_dist_min_std,0.30789393186569214
17825792,1116.282,training/policy_loss,-0.0017705063801258802
17825792,1116.282,training/total_loss,4.399403095245361
17825792,1116.282,training/v_loss,4.516266822814941
17825792,1116.282,eval/episode_reward,643.5909423828125
17825792,1116.282,eval/episode_reward/ctrl,-0.22807234525680542
17825792,1116.282,eval/episode_reward/forward,648.6265869140625
17825792,1116.282,eval/episode_reward/joint,-0.07028751075267792
17825792,1116.282,eval/episode_reward/orient,-4.737321853637695
17825792,1116.282,eval/episode_reward/total,643.5909423828125
17825792,1116.282,eval/episode_state/forward_vel,19.75666046142578
17825792,1116.282,eval/episode_state/up_z,939.1103515625
17825792,1116.282,eval/episode_reward_std,13.052115440368652
17825792,1116.282,eval/episode_reward/ctrl_std,0.0012244032695889473
17825792,1116.282,eval/episode_reward/forward_std,13.529746055603027
17825792,1116.282,eval/episode_reward/joint_std,0.003803752828389406
17825792,1116.282,eval/episode_reward/orient_std,1.3752248287200928
17825792,1116.282,eval/episode_reward/total_std,13.052115440368652
17825792,1116.282,eval/episode_state/forward_vel_std,10.759557723999023
17825792,1116.282,eval/episode_state/up_z_std,7.530840873718262
17825792,1116.282,eval/avg_episode_length,1000.0
17825792,1116.282,eval/std_episode_length,0.0
17825792,1116.282,eval/epoch_eval_time,6.013157367706299
17825792,1116.282,eval/sps,5321.663486117328
18874368,1170.702,episode/sps,17345.48468197117
18874368,1170.702,episode/length,1000.0
18874368,1170.702,episode/reward/ctrl,-0.2281295581161976
18874368,1170.702,episode/reward/forward,644.6681170654297
18874368,1170.702,episode/reward/joint,-0.0696176753565669
18874368,1170.702,episode/reward/orient,-40.2029323887825
18874368,1170.702,episode/reward/total,604.1674478149414
18874368,1170.702,episode/state/forward_vel,16.59946924686432
18874368,1170.702,episode/state/up_z,920.5986828613281
18874368,1170.702,episode/sum_reward,604.1674478149414
18874368,1170.702,episode/entropy_loss,-0.11499356366693973
18874368,1170.702,episode/kl_mean,0.005046280710957945
18874368,1170.702,episode/learning_rate,0.0003000000142492354
18874368,1170.702,episode/policy_dist_max_loc,1.1516815358400345
18874368,1170.702,episode/policy_dist_max_std,1.2309121513366699
18874368,1170.702,episode/policy_dist_mean_loc,-0.07307487137615681
18874368,1170.702,episode/policy_dist_mean_std,0.720799788236618
18874368,1170.702,episode/policy_dist_min_loc,-0.7074195712804794
18874368,1170.702,episode/policy_dist_min_std,0.29357396468520164
18874368,1170.702,episode/policy_loss,-0.0019839316372235773
18874368,1170.702,episode/total_loss,4.717538842558861
18874368,1170.702,episode/v_loss,4.834516338706017
18874368,1176.748,eval/walltime,141.998615026474
18874368,1176.748,training/sps,19264.239167967124
18874368,1176.748,training/walltime,1022.4747071266174
18874368,1176.748,training/entropy_loss,-0.11501950770616531
18874368,1176.748,training/kl_mean,0.0046022068709135056
18874368,1176.748,training/learning_rate,0.0003000000142492354
18874368,1176.748,training/policy_dist_max_loc,1.1507668495178223
18874368,1176.748,training/policy_dist_max_std,1.2253310680389404
18874368,1176.748,training/policy_dist_mean_loc,-0.07228610664606094
18874368,1176.748,training/policy_dist_mean_std,0.7206385135650635
18874368,1176.748,training/policy_dist_min_loc,-0.7056196928024292
18874368,1176.748,training/policy_dist_min_std,0.2964816689491272
18874368,1176.748,training/policy_loss,-0.001621974864974618
18874368,1176.748,training/total_loss,4.599856853485107
18874368,1176.748,training/v_loss,4.716498374938965
18874368,1176.748,eval/episode_reward,640.1151123046875
18874368,1176.748,eval/episode_reward/ctrl,-0.22938214242458344
18874368,1176.748,eval/episode_reward/forward,645.3349609375
18874368,1176.748,eval/episode_reward/joint,-0.07188848406076431
18874368,1176.748,eval/episode_reward/orient,-4.918438911437988
18874368,1176.748,eval/episode_reward/total,640.1151123046875
18874368,1176.748,eval/episode_state/forward_vel,17.99274253845215
18874368,1176.748,eval/episode_state/up_z,940.55126953125
18874368,1176.748,eval/episode_reward_std,14.233283042907715
18874368,1176.748,eval/episode_reward/ctrl_std,0.0016514515737071633
18874368,1176.748,eval/episode_reward/forward_std,14.388629913330078
18874368,1176.748,eval/episode_reward/joint_std,0.005625227466225624
18874368,1176.748,eval/episode_reward/orient_std,1.8235318660736084
18874368,1176.748,eval/episode_reward/total_std,14.233283042907715
18874368,1176.748,eval/episode_state/forward_vel_std,12.104754447937012
18874368,1176.748,eval/episode_state/up_z_std,7.126770973205566
18874368,1176.748,eval/avg_episode_length,1000.0
18874368,1176.748,eval/std_episode_length,0.0
18874368,1176.748,eval/epoch_eval_time,6.025909662246704
18874368,1176.748,eval/sps,5310.401548248418
19922944,1231.350,episode/sps,17289.559549939455
19922944,1231.350,episode/length,1000.0
19922944,1231.350,episode/reward/ctrl,-0.22952175676822661
19922944,1231.350,episode/reward/forward,647.2796502685546
19922944,1231.350,episode/reward/joint,-0.07062252875417471
19922944,1231.350,episode/reward/orient,-9.33965349674225
19922944,1231.350,episode/reward/total,637.6398576354981
19922944,1231.350,episode/state/forward_vel,18.92945450395346
19922944,1231.350,episode/state/up_z,939.2098699951172
19922944,1231.350,episode/sum_reward,637.6398576354981
19922944,1231.350,episode/entropy_loss,-0.11511891052126884
19922944,1231.350,episode/kl_mean,0.004312949511222542
19922944,1231.350,episode/learning_rate,0.0003000000142492354
19922944,1231.350,episode/policy_dist_max_loc,1.1190834975242614
19922944,1231.350,episode/policy_dist_max_std,1.2757734525203706
19922944,1231.350,episode/policy_dist_mean_loc,-0.07582178935408593
19922944,1231.350,episode/policy_dist_mean_std,0.72287901699543
19922944,1231.350,episode/policy_dist_min_loc,-0.716308371424675
19922944,1231.350,episode/policy_dist_min_std,0.2979099993407726
19922944,1231.350,episode/policy_loss,-0.001397620965144597
19922944,1231.350,episode/total_loss,3.693019771873951
19922944,1231.350,episode/v_loss,3.8095362859964372
19922944,1237.407,eval/walltime,148.03720664978027
19922944,1237.407,training/sps,19200.371279668903
19922944,1237.407,training/walltime,1077.0869843959808
19922944,1237.407,training/entropy_loss,-0.11509362608194351
19922944,1237.407,training/kl_mean,0.004033541306853294
19922944,1237.407,training/learning_rate,0.0003000000142492354
19922944,1237.407,training/policy_dist_max_loc,1.1170053482055664
19922944,1237.407,training/policy_dist_max_std,1.2812085151672363
19922944,1237.407,training/policy_dist_mean_loc,-0.07603202015161514
19922944,1237.407,training/policy_dist_mean_std,0.722601056098938
19922944,1237.407,training/policy_dist_min_loc,-0.7162861824035645
19922944,1237.407,training/policy_dist_min_std,0.29952287673950195
19922944,1237.407,training/policy_loss,-0.0011712133418768644
19922944,1237.407,training/total_loss,3.6842141151428223
19922944,1237.407,training/v_loss,3.800478935241699
19922944,1237.407,eval/episode_reward,637.48046875
19922944,1237.407,eval/episode_reward/ctrl,-0.23035794496536255
19922944,1237.407,eval/episode_reward/forward,642.2277221679688
19922944,1237.407,eval/episode_reward/joint,-0.07229186594486237
19922944,1237.407,eval/episode_reward/orient,-4.444701194763184
19922944,1237.407,eval/episode_reward/total,637.48046875
19922944,1237.407,eval/episode_state/forward_vel,14.7911376953125
19922944,1237.407,eval/episode_state/up_z,942.3721923828125
19922944,1237.407,eval/episode_reward_std,12.62427043914795
19922944,1237.407,eval/episode_reward/ctrl_std,0.0013482364593073726
19922944,1237.407,eval/episode_reward/forward_std,13.070440292358398
19922944,1237.407,eval/episode_reward/joint_std,0.004827856086194515
19922944,1237.407,eval/episode_reward/orient_std,1.7566481828689575
19922944,1237.407,eval/episode_reward/total_std,12.62427043914795
19922944,1237.407,eval/episode_state/forward_vel_std,11.202012062072754
19922944,1237.407,eval/episode_state/up_z_std,6.561024188995361
19922944,1237.407,eval/avg_episode_length,1000.0
19922944,1237.407,eval/std_episode_length,0.0
19922944,1237.407,eval/epoch_eval_time,6.038591623306274
19922944,1237.407,eval/sps,5299.248897125987
20971520,1291.993,episode/sps,17290.95634862757
20971520,1291.993,episode/length,1000.0
20971520,1291.993,episode/reward/ctrl,-0.22989672392606736
20971520,1291.993,episode/reward/forward,647.4052746582031
20971520,1291.993,episode/reward/joint,-0.07171303983777762
20971520,1291.993,episode/reward/orient,-31.47185042619705
20971520,1291.993,episode/reward/total,615.6317883300782
20971520,1291.993,episode/state/forward_vel,18.886626670360567
20971520,1291.993,episode/state/up_z,926.340703125
20971520,1291.993,episode/sum_reward,615.6317883300782
20971520,1291.993,episode/entropy_loss,-0.11498518705368042
20971520,1291.993,episode/kl_mean,0.0044734752317890526
20971520,1291.993,episode/learning_rate,0.0003000000142492354
20971520,1291.993,episode/policy_dist_max_loc,1.2410799419879914
20971520,1291.993,episode/policy_dist_max_std,1.269478702545166
20971520,1291.993,episode/policy_dist_mean_loc,-0.07440173216164112
20971520,1291.993,episode/policy_dist_mean_std,0.7226672857999802
20971520,1291.993,episode/policy_dist_min_loc,-0.7653944885730743
20971520,1291.993,episode/policy_dist_min_std,0.28718292608857154
20971520,1291.993,episode/policy_loss,-0.0018001803598599508
20971520,1291.993,episode/total_loss,2.032554191201925
20971520,1291.993,episode/v_loss,2.149339555799961
20971520,1298.040,eval/walltime,154.06614351272583
20971520,1298.040,training/sps,19206.00654429673
20971520,1298.040,training/walltime,1131.6832377910614
20971520,1298.040,training/entropy_loss,-0.11497785151004791
20971520,1298.040,training/kl_mean,0.003932109102606773
20971520,1298.040,training/learning_rate,0.0003000000142492354
20971520,1298.040,training/policy_dist_max_loc,1.244657278060913
20971520,1298.040,training/policy_dist_max_std,1.2667419910430908
20971520,1298.040,training/policy_dist_mean_loc,-0.07481749355792999
20971520,1298.040,training/policy_dist_mean_std,0.7226214408874512
20971520,1298.040,training/policy_dist_min_loc,-0.7565877437591553
20971520,1298.040,training/policy_dist_min_std,0.286857545375824
20971520,1298.040,training/policy_loss,-0.00149641209281981
20971520,1298.040,training/total_loss,2.074786424636841
20971520,1298.040,training/v_loss,2.191260576248169
20971520,1298.040,eval/episode_reward,642.2132568359375
20971520,1298.040,eval/episode_reward/ctrl,-0.22954061627388
20971520,1298.040,eval/episode_reward/forward,647.6573486328125
20971520,1298.040,eval/episode_reward/joint,-0.06980982422828674
20971520,1298.040,eval/episode_reward/orient,-5.144718170166016
20971520,1298.040,eval/episode_reward/total,642.2132568359375
20971520,1298.040,eval/episode_state/forward_vel,18.612060546875
20971520,1298.040,eval/episode_state/up_z,938.387451171875
20971520,1298.040,eval/episode_reward_std,20.458921432495117
20971520,1298.040,eval/episode_reward/ctrl_std,0.0017474573105573654
20971520,1298.040,eval/episode_reward/forward_std,19.293474197387695
20971520,1298.040,eval/episode_reward/joint_std,0.003816237673163414
20971520,1298.040,eval/episode_reward/orient_std,1.8493893146514893
20971520,1298.040,eval/episode_reward/total_std,20.458921432495117
20971520,1298.040,eval/episode_state/forward_vel_std,15.460686683654785
20971520,1298.040,eval/episode_state/up_z_std,6.492311000823975
20971520,1298.040,eval/avg_episode_length,1000.0
20971520,1298.040,eval/std_episode_length,0.0
20971520,1298.040,eval/epoch_eval_time,6.028936862945557
20971520,1298.040,eval/sps,5307.7351326525195
22020096,1352.661,episode/sps,17283.767443477733
22020096,1352.661,episode/length,1000.0
22020096,1352.661,episode/reward/ctrl,-0.22975765079259872
22020096,1352.661,episode/reward/forward,648.4631549072266
22020096,1352.661,episode/reward/joint,-0.06985698636621236
22020096,1352.661,episode/reward/orient,-56.4580859708786
22020096,1352.661,episode/reward/total,591.7054708862305
22020096,1352.661,episode/state/forward_vel,19.36766119539738
22020096,1352.661,episode/state/up_z,912.4151955413819
22020096,1352.661,episode/sum_reward,591.7054708862305
22020096,1352.661,episode/entropy_loss,-0.11472162283957005
22020096,1352.661,episode/kl_mean,0.0052998934825882315
22020096,1352.661,episode/learning_rate,0.0003000000142492354
22020096,1352.661,episode/policy_dist_max_loc,1.3742804968357085
22020096,1352.661,episode/policy_dist_max_std,1.263302208185196
22020096,1352.661,episode/policy_dist_mean_loc,-0.0778666638582945
22020096,1352.661,episode/policy_dist_mean_std,0.7230550640821457
22020096,1352.661,episode/policy_dist_min_loc,-0.8441103518009185
22020096,1352.661,episode/policy_dist_min_std,0.2739269858598709
22020096,1352.661,episode/policy_loss,-0.002304612126754364
22020096,1352.661,episode/total_loss,4.37548082202673
22020096,1352.661,episode/v_loss,4.492507046163082
22020096,1358.721,eval/walltime,160.10738706588745
22020096,1358.721,training/sps,19193.881187640567
22020096,1358.721,training/walltime,1186.313981294632
22020096,1358.721,training/entropy_loss,-0.11475560069084167
22020096,1358.721,training/kl_mean,0.004544595256447792
22020096,1358.721,training/learning_rate,0.0003000000142492354
22020096,1358.721,training/policy_dist_max_loc,1.36143159866333
22020096,1358.721,training/policy_dist_max_std,1.255793809890747
22020096,1358.721,training/policy_dist_mean_loc,-0.07566703855991364
22020096,1358.721,training/policy_dist_mean_std,0.7225768566131592
22020096,1358.721,training/policy_dist_min_loc,-0.8365167379379272
22020096,1358.721,training/policy_dist_min_std,0.27611255645751953
22020096,1358.721,training/policy_loss,-0.0017992611974477768
22020096,1358.721,training/total_loss,4.461332321166992
22020096,1358.721,training/v_loss,4.577887058258057
22020096,1358.721,eval/episode_reward,645.443603515625
22020096,1358.721,eval/episode_reward/ctrl,-0.23029184341430664
22020096,1358.721,eval/episode_reward/forward,650.1849365234375
22020096,1358.721,eval/episode_reward/joint,-0.07067970931529999
22020096,1358.721,eval/episode_reward/orient,-4.440387725830078
22020096,1358.721,eval/episode_reward/total,645.443603515625
22020096,1358.721,eval/episode_state/forward_vel,21.681934356689453
22020096,1358.721,eval/episode_state/up_z,940.6121826171875
22020096,1358.721,eval/episode_reward_std,11.410623550415039
22020096,1358.721,eval/episode_reward/ctrl_std,0.0020696462597697973
22020096,1358.721,eval/episode_reward/forward_std,11.644905090332031
22020096,1358.721,eval/episode_reward/joint_std,0.004315088037401438
22020096,1358.721,eval/episode_reward/orient_std,1.239790678024292
22020096,1358.721,eval/episode_reward/total_std,11.410623550415039
22020096,1358.721,eval/episode_state/forward_vel_std,9.628289222717285
22020096,1358.721,eval/episode_state/up_z_std,5.50257682800293
22020096,1358.721,eval/avg_episode_length,1000.0
22020096,1358.721,eval/std_episode_length,0.0
22020096,1358.721,eval/epoch_eval_time,6.041243553161621
22020096,1358.721,eval/sps,5296.922681300133
23068672,1413.444,episode/sps,17251.03549787205
23068672,1413.444,episode/length,1000.0
23068672,1413.444,episode/reward/ctrl,-0.23067610025405882
23068672,1413.444,episode/reward/forward,647.9317425537109
23068672,1413.444,episode/reward/joint,-0.07179237939417363
23068672,1413.444,episode/reward/orient,-4.7544837975502015
23068672,1413.444,episode/reward/total,642.8748004150391
23068672,1413.444,episode/state/forward_vel,18.846896522939204
23068672,1413.444,episode/state/up_z,940.2246704101562
23068672,1413.444,episode/sum_reward,642.8748004150391
23068672,1413.444,episode/entropy_loss,-0.11476972483098508
23068672,1413.444,episode/kl_mean,0.00449448520084843
23068672,1413.444,episode/learning_rate,0.0003000000142492354
23068672,1413.444,episode/policy_dist_max_loc,1.320926058292389
23068672,1413.444,episode/policy_dist_max_std,1.2924738502502442
23068672,1413.444,episode/policy_dist_mean_loc,-0.07579819180071354
23068672,1413.444,episode/policy_dist_mean_std,0.7242684453725815
23068672,1413.444,episode/policy_dist_min_loc,-0.8294825708866119
23068672,1413.444,episode/policy_dist_min_std,0.2700575532019138
23068672,1413.444,episode/policy_loss,-0.0016110757665592245
23068672,1413.444,episode/total_loss,3.096344666481018
23068672,1413.444,episode/v_loss,3.212725454866886
23068672,1419.541,eval/walltime,166.1855149269104
23068672,1419.541,training/sps,19157.650379993072
23068672,1419.541,training/walltime,1241.0480420589447
23068672,1419.541,training/entropy_loss,-0.11475062370300293
23068672,1419.541,training/kl_mean,0.004143339581787586
23068672,1419.541,training/learning_rate,0.0003000000142492354
23068672,1419.541,training/policy_dist_max_loc,1.3187603950500488
23068672,1419.541,training/policy_dist_max_std,1.2880518436431885
23068672,1419.541,training/policy_dist_mean_loc,-0.07646748423576355
23068672,1419.541,training/policy_dist_mean_std,0.7239822745323181
23068672,1419.541,training/policy_dist_min_loc,-0.8337841033935547
23068672,1419.541,training/policy_dist_min_std,0.26998335123062134
23068672,1419.541,training/policy_loss,-0.0013811764074489474
23068672,1419.541,training/total_loss,3.042553663253784
23068672,1419.541,training/v_loss,3.1586852073669434
23068672,1419.541,eval/episode_reward,643.564208984375
23068672,1419.541,eval/episode_reward/ctrl,-0.23148447275161743
23068672,1419.541,eval/episode_reward/forward,649.0079345703125
23068672,1419.541,eval/episode_reward/joint,-0.07211202383041382
23068672,1419.541,eval/episode_reward/orient,-5.140194892883301
23068672,1419.541,eval/episode_reward/total,643.564208984375
23068672,1419.541,eval/episode_state/forward_vel,20.139671325683594
23068672,1419.541,eval/episode_state/up_z,940.0437622070312
23068672,1419.541,eval/episode_reward_std,14.546119689941406
23068672,1419.541,eval/episode_reward/ctrl_std,0.0016410164535045624
23068672,1419.541,eval/episode_reward/forward_std,13.211216926574707
23068672,1419.541,eval/episode_reward/joint_std,0.004262679256498814
23068672,1419.541,eval/episode_reward/orient_std,4.154504299163818
23068672,1419.541,eval/episode_reward/total_std,14.546119689941406
23068672,1419.541,eval/episode_state/forward_vel_std,10.984465599060059
23068672,1419.541,eval/episode_state/up_z_std,8.036383628845215
23068672,1419.541,eval/avg_episode_length,1000.0
23068672,1419.541,eval/std_episode_length,0.0
23068672,1419.541,eval/epoch_eval_time,6.078127861022949
23068672,1419.541,eval/sps,5264.779012828203
24117248,1474.284,episode/sps,17235.17895752333
24117248,1474.284,episode/length,1000.0
24117248,1474.284,episode/reward/ctrl,-0.23195567920804025
24117248,1474.284,episode/reward/forward,651.1073840332032
24117248,1474.284,episode/reward/joint,-0.07135640256106854
24117248,1474.284,episode/reward/orient,-20.53823134660721
24117248,1474.284,episode/reward/total,630.2658435058594
24117248,1474.284,episode/state/forward_vel,21.262690292596815
24117248,1474.284,episode/state/up_z,933.7915878295898
24117248,1474.284,episode/sum_reward,630.2658435058594
24117248,1474.284,episode/entropy_loss,-0.1148117220401764
24117248,1474.284,episode/kl_mean,0.003744871134404093
24117248,1474.284,episode/learning_rate,0.0003000000142492354
24117248,1474.284,episode/policy_dist_max_loc,1.335732058286667
24117248,1474.284,episode/policy_dist_max_std,1.3189698517322541
24117248,1474.284,episode/policy_dist_mean_loc,-0.08089483931660651
24117248,1474.284,episode/policy_dist_mean_std,0.7266503697633744
24117248,1474.284,episode/policy_dist_min_loc,-0.8566691821813583
24117248,1474.284,episode/policy_dist_min_std,0.2833663482964039
24117248,1474.284,episode/policy_loss,-0.001513302907696925
24117248,1474.284,episode/total_loss,3.120744156241417
24117248,1474.284,episode/v_loss,3.2370691987872124
24117248,1480.367,eval/walltime,172.24951696395874
24117248,1480.367,training/sps,19151.01042154917
24117248,1480.367,training/walltime,1295.8010799884796
24117248,1480.367,training/entropy_loss,-0.11480573564767838
24117248,1480.367,training/kl_mean,0.0033791428431868553
24117248,1480.367,training/learning_rate,0.0003000000142492354
24117248,1480.367,training/policy_dist_max_loc,1.3330166339874268
24117248,1480.367,training/policy_dist_max_std,1.3205037117004395
24117248,1480.367,training/policy_dist_mean_loc,-0.08075948804616928
24117248,1480.367,training/policy_dist_mean_std,0.726458728313446
24117248,1480.367,training/policy_dist_min_loc,-0.8550936579704285
24117248,1480.367,training/policy_dist_min_std,0.2837381660938263
24117248,1480.367,training/policy_loss,-0.0012354864738881588
24117248,1480.367,training/total_loss,3.086725950241089
24117248,1480.367,training/v_loss,3.2027673721313477
24117248,1480.367,eval/episode_reward,597.75537109375
24117248,1480.367,eval/episode_reward/ctrl,-0.2319120466709137
24117248,1480.367,eval/episode_reward/forward,650.928466796875
24117248,1480.367,eval/episode_reward/joint,-0.0725131407380104
24117248,1480.367,eval/episode_reward/orient,-52.86870193481445
24117248,1480.367,eval/episode_reward/total,597.75537109375
24117248,1480.367,eval/episode_state/forward_vel,21.514156341552734
24117248,1480.367,eval/episode_state/up_z,918.4154052734375
24117248,1480.367,eval/episode_reward_std,276.19775390625
24117248,1480.367,eval/episode_reward/ctrl_std,0.001588447019457817
24117248,1480.367,eval/episode_reward/forward_std,16.332632064819336
24117248,1480.367,eval/episode_reward/joint_std,0.004207729361951351
24117248,1480.367,eval/episode_reward/orient_std,266.4154052734375
24117248,1480.367,eval/episode_reward/total_std,276.19775390625
24117248,1480.367,eval/episode_state/forward_vel_std,13.755186080932617
24117248,1480.367,eval/episode_state/up_z_std,138.45895385742188
24117248,1480.367,eval/avg_episode_length,1000.0
24117248,1480.367,eval/std_episode_length,0.0
24117248,1480.367,eval/epoch_eval_time,6.06400203704834
24117248,1480.367,eval/sps,5277.043082191318
25165824,1535.067,episode/sps,17251.12190778993
25165824,1535.067,episode/length,1000.0
25165824,1535.067,episode/reward/ctrl,-0.2322625583410263
25165824,1535.067,episode/reward/forward,653.1332983398438
25165824,1535.067,episode/reward/joint,-0.0721403729915619
25165824,1535.067,episode/reward/orient,-17.140684735774993
25165824,1535.067,episode/reward/total,635.6882415771485
25165824,1535.067,episode/state/forward_vel,22.62717564046383
25165824,1535.067,episode/state/up_z,934.4745852661133
25165824,1535.067,episode/sum_reward,635.6882415771485
25165824,1535.067,episode/entropy_loss,-0.11486447498202323
25165824,1535.067,episode/kl_mean,0.0037323596386704596
25165824,1535.067,episode/learning_rate,0.0003000000142492354
25165824,1535.067,episode/policy_dist_max_loc,1.3352485024929046
25165824,1535.067,episode/policy_dist_max_std,1.3418350255489349
25165824,1535.067,episode/policy_dist_mean_loc,-0.08195806123316288
25165824,1535.067,episode/policy_dist_mean_std,0.7282467114925385
25165824,1535.067,episode/policy_dist_min_loc,-0.8888916689157486
25165824,1535.067,episode/policy_dist_min_std,0.29254849955439566
25165824,1535.067,episode/policy_loss,-0.0012027756070892791
25165824,1535.067,episode/total_loss,3.8840779650211332
25165824,1535.067,episode/v_loss,4.000145197808743
25165824,1541.201,eval/walltime,178.3643741607666
25165824,1541.201,training/sps,19165.74783581971
25165824,1541.201,training/walltime,1350.5120158195496
25165824,1541.201,training/entropy_loss,-0.11484983563423157
25165824,1541.201,training/kl_mean,0.003035580273717642
25165824,1541.201,training/learning_rate,0.0003000000142492354
25165824,1541.201,training/policy_dist_max_loc,1.319561243057251
25165824,1541.201,training/policy_dist_max_std,1.3372504711151123
25165824,1541.201,training/policy_dist_mean_loc,-0.08180797100067139
25165824,1541.201,training/policy_dist_mean_std,0.727878212928772
25165824,1541.201,training/policy_dist_min_loc,-0.8839963674545288
25165824,1541.201,training/policy_dist_min_std,0.292499840259552
25165824,1541.201,training/policy_loss,-0.0009692361927591264
25165824,1541.201,training/total_loss,3.934062957763672
25165824,1541.201,training/v_loss,4.049881935119629
25165824,1541.201,eval/episode_reward,651.6486206054688
25165824,1541.201,eval/episode_reward/ctrl,-0.23263196647167206
25165824,1541.201,eval/episode_reward/forward,656.1427001953125
25165824,1541.201,eval/episode_reward/joint,-0.07167547941207886
25165824,1541.201,eval/episode_reward/orient,-4.189910411834717
25165824,1541.201,eval/episode_reward/total,651.6486206054688
25165824,1541.201,eval/episode_state/forward_vel,25.404874801635742
25165824,1541.201,eval/episode_state/up_z,944.1018676757812
25165824,1541.201,eval/episode_reward_std,14.525886535644531
25165824,1541.201,eval/episode_reward/ctrl_std,0.001326192868873477
25165824,1541.201,eval/episode_reward/forward_std,14.287788391113281
25165824,1541.201,eval/episode_reward/joint_std,0.004323862958699465
25165824,1541.201,eval/episode_reward/orient_std,1.6391065120697021
25165824,1541.201,eval/episode_reward/total_std,14.525886535644531
25165824,1541.201,eval/episode_state/forward_vel_std,13.602108001708984
25165824,1541.201,eval/episode_state/up_z_std,6.008227825164795
25165824,1541.201,eval/avg_episode_length,1000.0
25165824,1541.201,eval/std_episode_length,0.0
25165824,1541.201,eval/epoch_eval_time,6.114857196807861
25165824,1541.201,eval/sps,5233.155733662097
