step,wall_time_s,metric,value
0,59.812,eval/walltime,45.373796701431274
0,59.812,eval/episode_reward,-52.20382308959961
0,59.812,eval/episode_reward/ctrl,-0.22694352269172668
0,59.812,eval/episode_reward/forward,346.86077880859375
0,59.812,eval/episode_reward/joint,-0.08081091940402985
0,59.812,eval/episode_reward/orient,-398.75689697265625
0,59.812,eval/episode_reward/total,-52.20382308959961
0,59.812,eval/episode_state/forward_vel,3.7718453407287598
0,59.812,eval/episode_state/up_z,453.09771728515625
0,59.812,eval/episode_reward_std,296.7903747558594
0,59.812,eval/episode_reward/ctrl_std,0.0021264124661684036
0,59.812,eval/episode_reward/forward_std,28.235870361328125
0,59.812,eval/episode_reward/joint_std,0.005320589058101177
0,59.812,eval/episode_reward/orient_std,285.7432556152344
0,59.812,eval/episode_reward/total_std,296.7903747558594
0,59.812,eval/episode_state/forward_vel_std,18.430421829223633
0,59.812,eval/episode_state/up_z_std,169.62405395507812
0,59.812,eval/avg_episode_length,1000.0
0,59.812,eval/std_episode_length,0.0
0,59.812,eval/epoch_eval_time,45.373796701431274
0,59.812,eval/sps,705.252862363854
524288,147.635,episode/sps,3778.0061941286235
524288,147.635,episode/length,1000.0
524288,147.635,episode/reward/ctrl,-0.2267555359005928
524288,147.635,episode/reward/forward,340.56076446533206
524288,147.635,episode/reward/joint,-0.07993346937000752
524288,147.635,episode/reward/orient,-527.2054405212402
524288,147.635,episode/reward/total,-186.95138402462007
524288,147.635,episode/state/forward_vel,-0.23788620471954347
524288,147.635,episode/state/up_z,385.4310843718052
524288,147.635,episode/sum_reward,-186.95138402462007
524288,147.635,episode/entropy_loss,-0.11519374581985176
524288,147.635,episode/kl_mean,1.4502655938267708
524288,147.635,episode/learning_rate,0.0003000000142492354
524288,147.635,episode/policy_dist_max_loc,1.2779481578618288
524288,147.635,episode/policy_dist_max_std,1.3608754687011242
524288,147.635,episode/policy_dist_mean_loc,-0.005146747738763224
524288,147.635,episode/policy_dist_mean_std,0.6946994941681623
524288,147.635,episode/policy_dist_min_loc,-0.9090615715831518
524288,147.635,episode/policy_dist_min_std,0.30917074903845787
524288,147.635,episode/policy_loss,0.2511916016228497
524288,147.635,episode/total_loss,20.572167217731476
524288,147.635,episode/v_loss,20.43616956472397
524288,191.565,eval/walltime,89.2792100906372
524288,191.565,training/sps,5969.992657073562
524288,191.565,training/walltime,87.82054352760315
524288,191.565,training/entropy_loss,-0.11519374698400497
524288,191.565,training/kl_mean,1.450265645980835
524288,191.565,training/learning_rate,0.0003000000142492354
524288,191.565,training/policy_dist_max_loc,1.2779481410980225
524288,191.565,training/policy_dist_max_std,1.3608754873275757
524288,191.565,training/policy_dist_mean_loc,-0.005146747455000877
524288,191.565,training/policy_dist_mean_std,0.6946994662284851
524288,191.565,training/policy_dist_min_loc,-0.9090615510940552
524288,191.565,training/policy_dist_min_std,0.30917078256607056
524288,191.565,training/policy_loss,0.2511915862560272
524288,191.565,training/total_loss,20.572166442871094
524288,191.565,training/v_loss,20.436168670654297
524288,191.565,eval/episode_reward,-213.1005859375
524288,191.565,eval/episode_reward/ctrl,-0.22067052125930786
524288,191.565,eval/episode_reward/forward,335.52655029296875
524288,191.565,eval/episode_reward/joint,-0.05269443616271019
524288,191.565,eval/episode_reward/orient,-548.353759765625
524288,191.565,eval/episode_reward/total,-213.1005859375
524288,191.565,eval/episode_state/forward_vel,-3.8788278102874756
524288,191.565,eval/episode_state/up_z,476.45989990234375
524288,191.565,eval/episode_reward_std,654.07373046875
524288,191.565,eval/episode_reward/ctrl_std,0.003313245950266719
524288,191.565,eval/episode_reward/forward_std,33.77641677856445
524288,191.565,eval/episode_reward/joint_std,0.006885193753987551
524288,191.565,eval/episode_reward/orient_std,653.873046875
524288,191.565,eval/episode_reward/total_std,654.07373046875
524288,191.565,eval/episode_state/forward_vel_std,20.481597900390625
524288,191.565,eval/episode_state/up_z_std,391.625
524288,191.565,eval/avg_episode_length,1000.0
524288,191.565,eval/std_episode_length,0.0
524288,191.565,eval/epoch_eval_time,43.90541338920593
524288,191.565,eval/sps,728.8395104341995
1048576,276.177,episode/sps,4078.730823865599
1048576,276.177,episode/length,1000.0
1048576,276.177,episode/reward/ctrl,-0.22265576750040053
1048576,276.177,episode/reward/forward,330.8145603942871
1048576,276.177,episode/reward/joint,-0.05554750759154558
1048576,276.177,episode/reward/orient,-417.8607359790802
1048576,276.177,episode/reward/total,-87.3244122505188
1048576,276.177,episode/state/forward_vel,-6.680320563465357
1048576,276.177,episode/state/up_z,559.558818063736
1048576,276.177,episode/sum_reward,-87.3244122505188
1048576,276.177,episode/entropy_loss,-0.11487294675316662
1048576,276.177,episode/kl_mean,0.8819750011898577
1048576,276.177,episode/learning_rate,0.0003000000142492354
1048576,276.177,episode/policy_dist_max_loc,1.234946247190237
1048576,276.177,episode/policy_dist_max_std,1.3300898652523756
1048576,276.177,episode/policy_dist_mean_loc,-0.0033939970406891007
1048576,276.177,episode/policy_dist_mean_std,0.6950160665437579
1048576,276.177,episode/policy_dist_min_loc,-0.9070460833609104
1048576,276.177,episode/policy_dist_min_std,0.287748945876956
1048576,276.177,episode/policy_loss,0.18851025169715285
1048576,276.177,episode/total_loss,31.71413841843605
1048576,276.177,episode/v_loss,31.640501111745834
1048576,308.165,eval/walltime,121.24193739891052
1048576,308.165,training/sps,6195.832714454894
1048576,308.165,training/walltime,172.44000053405762
1048576,308.165,training/entropy_loss,-0.11455214768648148
1048576,308.165,training/kl_mean,0.3136844038963318
1048576,308.165,training/learning_rate,0.0003000000142492354
1048576,308.165,training/policy_dist_max_loc,1.1919443607330322
1048576,308.165,training/policy_dist_max_std,1.2993042469024658
1048576,308.165,training/policy_dist_mean_loc,-0.0016412462573498487
1048576,308.165,training/policy_dist_mean_std,0.6953326463699341
1048576,308.165,training/policy_dist_min_loc,-0.9050306081771851
1048576,308.165,training/policy_dist_min_std,0.2663271427154541
1048576,308.165,training/policy_loss,0.12582889199256897
1048576,308.165,training/total_loss,42.856109619140625
1048576,308.165,training/v_loss,42.84482955932617
1048576,308.165,eval/episode_reward,-216.50369262695312
1048576,308.165,eval/episode_reward/ctrl,-0.21873411536216736
1048576,308.165,eval/episode_reward/forward,327.3841552734375
1048576,308.165,eval/episode_reward/joint,-0.049116142094135284
1048576,308.165,eval/episode_reward/orient,-543.619873046875
1048576,308.165,eval/episode_reward/total,-216.50369262695312
1048576,308.165,eval/episode_state/forward_vel,-9.382573127746582
1048576,308.165,eval/episode_state/up_z,463.6415100097656
1048576,308.165,eval/episode_reward_std,766.9984741210938
1048576,308.165,eval/episode_reward/ctrl_std,0.002783628413453698
1048576,308.165,eval/episode_reward/forward_std,27.118053436279297
1048576,308.165,eval/episode_reward/joint_std,0.010037416592240334
1048576,308.165,eval/episode_reward/orient_std,767.4411010742188
1048576,308.165,eval/episode_reward/total_std,766.9984741210938
1048576,308.165,eval/episode_state/forward_vel_std,16.761547088623047
1048576,308.165,eval/episode_state/up_z_std,409.1506652832031
1048576,308.165,eval/avg_episode_length,1000.0
1048576,308.165,eval/std_episode_length,0.0
1048576,308.165,eval/epoch_eval_time,31.962727308273315
1048576,308.165,eval/sps,1001.1661298914576
1572864,376.218,episode/sps,5240.732354578062
1572864,376.218,episode/length,1000.0
1572864,376.218,episode/reward/ctrl,-0.21898470371961593
1572864,376.218,episode/reward/forward,335.4834341430664
1572864,376.218,episode/reward/joint,-0.048915236238390204
1572864,376.218,episode/reward/orient,-553.489541106224
1572864,376.218,episode/reward/total,-218.2739515686035
1572864,376.218,episode/state/forward_vel,-3.7512838309258223
1572864,376.218,episode/state/up_z,477.98602119445803
1572864,376.218,episode/sum_reward,-218.2739515686035
1572864,376.218,episode/entropy_loss,-0.11458599536369245
1572864,376.218,episode/kl_mean,0.5912142422457691
1572864,376.218,episode/learning_rate,0.0003000000142492354
1572864,376.218,episode/policy_dist_max_loc,1.236769779274861
1572864,376.218,episode/policy_dist_max_std,1.3577121843894322
1572864,376.218,episode/policy_dist_mean_loc,-0.0021259579309571563
1572864,376.218,episode/policy_dist_mean_std,0.6946932518233856
1572864,376.218,episode/policy_dist_min_loc,-0.9271483862151703
1572864,376.218,episode/policy_dist_min_std,0.28091500187292695
1572864,376.218,episode/policy_loss,0.1261284963441843
1572864,376.218,episode/total_loss,39.396372854709625
1572864,376.218,episode/v_loss,39.38483017683029
1572864,402.957,eval/walltime,147.95695090293884
1572864,402.957,training/sps,7703.325004542514
1572864,402.957,training/walltime,240.49996161460876
1572864,402.957,training/entropy_loss,-0.11401209235191345
1572864,402.957,training/kl_mean,0.009692724794149399
1572864,402.957,training/learning_rate,0.0003000000142492354
1572864,402.957,training/policy_dist_max_loc,1.2404167652130127
1572864,402.957,training/policy_dist_max_std,1.4129568338394165
1572864,402.957,training/policy_dist_mean_loc,0.00041012029396370053
1572864,402.957,training/policy_dist_mean_std,0.6940476298332214
1572864,402.957,training/policy_dist_min_loc,-0.9673529863357544
1572864,402.957,training/policy_dist_min_std,0.26724714040756226
1572864,402.957,training/policy_loss,0.0013649857137352228
1572864,402.957,training/total_loss,54.760841369628906
1572864,402.957,training/v_loss,54.87348937988281
1572864,402.957,eval/episode_reward,13.404745101928711
1572864,402.957,eval/episode_reward/ctrl,-0.2180841863155365
1572864,402.957,eval/episode_reward/forward,339.6077880859375
1572864,402.957,eval/episode_reward/joint,-0.04174650460481644
1572864,402.957,eval/episode_reward/orient,-325.94317626953125
1572864,402.957,eval/episode_reward/total,13.404745101928711
1572864,402.957,eval/episode_state/forward_vel,-1.6670560836791992
1572864,402.957,eval/episode_state/up_z,625.3139038085938
1572864,402.957,eval/episode_reward_std,607.4160766601562
1572864,402.957,eval/episode_reward/ctrl_std,0.002303334418684244
1572864,402.957,eval/episode_reward/forward_std,27.04462242126465
1572864,402.957,eval/episode_reward/joint_std,0.011480079032480717
1572864,402.957,eval/episode_reward/orient_std,609.1195678710938
1572864,402.957,eval/episode_reward/total_std,607.4160766601562
1572864,402.957,eval/episode_state/forward_vel_std,16.798616409301758
1572864,402.957,eval/episode_state/up_z_std,350.0980224609375
1572864,402.957,eval/avg_episode_length,1000.0
1572864,402.957,eval/std_episode_length,0.0
1572864,402.957,eval/epoch_eval_time,26.71501350402832
1572864,402.957,eval/sps,1197.8283295711142
2097152,474.981,episode/sps,5308.553193435864
2097152,474.981,episode/length,1000.0
2097152,474.981,episode/reward/ctrl,-0.2179048004746437
2097152,474.981,episode/reward/forward,333.5641468811035
2097152,474.981,episode/reward/joint,-0.04433328667655587
2097152,474.981,episode/reward/orient,-377.9268980884552
2097152,474.981,episode/reward/total,-44.62502779960632
2097152,474.981,episode/state/forward_vel,-4.970641900599003
2097152,474.981,episode/state/up_z,572.4345545768738
2097152,474.981,episode/sum_reward,-44.62502779960632
2097152,474.981,episode/entropy_loss,-0.11428339958190918
2097152,474.981,episode/kl_mean,0.15903507093549707
2097152,474.981,episode/learning_rate,0.0003000000142492354
2097152,474.981,episode/policy_dist_max_loc,1.2391112393140793
2097152,474.981,episode/policy_dist_max_std,1.3648447704315185
2097152,474.981,episode/policy_dist_mean_loc,-0.0015269502554292559
2097152,474.981,episode/policy_dist_mean_std,0.694673490524292
2097152,474.981,episode/policy_dist_min_loc,-0.9381764894723892
2097152,474.981,episode/policy_dist_min_std,0.2662271988391876
2097152,474.981,episode/policy_loss,0.05029463672020938
2097152,474.981,episode/total_loss,43.65103527069092
2097152,474.981,episode/v_loss,43.715023860931396
2097152,506.260,eval/walltime,179.2119116783142
2097152,506.260,training/sps,7278.678138081922
2097152,506.260,training/walltime,312.53062295913696
2097152,506.260,training/entropy_loss,-0.11418823897838593
2097152,506.260,training/kl_mean,0.0018279093783348799
2097152,506.260,training/learning_rate,0.0003000000142492354
2097152,506.260,training/policy_dist_max_loc,1.2657814025878906
2097152,506.260,training/policy_dist_max_std,1.3745527267456055
2097152,506.260,training/policy_dist_mean_loc,-0.002765665529295802
2097152,506.260,training/policy_dist_mean_std,0.6945476531982422
2097152,506.260,training/policy_dist_min_loc,-0.9370241761207581
2097152,506.260,training/policy_dist_min_std,0.2608121633529663
2097152,506.260,training/policy_loss,-0.0008594569517299533
2097152,506.260,training/total_loss,36.27643585205078
2097152,506.260,training/v_loss,36.39148712158203
2097152,506.260,eval/episode_reward,71.91738891601562
2097152,506.260,eval/episode_reward/ctrl,-0.21744421124458313
2097152,506.260,eval/episode_reward/forward,337.8004455566406
2097152,506.260,eval/episode_reward/joint,-0.039691172540187836
2097152,506.260,eval/episode_reward/orient,-265.62603759765625
2097152,506.260,eval/episode_reward/total,71.91738891601562
2097152,506.260,eval/episode_state/forward_vel,-3.1383345127105713
2097152,506.260,eval/episode_state/up_z,665.7715454101562
2097152,506.260,eval/episode_reward_std,636.2988891601562
2097152,506.260,eval/episode_reward/ctrl_std,0.002254079794511199
2097152,506.260,eval/episode_reward/forward_std,21.033794403076172
2097152,506.260,eval/episode_reward/joint_std,0.008861944079399109
2097152,506.260,eval/episode_reward/orient_std,634.7330322265625
2097152,506.260,eval/episode_reward/total_std,636.2988891601562
2097152,506.260,eval/episode_state/forward_vel_std,13.752246856689453
2097152,506.260,eval/episode_state/up_z_std,326.5362243652344
2097152,506.260,eval/avg_episode_length,1000.0
2097152,506.260,eval/std_episode_length,0.0
2097152,506.260,eval/epoch_eval_time,31.254960775375366
2097152,506.260,eval/sps,1023.8374711131175
2621440,578.365,episode/sps,5071.266511823702
2621440,578.365,episode/length,1000.0
2621440,578.365,episode/reward/ctrl,-0.21782665356993675
2621440,578.365,episode/reward/forward,340.6486480712891
2621440,578.365,episode/reward/joint,-0.0422445191256702
2621440,578.365,episode/reward/orient,-402.19128135085106
2621440,578.365,episode/reward/total,-61.8027028465271
2621440,578.365,episode/state/forward_vel,-0.7396499539911747
2621440,578.365,episode/state/up_z,579.1845997619629
2621440,578.365,episode/sum_reward,-61.8027028465271
2621440,578.365,episode/entropy_loss,-0.11419571712613105
2621440,578.365,episode/kl_mean,0.015548430593917147
2621440,578.365,episode/learning_rate,0.0003000000142492354
2621440,578.365,episode/policy_dist_max_loc,1.2415154713392258
2621440,578.365,episode/policy_dist_max_std,1.3769743382930755
2621440,578.365,episode/policy_dist_mean_loc,-0.002283403131950763
2621440,578.365,episode/policy_dist_mean_std,0.6945464849472046
2621440,578.365,episode/policy_dist_min_loc,-0.9280603569746018
2621440,578.365,episode/policy_dist_min_std,0.27134817838668823
2621440,578.365,episode/policy_loss,0.00446157508646138
2621440,578.365,episode/total_loss,43.92749778747559
2621440,578.365,episode/v_loss,44.037231845855715
2621440,610.632,eval/walltime,211.45535397529602
2621440,610.632,training/sps,7270.470229045229
2621440,610.632,training/walltime,384.64260244369507
2621440,610.632,training/entropy_loss,-0.11436611413955688
2621440,610.632,training/kl_mean,0.0007421517511829734
2621440,610.632,training/learning_rate,0.0003000000142492354
2621440,610.632,training/policy_dist_max_loc,1.2081894874572754
2621440,610.632,training/policy_dist_max_std,1.3450855016708374
2621440,610.632,training/policy_dist_mean_loc,-0.004767147824168205
2621440,610.632,training/policy_dist_mean_std,0.6949254870414734
2621440,610.632,training/policy_dist_min_loc,-0.8772434592247009
2621440,610.632,training/policy_dist_min_std,0.28788477182388306
2621440,610.632,training/policy_loss,-0.0013117410708218813
2621440,610.632,training/total_loss,41.13285827636719
2621440,610.632,training/v_loss,41.24853515625
2621440,610.632,eval/episode_reward,1.7985687255859375
2621440,610.632,eval/episode_reward/ctrl,-0.21849489212036133
2621440,610.632,eval/episode_reward/forward,336.9010009765625
2621440,610.632,eval/episode_reward/joint,-0.04060201346874237
2621440,610.632,eval/episode_reward/orient,-334.84320068359375
2621440,610.632,eval/episode_reward/total,1.7985687255859375
2621440,610.632,eval/episode_state/forward_vel,-3.3486390113830566
2621440,610.632,eval/episode_state/up_z,628.9217529296875
2621440,610.632,eval/episode_reward_std,677.8521118164062
2621440,610.632,eval/episode_reward/ctrl_std,0.002333245472982526
2621440,610.632,eval/episode_reward/forward_std,23.55284309387207
2621440,610.632,eval/episode_reward/joint_std,0.009268187917768955
2621440,610.632,eval/episode_reward/orient_std,681.0696411132812
2621440,610.632,eval/episode_reward/total_std,677.8521118164062
2621440,610.632,eval/episode_state/forward_vel_std,14.856082916259766
2621440,610.632,eval/episode_state/up_z_std,410.9732666015625
2621440,610.632,eval/avg_episode_length,1000.0
2621440,610.632,eval/std_episode_length,0.0
2621440,610.632,eval/epoch_eval_time,32.24344229698181
2621440,610.632,eval/sps,992.4498664026142
3145728,681.263,episode/sps,5095.248925807741
3145728,681.263,episode/length,1000.0
3145728,681.263,episode/reward/ctrl,-0.21794689700007439
3145728,681.263,episode/reward/forward,339.4977215576172
3145728,681.263,episode/reward/joint,-0.042491670791059734
3145728,681.263,episode/reward/orient,-453.6276342582703
3145728,681.263,episode/reward/total,-114.39030944824219
3145728,681.263,episode/state/forward_vel,-1.4185604532063008
3145728,681.263,episode/state/up_z,543.1929085969925
3145728,681.263,episode/sum_reward,-114.39030944824219
3145728,681.263,episode/entropy_loss,-0.11435237750411034
3145728,681.263,episode/kl_mean,0.001375942997110542
3145728,681.263,episode/learning_rate,0.0003000000142492354
3145728,681.263,episode/policy_dist_max_loc,1.2570035558938981
3145728,681.263,episode/policy_dist_max_std,1.3621939635276794
3145728,681.263,episode/policy_dist_mean_loc,-0.0047849603077338545
3145728,681.263,episode/policy_dist_mean_std,0.6949157518148422
3145728,681.263,episode/policy_dist_min_loc,-0.918443221449852
3145728,681.263,episode/policy_dist_min_std,0.27259500697255135
3145728,681.263,episode/policy_loss,-0.0010889003587362823
3145728,681.263,episode/total_loss,39.03219062805176
3145728,681.263,episode/v_loss,39.14763200759888
3145728,713.198,eval/walltime,243.3645749092102
3145728,713.198,training/sps,7422.252668312963
3145728,713.198,training/walltime,455.2799174785614
3145728,713.198,training/entropy_loss,-0.11455321311950684
3145728,713.198,training/kl_mean,0.0005965412710793316
3145728,713.198,training/learning_rate,0.0003000000142492354
3145728,713.198,training/policy_dist_max_loc,1.298609733581543
3145728,713.198,training/policy_dist_max_std,1.3603744506835938
3145728,713.198,training/policy_dist_mean_loc,-0.007485587149858475
3145728,713.198,training/policy_dist_mean_std,0.6953919529914856
3145728,713.198,training/policy_dist_min_loc,-0.9328567981719971
3145728,713.198,training/policy_dist_min_std,0.2709071636199951
3145728,713.198,training/policy_loss,-0.0012495871633291245
3145728,713.198,training/total_loss,37.50947570800781
3145728,713.198,training/v_loss,37.625274658203125
3145728,713.198,eval/episode_reward,-79.2304916381836
3145728,713.198,eval/episode_reward/ctrl,-0.21773813664913177
3145728,713.198,eval/episode_reward/forward,334.9058837890625
3145728,713.198,eval/episode_reward/joint,-0.04115825146436691
3145728,713.198,eval/episode_reward/orient,-413.8775329589844
3145728,713.198,eval/episode_reward/total,-79.2304916381836
3145728,713.198,eval/episode_state/forward_vel,-5.345542907714844
3145728,713.198,eval/episode_state/up_z,582.5743408203125
3145728,713.198,eval/episode_reward_std,734.0709228515625
3145728,713.198,eval/episode_reward/ctrl_std,0.002174335066229105
3145728,713.198,eval/episode_reward/forward_std,26.458534240722656
3145728,713.198,eval/episode_reward/joint_std,0.010040788911283016
3145728,713.198,eval/episode_reward/orient_std,736.6217651367188
3145728,713.198,eval/episode_reward/total_std,734.0709228515625
3145728,713.198,eval/episode_state/forward_vel_std,16.116321563720703
3145728,713.198,eval/episode_state/up_z_std,415.8124084472656
3145728,713.198,eval/avg_episode_length,1000.0
3145728,713.198,eval/std_episode_length,0.0
3145728,713.198,eval/epoch_eval_time,31.909220933914185
3145728,713.198,eval/sps,1002.8449164043781
3670016,784.526,episode/sps,5077.195471059886
3670016,784.526,episode/length,1000.0
3670016,784.526,episode/reward/ctrl,-0.2177766641974449
3670016,784.526,episode/reward/forward,336.5944013977051
3670016,784.526,episode/reward/joint,-0.0398710167221725
3670016,784.526,episode/reward/orient,-222.47769673585893
3670016,784.526,episode/reward/total,113.85908603787422
3670016,784.526,episode/state/forward_vel,-3.827843355536461
3670016,784.526,episode/state/up_z,683.9877722167969
3670016,784.526,episode/sum_reward,113.85908603787422
3670016,784.526,episode/entropy_loss,-0.1145080228894949
3670016,784.526,episode/kl_mean,0.0007066989489248953
3670016,784.526,episode/learning_rate,0.0003000000142492354
3670016,784.526,episode/policy_dist_max_loc,1.2843831336498261
3670016,784.526,episode/policy_dist_max_std,1.3699283623695373
3670016,784.526,episode/policy_dist_mean_loc,-0.007942125401459634
3670016,784.526,episode/policy_dist_mean_std,0.6954673886299133
3670016,784.526,episode/policy_dist_min_loc,-0.901831978559494
3670016,784.526,episode/policy_dist_min_std,0.2808916658163071
3670016,784.526,episode/policy_loss,-0.0012922570524096955
3670016,784.526,episode/total_loss,35.92087383270264
3670016,784.526,episode/v_loss,36.036674118041994
3670016,816.387,eval/walltime,275.20077252388
3670016,816.387,training/sps,7349.684688833199
3670016,816.387,training/walltime,526.6146783828735
3670016,816.387,training/entropy_loss,-0.1146480143070221
3670016,816.387,training/kl_mean,0.0006235779146663845
3670016,816.387,training/learning_rate,0.0003000000142492354
3670016,816.387,training/policy_dist_max_loc,1.3498327732086182
3670016,816.387,training/policy_dist_max_std,1.4015921354293823
3670016,816.387,training/policy_dist_mean_loc,-0.01211803499609232
3670016,816.387,training/policy_dist_mean_std,0.6962092518806458
3670016,816.387,training/policy_dist_min_loc,-0.8893277049064636
3670016,816.387,training/policy_dist_min_std,0.2879656255245209
3670016,816.387,training/policy_loss,-0.0012697186321020126
3670016,816.387,training/total_loss,28.970458984375
3670016,816.387,training/v_loss,29.086376190185547
3670016,816.387,eval/episode_reward,46.86981201171875
3670016,816.387,eval/episode_reward/ctrl,-0.21865355968475342
3670016,816.387,eval/episode_reward/forward,324.3695068359375
3670016,816.387,eval/episode_reward/joint,-0.04036741703748703
3670016,816.387,eval/episode_reward/orient,-277.2406005859375
3670016,816.387,eval/episode_reward/total,46.86981201171875
3670016,816.387,eval/episode_state/forward_vel,-11.876235961914062
3670016,816.387,eval/episode_state/up_z,648.190673828125
3670016,816.387,eval/episode_reward_std,547.7845458984375
3670016,816.387,eval/episode_reward/ctrl_std,0.0026775754522532225
3670016,816.387,eval/episode_reward/forward_std,31.82077980041504
3670016,816.387,eval/episode_reward/joint_std,0.010560523718595505
3670016,816.387,eval/episode_reward/orient_std,547.9478759765625
3670016,816.387,eval/episode_reward/total_std,547.7845458984375
3670016,816.387,eval/episode_state/forward_vel_std,18.981422424316406
3670016,816.387,eval/episode_state/up_z_std,347.40777587890625
3670016,816.387,eval/avg_episode_length,1000.0
3670016,816.387,eval/std_episode_length,0.0
3670016,816.387,eval/epoch_eval_time,31.8361976146698
3670016,816.387,eval/sps,1005.14516172166
4194304,887.287,episode/sps,5102.021675794558
4194304,887.287,episode/length,1000.0
4194304,887.287,episode/reward/ctrl,-0.21851713284850122
4194304,887.287,episode/reward/forward,332.8069906616211
4194304,887.287,episode/reward/joint,-0.040311223827302456
4194304,887.287,episode/reward/orient,-304.644869966507
4194304,887.287,episode/reward/total,27.903385639190674
4194304,887.287,episode/state/forward_vel,-5.917245766818524
4194304,887.287,episode/state/up_z,641.429615020752
4194304,887.287,episode/sum_reward,27.903385639190674
4194304,887.287,episode/entropy_loss,-0.11466172188520432
4194304,887.287,episode/kl_mean,0.0006598892412148416
4194304,887.287,episode/learning_rate,0.0003000000142492354
4194304,887.287,episode/policy_dist_max_loc,1.2832877469062804
4194304,887.287,episode/policy_dist_max_std,1.399773395061493
4194304,887.287,episode/policy_dist_mean_loc,-0.011757516884244978
4194304,887.287,episode/policy_dist_mean_std,0.6961606931686402
4194304,887.287,episode/policy_dist_min_loc,-0.9067234802246094
4194304,887.287,episode/policy_dist_min_std,0.2796817563474178
4194304,887.287,episode/policy_loss,-0.0014064987651363481
4194304,887.287,episode/total_loss,31.46319761276245
4194304,887.287,episode/v_loss,31.579265823364256
4194304,917.638,eval/walltime,305.5269811153412
4194304,917.638,training/sps,7394.088736223251
4194304,917.638,training/walltime,597.5210494995117
4194304,917.638,training/entropy_loss,-0.1148197129368782
4194304,917.638,training/kl_mean,0.000721899326890707
4194304,917.638,training/learning_rate,0.0003000000142492354
4194304,917.638,training/policy_dist_max_loc,1.206813097000122
4194304,917.638,training/policy_dist_max_std,1.4512767791748047
4194304,917.638,training/policy_dist_mean_loc,-0.016409430652856827
4194304,917.638,training/policy_dist_mean_std,0.6970430612564087
4194304,917.638,training/policy_dist_min_loc,-0.9023467898368835
4194304,917.638,training/policy_dist_min_std,0.27803897857666016
4194304,917.638,training/policy_loss,-0.0015891973162069917
4194304,917.638,training/total_loss,26.945030212402344
4194304,917.638,training/v_loss,27.061439514160156
4194304,917.638,eval/episode_reward,200.10647583007812
4194304,917.638,eval/episode_reward/ctrl,-0.21820920705795288
4194304,917.638,eval/episode_reward/forward,330.28814697265625
4194304,917.638,eval/episode_reward/joint,-0.0374373123049736
4194304,917.638,eval/episode_reward/orient,-129.92605590820312
4194304,917.638,eval/episode_reward/total,200.10647583007812
4194304,917.638,eval/episode_state/forward_vel,-8.333616256713867
4194304,917.638,eval/episode_state/up_z,754.9081420898438
4194304,917.638,eval/episode_reward_std,341.57183837890625
4194304,917.638,eval/episode_reward/ctrl_std,0.0020586627069860697
4194304,917.638,eval/episode_reward/forward_std,22.9176082611084
4194304,917.638,eval/episode_reward/joint_std,0.009900088422000408
4194304,917.638,eval/episode_reward/orient_std,350.6922302246094
4194304,917.638,eval/episode_reward/total_std,341.57183837890625
4194304,917.638,eval/episode_state/forward_vel_std,13.581117630004883
4194304,917.638,eval/episode_state/up_z_std,232.69354248046875
4194304,917.638,eval/avg_episode_length,1000.0
4194304,917.638,eval/std_episode_length,0.0
4194304,917.638,eval/epoch_eval_time,30.32620859146118
4194304,917.638,eval/sps,1055.1929003419866
4718592,988.250,episode/sps,5192.849616000025
4718592,988.250,episode/length,1000.0
4718592,988.250,episode/reward/ctrl,-0.21836566910147667
4718592,988.250,episode/reward/forward,332.7708990478516
4718592,988.250,episode/reward/joint,-0.03701470015570521
4718592,988.250,episode/reward/orient,-172.78739250421523
4718592,988.250,episode/reward/total,159.72813888311387
4718592,988.250,episode/state/forward_vel,-6.41232591457665
4718592,988.250,episode/state/up_z,728.6053693580627
4718592,988.250,episode/sum_reward,159.72813888311387
4718592,988.250,episode/entropy_loss,-0.1148262519389391
4718592,988.250,episode/kl_mean,0.0006755721330409869
4718592,988.250,episode/learning_rate,0.0003000000142492354
4718592,988.250,episode/policy_dist_max_loc,1.2725587528944016
4718592,988.250,episode/policy_dist_max_std,1.4045517206192017
4718592,988.250,episode/policy_dist_mean_loc,-0.01556315659545362
4718592,988.250,episode/policy_dist_mean_std,0.6968233954906463
4718592,988.250,episode/policy_dist_min_loc,-0.9130286103487015
4718592,988.250,episode/policy_dist_min_std,0.28404679998755455
4718592,988.250,episode/policy_loss,-0.0014275578010710887
4718592,988.250,episode/total_loss,25.259094228744505
4718592,988.250,episode/v_loss,25.375348062515258
4718592,1019.461,eval/walltime,336.7124252319336
4718592,1019.461,training/sps,7424.2894500986895
4718592,1019.461,training/walltime,668.1389858722687
4718592,1019.461,training/entropy_loss,-0.11503921449184418
4718592,1019.461,training/kl_mean,0.0006663498934358358
4718592,1019.461,training/learning_rate,0.0003000000142492354
4718592,1019.461,training/policy_dist_max_loc,1.2608134746551514
4718592,1019.461,training/policy_dist_max_std,1.3658092021942139
4718592,1019.461,training/policy_dist_mean_loc,-0.01904163882136345
4718592,1019.461,training/policy_dist_mean_std,0.6973910331726074
4718592,1019.461,training/policy_dist_min_loc,-0.9444365501403809
4718592,1019.461,training/policy_dist_min_std,0.2869194746017456
4718592,1019.461,training/policy_loss,-0.0013264897279441357
4718592,1019.461,training/total_loss,18.243324279785156
4718592,1019.461,training/v_loss,18.359691619873047
4718592,1019.461,eval/episode_reward,185.72171020507812
4718592,1019.461,eval/episode_reward/ctrl,-0.21779291331768036
4718592,1019.461,eval/episode_reward/forward,332.794189453125
4718592,1019.461,eval/episode_reward/joint,-0.036762844771146774
4718592,1019.461,eval/episode_reward/orient,-146.81797790527344
4718592,1019.461,eval/episode_reward/total,185.72171020507812
4718592,1019.461,eval/episode_state/forward_vel,-6.291866302490234
4718592,1019.461,eval/episode_state/up_z,784.3702392578125
4718592,1019.461,eval/episode_reward_std,526.3078002929688
4718592,1019.461,eval/episode_reward/ctrl_std,0.002336585894227028
4718592,1019.461,eval/episode_reward/forward_std,22.58832550048828
4718592,1019.461,eval/episode_reward/joint_std,0.008552903309464455
4718592,1019.461,eval/episode_reward/orient_std,517.0615844726562
4718592,1019.461,eval/episode_reward/total_std,526.3078002929688
4718592,1019.461,eval/episode_state/forward_vel_std,13.757500648498535
4718592,1019.461,eval/episode_state/up_z_std,288.3926086425781
4718592,1019.461,eval/avg_episode_length,1000.0
4718592,1019.461,eval/std_episode_length,0.0
4718592,1019.461,eval/epoch_eval_time,31.185444116592407
4718592,1019.461,eval/sps,1026.1197461341974
5242880,1090.671,episode/sps,5118.961951924739
5242880,1090.671,episode/length,1000.0
5242880,1090.671,episode/reward/ctrl,-0.2181955999135971
5242880,1090.671,episode/reward/forward,334.3210232543945
5242880,1090.671,episode/reward/joint,-0.03822139715775848
5242880,1090.671,episode/reward/orient,-188.62689979553224
5242880,1090.671,episode/reward/total,145.43775009155274
5242880,1090.671,episode/state/forward_vel,-5.514205245673656
5242880,1090.671,episode/state/up_z,741.0519361877441
5242880,1090.671,episode/sum_reward,145.43775009155274
5242880,1090.671,episode/entropy_loss,-0.1150009722262621
5242880,1090.671,episode/kl_mean,0.0007229448051657528
5242880,1090.671,episode/learning_rate,0.0003000000142492354
5242880,1090.671,episode/policy_dist_max_loc,1.2350130915641784
5242880,1090.671,episode/policy_dist_max_std,1.3701837801933288
5242880,1090.671,episode/policy_dist_mean_loc,-0.01921789476647973
5242880,1090.671,episode/policy_dist_mean_std,0.6974219995737075
5242880,1090.671,episode/policy_dist_min_loc,-0.898976292014122
5242880,1090.671,episode/policy_dist_min_std,0.29634469911456107
5242880,1090.671,episode/policy_loss,-0.001440697348298272
5242880,1090.671,episode/total_loss,20.60116038322449
5242880,1090.671,episode/v_loss,20.717602138519286
5242880,1121.185,eval/walltime,367.20243740081787
5242880,1121.185,training/sps,7361.8896917028205
5242880,1121.185,training/walltime,739.3554835319519
5242880,1121.185,training/entropy_loss,-0.11517860740423203
5242880,1121.185,training/kl_mean,0.0007553005707450211
5242880,1121.185,training/learning_rate,0.0003000000142492354
5242880,1121.185,training/policy_dist_max_loc,1.229661226272583
5242880,1121.185,training/policy_dist_max_std,1.286970615386963
5242880,1121.185,training/policy_dist_mean_loc,-0.02296559326350689
5242880,1121.185,training/policy_dist_mean_std,0.6980018615722656
5242880,1121.185,training/policy_dist_min_loc,-0.8535441160202026
5242880,1121.185,training/policy_dist_min_std,0.3242906928062439
5242880,1121.185,training/policy_loss,-0.0012791650369763374
5242880,1121.185,training/total_loss,15.444684982299805
5242880,1121.185,training/v_loss,15.56114387512207
5242880,1121.185,eval/episode_reward,299.2980651855469
5242880,1121.185,eval/episode_reward/ctrl,-0.218540221452713
5242880,1121.185,eval/episode_reward/forward,334.13385009765625
5242880,1121.185,eval/episode_reward/joint,-0.03378593176603317
5242880,1121.185,eval/episode_reward/orient,-34.58342742919922
5242880,1121.185,eval/episode_reward/total,299.2980651855469
5242880,1121.185,eval/episode_state/forward_vel,-5.390437126159668
5242880,1121.185,eval/episode_state/up_z,859.3491821289062
5242880,1121.185,eval/episode_reward_std,52.09364700317383
5242880,1121.185,eval/episode_reward/ctrl_std,0.0023562880232930183
5242880,1121.185,eval/episode_reward/forward_std,27.674684524536133
5242880,1121.185,eval/episode_reward/joint_std,0.008259722962975502
5242880,1121.185,eval/episode_reward/orient_std,36.84315490722656
5242880,1121.185,eval/episode_reward/total_std,52.09364700317383
5242880,1121.185,eval/episode_state/forward_vel_std,17.325960159301758
5242880,1121.185,eval/episode_state/up_z_std,90.08077239990234
5242880,1121.185,eval/avg_episode_length,1000.0
5242880,1121.185,eval/std_episode_length,0.0
5242880,1121.185,eval/epoch_eval_time,30.490012168884277
5242880,1121.185,eval/sps,1049.5240153645034
5767168,1191.165,episode/sps,5217.118320919088
5767168,1191.165,episode/length,1000.0
5767168,1191.165,episode/reward/ctrl,-0.21816370129585266
5767168,1191.165,episode/reward/forward,332.1107067871094
5767168,1191.165,episode/reward/joint,-0.03537477878853679
5767168,1191.165,episode/reward/orient,-178.49989951968192
5767168,1191.165,episode/reward/total,153.35725664138795
5767168,1191.165,episode/state/forward_vel,-6.767319068610668
5767168,1191.165,episode/state/up_z,774.3436859130859
5767168,1191.165,episode/sum_reward,153.35725664138795
5767168,1191.165,episode/entropy_loss,-0.11517176516354084
5767168,1191.165,episode/kl_mean,0.0007252961397171021
5767168,1191.165,episode/learning_rate,0.0003000000142492354
5767168,1191.165,episode/policy_dist_max_loc,1.2628508251905441
5767168,1191.165,episode/policy_dist_max_std,1.3364253199100495
5767168,1191.165,episode/policy_dist_mean_loc,-0.022232955023646354
5767168,1191.165,episode/policy_dist_mean_std,0.6978042310476303
5767168,1191.165,episode/policy_dist_min_loc,-0.8960456317663192
5767168,1191.165,episode/policy_dist_min_std,0.31019053876399993
5767168,1191.165,episode/policy_loss,-0.001268263665260747
5767168,1191.165,episode/total_loss,18.456517515182494
5767168,1191.165,episode/v_loss,18.57295756340027
5767168,1222.417,eval/walltime,398.4326055049896
5767168,1222.417,training/sps,7491.280638603289
5767168,1222.417,training/walltime,809.3419151306152
5767168,1222.417,training/entropy_loss,-0.11534331738948822
5767168,1222.417,training/kl_mean,0.0007074724417179823
5767168,1222.417,training/learning_rate,0.0003000000142492354
5767168,1222.417,training/policy_dist_max_loc,1.2962074279785156
5767168,1222.417,training/policy_dist_max_std,1.339661717414856
5767168,1222.417,training/policy_dist_mean_loc,-0.025223881006240845
5767168,1222.417,training/policy_dist_mean_std,0.6981253623962402
5767168,1222.417,training/policy_dist_min_loc,-0.8875958919525146
5767168,1222.417,training/policy_dist_min_std,0.32380545139312744
5767168,1222.417,training/policy_loss,-0.0009945076890289783
5767168,1222.417,training/total_loss,20.819177627563477
5767168,1222.417,training/v_loss,20.935514450073242
5767168,1222.417,eval/episode_reward,218.56631469726562
5767168,1222.417,eval/episode_reward/ctrl,-0.21822090446949005
5767168,1222.417,eval/episode_reward/forward,339.53375244140625
5767168,1222.417,eval/episode_reward/joint,-0.032202981412410736
5767168,1222.417,eval/episode_reward/orient,-120.71705627441406
5767168,1222.417,eval/episode_reward/total,218.56631469726562
5767168,1222.417,eval/episode_state/forward_vel,-3.006610155105591
5767168,1222.417,eval/episode_state/up_z,838.8335571289062
5767168,1222.417,eval/episode_reward_std,547.16650390625
5767168,1222.417,eval/episode_reward/ctrl_std,0.0016535220202058554
5767168,1222.417,eval/episode_reward/forward_std,25.821006774902344
5767168,1222.417,eval/episode_reward/joint_std,0.004725873004645109
5767168,1222.417,eval/episode_reward/orient_std,542.6631469726562
5767168,1222.417,eval/episode_reward/total_std,547.16650390625
5767168,1222.417,eval/episode_state/forward_vel_std,15.715124130249023
5767168,1222.417,eval/episode_state/up_z_std,289.3401184082031
5767168,1222.417,eval/avg_episode_length,1000.0
5767168,1222.417,eval/std_episode_length,0.0
5767168,1222.417,eval/epoch_eval_time,31.230168104171753
5767168,1222.417,eval/sps,1024.6502642336213
6291456,1292.629,episode/sps,5167.206509111423
6291456,1292.629,episode/length,1000.0
6291456,1292.629,episode/reward/ctrl,-0.2179265460371971
6291456,1292.629,episode/reward/forward,331.30158660888674
6291456,1292.629,episode/reward/joint,-0.03513973038643599
6291456,1292.629,episode/reward/orient,-212.20018344640732
6291456,1292.629,episode/reward/total,118.84844348907471
6291456,1292.629,episode/state/forward_vel,-7.321052515953779
6291456,1292.629,episode/state/up_z,769.4860501480102
6291456,1292.629,episode/sum_reward,118.84844348907471
6291456,1292.629,episode/entropy_loss,-0.11529029525816441
6291456,1292.629,episode/kl_mean,0.0007276680128416046
6291456,1292.629,episode/learning_rate,0.0003000000142492354
6291456,1292.629,episode/policy_dist_max_loc,1.2670441621541977
6291456,1292.629,episode/policy_dist_max_std,1.3232969200611115
6291456,1292.629,episode/policy_dist_mean_loc,-0.02527269270271063
6291456,1292.629,episode/policy_dist_mean_std,0.6980477422475815
6291456,1292.629,episode/policy_dist_min_loc,-0.9134145247936248
6291456,1292.629,episode/policy_dist_min_std,0.3201127132773399
6291456,1292.629,episode/policy_loss,-0.001174506979441503
6291456,1292.629,episode/total_loss,18.99395580291748
6291456,1292.629,episode/v_loss,19.110420608520506
6291456,1323.931,eval/walltime,429.7121248245239
6291456,1323.931,training/sps,7466.530833443013
6291456,1323.931,training/walltime,879.5603353977203
6291456,1323.931,training/entropy_loss,-0.11538103967905045
6291456,1323.931,training/kl_mean,0.0006740553071722388
6291456,1323.931,training/learning_rate,0.0003000000142492354
6291456,1323.931,training/policy_dist_max_loc,1.2827544212341309
6291456,1323.931,training/policy_dist_max_std,1.3305895328521729
6291456,1323.931,training/policy_dist_mean_loc,-0.028208816424012184
6291456,1323.931,training/policy_dist_mean_std,0.6981101036071777
6291456,1323.931,training/policy_dist_min_loc,-0.9997351169586182
6291456,1323.931,training/policy_dist_min_std,0.3170735538005829
6291456,1323.931,training/policy_loss,-0.0010811761021614075
6291456,1323.931,training/total_loss,20.87328338623047
6291456,1323.931,training/v_loss,20.98974609375
6291456,1323.931,eval/episode_reward,247.46888732910156
6291456,1323.931,eval/episode_reward/ctrl,-0.21776798367500305
6291456,1323.931,eval/episode_reward/forward,329.46173095703125
6291456,1323.931,eval/episode_reward/joint,-0.03372357413172722
6291456,1323.931,eval/episode_reward/orient,-81.7413330078125
6291456,1323.931,eval/episode_reward/total,247.46888732910156
6291456,1323.931,eval/episode_state/forward_vel,-8.80256462097168
6291456,1323.931,eval/episode_state/up_z,876.7814331054688
6291456,1323.931,eval/episode_reward_std,373.7416687011719
6291456,1323.931,eval/episode_reward/ctrl_std,0.0016039550537243485
6291456,1323.931,eval/episode_reward/forward_std,21.842756271362305
6291456,1323.931,eval/episode_reward/joint_std,0.005366839934140444
6291456,1323.931,eval/episode_reward/orient_std,373.1416931152344
6291456,1323.931,eval/episode_reward/total_std,373.7416687011719
6291456,1323.931,eval/episode_state/forward_vel_std,13.299510955810547
6291456,1323.931,eval/episode_state/up_z_std,236.82516479492188
6291456,1323.931,eval/avg_episode_length,1000.0
6291456,1323.931,eval/std_episode_length,0.0
6291456,1323.931,eval/epoch_eval_time,31.2795193195343
6291456,1323.931,eval/sps,1023.0336237940764
6815744,1394.560,episode/sps,5143.573861821974
6815744,1394.560,episode/length,1000.0
6815744,1394.560,episode/reward/ctrl,-0.2178475372493267
6815744,1394.560,episode/reward/forward,329.77462310791014
6815744,1394.560,episode/reward/joint,-0.033532001711428165
6815744,1394.560,episode/reward/orient,-60.17317056894302
6815744,1394.560,episode/reward/total,269.35012298583985
6815744,1394.560,episode/state/forward_vel,-8.90540217384696
6815744,1394.560,episode/state/up_z,869.4795252990723
6815744,1394.560,episode/sum_reward,269.35012298583985
6815744,1394.560,episode/entropy_loss,-0.11537777572870254
6815744,1394.560,episode/kl_mean,0.0007546761725097895
6815744,1394.560,episode/learning_rate,0.0003000000142492354
6815744,1394.560,episode/policy_dist_max_loc,1.322792245745659
6815744,1394.560,episode/policy_dist_max_std,1.3246170270442963
6815744,1394.560,episode/policy_dist_mean_loc,-0.028079685140401125
6815744,1394.560,episode/policy_dist_mean_std,0.6980863666534424
6815744,1394.560,episode/policy_dist_min_loc,-0.9791265064477921
6815744,1394.560,episode/policy_dist_min_std,0.3232115024328232
6815744,1394.560,episode/policy_loss,-0.0011327925289515406
6815744,1394.560,episode/total_loss,19.97844554901123
6815744,1394.560,episode/v_loss,20.094956073760986
6815744,1425.145,eval/walltime,460.27245593070984
6815744,1425.145,training/sps,7422.3521760177455
6815744,1425.145,training/walltime,950.1967034339905
6815744,1425.145,training/entropy_loss,-0.11543238162994385
6815744,1425.145,training/kl_mean,0.000806099153123796
6815744,1425.145,training/learning_rate,0.0003000000142492354
6815744,1425.145,training/policy_dist_max_loc,1.398450493812561
6815744,1425.145,training/policy_dist_max_std,1.3068076372146606
6815744,1425.145,training/policy_dist_mean_loc,-0.031231727451086044
6815744,1425.145,training/policy_dist_mean_std,0.6980322599411011
6815744,1425.145,training/policy_dist_min_loc,-1.0628552436828613
6815744,1425.145,training/policy_dist_min_std,0.3301088213920593
6815744,1425.145,training/policy_loss,-0.0011122096329927444
6815744,1425.145,training/total_loss,18.852012634277344
6815744,1425.145,training/v_loss,18.968557357788086
6815744,1425.145,eval/episode_reward,240.70248413085938
6815744,1425.145,eval/episode_reward/ctrl,-0.21763300895690918
6815744,1425.145,eval/episode_reward/forward,331.0492248535156
6815744,1425.145,eval/episode_reward/joint,-0.03394138813018799
6815744,1425.145,eval/episode_reward/orient,-90.09514617919922
6815744,1425.145,eval/episode_reward/total,240.70248413085938
6815744,1425.145,eval/episode_state/forward_vel,-8.553255081176758
6815744,1425.145,eval/episode_state/up_z,871.9345092773438
6815744,1425.145,eval/episode_reward_std,413.67449951171875
6815744,1425.145,eval/episode_reward/ctrl_std,0.0013404248747974634
6815744,1425.145,eval/episode_reward/forward_std,27.185026168823242
6815744,1425.145,eval/episode_reward/joint_std,0.005323996301740408
6815744,1425.145,eval/episode_reward/orient_std,416.6435852050781
6815744,1425.145,eval/episode_reward/total_std,413.67449951171875
6815744,1425.145,eval/episode_state/forward_vel_std,16.341651916503906
6815744,1425.145,eval/episode_state/up_z_std,252.54808044433594
6815744,1425.145,eval/avg_episode_length,1000.0
6815744,1425.145,eval/std_episode_length,0.0
6815744,1425.145,eval/epoch_eval_time,30.560331106185913
6815744,1425.145,eval/sps,1047.1090738124456
7340032,1495.684,episode/sps,5184.588899937881
7340032,1495.684,episode/length,1000.0
7340032,1495.684,episode/reward/ctrl,-0.21781199395656586
7340032,1495.684,episode/reward/forward,337.3660232543945
7340032,1495.684,episode/reward/joint,-0.03310368834063411
7340032,1495.684,episode/reward/orient,-45.3018151563406
7340032,1495.684,episode/reward/total,291.81334060668945
7340032,1495.684,episode/state/forward_vel,-4.2226380518078805
7340032,1495.684,episode/state/up_z,895.6185739135742
7340032,1495.684,episode/sum_reward,291.81334060668945
7340032,1495.684,episode/entropy_loss,-0.11541301414370536
7340032,1495.684,episode/kl_mean,0.0008428264033864253
7340032,1495.684,episode/learning_rate,0.0003000000142492354
7340032,1495.684,episode/policy_dist_max_loc,1.3365808910131454
7340032,1495.684,episode/policy_dist_max_std,1.3234434521198273
7340032,1495.684,episode/policy_dist_mean_loc,-0.03146442478522658
7340032,1495.684,episode/policy_dist_mean_std,0.6980029398202896
7340032,1495.684,episode/policy_dist_min_loc,-1.027092428803444
7340032,1495.684,episode/policy_dist_min_std,0.32716080367565153
7340032,1495.684,episode/policy_loss,-0.0011845700662524905
7340032,1495.684,episode/total_loss,17.893667764663697
7340032,1495.684,episode/v_loss,18.010265350341797
7340032,1525.896,eval/walltime,490.45915126800537
7340032,1525.896,training/sps,7431.711072350366
7340032,1525.896,training/walltime,1020.7441177368164
7340032,1525.896,training/entropy_loss,-0.11543311923742294
7340032,1525.896,training/kl_mean,0.0010212985798716545
7340032,1525.896,training/learning_rate,0.0003000000142492354
7340032,1525.896,training/policy_dist_max_loc,1.344907522201538
7340032,1525.896,training/policy_dist_max_std,1.336974859237671
7340032,1525.896,training/policy_dist_mean_loc,-0.03556683659553528
7340032,1525.896,training/policy_dist_mean_std,0.6978601217269897
7340032,1525.896,training/policy_dist_min_loc,-1.0371816158294678
7340032,1525.896,training/policy_dist_min_std,0.3339943587779999
7340032,1525.896,training/policy_loss,-0.0012757278745993972
7340032,1525.896,training/total_loss,13.686590194702148
7340032,1525.896,training/v_loss,13.803298950195312
7340032,1525.896,eval/episode_reward,329.363525390625
7340032,1525.896,eval/episode_reward/ctrl,-0.21777872741222382
7340032,1525.896,eval/episode_reward/forward,336.0312805175781
7340032,1525.896,eval/episode_reward/joint,-0.034644708037376404
7340032,1525.896,eval/episode_reward/orient,-6.415252685546875
7340032,1525.896,eval/episode_reward/total,329.363525390625
7340032,1525.896,eval/episode_state/forward_vel,-4.520749568939209
7340032,1525.896,eval/episode_state/up_z,944.3328247070312
7340032,1525.896,eval/episode_reward_std,25.258657455444336
7340032,1525.896,eval/episode_reward/ctrl_std,0.0015719363000243902
7340032,1525.896,eval/episode_reward/forward_std,25.78957176208496
7340032,1525.896,eval/episode_reward/joint_std,0.003955550491809845
7340032,1525.896,eval/episode_reward/orient_std,9.272249221801758
7340032,1525.896,eval/episode_reward/total_std,25.258657455444336
7340032,1525.896,eval/episode_state/forward_vel_std,15.759720802307129
7340032,1525.896,eval/episode_state/up_z_std,33.71513366699219
7340032,1525.896,eval/avg_episode_length,1000.0
7340032,1525.896,eval/std_episode_length,0.0
7340032,1525.896,eval/epoch_eval_time,30.186695337295532
7340032,1525.896,eval/sps,1060.0696645473524
7864320,1596.364,episode/sps,5207.497667167739
7864320,1596.364,episode/length,1000.0
7864320,1596.364,episode/reward/ctrl,-0.2177693635225296
7864320,1596.364,episode/reward/forward,339.20145324707033
7864320,1596.364,episode/reward/joint,-0.03462211234495044
7864320,1596.364,episode/reward/orient,-11.707561542987824
7864320,1596.364,episode/reward/total,327.24150115966796
7864320,1596.364,episode/state/forward_vel,-3.0105333153903486
7864320,1596.364,episode/state/up_z,924.2244055175781
7864320,1596.364,episode/sum_reward,327.24150115966796
7864320,1596.364,episode/entropy_loss,-0.11542403817176819
7864320,1596.364,episode/kl_mean,0.0010394911572802813
7864320,1596.364,episode/learning_rate,0.0003000000142492354
7864320,1596.364,episode/policy_dist_max_loc,1.3385855036973953
7864320,1596.364,episode/policy_dist_max_std,1.3310312020778656
7864320,1596.364,episode/policy_dist_mean_loc,-0.03524343403056264
7864320,1596.364,episode/policy_dist_mean_std,0.6977218961715699
7864320,1596.364,episode/policy_dist_min_loc,-1.0680847358703613
7864320,1596.364,episode/policy_dist_min_std,0.33596795618534087
7864320,1596.364,episode/policy_loss,-0.0011609615331690292
7864320,1596.364,episode/total_loss,14.656349000930787
7864320,1596.364,episode/v_loss,14.77293402671814
7864320,1628.089,eval/walltime,522.1593174934387
7864320,1628.089,training/sps,7439.387438696366
7864320,1628.089,training/walltime,1091.2187373638153
7864320,1628.089,training/entropy_loss,-0.11541937291622162
7864320,1628.089,training/kl_mean,0.0012871117796748877
7864320,1628.089,training/learning_rate,0.0003000000142492354
7864320,1628.089,training/policy_dist_max_loc,1.2941694259643555
7864320,1628.089,training/policy_dist_max_std,1.3528811931610107
7864320,1628.089,training/policy_dist_mean_loc,-0.03965196758508682
7864320,1628.089,training/policy_dist_mean_std,0.697236180305481
7864320,1628.089,training/policy_dist_min_loc,-1.1205475330352783
7864320,1628.089,training/policy_dist_min_std,0.34407833218574524
7864320,1628.089,training/policy_loss,-0.0009951204992830753
7864320,1628.089,training/total_loss,10.646474838256836
7864320,1628.089,training/v_loss,10.762889862060547
7864320,1628.089,eval/episode_reward,328.70947265625
7864320,1628.089,eval/episode_reward/ctrl,-0.21699202060699463
7864320,1628.089,eval/episode_reward/forward,333.0248107910156
7864320,1628.089,eval/episode_reward/joint,-0.03571229800581932
7864320,1628.089,eval/episode_reward/orient,-4.0626020431518555
7864320,1628.089,eval/episode_reward/total,328.70947265625
7864320,1628.089,eval/episode_state/forward_vel,-7.630278587341309
7864320,1628.089,eval/episode_state/up_z,954.4652709960938
7864320,1628.089,eval/episode_reward_std,18.681718826293945
7864320,1628.089,eval/episode_reward/ctrl_std,0.0015296787023544312
7864320,1628.089,eval/episode_reward/forward_std,17.923025131225586
7864320,1628.089,eval/episode_reward/joint_std,0.0048591443337500095
7864320,1628.089,eval/episode_reward/orient_std,3.2539939880371094
7864320,1628.089,eval/episode_reward/total_std,18.681718826293945
7864320,1628.089,eval/episode_state/forward_vel_std,10.902240753173828
7864320,1628.089,eval/episode_state/up_z_std,17.552345275878906
7864320,1628.089,eval/avg_episode_length,1000.0
7864320,1628.089,eval/std_episode_length,0.0
7864320,1628.089,eval/epoch_eval_time,31.70016622543335
7864320,1628.089,eval/sps,1009.4584290957469
8388608,1697.122,episode/sps,5203.4018817620035
8388608,1697.122,episode/length,1000.0
8388608,1697.122,episode/reward/ctrl,-0.2176153379678726
8388608,1697.122,episode/reward/forward,338.18319244384764
8388608,1697.122,episode/reward/joint,-0.03580016575753689
8388608,1697.122,episode/reward/orient,-76.65554564476014
8388608,1697.122,episode/reward/total,261.2742335510254
8388608,1697.122,episode/state/forward_vel,-4.016860335469246
8388608,1697.122,episode/state/up_z,900.2132653808594
8388608,1697.122,episode/sum_reward,261.2742335510254
8388608,1697.122,episode/entropy_loss,-0.11540905833244323
8388608,1697.122,episode/kl_mean,0.001143552508438006
8388608,1697.122,episode/learning_rate,0.0003000000142492354
8388608,1697.122,episode/policy_dist_max_loc,1.3142265820503234
8388608,1697.122,episode/policy_dist_max_std,1.3352657926082612
8388608,1697.122,episode/policy_dist_mean_loc,-0.03922550603747368
8388608,1697.122,episode/policy_dist_mean_std,0.6973450291156769
8388608,1697.122,episode/policy_dist_min_loc,-1.1165349298715592
8388608,1697.122,episode/policy_dist_min_std,0.3393127855658531
8388608,1697.122,episode/policy_loss,-0.0010718558345979546
8388608,1697.122,episode/total_loss,12.02754774093628
8388608,1697.122,episode/v_loss,12.144028654098511
8388608,1723.346,eval/walltime,548.3615012168884
8388608,1723.346,training/sps,7593.936197817964
8388608,1723.346,training/walltime,1160.2590856552124
8388608,1723.346,training/entropy_loss,-0.11537520587444305
8388608,1723.346,training/kl_mean,0.0010951734147965908
8388608,1723.346,training/learning_rate,0.0003000000142492354
8388608,1723.346,training/policy_dist_max_loc,1.2916436195373535
8388608,1723.346,training/policy_dist_max_std,1.3216173648834229
8388608,1723.346,training/policy_dist_mean_loc,-0.04330376535654068
8388608,1723.346,training/policy_dist_mean_std,0.6968773007392883
8388608,1723.346,training/policy_dist_min_loc,-1.1953898668289185
8388608,1723.346,training/policy_dist_min_std,0.34179961681365967
8388608,1723.346,training/policy_loss,-0.0008208242943510413
8388608,1723.346,training/total_loss,10.883966445922852
8388608,1723.346,training/v_loss,11.000162124633789
8388608,1723.346,eval/episode_reward,222.7721710205078
8388608,1723.346,eval/episode_reward/ctrl,-0.2170037031173706
8388608,1723.346,eval/episode_reward/forward,342.16619873046875
8388608,1723.346,eval/episode_reward/joint,-0.03746330365538597
8388608,1723.346,eval/episode_reward/orient,-119.13961791992188
8388608,1723.346,eval/episode_reward/total,222.7721710205078
8388608,1723.346,eval/episode_state/forward_vel,-0.8599696159362793
8388608,1723.346,eval/episode_state/up_z,894.57470703125
8388608,1723.346,eval/episode_reward_std,636.6860961914062
8388608,1723.346,eval/episode_reward/ctrl_std,0.0018606020603328943
8388608,1723.346,eval/episode_reward/forward_std,18.936323165893555
8388608,1723.346,eval/episode_reward/joint_std,0.00467156246304512
8388608,1723.346,eval/episode_reward/orient_std,635.73974609375
8388608,1723.346,eval/episode_reward/total_std,636.6860961914062
8388608,1723.346,eval/episode_state/forward_vel_std,11.304403305053711
8388608,1723.346,eval/episode_state/up_z_std,319.5333251953125
8388608,1723.346,eval/avg_episode_length,1000.0
8388608,1723.346,eval/std_episode_length,0.0
8388608,1723.346,eval/epoch_eval_time,26.202183723449707
8388608,1723.346,eval/sps,1221.2722549289479
8912896,1792.777,episode/sps,5481.060693723232
8912896,1792.777,episode/length,1000.0
8912896,1792.777,episode/reward/ctrl,-0.21734109297394752
8912896,1792.777,episode/reward/forward,340.84543853759766
8912896,1792.777,episode/reward/joint,-0.036295343954116106
8912896,1792.777,episode/reward/orient,-7.400365867018699
8912896,1792.777,episode/reward/total,333.1914289855957
8912896,1792.777,episode/state/forward_vel,-2.82773750949651
8912896,1792.777,episode/state/up_z,948.1682781982422
8912896,1792.777,episode/sum_reward,333.1914289855957
8912896,1792.777,episode/entropy_loss,-0.11536992125213147
8912896,1792.777,episode/kl_mean,0.0013547412099433132
8912896,1792.777,episode/learning_rate,0.0003000000142492354
8912896,1792.777,episode/policy_dist_max_loc,1.259805629849434
8912896,1792.777,episode/policy_dist_max_std,1.3099136650562286
8912896,1792.777,episode/policy_dist_mean_loc,-0.042826210111379624
8912896,1792.777,episode/policy_dist_mean_std,0.6971427392959595
8912896,1792.777,episode/policy_dist_min_loc,-1.1375484311580657
8912896,1792.777,episode/policy_dist_min_std,0.34358619421720504
8912896,1792.777,episode/policy_loss,-0.000986322870157892
8912896,1792.777,episode/total_loss,9.76151528596878
8912896,1792.777,episode/v_loss,9.877871506214142
8912896,1824.880,eval/walltime,580.4396963119507
8912896,1824.880,training/sps,7550.432745444453
8912896,1824.880,training/walltime,1229.697224855423
8912896,1824.880,training/entropy_loss,-0.11530657112598419
8912896,1824.880,training/kl_mean,0.0016019910108298063
8912896,1824.880,training/learning_rate,0.0003000000142492354
8912896,1824.880,training/policy_dist_max_loc,1.1802573204040527
8912896,1824.880,training/policy_dist_max_std,1.2586472034454346
8912896,1824.880,training/policy_dist_mean_loc,-0.04620683193206787
8912896,1824.880,training/policy_dist_mean_std,0.6972517967224121
8912896,1824.880,training/policy_dist_min_loc,-1.1119883060455322
8912896,1824.880,training/policy_dist_min_std,0.3455662131309509
8912896,1824.880,training/policy_loss,-0.0009143321076408029
8912896,1824.880,training/total_loss,7.512240409851074
8912896,1824.880,training/v_loss,7.628460884094238
8912896,1824.880,eval/episode_reward,228.9323272705078
8912896,1824.880,eval/episode_reward/ctrl,-0.2183966189622879
8912896,1824.880,eval/episode_reward/forward,344.8489990234375
8912896,1824.880,eval/episode_reward/joint,-0.03973370045423508
8912896,1824.880,eval/episode_reward/orient,-115.65853881835938
8912896,1824.880,eval/episode_reward/total,228.9323272705078
8912896,1824.880,eval/episode_state/forward_vel,0.1716807782649994
8912896,1824.880,eval/episode_state/up_z,892.6824951171875
8912896,1824.880,eval/episode_reward_std,619.1402587890625
8912896,1824.880,eval/episode_reward/ctrl_std,0.0013369681546464562
8912896,1824.880,eval/episode_reward/forward_std,18.96072769165039
8912896,1824.880,eval/episode_reward/joint_std,0.004070684313774109
8912896,1824.880,eval/episode_reward/orient_std,612.543212890625
8912896,1824.880,eval/episode_reward/total_std,619.1402587890625
8912896,1824.880,eval/episode_state/forward_vel_std,11.064912796020508
8912896,1824.880,eval/episode_state/up_z_std,312.1955261230469
8912896,1824.880,eval/avg_episode_length,1000.0
8912896,1824.880,eval/std_episode_length,0.0
8912896,1824.880,eval/epoch_eval_time,32.078195095062256
8912896,1824.880,eval/sps,997.5623598886867
9437184,1896.253,episode/sps,5066.769220937689
9437184,1896.253,episode/length,1000.0
9437184,1896.253,episode/reward/ctrl,-0.21766292050480843
9437184,1896.253,episode/reward/forward,345.82874420166013
9437184,1896.253,episode/reward/joint,-0.03892697075381875
9437184,1896.253,episode/reward/orient,-77.37099938511848
9437184,1896.253,episode/reward/total,268.20113189697264
9437184,1896.253,episode/state/forward_vel,0.7415672045014798
9437184,1896.253,episode/state/up_z,911.0768606567383
9437184,1896.253,episode/sum_reward,268.20113189697264
9437184,1896.253,episode/entropy_loss,-0.11533584825694561
9437184,1896.253,episode/kl_mean,0.0012574950468842872
9437184,1896.253,episode/learning_rate,0.0003000000142492354
9437184,1896.253,episode/policy_dist_max_loc,1.2632866394519806
9437184,1896.253,episode/policy_dist_max_std,1.3220586502552032
9437184,1896.253,episode/policy_dist_mean_loc,-0.04614912394434214
9437184,1896.253,episode/policy_dist_mean_std,0.6975478881597519
9437184,1896.253,episode/policy_dist_min_loc,-1.1853992021083832
9437184,1896.253,episode/policy_dist_min_std,0.33070316031575203
9437184,1896.253,episode/policy_loss,-0.000863616462011123
9437184,1896.253,episode/total_loss,10.192756679058075
9437184,1896.253,episode/v_loss,10.308956091403962
9437184,1929.318,eval/walltime,613.482076883316
9437184,1929.318,training/sps,7345.160462742754
9437184,1929.318,training/walltime,1301.0759241580963
9437184,1929.318,training/entropy_loss,-0.11531247943639755
9437184,1929.318,training/kl_mean,0.000930989917833358
9437184,1929.318,training/learning_rate,0.0003000000142492354
9437184,1929.318,training/policy_dist_max_loc,1.3251118659973145
9437184,1929.318,training/policy_dist_max_std,1.3738408088684082
9437184,1929.318,training/policy_dist_mean_loc,-0.049517326056957245
9437184,1929.318,training/policy_dist_mean_std,0.6985782384872437
9437184,1929.318,training/policy_dist_min_loc,-1.2490324974060059
9437184,1929.318,training/policy_dist_min_std,0.30282431840896606
9437184,1929.318,training/policy_loss,-0.0007125587435439229
9437184,1929.318,training/total_loss,12.446244239807129
9437184,1929.318,training/v_loss,12.56226921081543
9437184,1929.318,eval/episode_reward,269.29095458984375
9437184,1929.318,eval/episode_reward/ctrl,-0.21847671270370483
9437184,1929.318,eval/episode_reward/forward,343.60174560546875
9437184,1929.318,eval/episode_reward/joint,-0.04236067831516266
9437184,1929.318,eval/episode_reward/orient,-74.04984283447266
9437184,1929.318,eval/episode_reward/total,269.29095458984375
9437184,1929.318,eval/episode_state/forward_vel,-0.92073655128479
9437184,1929.318,eval/episode_state/up_z,919.7365112304688
9437184,1929.318,eval/episode_reward_std,383.834716796875
9437184,1929.318,eval/episode_reward/ctrl_std,0.0013809521915391088
9437184,1929.318,eval/episode_reward/forward_std,26.55012321472168
9437184,1929.318,eval/episode_reward/joint_std,0.005148470401763916
9437184,1929.318,eval/episode_reward/orient_std,391.193359375
9437184,1929.318,eval/episode_reward/total_std,383.834716796875
9437184,1929.318,eval/episode_state/forward_vel_std,16.475473403930664
9437184,1929.318,eval/episode_state/up_z_std,216.07395935058594
9437184,1929.318,eval/avg_episode_length,1000.0
9437184,1929.318,eval/std_episode_length,0.0
9437184,1929.318,eval/epoch_eval_time,33.042380571365356
9437184,1929.318,eval/sps,968.4532242126438
9961472,2000.380,episode/sps,5035.079029986355
9961472,2000.380,episode/length,1000.0
9961472,2000.380,episode/reward/ctrl,-0.21869294330477715
9961472,2000.380,episode/reward/forward,342.91590270996096
9961472,2000.380,episode/reward/joint,-0.04140642330050468
9961472,2000.380,episode/reward/orient,-28.749292082488537
9961472,2000.380,episode/reward/total,313.9064840698242
9961472,2000.380,episode/state/forward_vel,-0.917374671548605
9961472,2000.380,episode/state/up_z,942.951078338623
9961472,2000.380,episode/sum_reward,313.9064840698242
9961472,2000.380,episode/entropy_loss,-0.1153450620919466
9961472,2000.380,episode/kl_mean,0.0013293220839113928
9961472,2000.380,episode/learning_rate,0.0003000000142492354
9961472,2000.380,episode/policy_dist_max_loc,1.2588252717256545
9961472,2000.380,episode/policy_dist_max_std,1.3313070368766784
9961472,2000.380,episode/policy_dist_mean_loc,-0.04889162544161081
9961472,2000.380,episode/policy_dist_mean_std,0.6983180379867554
9961472,2000.380,episode/policy_dist_min_loc,-1.1920454782247543
9961472,2000.380,episode/policy_dist_min_std,0.32005239829421045
9961472,2000.380,episode/policy_loss,-0.0009092855569906533
9961472,2000.380,episode/total_loss,10.723767802715301
9961472,2000.380,episode/v_loss,10.840022041797639
9961472,2033.019,eval/walltime,646.0968441963196
9961472,2033.019,training/sps,7377.237715552161
9961472,2033.019,training/walltime,1372.1442589759827
9961472,2033.019,training/entropy_loss,-0.11540071666240692
9961472,2033.019,training/kl_mean,0.0013624688144773245
9961472,2033.019,training/learning_rate,0.0003000000142492354
9961472,2033.019,training/policy_dist_max_loc,1.2843807935714722
9961472,2033.019,training/policy_dist_max_std,1.3722190856933594
9961472,2033.019,training/policy_dist_mean_loc,-0.05150563269853592
9961472,2033.019,training/policy_dist_mean_std,0.6992871761322021
9961472,2033.019,training/policy_dist_min_loc,-1.2249070405960083
9961472,2033.019,training/policy_dist_min_std,0.3065674304962158
9961472,2033.019,training/policy_loss,-0.0010242254938930273
9961472,2033.019,training/total_loss,12.19757080078125
9961472,2033.019,training/v_loss,12.313995361328125
9961472,2033.019,eval/episode_reward,97.04606628417969
9961472,2033.019,eval/episode_reward/ctrl,-0.2181008756160736
9961472,2033.019,eval/episode_reward/forward,351.05145263671875
9961472,2033.019,eval/episode_reward/joint,-0.04220263659954071
9961472,2033.019,eval/episode_reward/orient,-253.74490356445312
9961472,2033.019,eval/episode_reward/total,97.04606628417969
9961472,2033.019,eval/episode_state/forward_vel,4.215373516082764
9961472,2033.019,eval/episode_state/up_z,823.2247924804688
9961472,2033.019,eval/episode_reward_std,824.0042724609375
9961472,2033.019,eval/episode_reward/ctrl_std,0.0015640838537365198
9961472,2033.019,eval/episode_reward/forward_std,18.113449096679688
9961472,2033.019,eval/episode_reward/joint_std,0.004885642323642969
9961472,2033.019,eval/episode_reward/orient_std,823.3329467773438
9961472,2033.019,eval/episode_reward/total_std,824.0042724609375
9961472,2033.019,eval/episode_state/forward_vel_std,11.845210075378418
9961472,2033.019,eval/episode_state/up_z_std,441.9720458984375
9961472,2033.019,eval/avg_episode_length,1000.0
9961472,2033.019,eval/std_episode_length,0.0
9961472,2033.019,eval/epoch_eval_time,32.61476731300354
9961472,2033.019,eval/sps,981.1506454391158
10485760,2105.589,episode/sps,4983.285119769512
10485760,2105.589,episode/length,1000.0
10485760,2105.589,episode/reward/ctrl,-0.21848815724253653
10485760,2105.589,episode/reward/forward,340.5507147216797
10485760,2105.589,episode/reward/joint,-0.04063037421554327
10485760,2105.589,episode/reward/orient,-42.50108521789312
10485760,2105.589,episode/reward/total,297.79051483154296
10485760,2105.589,episode/state/forward_vel,-2.4176471346616744
10485760,2105.589,episode/state/up_z,936.5177880859375
10485760,2105.589,episode/sum_reward,297.79051483154296
10485760,2105.589,episode/entropy_loss,-0.11534018963575363
10485760,2105.589,episode/kl_mean,0.0012505311463610269
10485760,2105.589,episode/learning_rate,0.0003000000142492354
10485760,2105.589,episode/policy_dist_max_loc,1.2551899081468583
10485760,2105.589,episode/policy_dist_max_std,1.4022041392326354
10485760,2105.589,episode/policy_dist_mean_loc,-0.05141489680856466
10485760,2105.589,episode/policy_dist_mean_std,0.6989427334070206
10485760,2105.589,episode/policy_dist_min_loc,-1.2602029806375503
10485760,2105.589,episode/policy_dist_min_std,0.30381409257650377
10485760,2105.589,episode/policy_loss,-0.0009495144370885101
10485760,2105.589,episode/total_loss,12.222840924263
10485760,2105.589,episode/v_loss,12.33913052558899
10485760,2138.064,eval/walltime,678.5479781627655
10485760,2138.064,training/sps,7223.825424737965
10485760,2138.064,training/walltime,1444.721871137619
10485760,2138.064,training/entropy_loss,-0.11530934274196625
10485760,2138.064,training/kl_mean,0.0011666353093460202
10485760,2138.064,training/learning_rate,0.0003000000142492354
10485760,2138.064,training/policy_dist_max_loc,1.1776875257492065
10485760,2138.064,training/policy_dist_max_std,1.4831748008728027
10485760,2138.064,training/policy_dist_mean_loc,-0.053685806691646576
10485760,2138.064,training/policy_dist_mean_std,0.699067234992981
10485760,2138.064,training/policy_dist_min_loc,-1.3304333686828613
10485760,2138.064,training/policy_dist_min_std,0.2959843873977661
10485760,2138.064,training/policy_loss,-0.0010229605250060558
10485760,2138.064,training/total_loss,12.541166305541992
10485760,2138.064,training/v_loss,12.657498359680176
10485760,2138.064,eval/episode_reward,285.17138671875
10485760,2138.064,eval/episode_reward/ctrl,-0.21851634979248047
10485760,2138.064,eval/episode_reward/forward,345.4278564453125
10485760,2138.064,eval/episode_reward/joint,-0.04142506420612335
10485760,2138.064,eval/episode_reward/orient,-59.99653625488281
10485760,2138.064,eval/episode_reward/total,285.17138671875
10485760,2138.064,eval/episode_state/forward_vel,0.42714786529541016
10485760,2138.064,eval/episode_state/up_z,938.3524169921875
10485760,2138.064,eval/episode_reward_std,313.5536193847656
10485760,2138.064,eval/episode_reward/ctrl_std,0.001562961027957499
10485760,2138.064,eval/episode_reward/forward_std,17.783235549926758
10485760,2138.064,eval/episode_reward/joint_std,0.005750558339059353
10485760,2138.064,eval/episode_reward/orient_std,316.3988342285156
10485760,2138.064,eval/episode_reward/total_std,313.5536193847656
10485760,2138.064,eval/episode_state/forward_vel_std,11.396647453308105
10485760,2138.064,eval/episode_state/up_z_std,167.40628051757812
10485760,2138.064,eval/avg_episode_length,1000.0
10485760,2138.064,eval/std_episode_length,0.0
10485760,2138.064,eval/epoch_eval_time,32.45113396644592
10485760,2138.064,eval/sps,986.0980523234599
11010048,2210.339,episode/sps,5005.128917686117
11010048,2210.339,episode/length,1000.0
11010048,2210.339,episode/reward/ctrl,-0.21889885678887366
11010048,2210.339,episode/reward/forward,339.31952880859376
11010048,2210.339,episode/reward/joint,-0.04291779646649957
11010048,2210.339,episode/reward/orient,-39.94588055163622
11010048,2210.339,episode/reward/total,299.11178985595706
11010048,2210.339,episode/state/forward_vel,-3.6108466897159817
11010048,2210.339,episode/state/up_z,943.4699938964844
11010048,2210.339,episode/sum_reward,299.11178985595706
11010048,2210.339,episode/entropy_loss,-0.11532059237360955
11010048,2210.339,episode/kl_mean,0.0012518464028835297
11010048,2210.339,episode/learning_rate,0.0003000000142492354
11010048,2210.339,episode/policy_dist_max_loc,1.1907267826795578
11010048,2210.339,episode/policy_dist_max_std,1.424399243593216
11010048,2210.339,episode/policy_dist_mean_loc,-0.053151407726109025
11010048,2210.339,episode/policy_dist_mean_std,0.6991668391227722
11010048,2210.339,episode/policy_dist_min_loc,-1.2683144187927247
11010048,2210.339,episode/policy_dist_min_std,0.30708703443408014
11010048,2210.339,episode/policy_loss,-0.0009839470502629412
11010048,2210.339,episode/total_loss,13.221338696479798
11010048,2210.339,episode/v_loss,13.337643213272095
11010048,2243.784,eval/walltime,711.9695391654968
11010048,2243.784,training/sps,7253.399822212112
11010048,2243.784,training/walltime,1517.0035614967346
11010048,2243.784,training/entropy_loss,-0.11524486541748047
11010048,2243.784,training/kl_mean,0.0011429986916482449
11010048,2243.784,training/learning_rate,0.0003000000142492354
11010048,2243.784,training/policy_dist_max_loc,1.1130731105804443
11010048,2243.784,training/policy_dist_max_std,1.4245864152908325
11010048,2243.784,training/policy_dist_mean_loc,-0.054563965648412704
11010048,2243.784,training/policy_dist_mean_std,0.6991628408432007
11010048,2243.784,training/policy_dist_min_loc,-1.2490752935409546
11010048,2243.784,training/policy_dist_min_std,0.31694239377975464
11010048,2243.784,training/policy_loss,-0.000810015422757715
11010048,2243.784,training/total_loss,14.873106002807617
11010048,2243.784,training/v_loss,14.989160537719727
11010048,2243.784,eval/episode_reward,340.5816650390625
11010048,2243.784,eval/episode_reward/ctrl,-0.21820014715194702
11010048,2243.784,eval/episode_reward/forward,342.5426025390625
11010048,2243.784,eval/episode_reward/joint,-0.042227212339639664
11010048,2243.784,eval/episode_reward/orient,-1.7004437446594238
11010048,2243.784,eval/episode_reward/total,340.5816650390625
11010048,2243.784,eval/episode_state/forward_vel,-2.1453804969787598
11010048,2243.784,eval/episode_state/up_z,973.5382080078125
11010048,2243.784,eval/episode_reward_std,17.415550231933594
11010048,2243.784,eval/episode_reward/ctrl_std,0.001604853430762887
11010048,2243.784,eval/episode_reward/forward_std,17.566564559936523
11010048,2243.784,eval/episode_reward/joint_std,0.004425376188009977
11010048,2243.784,eval/episode_reward/orient_std,1.0927804708480835
11010048,2243.784,eval/episode_reward/total_std,17.415550231933594
11010048,2243.784,eval/episode_state/forward_vel_std,10.65645980834961
11010048,2243.784,eval/episode_state/up_z_std,9.060492515563965
11010048,2243.784,eval/avg_episode_length,1000.0
11010048,2243.784,eval/std_episode_length,0.0
11010048,2243.784,eval/epoch_eval_time,33.42156100273132
11010048,2243.784,eval/sps,957.4657508482279
11534336,2315.795,episode/sps,4971.620419559575
11534336,2315.795,episode/length,1000.0
11534336,2315.795,episode/reward/ctrl,-0.21856827899813652
11534336,2315.795,episode/reward/forward,339.8565853881836
11534336,2315.795,episode/reward/joint,-0.04180835582315922
11534336,2315.795,episode/reward/orient,-112.986727925241
11534336,2315.795,episode/reward/total,226.60946319580077
11534336,2315.795,episode/state/forward_vel,-2.824419323652983
11534336,2315.795,episode/state/up_z,912.2144268798828
11534336,2315.795,episode/sum_reward,226.60946319580077
11534336,2315.795,episode/entropy_loss,-0.11525345541536808
11534336,2315.795,episode/kl_mean,0.0013457271433435381
11534336,2315.795,episode/learning_rate,0.0003000000142492354
11534336,2315.795,episode/policy_dist_max_loc,1.1187308514118195
11534336,2315.795,episode/policy_dist_max_std,1.4528792321681976
11534336,2315.795,episode/policy_dist_mean_loc,-0.05412515614181757
11534336,2315.795,episode/policy_dist_mean_std,0.6992695313692093
11534336,2315.795,episode/policy_dist_min_loc,-1.2848599880933762
11534336,2315.795,episode/policy_dist_min_std,0.3072025762498379
11534336,2315.795,episode/policy_loss,-0.0009709196570474887
11534336,2315.795,episode/total_loss,12.534329991340638
11534336,2315.795,episode/v_loss,12.650554428100586
11534336,2348.949,eval/walltime,745.1016528606415
11534336,2348.949,training/sps,7279.921938186184
11534336,2348.949,training/walltime,1589.0219161510468
11534336,2348.949,training/entropy_loss,-0.1151949018239975
11534336,2348.949,training/kl_mean,0.0015736075583845377
11534336,2348.949,training/learning_rate,0.0003000000142492354
11534336,2348.949,training/policy_dist_max_loc,1.0399487018585205
11534336,2348.949,training/policy_dist_max_std,1.4636435508728027
11534336,2348.949,training/policy_dist_mean_loc,-0.05429958924651146
11534336,2348.949,training/policy_dist_mean_std,0.6995449662208557
11534336,2348.949,training/policy_dist_min_loc,-1.2826437950134277
11534336,2348.949,training/policy_dist_min_std,0.3110717236995697
11534336,2348.949,training/policy_loss,-0.000940565369091928
11534336,2348.949,training/total_loss,10.457447052001953
11534336,2348.949,training/v_loss,10.573582649230957
11534336,2348.949,eval/episode_reward,332.03167724609375
11534336,2348.949,eval/episode_reward/ctrl,-0.21800750494003296
11534336,2348.949,eval/episode_reward/forward,335.8716735839844
11534336,2348.949,eval/episode_reward/joint,-0.043199051171541214
11534336,2348.949,eval/episode_reward/orient,-3.5787384510040283
11534336,2348.949,eval/episode_reward/total,332.03167724609375
11534336,2348.949,eval/episode_state/forward_vel,-5.742095947265625
11534336,2348.949,eval/episode_state/up_z,964.910888671875
11534336,2348.949,eval/episode_reward_std,19.242374420166016
11534336,2348.949,eval/episode_reward/ctrl_std,0.0021595857106149197
11534336,2348.949,eval/episode_reward/forward_std,20.43536949157715
11534336,2348.949,eval/episode_reward/joint_std,0.005137922707945108
11534336,2348.949,eval/episode_reward/orient_std,3.4134938716888428
11534336,2348.949,eval/episode_reward/total_std,19.242374420166016
11534336,2348.949,eval/episode_state/forward_vel_std,12.923277854919434
11534336,2348.949,eval/episode_state/up_z_std,14.900331497192383
11534336,2348.949,eval/avg_episode_length,1000.0
11534336,2348.949,eval/std_episode_length,0.0
11534336,2348.949,eval/epoch_eval_time,33.13211369514465
11534336,2348.949,eval/sps,965.8303208312798
12058624,2421.356,episode/sps,4966.698694669129
12058624,2421.356,episode/length,1000.0
12058624,2421.356,episode/reward/ctrl,-0.21865949496626855
12058624,2421.356,episode/reward/forward,340.4787680053711
12058624,2421.356,episode/reward/joint,-0.041831317767500875
12058624,2421.356,episode/reward/orient,-50.17385063678026
12058624,2421.356,episode/reward/total,290.0444055175781
12058624,2421.356,episode/state/forward_vel,-2.951954324245453
12058624,2421.356,episode/state/up_z,944.8346826171875
12058624,2421.356,episode/sum_reward,290.0444055175781
12058624,2421.356,episode/entropy_loss,-0.11519248329102993
12058624,2421.356,episode/kl_mean,0.0014448815101059153
12058624,2421.356,episode/learning_rate,0.0003000000142492354
12058624,2421.356,episode/policy_dist_max_loc,1.0384483098983766
12058624,2421.356,episode/policy_dist_max_std,1.4445740139484406
12058624,2421.356,episode/policy_dist_mean_loc,-0.05399528477340937
12058624,2421.356,episode/policy_dist_mean_std,0.6993555957078934
12058624,2421.356,episode/policy_dist_min_loc,-1.2658771270513534
12058624,2421.356,episode/policy_dist_min_std,0.31137397736310957
12058624,2421.356,episode/policy_loss,-0.000976920589673682
12058624,2421.356,episode/total_loss,12.670209565162658
12058624,2421.356,episode/v_loss,12.786379055976868
12058624,2455.067,eval/walltime,778.7890236377716
12058624,2455.067,training/sps,7240.143592199916
12058624,2455.067,training/walltime,1661.43594956398
12058624,2455.067,training/entropy_loss,-0.11511735618114471
12058624,2455.067,training/kl_mean,0.0014504712307825685
12058624,2455.067,training/learning_rate,0.0003000000142492354
12058624,2455.067,training/policy_dist_max_loc,0.9529338479042053
12058624,2455.067,training/policy_dist_max_std,1.4427058696746826
12058624,2455.067,training/policy_dist_mean_loc,-0.053076472133398056
12058624,2455.067,training/policy_dist_mean_std,0.6993731260299683
12058624,2455.067,training/policy_dist_min_loc,-1.2708163261413574
12058624,2455.067,training/policy_dist_min_std,0.30575644969940186
12058624,2455.067,training/policy_loss,-0.000999188981950283
12058624,2455.067,training/total_loss,12.545177459716797
12058624,2455.067,training/v_loss,12.661293029785156
12058624,2455.067,eval/episode_reward,214.1531982421875
12058624,2455.067,eval/episode_reward/ctrl,-0.21803279221057892
12058624,2455.067,eval/episode_reward/forward,335.0205078125
12058624,2455.067,eval/episode_reward/joint,-0.04300650581717491
12058624,2455.067,eval/episode_reward/orient,-120.60609436035156
12058624,2455.067,eval/episode_reward/total,214.1531982421875
12058624,2455.067,eval/episode_state/forward_vel,-6.104188442230225
12058624,2455.067,eval/episode_state/up_z,912.656494140625
12058624,2455.067,eval/episode_reward_std,469.6778869628906
12058624,2455.067,eval/episode_reward/ctrl_std,0.0020168782211840153
12058624,2455.067,eval/episode_reward/forward_std,18.848112106323242
12058624,2455.067,eval/episode_reward/joint_std,0.004351383540779352
12058624,2455.067,eval/episode_reward/orient_std,469.2497863769531
12058624,2455.067,eval/episode_reward/total_std,469.6778869628906
12058624,2455.067,eval/episode_state/forward_vel_std,11.23143196105957
12058624,2455.067,eval/episode_state/up_z_std,247.9390106201172
12058624,2455.067,eval/avg_episode_length,1000.0
12058624,2455.067,eval/std_episode_length,0.0
12058624,2455.067,eval/epoch_eval_time,33.68737077713013
12058624,2455.067,eval/sps,949.9108794125406
12582912,2527.539,episode/sps,4937.607378706015
12582912,2527.539,episode/length,1000.0
12582912,2527.539,episode/reward/ctrl,-0.21818916395306587
12582912,2527.539,episode/reward/forward,332.6274047851563
12582912,2527.539,episode/reward/joint,-0.04303288504481315
12582912,2527.539,episode/reward/orient,-77.95650143295526
12582912,2527.539,episode/reward/total,254.4097248840332
12582912,2527.539,episode/state/forward_vel,-7.451500256285072
12582912,2527.539,episode/state/up_z,931.2837445068359
12582912,2527.539,episode/sum_reward,254.4097248840332
12582912,2527.539,episode/entropy_loss,-0.11514304012060166
12582912,2527.539,episode/kl_mean,0.0016595900245010853
12582912,2527.539,episode/learning_rate,0.0003000000142492354
12582912,2527.539,episode/policy_dist_max_loc,0.9445601767301559
12582912,2527.539,episode/policy_dist_max_std,1.4505328106880189
12582912,2527.539,episode/policy_dist_mean_loc,-0.05390550397336483
12582912,2527.539,episode/policy_dist_mean_std,0.6993474072217941
12582912,2527.539,episode/policy_dist_min_loc,-1.2570408332347869
12582912,2527.539,episode/policy_dist_min_std,0.31634808361530303
12582912,2527.539,episode/policy_loss,-0.000989927589034778
12582912,2527.539,episode/total_loss,12.450382833480836
12582912,2527.539,episode/v_loss,12.566515855789184
12582912,2560.541,eval/walltime,811.766515493393
12582912,2560.541,training/sps,7233.607000978583
12582912,2560.541,training/walltime,1733.9154193401337
12582912,2560.541,training/entropy_loss,-0.11511355638504028
12582912,2560.541,training/kl_mean,0.0018543272744864225
12582912,2560.541,training/learning_rate,0.0003000000142492354
12582912,2560.541,training/policy_dist_max_loc,0.8210667967796326
12582912,2560.541,training/policy_dist_max_std,1.444753885269165
12582912,2560.541,training/policy_dist_mean_loc,-0.05417083948850632
12582912,2560.541,training/policy_dist_mean_std,0.6990996599197388
12582912,2560.541,training/policy_dist_min_loc,-1.221598744392395
12582912,2560.541,training/policy_dist_min_std,0.33069974184036255
12582912,2560.541,training/policy_loss,-0.0009745271527208388
12582912,2560.541,training/total_loss,13.899517059326172
12582912,2560.541,training/v_loss,14.015604972839355
12582912,2560.541,eval/episode_reward,120.28025817871094
12582912,2560.541,eval/episode_reward/ctrl,-0.21803590655326843
12582912,2560.541,eval/episode_reward/forward,346.3682861328125
12582912,2560.541,eval/episode_reward/joint,-0.04558751359581947
12582912,2560.541,eval/episode_reward/orient,-225.82452392578125
12582912,2560.541,eval/episode_reward/total,120.28025817871094
12582912,2560.541,eval/episode_state/forward_vel,0.19736167788505554
12582912,2560.541,eval/episode_state/up_z,856.8953857421875
12582912,2560.541,eval/episode_reward_std,859.4810791015625
12582912,2560.541,eval/episode_reward/ctrl_std,0.001837818999774754
12582912,2560.541,eval/episode_reward/forward_std,20.956912994384766
12582912,2560.541,eval/episode_reward/joint_std,0.004987979773432016
12582912,2560.541,eval/episode_reward/orient_std,858.8806762695312
12582912,2560.541,eval/episode_reward/total_std,859.4810791015625
12582912,2560.541,eval/episode_state/forward_vel_std,13.248161315917969
12582912,2560.541,eval/episode_state/up_z_std,442.0591735839844
12582912,2560.541,eval/avg_episode_length,1000.0
12582912,2560.541,eval/std_episode_length,0.0
12582912,2560.541,eval/epoch_eval_time,32.97749185562134
12582912,2560.541,eval/sps,970.358817465534
13107200,2633.236,episode/sps,4960.28610100724
13107200,2633.236,episode/length,1000.0
13107200,2633.236,episode/reward/ctrl,-0.21848438948392868
13107200,2633.236,episode/reward/forward,338.20514709472656
13107200,2633.236,episode/reward/joint,-0.044733272977173326
13107200,2633.236,episode/reward/orient,-68.61535214036704
13107200,2633.236,episode/reward/total,269.3265200805664
13107200,2633.236,episode/state/forward_vel,-4.434062324464321
13107200,2633.236,episode/state/up_z,936.9930807495117
13107200,2633.236,episode/sum_reward,269.3265200805664
13107200,2633.236,episode/entropy_loss,-0.11508571431040764
13107200,2633.236,episode/kl_mean,0.0019502357163582928
13107200,2633.236,episode/learning_rate,0.0003000000142492354
13107200,2633.236,episode/policy_dist_max_loc,0.8712950110435486
13107200,2633.236,episode/policy_dist_max_std,1.4638403058052063
13107200,2633.236,episode/policy_dist_mean_loc,-0.05542340226471424
13107200,2633.236,episode/policy_dist_mean_std,0.6994028162956237
13107200,2633.236,episode/policy_dist_min_loc,-1.2901568341255187
13107200,2633.236,episode/policy_dist_min_std,0.30934946551918985
13107200,2633.236,episode/policy_loss,-0.0011762382100278046
13107200,2633.236,episode/total_loss,11.927454051971436
13107200,2633.236,episode/v_loss,12.043716020584107
13107200,2665.776,eval/walltime,844.2828035354614
13107200,2665.776,training/sps,7211.504920947411
13107200,2665.776,training/walltime,1806.6170268058777
13107200,2665.776,training/entropy_loss,-0.1150175929069519
13107200,2665.776,training/kl_mean,0.0023478204384446144
13107200,2665.776,training/learning_rate,0.0003000000142492354
13107200,2665.776,training/policy_dist_max_loc,0.8168470859527588
13107200,2665.776,training/policy_dist_max_std,1.4927034378051758
13107200,2665.776,training/policy_dist_mean_loc,-0.05906514823436737
13107200,2665.776,training/policy_dist_mean_std,0.6996491551399231
13107200,2665.776,training/policy_dist_min_loc,-1.3677937984466553
13107200,2665.776,training/policy_dist_min_std,0.2943180203437805
13107200,2665.776,training/policy_loss,-0.001467634690925479
13107200,2665.776,training/total_loss,9.438519477844238
13107200,2665.776,training/v_loss,9.555004119873047
13107200,2665.776,eval/episode_reward,228.43190002441406
13107200,2665.776,eval/episode_reward/ctrl,-0.21949344873428345
13107200,2665.776,eval/episode_reward/forward,339.13226318359375
13107200,2665.776,eval/episode_reward/joint,-0.04838304966688156
13107200,2665.776,eval/episode_reward/orient,-110.43244171142578
13107200,2665.776,eval/episode_reward/total,228.43190002441406
13107200,2665.776,eval/episode_state/forward_vel,-3.2099971771240234
13107200,2665.776,eval/episode_state/up_z,922.4708251953125
13107200,2665.776,eval/episode_reward_std,597.00048828125
13107200,2665.776,eval/episode_reward/ctrl_std,0.0016932551516219974
13107200,2665.776,eval/episode_reward/forward_std,20.804283142089844
13107200,2665.776,eval/episode_reward/joint_std,0.004167106933891773
13107200,2665.776,eval/episode_reward/orient_std,602.1260375976562
13107200,2665.776,eval/episode_reward/total_std,597.00048828125
13107200,2665.776,eval/episode_state/forward_vel_std,13.06148624420166
13107200,2665.776,eval/episode_state/up_z_std,313.4241943359375
13107200,2665.776,eval/avg_episode_length,1000.0
13107200,2665.776,eval/std_episode_length,0.0
13107200,2665.776,eval/epoch_eval_time,32.51628804206848
13107200,2665.776,eval/sps,984.1221715898037
13631488,2738.658,episode/sps,4973.214379517609
13631488,2738.658,episode/length,1000.0
13631488,2738.658,episode/reward/ctrl,-0.21892588794231416
13631488,2738.658,episode/reward/forward,338.3266226196289
13631488,2738.658,episode/reward/joint,-0.04741759274154902
13631488,2738.658,episode/reward/orient,-47.20882288277149
13631488,2738.658,episode/reward/total,290.85141510009765
13631488,2738.658,episode/state/forward_vel,-4.503654077351094
13631488,2738.658,episode/state/up_z,948.8271942138672
13631488,2738.658,episode/sum_reward,290.85141510009765
13631488,2738.658,episode/entropy_loss,-0.11506121814250946
13631488,2738.658,episode/kl_mean,0.0024949888020637445
13631488,2738.658,episode/learning_rate,0.0003000000142492354
13631488,2738.658,episode/policy_dist_max_loc,0.8080830639600753
13631488,2738.658,episode/policy_dist_max_std,1.4597742295265197
13631488,2738.658,episode/policy_dist_mean_loc,-0.05798989098519087
13631488,2738.658,episode/policy_dist_mean_std,0.6996782457828522
13631488,2738.658,episode/policy_dist_min_loc,-1.2724407678842544
13631488,2738.658,episode/policy_dist_min_std,0.31118324875831604
13631488,2738.658,episode/policy_loss,-0.0013892585868597962
13631488,2738.658,episode/total_loss,9.75959567308426
13631488,2738.658,episode/v_loss,9.876046147346496
13631488,2770.779,eval/walltime,876.3796851634979
13631488,2770.779,training/sps,7192.979755937287
13631488,2770.779,training/walltime,1879.5058736801147
13631488,2770.779,training/entropy_loss,-0.1150507926940918
13631488,2770.779,training/kl_mean,0.0031934301368892193
13631488,2770.779,training/learning_rate,0.0003000000142492354
13631488,2770.779,training/policy_dist_max_loc,0.7818973660469055
13631488,2770.779,training/policy_dist_max_std,1.4431051015853882
13631488,2770.779,training/policy_dist_mean_loc,-0.0611223429441452
13631488,2770.779,training/policy_dist_mean_std,0.7002527713775635
13631488,2770.779,training/policy_dist_min_loc,-1.2284520864486694
13631488,2770.779,training/policy_dist_min_std,0.31017762422561646
13631488,2770.779,training/policy_loss,-0.001616853754967451
13631488,2770.779,training/total_loss,6.040127754211426
13631488,2770.779,training/v_loss,6.156795024871826
13631488,2770.779,eval/episode_reward,335.89202880859375
13631488,2770.779,eval/episode_reward/ctrl,-0.21941488981246948
13631488,2770.779,eval/episode_reward/forward,340.22698974609375
13631488,2770.779,eval/episode_reward/joint,-0.051453009247779846
13631488,2770.779,eval/episode_reward/orient,-4.064090251922607
13631488,2770.779,eval/episode_reward/total,335.89202880859375
13631488,2770.779,eval/episode_state/forward_vel,-3.376727342605591
13631488,2770.779,eval/episode_state/up_z,972.6854248046875
13631488,2770.779,eval/episode_reward_std,19.791704177856445
13631488,2770.779,eval/episode_reward/ctrl_std,0.0014073139755055308
13631488,2770.779,eval/episode_reward/forward_std,17.67523193359375
13631488,2770.779,eval/episode_reward/joint_std,0.0032984004355967045
13631488,2770.779,eval/episode_reward/orient_std,6.018570899963379
13631488,2770.779,eval/episode_reward/total_std,19.791704177856445
13631488,2770.779,eval/episode_state/forward_vel_std,10.785709381103516
13631488,2770.779,eval/episode_state/up_z_std,20.198190689086914
13631488,2770.779,eval/avg_episode_length,1000.0
13631488,2770.779,eval/std_episode_length,0.0
13631488,2770.779,eval/epoch_eval_time,32.0968816280365
13631488,2770.779,eval/sps,996.9815875212041
14155776,2843.617,episode/sps,4995.148647413094
14155776,2843.617,episode/length,1000.0
14155776,2843.617,episode/reward/ctrl,-0.21901166066527367
14155776,2843.617,episode/reward/forward,340.8589105224609
14155776,2843.617,episode/reward/joint,-0.04961421445012092
14155776,2843.617,episode/reward/orient,-5.32853956438601
14155776,2843.617,episode/reward/total,335.2617383766174
14155776,2843.617,episode/state/forward_vel,-2.7727646335959433
14155776,2843.617,episode/state/up_z,976.7122241210938
14155776,2843.617,episode/sum_reward,335.2617383766174
14155776,2843.617,episode/entropy_loss,-0.11504345975816249
14155776,2843.617,episode/kl_mean,0.0029532065067905933
14155776,2843.617,episode/learning_rate,0.0003000000142492354
14155776,2843.617,episode/policy_dist_max_loc,0.7973016148805618
14155776,2843.617,episode/policy_dist_max_std,1.4889748990535736
14155776,2843.617,episode/policy_dist_mean_loc,-0.06056594368070364
14155776,2843.617,episode/policy_dist_mean_std,0.7002321803569793
14155776,2843.617,episode/policy_dist_min_loc,-1.2774364358186723
14155776,2843.617,episode/policy_dist_min_std,0.3017278438806534
14155776,2843.617,episode/policy_loss,-0.001640275801764801
14155776,2843.617,episode/total_loss,6.354762001633644
14155776,2843.617,episode/v_loss,6.4714457333087925
14155776,2876.292,eval/walltime,909.0308768749237
14155776,2876.292,training/sps,7197.181019203202
14155776,2876.292,training/walltime,1952.352172613144
14155776,2876.292,training/entropy_loss,-0.1150418370962143
14155776,2876.292,training/kl_mean,0.0032094407361000776
14155776,2876.292,training/learning_rate,0.0003000000142492354
14155776,2876.292,training/policy_dist_max_loc,0.776151716709137
14155776,2876.292,training/policy_dist_max_std,1.5333590507507324
14155776,2876.292,training/policy_dist_mean_loc,-0.062009286135435104
14155776,2876.292,training/policy_dist_mean_std,0.7008588314056396
14155776,2876.292,training/policy_dist_min_loc,-1.2362195253372192
14155776,2876.292,training/policy_dist_min_std,0.2970193028450012
14155776,2876.292,training/policy_loss,-0.0017619967693462968
14155776,2876.292,training/total_loss,2.996981143951416
14155776,2876.292,training/v_loss,3.1137847900390625
14155776,2876.292,eval/episode_reward,223.29002380371094
14155776,2876.292,eval/episode_reward/ctrl,-0.22011323273181915
14155776,2876.292,eval/episode_reward/forward,342.62591552734375
14155776,2876.292,eval/episode_reward/joint,-0.05488947778940201
14155776,2876.292,eval/episode_reward/orient,-119.06090545654297
14155776,2876.292,eval/episode_reward/total,223.29002380371094
14155776,2876.292,eval/episode_state/forward_vel,-1.4611084461212158
14155776,2876.292,eval/episode_state/up_z,913.8809204101562
14155776,2876.292,eval/episode_reward_std,647.4036254882812
14155776,2876.292,eval/episode_reward/ctrl_std,0.0017460929229855537
14155776,2876.292,eval/episode_reward/forward_std,18.397571563720703
14155776,2876.292,eval/episode_reward/joint_std,0.003189651295542717
14155776,2876.292,eval/episode_reward/orient_std,644.348876953125
14155776,2876.292,eval/episode_reward/total_std,647.4036254882812
14155776,2876.292,eval/episode_state/forward_vel_std,11.0437593460083
14155776,2876.292,eval/episode_state/up_z_std,325.1324768066406
14155776,2876.292,eval/avg_episode_length,1000.0
14155776,2876.292,eval/std_episode_length,0.0
14155776,2876.292,eval/epoch_eval_time,32.65119171142578
14155776,2876.292,eval/sps,980.0561119734596
14680064,2949.583,episode/sps,4947.700134726494
14680064,2949.583,episode/length,1000.0
14680064,2949.583,episode/reward/ctrl,-0.21953989550471306
14680064,2949.583,episode/reward/forward,340.66369567871095
14680064,2949.583,episode/reward/joint,-0.052071193084120754
14680064,2949.583,episode/reward/orient,-10.914323458075524
14680064,2949.583,episode/reward/total,329.47774911403656
14680064,2949.583,episode/state/forward_vel,-2.8819344240427016
14680064,2949.583,episode/state/up_z,970.7882067871094
14680064,2949.583,episode/sum_reward,329.47774911403656
14680064,2949.583,episode/entropy_loss,-0.11505242988467217
14680064,2949.583,episode/kl_mean,0.0027501953797764143
14680064,2949.583,episode/learning_rate,0.0003000000142492354
14680064,2949.583,episode/policy_dist_max_loc,0.785356724858284
14680064,2949.583,episode/policy_dist_max_std,1.5445622956752778
14680064,2949.583,episode/policy_dist_mean_loc,-0.06142150975763798
14680064,2949.583,episode/policy_dist_mean_std,0.7009956312179565
14680064,2949.583,episode/policy_dist_min_loc,-1.2608604001998902
14680064,2949.583,episode/policy_dist_min_std,0.2935588778555393
14680064,2949.583,episode/policy_loss,-0.0014245437755744206
14680064,2949.583,episode/total_loss,5.52187776863575
14680064,2949.583,episode/v_loss,5.638354707956314
14680064,2982.504,eval/walltime,941.9288733005524
14680064,2982.504,training/sps,7152.816072946112
14680064,2982.504,training/walltime,2025.6502966880798
14680064,2982.504,training/entropy_loss,-0.11508037894964218
14680064,2982.504,training/kl_mean,0.0014955700607970357
14680064,2982.504,training/learning_rate,0.0003000000142492354
14680064,2982.504,training/policy_dist_max_loc,0.7971042394638062
14680064,2982.504,training/policy_dist_max_std,1.6655528545379639
14680064,2982.504,training/policy_dist_mean_loc,-0.06100955605506897
14680064,2982.504,training/policy_dist_mean_std,0.7019872665405273
14680064,2982.504,training/policy_dist_min_loc,-1.3124432563781738
14680064,2982.504,training/policy_dist_min_std,0.2727276682853699
14680064,2982.504,training/policy_loss,-0.0007035324815660715
14680064,2982.504,training/total_loss,7.010654926300049
14680064,2982.504,training/v_loss,7.126438617706299
14680064,2982.504,eval/episode_reward,265.8544616699219
14680064,2982.504,eval/episode_reward/ctrl,-0.2206275314092636
14680064,2982.504,eval/episode_reward/forward,350.99322509765625
14680064,2982.504,eval/episode_reward/joint,-0.05400212109088898
14680064,2982.504,eval/episode_reward/orient,-84.86412811279297
14680064,2982.504,eval/episode_reward/total,265.8544616699219
14680064,2982.504,eval/episode_state/forward_vel,3.369058609008789
14680064,2982.504,eval/episode_state/up_z,923.2666625976562
14680064,2982.504,eval/episode_reward_std,456.26031494140625
14680064,2982.504,eval/episode_reward/ctrl_std,0.0017584383022040129
14680064,2982.504,eval/episode_reward/forward_std,22.263324737548828
14680064,2982.504,eval/episode_reward/joint_std,0.005581066478043795
14680064,2982.504,eval/episode_reward/orient_std,443.2121887207031
14680064,2982.504,eval/episode_reward/total_std,456.26031494140625
14680064,2982.504,eval/episode_state/forward_vel_std,13.658499717712402
14680064,2982.504,eval/episode_state/up_z_std,251.12808227539062
14680064,2982.504,eval/avg_episode_length,1000.0
14680064,2982.504,eval/std_episode_length,0.0
14680064,2982.504,eval/epoch_eval_time,32.89799642562866
14680064,2982.504,eval/sps,972.7036134963802
15204352,3052.012,episode/sps,5118.586193516742
15204352,3052.012,episode/length,1000.0
15204352,3052.012,episode/reward/ctrl,-0.22026213586330415
15204352,3052.012,episode/reward/forward,338.6123779296875
15204352,3052.012,episode/reward/joint,-0.05465370140969753
15204352,3052.012,episode/reward/orient,-10.665497064888477
15204352,3052.012,episode/reward/total,327.6719375610352
15204352,3052.012,episode/state/forward_vel,-3.7918865662813186
15204352,3052.012,episode/state/up_z,967.4515283203125
15204352,3052.012,episode/sum_reward,327.6719375610352
15204352,3052.012,episode/entropy_loss,-0.11505266003310681
15204352,3052.012,episode/kl_mean,0.002117111178667983
15204352,3052.012,episode/learning_rate,0.0003000000142492354
15204352,3052.012,episode/policy_dist_max_loc,0.7922662162780761
15204352,3052.012,episode/policy_dist_max_std,1.5846759915351867
15204352,3052.012,episode/policy_dist_mean_loc,-0.06161028988659382
15204352,3052.012,episode/policy_dist_mean_std,0.7021679276227951
15204352,3052.012,episode/policy_dist_min_loc,-1.2605724847316742
15204352,3052.012,episode/policy_dist_min_std,0.2833081893622875
15204352,3052.012,episode/policy_loss,-0.0011667794317327207
15204352,3052.012,episode/total_loss,7.67339169561863
15204352,3052.012,episode/v_loss,7.789611121416092
15204352,3079.315,eval/walltime,969.207245349884
15204352,3079.315,training/sps,7542.071807549792
15204352,3079.315,training/walltime,2095.1654131412506
15204352,3079.315,training/entropy_loss,-0.11504307389259338
15204352,3079.315,training/kl_mean,0.0012524730991572142
15204352,3079.315,training/learning_rate,0.0003000000142492354
15204352,3079.315,training/policy_dist_max_loc,0.8092228174209595
15204352,3079.315,training/policy_dist_max_std,1.5741651058197021
15204352,3079.315,training/policy_dist_mean_loc,-0.06182388588786125
15204352,3079.315,training/policy_dist_mean_std,0.7038429975509644
15204352,3079.315,training/policy_dist_min_loc,-1.246703028678894
15204352,3079.315,training/policy_dist_min_std,0.27636072039604187
15204352,3079.315,training/policy_loss,-0.0008878472726792097
15204352,3079.315,training/total_loss,12.933157920837402
15204352,3079.315,training/v_loss,13.049088478088379
15204352,3079.315,eval/episode_reward,311.769775390625
15204352,3079.315,eval/episode_reward/ctrl,-0.22142286598682404
15204352,3079.315,eval/episode_reward/forward,342.6382751464844
15204352,3079.315,eval/episode_reward/joint,-0.055870868265628815
15204352,3079.315,eval/episode_reward/orient,-30.591100692749023
15204352,3079.315,eval/episode_reward/total,311.769775390625
15204352,3079.315,eval/episode_state/forward_vel,-1.1291167736053467
15204352,3079.315,eval/episode_state/up_z,957.0026245117188
15204352,3079.315,eval/episode_reward_std,151.4977264404297
15204352,3079.315,eval/episode_reward/ctrl_std,0.0017254827544093132
15204352,3079.315,eval/episode_reward/forward_std,20.3786563873291
15204352,3079.315,eval/episode_reward/joint_std,0.004651737865060568
15204352,3079.315,eval/episode_reward/orient_std,150.56173706054688
15204352,3079.315,eval/episode_reward/total_std,151.4977264404297
15204352,3079.315,eval/episode_state/forward_vel_std,11.686453819274902
15204352,3079.315,eval/episode_state/up_z_std,88.52812194824219
15204352,3079.315,eval/avg_episode_length,1000.0
15204352,3079.315,eval/std_episode_length,0.0
15204352,3079.315,eval/epoch_eval_time,27.278372049331665
15204352,3079.315,eval/sps,1173.0905327535488
15728640,3152.828,episode/sps,5200.44603447416
15728640,3152.828,episode/length,1000.0
15728640,3152.828,episode/reward/ctrl,-0.2206851701438427
15728640,3152.828,episode/reward/forward,344.0458187866211
15728640,3152.828,episode/reward/joint,-0.05491514608263969
15728640,3152.828,episode/reward/orient,-85.12652106463909
15728640,3152.828,episode/reward/total,258.6436331176758
15728640,3152.828,episode/state/forward_vel,-0.43476913057267663
15728640,3152.828,episode/state/up_z,926.3131207275391
15728640,3152.828,episode/sum_reward,258.6436331176758
15728640,3152.828,episode/entropy_loss,-0.11505958870053291
15728640,3152.828,episode/kl_mean,0.0015140568450442515
15728640,3152.828,episode/learning_rate,0.0003000000142492354
15728640,3152.828,episode/policy_dist_max_loc,0.8120150589942932
15728640,3152.828,episode/policy_dist_max_std,1.5992992305755616
15728640,3152.828,episode/policy_dist_mean_loc,-0.06158817831426859
15728640,3152.828,episode/policy_dist_mean_std,0.7035863500833511
15728640,3152.828,episode/policy_dist_min_loc,-1.2253377413749695
15728640,3152.828,episode/policy_dist_min_std,0.28427802547812464
15728640,3152.828,episode/policy_loss,-0.0009218741874792613
15728640,3152.828,episode/total_loss,9.120593992471695
15728640,3152.828,episode/v_loss,9.236575434207916
15728640,3185.240,eval/walltime,1001.5964584350586
15728640,3185.240,training/sps,7131.216139978578
15728640,3185.240,training/walltime,2168.68555188179
15728640,3185.240,training/entropy_loss,-0.11504828929901123
15728640,3185.240,training/kl_mean,0.0014565058518201113
15728640,3185.240,training/learning_rate,0.0003000000142492354
15728640,3185.240,training/policy_dist_max_loc,0.8394004702568054
15728640,3185.240,training/policy_dist_max_std,1.5581402778625488
15728640,3185.240,training/policy_dist_mean_loc,-0.062067560851573944
15728640,3185.240,training/policy_dist_mean_std,0.7051810026168823
15728640,3185.240,training/policy_dist_min_loc,-1.1258600950241089
15728640,3185.240,training/policy_dist_min_std,0.3000299334526062
15728640,3185.240,training/policy_loss,-0.0009923415491357446
15728640,3185.240,training/total_loss,8.094696998596191
15728640,3185.240,training/v_loss,8.210737228393555
15728640,3185.240,eval/episode_reward,343.9367370605469
15728640,3185.240,eval/episode_reward/ctrl,-0.22201736271381378
15728640,3185.240,eval/episode_reward/forward,348.06402587890625
15728640,3185.240,eval/episode_reward/joint,-0.05762217566370964
15728640,3185.240,eval/episode_reward/orient,-3.8476738929748535
15728640,3185.240,eval/episode_reward/total,343.9367370605469
15728640,3185.240,eval/episode_state/forward_vel,1.9318547248840332
15728640,3185.240,eval/episode_state/up_z,973.3842163085938
15728640,3185.240,eval/episode_reward_std,18.647729873657227
15728640,3185.240,eval/episode_reward/ctrl_std,0.001790376496501267
15728640,3185.240,eval/episode_reward/forward_std,19.02010154724121
15728640,3185.240,eval/episode_reward/joint_std,0.004574222024530172
15728640,3185.240,eval/episode_reward/orient_std,3.4822988510131836
15728640,3185.240,eval/episode_reward/total_std,18.647729873657227
15728640,3185.240,eval/episode_state/forward_vel_std,11.40492057800293
15728640,3185.240,eval/episode_state/up_z_std,10.763310432434082
15728640,3185.240,eval/avg_episode_length,1000.0
15728640,3185.240,eval/std_episode_length,0.0
15728640,3185.240,eval/epoch_eval_time,32.38921308517456
15728640,3185.240,eval/sps,987.9832497272769
16252928,3259.084,episode/sps,4934.166573868846
16252928,3259.084,episode/length,1000.0
16252928,3259.084,episode/reward/ctrl,-0.22126032650470734
16252928,3259.084,episode/reward/forward,343.7905352783203
16252928,3259.084,episode/reward/joint,-0.05600062284618616
16252928,3259.084,episode/reward/orient,-39.15112082868814
16252928,3259.084,episode/reward/total,304.3621408081055
16252928,3259.084,episode/state/forward_vel,-0.6221255536749959
16252928,3259.084,episode/state/up_z,957.8234899902344
16252928,3259.084,episode/sum_reward,304.3621408081055
16252928,3259.084,episode/entropy_loss,-0.11508308067917823
16252928,3259.084,episode/kl_mean,0.0015536084282211959
16252928,3259.084,episode/learning_rate,0.0003000000142492354
16252928,3259.084,episode/policy_dist_max_loc,0.8250850266218186
16252928,3259.084,episode/policy_dist_max_std,1.6070894062519074
16252928,3259.084,episode/policy_dist_mean_loc,-0.06124912012368441
16252928,3259.084,episode/policy_dist_mean_std,0.7051674234867096
16252928,3259.084,episode/policy_dist_min_loc,-1.2134530287981034
16252928,3259.084,episode/policy_dist_min_std,0.2816080311685801
16252928,3259.084,episode/policy_loss,-0.0008734543455648236
16252928,3259.084,episode/total_loss,9.240080372095107
16252928,3259.084,episode/v_loss,9.35603688955307
16252928,3292.364,eval/walltime,1034.8519976139069
16252928,3292.364,training/sps,7099.335301178964
16252928,3292.364,training/walltime,2242.5358459949493
16252928,3292.364,training/entropy_loss,-0.11515918374061584
16252928,3292.364,training/kl_mean,0.0017584868473932147
16252928,3292.364,training/learning_rate,0.0003000000142492354
16252928,3292.364,training/policy_dist_max_loc,0.8211312890052795
16252928,3292.364,training/policy_dist_max_std,1.681288719177246
16252928,3292.364,training/policy_dist_mean_loc,-0.05996258929371834
16252928,3292.364,training/policy_dist_mean_std,0.7067240476608276
16252928,3292.364,training/policy_dist_min_loc,-1.2486315965652466
16252928,3292.364,training/policy_dist_min_std,0.27307459712028503
16252928,3292.364,training/policy_loss,-0.0006537901354022324
16252928,3292.364,training/total_loss,7.17990779876709
16252928,3292.364,training/v_loss,7.29572057723999
16252928,3292.364,eval/episode_reward,344.9235534667969
16252928,3292.364,eval/episode_reward/ctrl,-0.2232617437839508
16252928,3292.364,eval/episode_reward/forward,350.86376953125
16252928,3292.364,eval/episode_reward/joint,-0.05875068157911301
16252928,3292.364,eval/episode_reward/orient,-5.65825080871582
16252928,3292.364,eval/episode_reward/total,344.9235534667969
16252928,3292.364,eval/episode_state/forward_vel,3.648585557937622
16252928,3292.364,eval/episode_state/up_z,978.1864624023438
16252928,3292.364,eval/episode_reward_std,28.859018325805664
16252928,3292.364,eval/episode_reward/ctrl_std,0.0015297068748623133
16252928,3292.364,eval/episode_reward/forward_std,16.03570556640625
16252928,3292.364,eval/episode_reward/joint_std,0.004786160308867693
16252928,3292.364,eval/episode_reward/orient_std,20.158863067626953
16252928,3292.364,eval/episode_reward/total_std,28.859018325805664
16252928,3292.364,eval/episode_state/forward_vel_std,10.258052825927734
16252928,3292.364,eval/episode_state/up_z_std,18.110828399658203
16252928,3292.364,eval/avg_episode_length,1000.0
16252928,3292.364,eval/std_episode_length,0.0
16252928,3292.364,eval/epoch_eval_time,33.25553917884827
16252928,3292.364,eval/sps,962.2457127489055
16777216,3366.038,episode/sps,4902.015126991455
16777216,3366.038,episode/length,1000.0
16777216,3366.038,episode/reward/ctrl,-0.22219867393374443
16777216,3366.038,episode/reward/forward,348.349709777832
16777216,3366.038,episode/reward/joint,-0.057291758432984355
16777216,3366.038,episode/reward/orient,-27.634041778445244
16777216,3366.038,episode/reward/total,320.4361849975586
16777216,3366.038,episode/state/forward_vel,1.8810598807781935
16777216,3366.038,episode/state/up_z,965.5783531188965
16777216,3366.038,episode/sum_reward,320.4361849975586
16777216,3366.038,episode/entropy_loss,-0.11508132942020893
16777216,3366.038,episode/kl_mean,0.0016903275190270507
16777216,3366.038,episode/learning_rate,0.0003000000142492354
16777216,3366.038,episode/policy_dist_max_loc,0.8471796041727067
16777216,3366.038,episode/policy_dist_max_std,1.643879039287567
16777216,3366.038,episode/policy_dist_mean_loc,-0.06123214904218912
16777216,3366.038,episode/policy_dist_mean_std,0.7065635585784912
16777216,3366.038,episode/policy_dist_min_loc,-1.19481310069561
16777216,3366.038,episode/policy_dist_min_std,0.2797298892587423
16777216,3366.038,episode/policy_loss,-0.0008747787206084467
16777216,3366.038,episode/total_loss,7.872407933473587
16777216,3366.038,episode/v_loss,7.988364043235779
16777216,3399.321,eval/walltime,1068.1100957393646
16777216,3399.321,training/sps,7115.585084532354
16777216,3399.321,training/walltime,2316.217489004135
16777216,3399.321,training/entropy_loss,-0.11503276228904724
16777216,3399.321,training/kl_mean,0.0017156368121504784
16777216,3399.321,training/learning_rate,0.0003000000142492354
16777216,3399.321,training/policy_dist_max_loc,0.8862370252609253
16777216,3399.321,training/policy_dist_max_std,1.688936471939087
16777216,3399.321,training/policy_dist_mean_loc,-0.06155788153409958
16777216,3399.321,training/policy_dist_mean_std,0.7080085277557373
16777216,3399.321,training/policy_dist_min_loc,-1.1988739967346191
16777216,3399.321,training/policy_dist_min_std,0.268190860748291
16777216,3399.321,training/policy_loss,-0.0008524605073034763
16777216,3399.321,training/total_loss,7.6948418617248535
16777216,3399.321,training/v_loss,7.810727119445801
16777216,3399.321,eval/episode_reward,256.20501708984375
16777216,3399.321,eval/episode_reward/ctrl,-0.22401157021522522
16777216,3399.321,eval/episode_reward/forward,351.1573791503906
16777216,3399.321,eval/episode_reward/joint,-0.06155778467655182
16777216,3399.321,eval/episode_reward/orient,-94.66681671142578
16777216,3399.321,eval/episode_reward/total,256.20501708984375
16777216,3399.321,eval/episode_state/forward_vel,4.441885948181152
16777216,3399.321,eval/episode_state/up_z,923.4432373046875
16777216,3399.321,eval/episode_reward_std,505.0330505371094
16777216,3399.321,eval/episode_reward/ctrl_std,0.0015331398462876678
16777216,3399.321,eval/episode_reward/forward_std,19.238439559936523
16777216,3399.321,eval/episode_reward/joint_std,0.005645176395773888
16777216,3399.321,eval/episode_reward/orient_std,504.0614318847656
16777216,3399.321,eval/episode_reward/total_std,505.0330505371094
16777216,3399.321,eval/episode_state/forward_vel_std,12.157490730285645
16777216,3399.321,eval/episode_state/up_z_std,271.19354248046875
16777216,3399.321,eval/avg_episode_length,1000.0
16777216,3399.321,eval/std_episode_length,0.0
16777216,3399.321,eval/epoch_eval_time,33.258098125457764
16777216,3399.321,eval/sps,962.171675580729
17301504,3472.775,episode/sps,4911.955766548121
17301504,3472.775,episode/length,1000.0
17301504,3472.775,episode/reward/ctrl,-0.2230830194056034
17301504,3472.775,episode/reward/forward,349.6511102294922
17301504,3472.775,episode/reward/joint,-0.05825191233307123
17301504,3472.775,episode/reward/orient,-37.01282161474228
17301504,3472.775,episode/reward/total,312.3568836975098
17301504,3472.775,episode/state/forward_vel,3.523993311971426
17301504,3472.775,episode/state/up_z,960.8185186767578
17301504,3472.775,episode/sum_reward,312.3568836975098
17301504,3472.775,episode/entropy_loss,-0.11508169136941433
17301504,3472.775,episode/kl_mean,0.001998888194502797
17301504,3472.775,episode/learning_rate,0.0003000000142492354
17301504,3472.775,episode/policy_dist_max_loc,0.8398803412914276
17301504,3472.775,episode/policy_dist_max_std,1.6784869730472565
17301504,3472.775,episode/policy_dist_mean_loc,-0.06052584033459425
17301504,3472.775,episode/policy_dist_mean_std,0.7085661381483078
17301504,3472.775,episode/policy_dist_min_loc,-1.2095852714776993
17301504,3472.775,episode/policy_dist_min_std,0.2709720275551081
17301504,3472.775,episode/policy_loss,-0.0008736237814446213
17301504,3472.775,episode/total_loss,6.6712317883968355
17301504,3472.775,episode/v_loss,6.787187106609345
17301504,3505.595,eval/walltime,1100.9038355350494
17301504,3505.595,training/sps,7136.962749437172
17301504,3505.595,training/walltime,2389.678430080414
17301504,3505.595,training/entropy_loss,-0.11505977809429169
17301504,3505.595,training/kl_mean,0.0023843348026275635
17301504,3505.595,training/learning_rate,0.0003000000142492354
17301504,3505.595,training/policy_dist_max_loc,0.8122662305831909
17301504,3505.595,training/policy_dist_max_std,1.6830146312713623
17301504,3505.595,training/policy_dist_mean_loc,-0.059862542897462845
17301504,3505.595,training/policy_dist_mean_std,0.7113117575645447
17301504,3505.595,training/policy_dist_min_loc,-1.190718412399292
17301504,3505.595,training/policy_dist_min_std,0.26839694380760193
17301504,3505.595,training/policy_loss,-0.0010221775155514479
17301504,3505.595,training/total_loss,5.128716945648193
17301504,3505.595,training/v_loss,5.24479866027832
17301504,3505.595,eval/episode_reward,320.3926086425781
17301504,3505.595,eval/episode_reward/ctrl,-0.2252308428287506
17301504,3505.595,eval/episode_reward/forward,359.9131164550781
17301504,3505.595,eval/episode_reward/joint,-0.06434261798858643
17301504,3505.595,eval/episode_reward/orient,-39.230812072753906
17301504,3505.595,eval/episode_reward/total,320.3926086425781
17301504,3505.595,eval/episode_state/forward_vel,10.01336669921875
17301504,3505.595,eval/episode_state/up_z,947.281005859375
17301504,3505.595,eval/episode_reward_std,148.09669494628906
17301504,3505.595,eval/episode_reward/ctrl_std,0.0018667310941964388
17301504,3505.595,eval/episode_reward/forward_std,19.29817008972168
17301504,3505.595,eval/episode_reward/joint_std,0.006166419014334679
17301504,3505.595,eval/episode_reward/orient_std,139.45391845703125
17301504,3505.595,eval/episode_reward/total_std,148.09669494628906
17301504,3505.595,eval/episode_state/forward_vel_std,11.895384788513184
17301504,3505.595,eval/episode_state/up_z_std,88.18071746826172
17301504,3505.595,eval/avg_episode_length,1000.0
17301504,3505.595,eval/std_episode_length,0.0
17301504,3505.595,eval/epoch_eval_time,32.793739795684814
17301504,3505.595,eval/sps,975.7959964118133
17825792,3578.340,episode/sps,4966.4814163326755
17825792,3578.340,episode/length,1000.0
17825792,3578.340,episode/reward/ctrl,-0.22449175670742988
17825792,3578.340,episode/reward/forward,358.5660070800781
17825792,3578.340,episode/reward/joint,-0.06273466680198908
17825792,3578.340,episode/reward/orient,-12.849160843417048
17825792,3578.340,episode/reward/total,345.42959426879884
17825792,3578.340,episode/state/forward_vel,8.955813711434603
17825792,3578.340,episode/state/up_z,969.2094396972657
17825792,3578.340,episode/sum_reward,345.42959426879884
17825792,3578.340,episode/entropy_loss,-0.11508915774524212
17825792,3578.340,episode/kl_mean,0.0023558487350237556
17825792,3578.340,episode/learning_rate,0.0003000000142492354
17825792,3578.340,episode/policy_dist_max_loc,0.8523095840215683
17825792,3578.340,episode/policy_dist_max_std,1.7139185571670532
17825792,3578.340,episode/policy_dist_mean_loc,-0.05894730869680643
17825792,3578.340,episode/policy_dist_mean_std,0.7112006843090057
17825792,3578.340,episode/policy_dist_min_loc,-1.2116431784629822
17825792,3578.340,episode/policy_dist_min_std,0.26632188439369203
17825792,3578.340,episode/policy_loss,-0.0010299815380130895
17825792,3578.340,episode/total_loss,5.934914348721504
17825792,3578.340,episode/v_loss,6.051033474206925
17825792,3612.123,eval/walltime,1134.662590265274
17825792,3612.123,training/sps,7206.5071795731665
17825792,3612.123,training/walltime,2462.4304563999176
17825792,3612.123,training/entropy_loss,-0.11517485976219177
17825792,3612.123,training/kl_mean,0.002867388306185603
17825792,3612.123,training/learning_rate,0.0003000000142492354
17825792,3612.123,training/policy_dist_max_loc,0.8471342325210571
17825792,3612.123,training/policy_dist_max_std,1.748524785041809
17825792,3612.123,training/policy_dist_mean_loc,-0.05517280846834183
17825792,3612.123,training/policy_dist_mean_std,0.7147152423858643
17825792,3612.123,training/policy_dist_min_loc,-1.2326592206954956
17825792,3612.123,training/policy_dist_min_std,0.26653751730918884
17825792,3612.123,training/policy_loss,-0.0012009362690150738
17825792,3612.123,training/total_loss,4.535074234008789
17825792,3612.123,training/v_loss,4.651449680328369
17825792,3612.123,eval/episode_reward,321.02435302734375
17825792,3612.123,eval/episode_reward/ctrl,-0.22688694298267365
17825792,3612.123,eval/episode_reward/forward,368.6905212402344
17825792,3612.123,eval/episode_reward/joint,-0.0674331784248352
17825792,3612.123,eval/episode_reward/orient,-47.371849060058594
17825792,3612.123,eval/episode_reward/total,321.02435302734375
17825792,3612.123,eval/episode_state/forward_vel,15.091560363769531
17825792,3612.123,eval/episode_state/up_z,943.748046875
17825792,3612.123,eval/episode_reward_std,251.1099853515625
17825792,3612.123,eval/episode_reward/ctrl_std,0.0017502938862890005
17825792,3612.123,eval/episode_reward/forward_std,20.840620040893555
17825792,3612.123,eval/episode_reward/joint_std,0.004657663404941559
17825792,3612.123,eval/episode_reward/orient_std,252.1043243408203
17825792,3612.123,eval/episode_reward/total_std,251.1099853515625
17825792,3612.123,eval/episode_state/forward_vel_std,13.804459571838379
17825792,3612.123,eval/episode_state/up_z_std,138.2754669189453
17825792,3612.123,eval/avg_episode_length,1000.0
17825792,3612.123,eval/std_episode_length,0.0
17825792,3612.123,eval/epoch_eval_time,33.75875473022461
17825792,3612.123,eval/sps,947.9022628565747
18350080,3685.781,episode/sps,4879.776537772866
18350080,3685.781,episode/length,1000.0
18350080,3685.781,episode/reward/ctrl,-0.22550247102975846
18350080,3685.781,episode/reward/forward,363.71589599609376
18350080,3685.781,episode/reward/joint,-0.0642072869092226
18350080,3685.781,episode/reward/orient,-36.824130263328556
18350080,3685.781,episode/reward/total,326.60199798583983
18350080,3685.781,episode/state/forward_vel,11.959246801584959
18350080,3685.781,episode/state/up_z,950.1158650207519
18350080,3685.781,episode/sum_reward,326.60199798583983
18350080,3685.781,episode/entropy_loss,-0.1150804741680622
18350080,3685.781,episode/kl_mean,0.002830509495252045
18350080,3685.781,episode/learning_rate,0.0003000000142492354
18350080,3685.781,episode/policy_dist_max_loc,0.8435680192708969
18350080,3685.781,episode/policy_dist_max_std,1.6900829362869263
18350080,3685.781,episode/policy_dist_mean_loc,-0.057242308557033536
18350080,3685.781,episode/policy_dist_mean_std,0.7140313643217087
18350080,3685.781,episode/policy_dist_min_loc,-1.177581936120987
18350080,3685.781,episode/policy_dist_min_std,0.27043298065662386
18350080,3685.781,episode/policy_loss,-0.0012642861988570076
18350080,3685.781,episode/total_loss,4.7454923415184025
18350080,3685.781,episode/v_loss,4.86183709025383
18350080,3718.573,eval/walltime,1167.4308049678802
18350080,3718.573,training/sps,7117.2170944684385
18350080,3718.573,training/walltime,2536.0952038764954
18350080,3718.573,training/entropy_loss,-0.11500624567270279
18350080,3718.573,training/kl_mean,0.003121802117675543
18350080,3718.573,training/learning_rate,0.0003000000142492354
18350080,3718.573,training/policy_dist_max_loc,0.8678600788116455
18350080,3718.573,training/policy_dist_max_std,1.63215970993042
18350080,3718.573,training/policy_dist_mean_loc,-0.05619002506136894
18350080,3718.573,training/policy_dist_mean_std,0.7167047262191772
18350080,3718.573,training/policy_dist_min_loc,-1.111055612564087
18350080,3718.573,training/policy_dist_min_std,0.27862685918807983
18350080,3718.573,training/policy_loss,-0.0015249347779899836
18350080,3718.573,training/total_loss,4.134343147277832
18350080,3718.573,training/v_loss,4.2508745193481445
18350080,3718.573,eval/episode_reward,363.7852783203125
18350080,3718.573,eval/episode_reward/ctrl,-0.22767043113708496
18350080,3718.573,eval/episode_reward/forward,367.56988525390625
18350080,3718.573,eval/episode_reward/joint,-0.0664912685751915
18350080,3718.573,eval/episode_reward/orient,-3.4904398918151855
18350080,3718.573,eval/episode_reward/total,363.7852783203125
18350080,3718.573,eval/episode_state/forward_vel,14.940030097961426
18350080,3718.573,eval/episode_state/up_z,963.57861328125
18350080,3718.573,eval/episode_reward_std,22.162569046020508
18350080,3718.573,eval/episode_reward/ctrl_std,0.0015223444206640124
18350080,3718.573,eval/episode_reward/forward_std,21.62973403930664
18350080,3718.573,eval/episode_reward/joint_std,0.004406084772199392
18350080,3718.573,eval/episode_reward/orient_std,2.790404796600342
18350080,3718.573,eval/episode_reward/total_std,22.162569046020508
18350080,3718.573,eval/episode_state/forward_vel_std,13.67824649810791
18350080,3718.573,eval/episode_state/up_z_std,9.955460548400879
18350080,3718.573,eval/avg_episode_length,1000.0
18350080,3718.573,eval/std_episode_length,0.0
18350080,3718.573,eval/epoch_eval_time,32.7682147026062
18350080,3718.573,eval/sps,976.5561014056374
18874368,3792.344,episode/sps,4920.009237853143
18874368,3792.344,episode/length,1000.0
18874368,3792.344,episode/reward/ctrl,-0.22673624917864799
18874368,3792.344,episode/reward/forward,363.14145935058593
18874368,3792.344,episode/reward/joint,-0.06716111186891795
18874368,3792.344,episode/reward/orient,-47.494535868763926
18874368,3792.344,episode/reward/total,315.35300537109373
18874368,3792.344,episode/state/forward_vel,12.090362826511264
18874368,3792.344,episode/state/up_z,940.8517129516601
18874368,3792.344,episode/sum_reward,315.35300537109373
18874368,3792.344,episode/entropy_loss,-0.11512883387506008
18874368,3792.344,episode/kl_mean,0.00310757007508073
18874368,3792.344,episode/learning_rate,0.0003000000142492354
18874368,3792.344,episode/policy_dist_max_loc,0.8609912359714508
18874368,3792.344,episode/policy_dist_max_std,1.709181660413742
18874368,3792.344,episode/policy_dist_mean_loc,-0.05454885147511959
18874368,3792.344,episode/policy_dist_mean_std,0.7167096251249313
18874368,3792.344,episode/policy_dist_min_loc,-1.1786787432432175
18874368,3792.344,episode/policy_dist_min_std,0.2671636573970318
18874368,3792.344,episode/policy_loss,-0.001442497697426006
18874368,3792.344,episode/total_loss,3.814977605342865
18874368,3792.344,episode/v_loss,3.9315489429235457
18874368,3825.120,eval/walltime,1200.18319106102
18874368,3825.120,training/sps,7106.283501222326
18874368,3825.120,training/walltime,2609.873290538788
18874368,3825.120,training/entropy_loss,-0.11520500481128693
18874368,3825.120,training/kl_mean,0.0032214773818850517
18874368,3825.120,training/learning_rate,0.0003000000142492354
18874368,3825.120,training/policy_dist_max_loc,0.8724592924118042
18874368,3825.120,training/policy_dist_max_std,1.7460352182388306
18874368,3825.120,training/policy_dist_mean_loc,-0.051734209060668945
18874368,3825.120,training/policy_dist_mean_std,0.7192093729972839
18874368,3825.120,training/policy_dist_min_loc,-1.1873841285705566
18874368,3825.120,training/policy_dist_min_std,0.2591901421546936
18874368,3825.120,training/policy_loss,-0.001559686497785151
18874368,3825.120,training/total_loss,2.6656293869018555
18874368,3825.120,training/v_loss,2.7823944091796875
18874368,3825.120,eval/episode_reward,282.2799987792969
18874368,3825.120,eval/episode_reward/ctrl,-0.22883719205856323
18874368,3825.120,eval/episode_reward/forward,371.2348937988281
18874368,3825.120,eval/episode_reward/joint,-0.06807439029216766
18874368,3825.120,eval/episode_reward/orient,-88.65789794921875
18874368,3825.120,eval/episode_reward/total,282.2799987792969
18874368,3825.120,eval/episode_state/forward_vel,17.062244415283203
18874368,3825.120,eval/episode_state/up_z,906.01708984375
18874368,3825.120,eval/episode_reward_std,242.53758239746094
18874368,3825.120,eval/episode_reward/ctrl_std,0.001435660757124424
18874368,3825.120,eval/episode_reward/forward_std,27.630136489868164
18874368,3825.120,eval/episode_reward/joint_std,0.005552222952246666
18874368,3825.120,eval/episode_reward/orient_std,239.51614379882812
18874368,3825.120,eval/episode_reward/total_std,242.53758239746094
18874368,3825.120,eval/episode_state/forward_vel_std,17.387075424194336
18874368,3825.120,eval/episode_state/up_z_std,156.09063720703125
18874368,3825.120,eval/avg_episode_length,1000.0
18874368,3825.120,eval/std_episode_length,0.0
18874368,3825.120,eval/epoch_eval_time,32.75238609313965
18874368,3825.120,eval/sps,977.0280525211186
19398656,3898.529,episode/sps,4937.475694095723
19398656,3898.529,episode/length,1000.0
19398656,3898.529,episode/reward/ctrl,-0.227293059527874
19398656,3898.529,episode/reward/forward,366.3504211425781
19398656,3898.529,episode/reward/joint,-0.06704581003636122
19398656,3898.529,episode/reward/orient,-12.199976818561554
19398656,3898.529,episode/reward/total,353.85611755371093
19398656,3898.529,episode/state/forward_vel,14.053343892544508
19398656,3898.529,episode/state/up_z,959.0506195068359
19398656,3898.529,episode/sum_reward,353.85611755371093
19398656,3898.529,episode/entropy_loss,-0.11517464101314545
19398656,3898.529,episode/kl_mean,0.0028467423262191005
19398656,3898.529,episode/learning_rate,0.0003000000142492354
19398656,3898.529,episode/policy_dist_max_loc,0.8756756484508514
19398656,3898.529,episode/policy_dist_max_std,1.7084128737449646
19398656,3898.529,episode/policy_dist_mean_loc,-0.052217811308801175
19398656,3898.529,episode/policy_dist_mean_std,0.7189154767990112
19398656,3898.529,episode/policy_dist_min_loc,-1.1784533369541168
19398656,3898.529,episode/policy_dist_min_std,0.26940961807966235
19398656,3898.529,episode/policy_loss,-0.0014154439183039359
19398656,3898.529,episode/total_loss,3.4636979866027833
19398656,3898.529,episode/v_loss,3.580288076996803
19398656,3930.217,eval/walltime,1231.8450412750244
19398656,3930.217,training/sps,7141.369263776912
19398656,3930.217,training/walltime,2683.288903236389
19398656,3930.217,training/entropy_loss,-0.1153159886598587
19398656,3930.217,training/kl_mean,0.002004749607294798
19398656,3930.217,training/learning_rate,0.0003000000142492354
19398656,3930.217,training/policy_dist_max_loc,0.8861371278762817
19398656,3930.217,training/policy_dist_max_std,1.7355186939239502
19398656,3930.217,training/policy_dist_mean_loc,-0.04850354045629501
19398656,3930.217,training/policy_dist_mean_std,0.7213059663772583
19398656,3930.217,training/policy_dist_min_loc,-1.2252715826034546
19398656,3930.217,training/policy_dist_min_std,0.27161866426467896
19398656,3930.217,training/policy_loss,-0.0010810154490172863
19398656,3930.217,training/total_loss,3.354463577270508
19398656,3930.217,training/v_loss,3.470860481262207
19398656,3930.217,eval/episode_reward,340.13311767578125
19398656,3930.217,eval/episode_reward/ctrl,-0.22894135117530823
19398656,3930.217,eval/episode_reward/forward,380.4161071777344
19398656,3930.217,eval/episode_reward/joint,-0.06956318020820618
19398656,3930.217,eval/episode_reward/orient,-39.984458923339844
19398656,3930.217,eval/episode_reward/total,340.13311767578125
19398656,3930.217,eval/episode_state/forward_vel,22.707265853881836
19398656,3930.217,eval/episode_state/up_z,942.11767578125
19398656,3930.217,eval/episode_reward_std,210.89332580566406
19398656,3930.217,eval/episode_reward/ctrl_std,0.0018956869607791305
19398656,3930.217,eval/episode_reward/forward_std,24.556238174438477
19398656,3930.217,eval/episode_reward/joint_std,0.0053830440156161785
19398656,3930.217,eval/episode_reward/orient_std,203.58001708984375
19398656,3930.217,eval/episode_reward/total_std,210.89332580566406
19398656,3930.217,eval/episode_state/forward_vel_std,16.17237663269043
19398656,3930.217,eval/episode_state/up_z_std,108.73221588134766
19398656,3930.217,eval/avg_episode_length,1000.0
19398656,3930.217,eval/std_episode_length,0.0
19398656,3930.217,eval/epoch_eval_time,31.661850214004517
19398656,3930.217,eval/sps,1010.680038712517
19922944,4003.819,episode/sps,4979.461456634056
19922944,4003.819,episode/length,1000.0
19922944,4003.819,episode/reward/ctrl,-0.22883156538009644
19922944,4003.819,episode/reward/forward,371.1771051025391
19922944,4003.819,episode/reward/joint,-0.0683924650400877
19922944,4003.819,episode/reward/orient,-3.497775144577026
19922944,4003.819,episode/reward/total,367.3820809936523
19922944,4003.819,episode/state/forward_vel,17.060863635577263
19922944,4003.819,episode/state/up_z,960.0762219238281
19922944,4003.819,episode/sum_reward,367.3820809936523
19922944,4003.819,episode/entropy_loss,-0.1153351567685604
19922944,4003.819,episode/kl_mean,0.0023008944088360296
19922944,4003.819,episode/learning_rate,0.0003000000142492354
19922944,4003.819,episode/policy_dist_max_loc,0.8915782517194748
19922944,4003.819,episode/policy_dist_max_std,1.6611210119724273
19922944,4003.819,episode/policy_dist_mean_loc,-0.04963555101305246
19922944,4003.819,episode/policy_dist_mean_std,0.7211743128299714
19922944,4003.819,episode/policy_dist_min_loc,-1.154510229229927
19922944,4003.819,episode/policy_dist_min_std,0.27043790847063065
19922944,4003.819,episode/policy_loss,-0.0011728279212547931
19922944,4003.819,episode/total_loss,3.994323509335518
19922944,4003.819,episode/v_loss,4.1108315128088
19922944,4036.908,eval/walltime,1264.9105648994446
19922944,4036.908,training/sps,7122.54052896311
19922944,4036.908,training/walltime,2756.898593187332
19922944,4036.908,training/entropy_loss,-0.1155211329460144
19922944,4036.908,training/kl_mean,0.0014049115125089884
19922944,4036.908,training/learning_rate,0.0003000000142492354
19922944,4036.908,training/policy_dist_max_loc,0.9137037396430969
19922944,4036.908,training/policy_dist_max_std,1.509635329246521
19922944,4036.908,training/policy_dist_mean_loc,-0.04817324876785278
19922944,4036.908,training/policy_dist_mean_std,0.7235639095306396
19922944,4036.908,training/policy_dist_min_loc,-1.064361810684204
19922944,4036.908,training/policy_dist_min_std,0.2790035009384155
19922944,4036.908,training/policy_loss,-0.0007084280950948596
19922944,4036.908,training/total_loss,5.932458877563477
19922944,4036.908,training/v_loss,6.048688888549805
19922944,4036.908,eval/episode_reward,352.6097717285156
19922944,4036.908,eval/episode_reward/ctrl,-0.2308550328016281
19922944,4036.908,eval/episode_reward/forward,373.79296875
19922944,4036.908,eval/episode_reward/joint,-0.07008150219917297
19922944,4036.908,eval/episode_reward/orient,-20.88235855102539
19922944,4036.908,eval/episode_reward/total,352.6097717285156
19922944,4036.908,eval/episode_state/forward_vel,18.363990783691406
19922944,4036.908,eval/episode_state/up_z,953.5059814453125
19922944,4036.908,eval/episode_reward_std,98.82197570800781
19922944,4036.908,eval/episode_reward/ctrl_std,0.0017605881439521909
19922944,4036.908,eval/episode_reward/forward_std,29.592628479003906
19922944,4036.908,eval/episode_reward/joint_std,0.005432411562651396
19922944,4036.908,eval/episode_reward/orient_std,101.59660339355469
19922944,4036.908,eval/episode_reward/total_std,98.82197570800781
19922944,4036.908,eval/episode_state/forward_vel_std,18.808664321899414
19922944,4036.908,eval/episode_state/up_z_std,63.478843688964844
19922944,4036.908,eval/avg_episode_length,1000.0
19922944,4036.908,eval/std_episode_length,0.0
19922944,4036.908,eval/epoch_eval_time,33.065523624420166
19922944,4036.908,eval/sps,967.7753893595311
20447232,4109.908,episode/sps,4941.9753513477945
20447232,4109.908,episode/length,1000.0
20447232,4109.908,episode/reward/ctrl,-0.22934114575386047
20447232,4109.908,episode/reward/forward,374.4252243041992
20447232,4109.908,episode/reward/joint,-0.06944454222917557
20447232,4109.908,episode/reward/orient,-38.81618787586689
20447232,4109.908,episode/reward/total,335.3102384185791
20447232,4109.908,episode/state/forward_vel,19.013565979227423
20447232,4109.908,episode/state/up_z,941.7654105377197
20447232,4109.908,episode/sum_reward,335.3102384185791
20447232,4109.908,episode/entropy_loss,-0.1154962182790041
20447232,4109.908,episode/kl_mean,0.001899892925284803
20447232,4109.908,episode/learning_rate,0.0003000000142492354
20447232,4109.908,episode/policy_dist_max_loc,0.8807688224315643
20447232,4109.908,episode/policy_dist_max_std,1.6110160803794862
20447232,4109.908,episode/policy_dist_mean_loc,-0.04927567135542631
20447232,4109.908,episode/policy_dist_mean_std,0.7238219964504242
20447232,4109.908,episode/policy_dist_min_loc,-1.1511822533607483
20447232,4109.908,episode/policy_dist_min_std,0.26915961295366286
20447232,4109.908,episode/policy_loss,-0.0009470129039982567
20447232,4109.908,episode/total_loss,4.360099487304687
20447232,4109.908,episode/v_loss,4.476542745232582
20447232,4142.404,eval/walltime,1297.38228225708
20447232,4142.404,training/sps,7181.321611868374
20447232,4142.404,training/walltime,2829.9057676792145
20447232,4142.404,training/entropy_loss,-0.11569629609584808
20447232,4142.404,training/kl_mean,0.0019344447646290064
20447232,4142.404,training/learning_rate,0.0003000000142492354
20447232,4142.404,training/policy_dist_max_loc,0.8420627117156982
20447232,4142.404,training/policy_dist_max_std,1.57712721824646
20447232,4142.404,training/policy_dist_mean_loc,-0.05113331228494644
20447232,4142.404,training/policy_dist_mean_std,0.7270773649215698
20447232,4142.404,training/policy_dist_min_loc,-1.1551339626312256
20447232,4142.404,training/policy_dist_min_std,0.2569558322429657
20447232,4142.404,training/policy_loss,-0.000837675528600812
20447232,4142.404,training/total_loss,4.095736026763916
20447232,4142.404,training/v_loss,4.212270259857178
20447232,4142.404,eval/episode_reward,369.86322021484375
20447232,4142.404,eval/episode_reward/ctrl,-0.2316267490386963
20447232,4142.404,eval/episode_reward/forward,373.32110595703125
20447232,4142.404,eval/episode_reward/joint,-0.06897608935832977
20447232,4142.404,eval/episode_reward/orient,-3.157273292541504
20447232,4142.404,eval/episode_reward/total,369.86322021484375
20447232,4142.404,eval/episode_state/forward_vel,18.244041442871094
20447232,4142.404,eval/episode_state/up_z,962.3065185546875
20447232,4142.404,eval/episode_reward_std,25.638242721557617
20447232,4142.404,eval/episode_reward/ctrl_std,0.0015858556143939495
20447232,4142.404,eval/episode_reward/forward_std,25.36620330810547
20447232,4142.404,eval/episode_reward/joint_std,0.0046166363172233105
20447232,4142.404,eval/episode_reward/orient_std,2.3455166816711426
20447232,4142.404,eval/episode_reward/total_std,25.638242721557617
20447232,4142.404,eval/episode_state/forward_vel_std,15.483552932739258
20447232,4142.404,eval/episode_state/up_z_std,12.52015209197998
20447232,4142.404,eval/avg_episode_length,1000.0
20447232,4142.404,eval/std_episode_length,0.0
20447232,4142.404,eval/epoch_eval_time,32.4717173576355
20447232,4142.404,eval/sps,985.4729778397576
20971520,4216.437,episode/sps,4921.564861818277
20971520,4216.437,episode/length,1000.0
20971520,4216.437,episode/reward/ctrl,-0.23052749931812286
20971520,4216.437,episode/reward/forward,375.61665588378906
20971520,4216.437,episode/reward/joint,-0.06997422315180302
20971520,4216.437,episode/reward/orient,-4.210269777178764
20971520,4216.437,episode/reward/total,371.1058755493164
20971520,4216.437,episode/state/forward_vel,19.450159893929957
20971520,4216.437,episode/state/up_z,960.1331927490235
20971520,4216.437,episode/sum_reward,371.1058755493164
20971520,4216.437,episode/entropy_loss,-0.11566252529621124
20971520,4216.437,episode/kl_mean,0.0016351230612781365
20971520,4216.437,episode/learning_rate,0.0003000000142492354
20971520,4216.437,episode/policy_dist_max_loc,0.8731474298238754
20971520,4216.437,episode/policy_dist_max_std,1.5619413673877716
20971520,4216.437,episode/policy_dist_mean_loc,-0.04901382371783256
20971520,4216.437,episode/policy_dist_mean_std,0.7264725333452224
20971520,4216.437,episode/policy_dist_min_loc,-1.0866394174098968
20971520,4216.437,episode/policy_dist_min_std,0.27161862701177597
20971520,4216.437,episode/policy_loss,-0.0008874218769778963
20971520,4216.437,episode/total_loss,4.92981670320034
20971520,4216.437,episode/v_loss,5.046366688609123
20971520,4249.483,eval/walltime,1330.4026968479156
20971520,4249.483,training/sps,7081.231432740612
20971520,4249.483,training/walltime,2903.944867372513
20971520,4249.483,training/entropy_loss,-0.11581957340240479
20971520,4249.483,training/kl_mean,0.0013514342717826366
20971520,4249.483,training/learning_rate,0.0003000000142492354
20971520,4249.483,training/policy_dist_max_loc,0.8548665046691895
20971520,4249.483,training/policy_dist_max_std,1.5661232471466064
20971520,4249.483,training/policy_dist_mean_loc,-0.04780449718236923
20971520,4249.483,training/policy_dist_mean_std,0.729342520236969
20971520,4249.483,training/policy_dist_min_loc,-1.0043715238571167
20971520,4249.483,training/policy_dist_min_std,0.2829635739326477
20971520,4249.483,training/policy_loss,-0.0009395190863870084
20971520,4249.483,training/total_loss,4.987160682678223
20971520,4249.483,training/v_loss,5.103919506072998
20971520,4249.483,eval/episode_reward,349.28326416015625
20971520,4249.483,eval/episode_reward/ctrl,-0.23236021399497986
20971520,4249.483,eval/episode_reward/forward,372.6074523925781
20971520,4249.483,eval/episode_reward/joint,-0.06920672953128815
20971520,4249.483,eval/episode_reward/orient,-23.022703170776367
20971520,4249.483,eval/episode_reward/total,349.28326416015625
20971520,4249.483,eval/episode_state/forward_vel,17.531335830688477
20971520,4249.483,eval/episode_state/up_z,951.2936401367188
20971520,4249.483,eval/episode_reward_std,128.14088439941406
20971520,4249.483,eval/episode_reward/ctrl_std,0.002123915357515216
20971520,4249.483,eval/episode_reward/forward_std,28.96746253967285
20971520,4249.483,eval/episode_reward/joint_std,0.005452445242553949
20971520,4249.483,eval/episode_reward/orient_std,109.38546752929688
20971520,4249.483,eval/episode_reward/total_std,128.14088439941406
20971520,4249.483,eval/episode_state/forward_vel_std,18.44581413269043
20971520,4249.483,eval/episode_state/up_z_std,63.06071090698242
20971520,4249.483,eval/avg_episode_length,1000.0
20971520,4249.483,eval/std_episode_length,0.0
20971520,4249.483,eval/epoch_eval_time,33.02041459083557
20971520,4249.483,eval/sps,969.0974627823488
21495808,4322.631,episode/sps,4937.048427128179
21495808,4322.631,episode/length,1000.0
21495808,4322.631,episode/reward/ctrl,-0.23143547430634498
21495808,4322.631,episode/reward/forward,373.2886038208008
21495808,4322.631,episode/reward/joint,-0.06763045027852059
21495808,4322.631,episode/reward/orient,-9.746752837300301
21495808,4322.631,episode/reward/total,363.24281158447263
21495808,4322.631,episode/state/forward_vel,18.36087236225605
21495808,4322.631,episode/state/up_z,960.4095904541016
21495808,4322.631,episode/sum_reward,363.24281158447263
21495808,4322.631,episode/entropy_loss,-0.11581766404211521
21495808,4322.631,episode/kl_mean,0.0021271324619010555
21495808,4322.631,episode/learning_rate,0.0003000000142492354
21495808,4322.631,episode/policy_dist_max_loc,0.846908078789711
21495808,4322.631,episode/policy_dist_max_std,1.5563774812221527
21495808,4322.631,episode/policy_dist_mean_loc,-0.04725671410560608
21495808,4322.631,episode/policy_dist_mean_std,0.729200844168663
21495808,4322.631,episode/policy_dist_min_loc,-1.0405396312475204
21495808,4322.631,episode/policy_dist_min_std,0.27819776996970175
21495808,4322.631,episode/policy_loss,-0.0010590132287325105
21495808,4322.631,episode/total_loss,3.8818269854784013
21495808,4322.631,episode/v_loss,3.9987036949396133
21495808,4355.279,eval/walltime,1363.0282340049744
21495808,4355.279,training/sps,7166.779368871794
21495808,4355.279,training/walltime,2977.100182056427
21495808,4355.279,training/entropy_loss,-0.11596313118934631
21495808,4355.279,training/kl_mean,0.0030284449458122253
21495808,4355.279,training/learning_rate,0.0003000000142492354
21495808,4355.279,training/policy_dist_max_loc,0.847202718257904
21495808,4355.279,training/policy_dist_max_std,1.5265721082687378
21495808,4355.279,training/policy_dist_mean_loc,-0.04238862544298172
21495808,4355.279,training/policy_dist_mean_std,0.7317296266555786
21495808,4355.279,training/policy_dist_min_loc,-0.9616674184799194
21495808,4355.279,training/policy_dist_min_std,0.29279202222824097
21495808,4355.279,training/policy_loss,-0.0013443685602396727
21495808,4355.279,training/total_loss,2.2152278423309326
21495808,4355.279,training/v_loss,2.3325352668762207
21495808,4355.279,eval/episode_reward,367.491943359375
21495808,4355.279,eval/episode_reward/ctrl,-0.23154135048389435
21495808,4355.279,eval/episode_reward/forward,372.3370361328125
21495808,4355.279,eval/episode_reward/joint,-0.06536570191383362
21495808,4355.279,eval/episode_reward/orient,-4.548112869262695
21495808,4355.279,eval/episode_reward/total,367.491943359375
21495808,4355.279,eval/episode_state/forward_vel,17.41883087158203
21495808,4355.279,eval/episode_state/up_z,957.6434936523438
21495808,4355.279,eval/episode_reward_std,28.215389251708984
21495808,4355.279,eval/episode_reward/ctrl_std,0.0019112175796180964
21495808,4355.279,eval/episode_reward/forward_std,25.831209182739258
21495808,4355.279,eval/episode_reward/joint_std,0.004711739718914032
21495808,4355.279,eval/episode_reward/orient_std,5.261724948883057
21495808,4355.279,eval/episode_reward/total_std,28.215389251708984
21495808,4355.279,eval/episode_state/forward_vel_std,16.656288146972656
21495808,4355.279,eval/episode_state/up_z_std,15.174467086791992
21495808,4355.279,eval/avg_episode_length,1000.0
21495808,4355.279,eval/std_episode_length,0.0
21495808,4355.279,eval/epoch_eval_time,32.625537157058716
21495808,4355.279,eval/sps,980.8267629725943
22020096,4420.800,episode/sps,5340.702636508689
22020096,4420.800,episode/length,1000.0
22020096,4420.800,episode/reward/ctrl,-0.23199785709381104
22020096,4420.800,episode/reward/forward,379.247809753418
22020096,4420.800,episode/reward/joint,-0.06502815242856741
22020096,4420.800,episode/reward/orient,-14.07183150023222
22020096,4420.800,episode/reward/total,364.8789358520508
22020096,4420.800,episode/state/forward_vel,21.870651179552077
22020096,4420.800,episode/state/up_z,951.5178491210937
22020096,4420.800,episode/sum_reward,364.8789358520508
22020096,4420.800,episode/entropy_loss,-0.11591593757271766
22020096,4420.800,episode/kl_mean,0.0021798139202292076
22020096,4420.800,episode/learning_rate,0.0003000000142492354
22020096,4420.800,episode/policy_dist_max_loc,0.8544220578670502
22020096,4420.800,episode/policy_dist_max_std,1.5720487475395202
22020096,4420.800,episode/policy_dist_mean_loc,-0.04363682810217142
22020096,4420.800,episode/policy_dist_mean_std,0.7305600237846375
22020096,4420.800,episode/policy_dist_min_loc,-0.9825605314970016
22020096,4420.800,episode/policy_dist_min_std,0.2796930918097496
22020096,4420.800,episode/policy_loss,-0.0011685592459980399
22020096,4420.800,episode/total_loss,4.442918548583984
22020096,4420.800,episode/v_loss,4.560003076791763
22020096,4454.179,eval/walltime,1396.3866806030273
22020096,4454.179,training/sps,8000.9555912547785
22020096,4454.179,training/walltime,3042.6283547878265
22020096,4454.179,training/entropy_loss,-0.1159854307770729
22020096,4454.179,training/kl_mean,0.0020103356800973415
22020096,4454.179,training/learning_rate,0.0003000000142492354
22020096,4454.179,training/policy_dist_max_loc,0.8625214099884033
22020096,4454.179,training/policy_dist_max_std,1.608743667602539
22020096,4454.179,training/policy_dist_mean_loc,-0.03996243700385094
22020096,4454.179,training/policy_dist_mean_std,0.7308350205421448
22020096,4454.179,training/policy_dist_min_loc,-0.9570815563201904
22020096,4454.179,training/policy_dist_min_std,0.26970353722572327
22020096,4454.179,training/policy_loss,-0.001152438810095191
22020096,4454.179,training/total_loss,6.100419044494629
22020096,4454.179,training/v_loss,6.217556953430176
22020096,4454.179,eval/episode_reward,376.56646728515625
22020096,4454.179,eval/episode_reward/ctrl,-0.2328442633152008
22020096,4454.179,eval/episode_reward/forward,379.89111328125
22020096,4454.179,eval/episode_reward/joint,-0.06649671494960785
22020096,4454.179,eval/episode_reward/orient,-3.025297164916992
22020096,4454.179,eval/episode_reward/total,376.56646728515625
22020096,4454.179,eval/episode_state/forward_vel,21.918649673461914
22020096,4454.179,eval/episode_state/up_z,964.942138671875
22020096,4454.179,eval/episode_reward_std,13.801125526428223
22020096,4454.179,eval/episode_reward/ctrl_std,0.002101483754813671
22020096,4454.179,eval/episode_reward/forward_std,14.125755310058594
22020096,4454.179,eval/episode_reward/joint_std,0.004901655483990908
22020096,4454.179,eval/episode_reward/orient_std,2.560176372528076
22020096,4454.179,eval/episode_reward/total_std,13.801125526428223
22020096,4454.179,eval/episode_state/forward_vel_std,9.33989143371582
22020096,4454.179,eval/episode_state/up_z_std,11.56403636932373
22020096,4454.179,eval/avg_episode_length,1000.0
22020096,4454.179,eval/std_episode_length,0.0
22020096,4454.179,eval/epoch_eval_time,33.35844659805298
22020096,4454.179,eval/sps,959.2772824699737
22544384,4526.923,episode/sps,4940.345998639712
22544384,4526.923,episode/length,1000.0
22544384,4526.923,episode/reward/ctrl,-0.2324729137122631
22544384,4526.923,episode/reward/forward,382.6911871337891
22544384,4526.923,episode/reward/joint,-0.06728934083133936
22544384,4526.923,episode/reward/orient,-11.158374601602555
22544384,4526.923,episode/reward/total,371.23304595947263
22544384,4526.923,episode/state/forward_vel,24.415609994530676
22544384,4526.923,episode/state/up_z,960.4459619140625
22544384,4526.923,episode/sum_reward,371.23304595947263
22544384,4526.923,episode/entropy_loss,-0.11593762069940566
22544384,4526.923,episode/kl_mean,0.002352010690519819
22544384,4526.923,episode/learning_rate,0.0003000000142492354
22544384,4526.923,episode/policy_dist_max_loc,0.883906027674675
22544384,4526.923,episode/policy_dist_max_std,1.6332098841667175
22544384,4526.923,episode/policy_dist_mean_loc,-0.04304796349257231
22544384,4526.923,episode/policy_dist_mean_std,0.7314413893222809
22544384,4526.923,episode/policy_dist_min_loc,-0.9975685727596283
22544384,4526.923,episode/policy_dist_min_std,0.2661982396245003
22544384,4526.923,episode/policy_loss,-0.0013245631381869317
22544384,4526.923,episode/total_loss,4.420587203502655
22544384,4526.923,episode/v_loss,4.537849394083023
22544384,4560.935,eval/walltime,1430.3763720989227
22544384,4560.935,training/sps,7206.493033177694
22544384,4560.935,training/walltime,3115.380523920059
22544384,4560.935,training/entropy_loss,-0.11588162183761597
22544384,4560.935,training/kl_mean,0.001986732706427574
22544384,4560.935,training/learning_rate,0.0003000000142492354
22544384,4560.935,training/policy_dist_max_loc,0.9468282461166382
22544384,4560.935,training/policy_dist_max_std,1.7579078674316406
22544384,4560.935,training/policy_dist_mean_loc,-0.04624684154987335
22544384,4560.935,training/policy_dist_mean_std,0.7319060564041138
22544384,4560.935,training/policy_dist_min_loc,-1.072171926498413
22544384,4560.935,training/policy_dist_min_std,0.23503239452838898
22544384,4560.935,training/policy_loss,-0.0014085415750741959
22544384,4560.935,training/total_loss,4.975679397583008
22544384,4560.935,training/v_loss,5.092970371246338
22544384,4560.935,eval/episode_reward,340.0987548828125
22544384,4560.935,eval/episode_reward/ctrl,-0.23260317742824554
22544384,4560.935,eval/episode_reward/forward,375.0659484863281
22544384,4560.935,eval/episode_reward/joint,-0.06758537888526917
22544384,4560.935,eval/episode_reward/orient,-34.66702651977539
22544384,4560.935,eval/episode_reward/total,340.0987548828125
22544384,4560.935,eval/episode_state/forward_vel,19.243518829345703
22544384,4560.935,eval/episode_state/up_z,952.0577392578125
22544384,4560.935,eval/episode_reward_std,191.20005798339844
22544384,4560.935,eval/episode_reward/ctrl_std,0.0015892880037426949
22544384,4560.935,eval/episode_reward/forward_std,19.715560913085938
22544384,4560.935,eval/episode_reward/joint_std,0.005012958776205778
22544384,4560.935,eval/episode_reward/orient_std,181.91798400878906
22544384,4560.935,eval/episode_reward/total_std,191.20005798339844
22544384,4560.935,eval/episode_state/forward_vel_std,12.862366676330566
22544384,4560.935,eval/episode_state/up_z_std,96.7093734741211
22544384,4560.935,eval/avg_episode_length,1000.0
22544384,4560.935,eval/std_episode_length,0.0
22544384,4560.935,eval/epoch_eval_time,33.989691495895386
22544384,4560.935,eval/sps,941.4619136470932
23068672,4634.911,episode/sps,4855.057576120243
23068672,4634.911,episode/length,1000.0
23068672,4634.911,episode/reward/ctrl,-0.23299960404634476
23068672,4634.911,episode/reward/forward,375.20664947509766
23068672,4634.911,episode/reward/joint,-0.06846545062959195
23068672,4634.911,episode/reward/orient,-3.059182100892067
23068672,4634.911,episode/reward/total,371.8460357666016
23068672,4634.911,episode/state/forward_vel,19.600146741047503
23068672,4634.911,episode/state/up_z,965.9537365722656
23068672,4634.911,episode/sum_reward,371.8460357666016
23068672,4634.911,episode/entropy_loss,-0.11598281279206275
23068672,4634.911,episode/kl_mean,0.002240746089228196
23068672,4634.911,episode/learning_rate,0.0003000000142492354
23068672,4634.911,episode/policy_dist_max_loc,0.8929668760299683
23068672,4634.911,episode/policy_dist_max_std,1.6906140971183776
23068672,4634.911,episode/policy_dist_mean_loc,-0.042935621105134485
23068672,4634.911,episode/policy_dist_mean_std,0.7317471766471862
23068672,4634.911,episode/policy_dist_min_loc,-0.9938544887304306
23068672,4634.911,episode/policy_dist_min_std,0.2594714932143688
23068672,4634.911,episode/policy_loss,-0.0012506065060733818
23068672,4634.911,episode/total_loss,4.464088804721833
23068672,4634.911,episode/v_loss,4.581322230696678
23068672,4668.660,eval/walltime,1464.1017608642578
23068672,4668.660,training/sps,7086.562948041915
23068672,4668.660,training/walltime,3189.3639209270477
23068672,4668.660,training/entropy_loss,-0.1160687804222107
23068672,4668.660,training/kl_mean,0.002461407333612442
23068672,4668.660,training/learning_rate,0.0003000000142492354
23068672,4668.660,training/policy_dist_max_loc,0.8719929456710815
23068672,4668.660,training/policy_dist_max_std,1.713818073272705
23068672,4668.660,training/policy_dist_mean_loc,-0.04328971356153488
23068672,4668.660,training/policy_dist_mean_std,0.7326242327690125
23068672,4668.660,training/policy_dist_min_loc,-0.9532532691955566
23068672,4668.660,training/policy_dist_min_std,0.2710877060890198
23068672,4668.660,training/policy_loss,-0.0010892616119235754
23068672,4668.660,training/total_loss,2.6528356075286865
23068672,4668.660,training/v_loss,2.769993782043457
23068672,4668.660,eval/episode_reward,363.43450927734375
23068672,4668.660,eval/episode_reward/ctrl,-0.2326401323080063
23068672,4668.660,eval/episode_reward/forward,378.3182678222656
23068672,4668.660,eval/episode_reward/joint,-0.06499332189559937
23068672,4668.660,eval/episode_reward/orient,-14.586088180541992
23068672,4668.660,eval/episode_reward/total,363.43450927734375
23068672,4668.660,eval/episode_state/forward_vel,21.945343017578125
23068672,4668.660,eval/episode_state/up_z,955.5338745117188
23068672,4668.660,eval/episode_reward_std,69.66899108886719
23068672,4668.660,eval/episode_reward/ctrl_std,0.0016290394123643637
23068672,4668.660,eval/episode_reward/forward_std,24.155675888061523
23068672,4668.660,eval/episode_reward/joint_std,0.004278093576431274
23068672,4668.660,eval/episode_reward/orient_std,61.02755355834961
23068672,4668.660,eval/episode_reward/total_std,69.66899108886719
23068672,4668.660,eval/episode_state/forward_vel_std,15.219966888427734
23068672,4668.660,eval/episode_state/up_z_std,38.080867767333984
23068672,4668.660,eval/avg_episode_length,1000.0
23068672,4668.660,eval/std_episode_length,0.0
23068672,4668.660,eval/epoch_eval_time,33.72538876533508
23068672,4668.660,eval/sps,948.8400629762781
23592960,4741.153,episode/sps,4934.859810811408
23592960,4741.153,episode/length,1000.0
23592960,4741.153,episode/reward/ctrl,-0.23306504204869272
23592960,4741.153,episode/reward/forward,378.6394619750977
23592960,4741.153,episode/reward/joint,-0.06711382862180472
23592960,4741.153,episode/reward/orient,-38.30165721654892
23592960,4741.153,episode/reward/total,340.03762084960937
23592960,4741.153,episode/state/forward_vel,21.763260162472726
23592960,4741.153,episode/state/up_z,942.4189227294922
23592960,4741.153,episode/sum_reward,340.03762084960937
23592960,4741.153,episode/entropy_loss,-0.11597286455333233
23592960,4741.153,episode/kl_mean,0.0022800482403545173
23592960,4741.153,episode/learning_rate,0.0003000000142492354
23592960,4741.153,episode/policy_dist_max_loc,0.8868226063251495
23592960,4741.153,episode/policy_dist_max_std,1.7061628878116608
23592960,4741.153,episode/policy_dist_mean_loc,-0.04243058059364557
23592960,4741.153,episode/policy_dist_mean_std,0.7325687837600708
23592960,4741.153,episode/policy_dist_min_loc,-0.987826120853424
23592960,4741.153,episode/policy_dist_min_std,0.26218832060694697
23592960,4741.153,episode/policy_loss,-0.0012953071304946206
23592960,4741.153,episode/total_loss,3.472086119055748
23592960,4741.153,episode/v_loss,3.589354296922684
23592960,4774.634,eval/walltime,1497.5573379993439
23592960,4774.634,training/sps,7231.4473976678555
23592960,4774.634,training/walltime,3261.865036010742
23592960,4774.634,training/entropy_loss,-0.11597223579883575
23592960,4774.634,training/kl_mean,0.002166344318538904
23592960,4774.634,training/learning_rate,0.0003000000142492354
23592960,4774.634,training/policy_dist_max_loc,0.8394398093223572
23592960,4774.634,training/policy_dist_max_std,1.6474339962005615
23592960,4774.634,training/policy_dist_mean_loc,-0.037783242762088776
23592960,4774.634,training/policy_dist_mean_std,0.7333056330680847
23592960,4774.634,training/policy_dist_min_loc,-0.9461557865142822
23592960,4774.634,training/policy_dist_min_std,0.2817012071609497
23592960,4774.634,training/policy_loss,-0.001274801092222333
23592960,4774.634,training/total_loss,2.566138505935669
23592960,4774.634,training/v_loss,2.6833856105804443
23592960,4774.634,eval/episode_reward,382.7733154296875
23592960,4774.634,eval/episode_reward/ctrl,-0.23287102580070496
23592960,4774.634,eval/episode_reward/forward,387.06494140625
23592960,4774.634,eval/episode_reward/joint,-0.06592339277267456
23592960,4774.634,eval/episode_reward/orient,-3.992863893508911
23592960,4774.634,eval/episode_reward/total,382.7733154296875
23592960,4774.634,eval/episode_state/forward_vel,26.738170623779297
23592960,4774.634,eval/episode_state/up_z,960.12060546875
23592960,4774.634,eval/episode_reward_std,25.704301834106445
23592960,4774.634,eval/episode_reward/ctrl_std,0.002242445247247815
23592960,4774.634,eval/episode_reward/forward_std,24.65463638305664
23592960,4774.634,eval/episode_reward/joint_std,0.00446423701941967
23592960,4774.634,eval/episode_reward/orient_std,3.6131796836853027
23592960,4774.634,eval/episode_reward/total_std,25.704301834106445
23592960,4774.634,eval/episode_state/forward_vel_std,16.4650936126709
23592960,4774.634,eval/episode_state/up_z_std,9.546334266662598
23592960,4774.634,eval/avg_episode_length,1000.0
23592960,4774.634,eval/std_episode_length,0.0
23592960,4774.634,eval/epoch_eval_time,33.45557713508606
23592960,4774.634,eval/sps,956.4922425576827
24117248,4847.650,episode/sps,4923.022793904125
24117248,4847.650,episode/length,1000.0
24117248,4847.650,episode/reward/ctrl,-0.23298660680651664
24117248,4847.650,episode/reward/forward,380.6242794799805
24117248,4847.650,episode/reward/joint,-0.06545257803052663
24117248,4847.650,episode/reward/orient,-10.301065258979797
24117248,4847.650,episode/reward/total,370.0247512817383
24117248,4847.650,episode/state/forward_vel,22.606650285720825
24117248,4847.650,episode/state/up_z,957.8251196289062
24117248,4847.650,episode/sum_reward,370.0247512817383
24117248,4847.650,episode/entropy_loss,-0.11600962318480015
24117248,4847.650,episode/kl_mean,0.002238915613561403
24117248,4847.650,episode/learning_rate,0.0003000000142492354
24117248,4847.650,episode/policy_dist_max_loc,0.8518047577142716
24117248,4847.650,episode/policy_dist_max_std,1.680764902830124
24117248,4847.650,episode/policy_dist_mean_loc,-0.038859831281006334
24117248,4847.650,episode/policy_dist_mean_std,0.7329753476381302
24117248,4847.650,episode/policy_dist_min_loc,-0.9584732913970947
24117248,4847.650,episode/policy_dist_min_std,0.2740028189122677
24117248,4847.650,episode/policy_loss,-0.0011570551293698373
24117248,4847.650,episode/total_loss,3.2413230001926423
24117248,4847.650,episode/v_loss,3.3584896790981293
24117248,4880.923,eval/walltime,1530.8057963848114
24117248,4880.923,training/sps,7179.752245636401
24117248,4880.923,training/walltime,3334.8881685733795
24117248,4880.923,training/entropy_loss,-0.11601928621530533
24117248,4880.923,training/kl_mean,0.0018693869933485985
24117248,4880.923,training/learning_rate,0.0003000000142492354
24117248,4880.923,training/policy_dist_max_loc,0.8241499662399292
24117248,4880.923,training/policy_dist_max_std,1.678443431854248
24117248,4880.923,training/policy_dist_mean_loc,-0.03430955111980438
24117248,4880.923,training/policy_dist_mean_std,0.7330220937728882
24117248,4880.923,training/policy_dist_min_loc,-0.9625531435012817
24117248,4880.923,training/policy_dist_min_std,0.2752441167831421
24117248,4880.923,training/policy_loss,-0.0009169721161015332
24117248,4880.923,training/total_loss,4.149902820587158
24117248,4880.923,training/v_loss,4.266839027404785
24117248,4880.923,eval/episode_reward,381.74273681640625
24117248,4880.923,eval/episode_reward/ctrl,-0.23387788236141205
24117248,4880.923,eval/episode_reward/forward,384.980224609375
24117248,4880.923,eval/episode_reward/joint,-0.06473737210035324
24117248,4880.923,eval/episode_reward/orient,-2.938882827758789
24117248,4880.923,eval/episode_reward/total,381.74273681640625
24117248,4880.923,eval/episode_state/forward_vel,26.083248138427734
24117248,4880.923,eval/episode_state/up_z,965.2362060546875
24117248,4880.923,eval/episode_reward_std,24.221418380737305
24117248,4880.923,eval/episode_reward/ctrl_std,0.0018702774541452527
24117248,4880.923,eval/episode_reward/forward_std,24.376190185546875
24117248,4880.923,eval/episode_reward/joint_std,0.005664199590682983
24117248,4880.923,eval/episode_reward/orient_std,2.746729850769043
24117248,4880.923,eval/episode_reward/total_std,24.221418380737305
24117248,4880.923,eval/episode_state/forward_vel_std,16.027177810668945
24117248,4880.923,eval/episode_state/up_z_std,7.812155723571777
24117248,4880.923,eval/avg_episode_length,1000.0
24117248,4880.923,eval/std_episode_length,0.0
24117248,4880.923,eval/epoch_eval_time,33.24845838546753
24117248,4880.923,eval/sps,962.4506384328118
24641536,4953.692,episode/sps,4944.175898816157
24641536,4953.692,episode/length,1000.0
24641536,4953.692,episode/reward/ctrl,-0.2340310798585415
24641536,4953.692,episode/reward/forward,380.8781399536133
24641536,4953.692,episode/reward/joint,-0.06514334022998809
24641536,4953.692,episode/reward/orient,-3.351942205429077
24641536,4953.692,episode/reward/total,377.2270391845703
24641536,4953.692,episode/state/forward_vel,22.901567566096784
24641536,4953.692,episode/state/up_z,962.6572711181641
24641536,4953.692,episode/sum_reward,377.2270391845703
24641536,4953.692,episode/entropy_loss,-0.11605823755264283
24641536,4953.692,episode/kl_mean,0.002274024846992688
24641536,4953.692,episode/learning_rate,0.0003000000142492354
24641536,4953.692,episode/policy_dist_max_loc,0.8379328137636185
24641536,4953.692,episode/policy_dist_max_std,1.6263284993171692
24641536,4953.692,episode/policy_dist_mean_loc,-0.0355403209105134
24641536,4953.692,episode/policy_dist_mean_std,0.7345117050409317
24641536,4953.692,episode/policy_dist_min_loc,-0.9238835430145264
24641536,4953.692,episode/policy_dist_min_std,0.284042291790247
24641536,4953.692,episode/policy_loss,-0.0010749313950509532
24641536,4953.692,episode/total_loss,3.667212201952934
24641536,4953.692,episode/v_loss,3.7843453776836395
24641536,4987.217,eval/walltime,1564.3056602478027
24641536,4987.217,training/sps,7204.159284262583
24641536,4987.217,training/walltime,3407.6639053821564
24641536,4987.217,training/entropy_loss,-0.11618892103433609
24641536,4987.217,training/kl_mean,0.0025539612397551537
24641536,4987.217,training/learning_rate,0.0003000000142492354
24641536,4987.217,training/policy_dist_max_loc,0.8441590666770935
24641536,4987.217,training/policy_dist_max_std,1.560495138168335
24641536,4987.217,training/policy_dist_mean_loc,-0.03400081396102905
24641536,4987.217,training/policy_dist_mean_std,0.7374992370605469
24641536,4987.217,training/policy_dist_min_loc,-0.8682131171226501
24641536,4987.217,training/policy_dist_min_std,0.2950597405433655
24641536,4987.217,training/policy_loss,-0.0009436846012249589
24641536,4987.217,training/total_loss,4.434475421905518
24641536,4987.217,training/v_loss,4.551608085632324
24641536,4987.217,eval/episode_reward,380.7327880859375
24641536,4987.217,eval/episode_reward/ctrl,-0.23476320505142212
24641536,4987.217,eval/episode_reward/forward,383.9996337890625
24641536,4987.217,eval/episode_reward/joint,-0.06596651673316956
24641536,4987.217,eval/episode_reward/orient,-2.966041326522827
24641536,4987.217,eval/episode_reward/total,380.7327880859375
24641536,4987.217,eval/episode_state/forward_vel,24.289077758789062
24641536,4987.217,eval/episode_state/up_z,962.9822998046875
24641536,4987.217,eval/episode_reward_std,21.370994567871094
24641536,4987.217,eval/episode_reward/ctrl_std,0.001956020016223192
24641536,4987.217,eval/episode_reward/forward_std,21.241548538208008
24641536,4987.217,eval/episode_reward/joint_std,0.004011858254671097
24641536,4987.217,eval/episode_reward/orient_std,2.7346770763397217
24641536,4987.217,eval/episode_reward/total_std,21.370994567871094
24641536,4987.217,eval/episode_state/forward_vel_std,14.20925235748291
24641536,4987.217,eval/episode_state/up_z_std,11.885640144348145
24641536,4987.217,eval/avg_episode_length,1000.0
24641536,4987.217,eval/std_episode_length,0.0
24641536,4987.217,eval/epoch_eval_time,33.49986386299133
24641536,4987.217,eval/sps,955.2277624432888
25165824,5059.732,episode/sps,4944.232859097884
25165824,5059.732,episode/length,1000.0
25165824,5059.732,episode/reward/ctrl,-0.23448517471551894
25165824,5059.732,episode/reward/forward,383.21761627197264
25165824,5059.732,episode/reward/joint,-0.06490494467318059
25165824,5059.732,episode/reward/orient,-35.1027112865448
25165824,5059.732,episode/reward/total,347.815513420105
25165824,5059.732,episode/state/forward_vel,24.987339889109133
25165824,5059.732,episode/state/up_z,948.0946286010742
25165824,5059.732,episode/sum_reward,347.815513420105
25165824,5059.732,episode/entropy_loss,-0.11615554228425026
25165824,5059.732,episode/kl_mean,0.0021301490864425432
25165824,5059.732,episode/learning_rate,0.0003000000142492354
25165824,5059.732,episode/policy_dist_max_loc,0.828828148841858
25165824,5059.732,episode/policy_dist_max_std,1.6021831274032592
25165824,5059.732,episode/policy_dist_mean_loc,-0.034616927169263366
25165824,5059.732,episode/policy_dist_mean_std,0.736483227610588
25165824,5059.732,episode/policy_dist_min_loc,-0.9026441860198975
25165824,5059.732,episode/policy_dist_min_std,0.28788188099861145
25165824,5059.732,episode/policy_loss,-0.0009579967114405008
25165824,5059.732,episode/total_loss,4.294381069540978
25165824,5059.732,episode/v_loss,4.411494613885879
25165824,5092.456,eval/walltime,1597.004450559616
25165824,5092.456,training/sps,7229.37654447635
25165824,5092.456,training/walltime,3480.1857883930206
25165824,5092.456,training/entropy_loss,-0.116285040974617
25165824,5092.456,training/kl_mean,0.0018456117250025272
25165824,5092.456,training/learning_rate,0.0003000000142492354
25165824,5092.456,training/policy_dist_max_loc,0.8167680501937866
25165824,5092.456,training/policy_dist_max_std,1.5528830289840698
25165824,5092.456,training/policy_dist_mean_loc,-0.03542600944638252
25165824,5092.456,training/policy_dist_mean_std,0.7394458055496216
25165824,5092.456,training/policy_dist_min_loc,-0.8693546652793884
25165824,5092.456,training/policy_dist_min_std,0.29462888836860657
25165824,5092.456,training/policy_loss,-0.0008481068070977926
25165824,5092.456,training/total_loss,4.531467437744141
25165824,5092.456,training/v_loss,4.6486005783081055
25165824,5092.456,eval/episode_reward,371.13104248046875
25165824,5092.456,eval/episode_reward/ctrl,-0.2360345423221588
25165824,5092.456,eval/episode_reward/forward,374.2542724609375
25165824,5092.456,eval/episode_reward/joint,-0.06775948405265808
25165824,5092.456,eval/episode_reward/orient,-2.8193678855895996
25165824,5092.456,eval/episode_reward/total,371.13104248046875
25165824,5092.456,eval/episode_state/forward_vel,18.827531814575195
25165824,5092.456,eval/episode_state/up_z,965.4520263671875
25165824,5092.456,eval/episode_reward_std,26.666522979736328
25165824,5092.456,eval/episode_reward/ctrl_std,0.0021537961438298225
25165824,5092.456,eval/episode_reward/forward_std,26.383506774902344
25165824,5092.456,eval/episode_reward/joint_std,0.004219136666506529
25165824,5092.456,eval/episode_reward/orient_std,2.050436496734619
25165824,5092.456,eval/episode_reward/total_std,26.666522979736328
25165824,5092.456,eval/episode_state/forward_vel_std,17.195581436157227
25165824,5092.456,eval/episode_state/up_z_std,7.728012561798096
25165824,5092.456,eval/avg_episode_length,1000.0
25165824,5092.456,eval/std_episode_length,0.0
25165824,5092.456,eval/epoch_eval_time,32.698790311813354
25165824,5092.456,eval/sps,978.6294751227878
25690112,5165.254,episode/sps,4968.518319440752
25690112,5165.254,episode/length,1000.0
25690112,5165.254,episode/reward/ctrl,-0.23618450194597243
25690112,5165.254,episode/reward/forward,385.81383056640624
25690112,5165.254,episode/reward/joint,-0.06595752280205489
25690112,5165.254,episode/reward/orient,-3.457824113368988
25690112,5165.254,episode/reward/total,382.05388427734374
25690112,5165.254,episode/state/forward_vel,26.32250255316496
25690112,5165.254,episode/state/up_z,964.0866064453126
25690112,5165.254,episode/sum_reward,382.05388427734374
25690112,5165.254,episode/entropy_loss,-0.11623828828334809
25690112,5165.254,episode/kl_mean,0.002493731653230498
25690112,5165.254,episode/learning_rate,0.0003000000142492354
25690112,5165.254,episode/policy_dist_max_loc,0.8180221515893936
25690112,5165.254,episode/policy_dist_max_std,1.549239993095398
25690112,5165.254,episode/policy_dist_mean_loc,-0.037174160778522494
25690112,5165.254,episode/policy_dist_mean_std,0.7392010116577148
25690112,5165.254,episode/policy_dist_min_loc,-0.8792554187774658
25690112,5165.254,episode/policy_dist_min_std,0.29152737438678744
25690112,5165.254,episode/policy_loss,-0.000989575876883464
25690112,5165.254,episode/total_loss,4.147186580896378
25690112,5165.254,episode/v_loss,4.264414443969726
25690112,5198.881,eval/walltime,1630.6053957939148
25690112,5198.881,training/sps,7201.3111145117855
25690112,5198.881,training/walltime,3552.990308523178
25690112,5198.881,training/entropy_loss,-0.11626072973012924
25690112,5198.881,training/kl_mean,0.0029897517524659634
25690112,5198.881,training/learning_rate,0.0003000000142492354
25690112,5198.881,training/policy_dist_max_loc,0.7921597957611084
25690112,5198.881,training/policy_dist_max_std,1.5146880149841309
25690112,5198.881,training/policy_dist_mean_loc,-0.04233625531196594
25690112,5198.881,training/policy_dist_mean_std,0.7411960363388062
25690112,5198.881,training/policy_dist_min_loc,-0.8847423791885376
25690112,5198.881,training/policy_dist_min_std,0.28857719898223877
25690112,5198.881,training/policy_loss,-0.0011311513371765614
25690112,5198.881,training/total_loss,3.5263772010803223
25690112,5198.881,training/v_loss,3.6437690258026123
25690112,5198.881,eval/episode_reward,354.4678039550781
25690112,5198.881,eval/episode_reward/ctrl,-0.23697435855865479
25690112,5198.881,eval/episode_reward/forward,381.8067626953125
25690112,5198.881,eval/episode_reward/joint,-0.0686628520488739
25690112,5198.881,eval/episode_reward/orient,-27.033308029174805
25690112,5198.881,eval/episode_reward/total,354.4678039550781
25690112,5198.881,eval/episode_state/forward_vel,22.889657974243164
25690112,5198.881,eval/episode_state/up_z,951.736328125
25690112,5198.881,eval/episode_reward_std,147.59237670898438
25690112,5198.881,eval/episode_reward/ctrl_std,0.0018766697030514479
25690112,5198.881,eval/episode_reward/forward_std,29.153797149658203
25690112,5198.881,eval/episode_reward/joint_std,0.004311138764023781
25690112,5198.881,eval/episode_reward/orient_std,133.24893188476562
25690112,5198.881,eval/episode_reward/total_std,147.59237670898438
25690112,5198.881,eval/episode_state/forward_vel_std,18.389461517333984
25690112,5198.881,eval/episode_state/up_z_std,73.41796112060547
25690112,5198.881,eval/avg_episode_length,1000.0
25690112,5198.881,eval/std_episode_length,0.0
25690112,5198.881,eval/epoch_eval_time,33.600945234298706
25690112,5198.881,eval/sps,952.3541607792475
26214400,5272.277,episode/sps,4898.848318217266
26214400,5272.277,episode/length,1000.0
26214400,5272.277,episode/reward/ctrl,-0.2371835970878601
26214400,5272.277,episode/reward/forward,382.14256408691404
26214400,5272.277,episode/reward/joint,-0.0677569629997015
26214400,5272.277,episode/reward/orient,-9.469146565794945
26214400,5272.277,episode/reward/total,372.36851242065427
26214400,5272.277,episode/state/forward_vel,23.601957095861437
26214400,5272.277,episode/state/up_z,959.359702758789
26214400,5272.277,episode/sum_reward,372.36851242065427
26214400,5272.277,episode/entropy_loss,-0.1162727838754654
26214400,5272.277,episode/kl_mean,0.0021335740985523443
26214400,5272.277,episode/learning_rate,0.0003000000142492354
26214400,5272.277,episode/policy_dist_max_loc,0.8074983710050583
26214400,5272.277,episode/policy_dist_max_std,1.5392675650119783
26214400,5272.277,episode/policy_dist_mean_loc,-0.03917642947286368
26214400,5272.277,episode/policy_dist_mean_std,0.7408271592855453
26214400,5272.277,episode/policy_dist_min_loc,-0.8694136214256286
26214400,5272.277,episode/policy_dist_min_std,0.29322233483195304
26214400,5272.277,episode/policy_loss,-0.0008540840721980203
26214400,5272.277,episode/total_loss,4.936615378856659
26214400,5272.277,episode/v_loss,5.053742259144783
26214400,5306.184,eval/walltime,1664.4837448596954
26214400,5306.184,training/sps,7142.508182549808
26214400,5306.184,training/walltime,3626.394214630127
26214400,5306.184,training/entropy_loss,-0.11627937853336334
26214400,5306.184,training/kl_mean,0.0015021732542663813
26214400,5306.184,training/learning_rate,0.0003000000142492354
26214400,5306.184,training/policy_dist_max_loc,0.8125107288360596
26214400,5306.184,training/policy_dist_max_std,1.5623159408569336
26214400,5306.184,training/policy_dist_mean_loc,-0.040559589862823486
26214400,5306.184,training/policy_dist_mean_std,0.742192268371582
26214400,5306.184,training/policy_dist_min_loc,-0.8607223033905029
26214400,5306.184,training/policy_dist_min_std,0.2931212782859802
26214400,5306.184,training/policy_loss,-0.000505857402458787
26214400,5306.184,training/total_loss,6.823444843292236
26214400,5306.184,training/v_loss,6.940229892730713
26214400,5306.184,eval/episode_reward,388.8883972167969
26214400,5306.184,eval/episode_reward/ctrl,-0.2379263937473297
26214400,5306.184,eval/episode_reward/forward,391.915283203125
26214400,5306.184,eval/episode_reward/joint,-0.06896638125181198
26214400,5306.184,eval/episode_reward/orient,-2.7199506759643555
26214400,5306.184,eval/episode_reward/total,388.8883972167969
26214400,5306.184,eval/episode_state/forward_vel,30.15776824951172
26214400,5306.184,eval/episode_state/up_z,965.7007446289062
26214400,5306.184,eval/episode_reward_std,24.875503540039062
26214400,5306.184,eval/episode_reward/ctrl_std,0.00205967272631824
26214400,5306.184,eval/episode_reward/forward_std,24.321067810058594
26214400,5306.184,eval/episode_reward/joint_std,0.00435505248606205
26214400,5306.184,eval/episode_reward/orient_std,2.0221781730651855
26214400,5306.184,eval/episode_reward/total_std,24.875503540039062
26214400,5306.184,eval/episode_state/forward_vel_std,15.619054794311523
26214400,5306.184,eval/episode_state/up_z_std,11.04073429107666
26214400,5306.184,eval/avg_episode_length,1000.0
26214400,5306.184,eval/std_episode_length,0.0
26214400,5306.184,eval/epoch_eval_time,33.87834906578064
26214400,5306.184,eval/sps,944.5560625715999
26738688,5379.565,episode/sps,4886.716792325634
26738688,5379.565,episode/length,1000.0
26738688,5379.565,episode/reward/ctrl,-0.2378267055749893
26738688,5379.565,episode/reward/forward,384.1799923706055
26738688,5379.565,episode/reward/joint,-0.06923188142478466
26738688,5379.565,episode/reward/orient,-10.213225075006484
26738688,5379.565,episode/reward/total,373.65972076416017
26738688,5379.565,episode/state/forward_vel,25.575489362478255
26738688,5379.565,episode/state/up_z,963.9652618408203
26738688,5379.565,episode/sum_reward,373.65972076416017
26738688,5379.565,episode/entropy_loss,-0.11624452829360962
26738688,5379.565,episode/kl_mean,0.0024019232737191487
26738688,5379.565,episode/learning_rate,0.0003000000142492354
26738688,5379.565,episode/policy_dist_max_loc,0.8155638945102691
26738688,5379.565,episode/policy_dist_max_std,1.51718697309494
26738688,5379.565,episode/policy_dist_mean_loc,-0.04231360461562872
26738688,5379.565,episode/policy_dist_mean_std,0.7427345490455628
26738688,5379.565,episode/policy_dist_min_loc,-0.8892178273200989
26738688,5379.565,episode/policy_dist_min_std,0.2993383477628231
26738688,5379.565,episode/policy_loss,-0.0009965236023708713
26738688,5379.565,episode/total_loss,4.32593373477459
26738688,5379.565,episode/v_loss,4.4431747955083845
26738688,5413.266,eval/walltime,1698.1617436408997
26738688,5413.266,training/sps,7143.944288505532
26738688,5413.266,training/walltime,3699.7833647727966
26738688,5413.266,training/entropy_loss,-0.1161918193101883
26738688,5413.266,training/kl_mean,0.002627066569402814
26738688,5413.266,training/learning_rate,0.0003000000142492354
26738688,5413.266,training/policy_dist_max_loc,0.8437127470970154
26738688,5413.266,training/policy_dist_max_std,1.4673848152160645
26738688,5413.266,training/policy_dist_mean_loc,-0.04460182785987854
26738688,5413.266,training/policy_dist_mean_std,0.7451480627059937
26738688,5413.266,training/policy_dist_min_loc,-0.9253897666931152
26738688,5413.266,training/policy_dist_min_std,0.3185117840766907
26738688,5413.266,training/policy_loss,-0.0012432319344952703
26738688,5413.266,training/total_loss,2.5479698181152344
26738688,5413.266,training/v_loss,2.665404796600342
26738688,5413.266,eval/episode_reward,390.47265625
26738688,5413.266,eval/episode_reward/ctrl,-0.23911388218402863
26738688,5413.266,eval/episode_reward/forward,394.48211669921875
26738688,5413.266,eval/episode_reward/joint,-0.07059767842292786
26738688,5413.266,eval/episode_reward/orient,-3.6997759342193604
26738688,5413.266,eval/episode_reward/total,390.47265625
26738688,5413.266,eval/episode_state/forward_vel,32.04307556152344
26738688,5413.266,eval/episode_state/up_z,959.3526611328125
26738688,5413.266,eval/episode_reward_std,26.81024932861328
26738688,5413.266,eval/episode_reward/ctrl_std,0.001941555179655552
26738688,5413.266,eval/episode_reward/forward_std,27.392620086669922
26738688,5413.266,eval/episode_reward/joint_std,0.00523316441103816
26738688,5413.266,eval/episode_reward/orient_std,2.39823579788208
26738688,5413.266,eval/episode_reward/total_std,26.81024932861328
26738688,5413.266,eval/episode_state/forward_vel_std,18.159099578857422
26738688,5413.266,eval/episode_state/up_z_std,12.276468276977539
26738688,5413.266,eval/avg_episode_length,1000.0
26738688,5413.266,eval/std_episode_length,0.0
26738688,5413.266,eval/epoch_eval_time,33.677998781204224
26738688,5413.266,eval/sps,950.1752229369188
27262976,5486.837,episode/sps,4887.45863228307
27262976,5486.837,episode/length,1000.0
27262976,5486.837,episode/reward/ctrl,-0.23862127482891082
27262976,5486.837,episode/reward/forward,391.52825103759767
27262976,5486.837,episode/reward/joint,-0.06969413738697768
27262976,5486.837,episode/reward/orient,-14.977536008954049
27262976,5486.837,episode/reward/total,376.2424368667603
27262976,5486.837,episode/state/forward_vel,30.102387070655823
27262976,5486.837,episode/state/up_z,956.4276678466797
27262976,5486.837,episode/sum_reward,376.2424368667603
27262976,5486.837,episode/entropy_loss,-0.11621087737381458
27262976,5486.837,episode/kl_mean,0.0024380795325851068
27262976,5486.837,episode/learning_rate,0.0003000000142492354
27262976,5486.837,episode/policy_dist_max_loc,0.8230516684055328
27262976,5486.837,episode/policy_dist_max_std,1.5238737523555757
27262976,5486.837,episode/policy_dist_mean_loc,-0.041246956959366796
27262976,5486.837,episode/policy_dist_mean_std,0.7447875255346298
27262976,5486.837,episode/policy_dist_min_loc,-0.9154706192016602
27262976,5486.837,episode/policy_dist_min_std,0.302380813062191
27262976,5486.837,episode/policy_loss,-0.0010838865874393377
27262976,5486.837,episode/total_loss,3.98595507144928
27262976,5486.837,episode/v_loss,4.1032498389482495
27262976,5520.560,eval/walltime,1731.857673406601
27262976,5520.560,training/sps,7125.47854641062
27262976,5520.560,training/walltime,3773.362703561783
27262976,5520.560,training/entropy_loss,-0.11613496392965317
27262976,5520.560,training/kl_mean,0.0030015292577445507
27262976,5520.560,training/learning_rate,0.0003000000142492354
27262976,5520.560,training/policy_dist_max_loc,0.82273268699646
27262976,5520.560,training/policy_dist_max_std,1.5373101234436035
27262976,5520.560,training/policy_dist_mean_loc,-0.03839130699634552
27262976,5520.560,training/policy_dist_mean_std,0.7473694682121277
27262976,5520.560,training/policy_dist_min_loc,-0.962236225605011
27262976,5520.560,training/policy_dist_min_std,0.2979101240634918
27262976,5520.560,training/policy_loss,-0.0014444550033658743
27262976,5520.560,training/total_loss,2.727658271789551
27262976,5520.560,training/v_loss,2.8452377319335938
27262976,5520.560,eval/episode_reward,377.76953125
27262976,5520.560,eval/episode_reward/ctrl,-0.23979857563972473
27262976,5520.560,eval/episode_reward/forward,390.5225830078125
27262976,5520.560,eval/episode_reward/joint,-0.07004249095916748
27262976,5520.560,eval/episode_reward/orient,-12.443297386169434
27262976,5520.560,eval/episode_reward/total,377.76953125
27262976,5520.560,eval/episode_state/forward_vel,28.499650955200195
27262976,5520.560,eval/episode_state/up_z,951.7884521484375
27262976,5520.560,eval/episode_reward_std,57.00651550292969
27262976,5520.560,eval/episode_reward/ctrl_std,0.002078603720292449
27262976,5520.560,eval/episode_reward/forward_std,22.753774642944336
27262976,5520.560,eval/episode_reward/joint_std,0.005043040961027145
27262976,5520.560,eval/episode_reward/orient_std,48.612972259521484
27262976,5520.560,eval/episode_reward/total_std,57.00651550292969
27262976,5520.560,eval/episode_state/forward_vel_std,14.837037086486816
27262976,5520.560,eval/episode_state/up_z_std,34.546531677246094
27262976,5520.560,eval/avg_episode_length,1000.0
27262976,5520.560,eval/std_episode_length,0.0
27262976,5520.560,eval/epoch_eval_time,33.695929765701294
27262976,5520.560,eval/sps,949.6695957792634
27787264,5593.578,episode/sps,4911.81863347285
27787264,5593.578,episode/length,1000.0
27787264,5593.578,episode/reward/ctrl,-0.2399041025340557
27787264,5593.578,episode/reward/forward,390.30396270751953
27787264,5593.578,episode/reward/joint,-0.07020298924297094
27787264,5593.578,episode/reward/orient,-35.40956820189953
27787264,5593.578,episode/reward/total,354.584289855957
27787264,5593.578,episode/state/forward_vel,29.20309599637985
27787264,5593.578,episode/state/up_z,940.4597124958038
27787264,5593.578,episode/sum_reward,354.584289855957
27787264,5593.578,episode/entropy_loss,-0.1161070179194212
27787264,5593.578,episode/kl_mean,0.0024853147727844772
27787264,5593.578,episode/learning_rate,0.0003000000142492354
27787264,5593.578,episode/policy_dist_max_loc,0.8333113664388656
27787264,5593.578,episode/policy_dist_max_std,1.515902589559555
27787264,5593.578,episode/policy_dist_mean_loc,-0.040316403359174725
27787264,5593.578,episode/policy_dist_mean_std,0.7467088234424591
27787264,5593.578,episode/policy_dist_min_loc,-0.9433387899398804
27787264,5593.578,episode/policy_dist_min_std,0.3101191385090351
27787264,5593.578,episode/policy_loss,-0.0012345445977553027
27787264,5593.578,episode/total_loss,2.86112486243248
27787264,5593.578,episode/v_loss,2.978466408252716
27787264,5626.484,eval/walltime,1764.7393424510956
27787264,5626.484,training/sps,7179.602409420357
27787264,5626.484,training/walltime,3846.387360095978
27787264,5626.484,training/entropy_loss,-0.11596626043319702
27787264,5626.484,training/kl_mean,0.0018305238336324692
27787264,5626.484,training/learning_rate,0.0003000000142492354
27787264,5626.484,training/policy_dist_max_loc,0.8356989026069641
27787264,5626.484,training/policy_dist_max_std,1.5339443683624268
27787264,5626.484,training/policy_dist_mean_loc,-0.03789854422211647
27787264,5626.484,training/policy_dist_mean_std,0.7481220960617065
27787264,5626.484,training/policy_dist_min_loc,-0.9495849609375
27787264,5626.484,training/policy_dist_min_std,0.3165038824081421
27787264,5626.484,training/policy_loss,-0.0010214466601610184
27787264,5626.484,training/total_loss,2.8078718185424805
27787264,5626.484,training/v_loss,2.9248592853546143
27787264,5626.484,eval/episode_reward,390.5015869140625
27787264,5626.484,eval/episode_reward/ctrl,-0.23957088589668274
27787264,5626.484,eval/episode_reward/forward,393.34686279296875
27787264,5626.484,eval/episode_reward/joint,-0.06954264640808105
27787264,5626.484,eval/episode_reward/orient,-2.5360794067382812
27787264,5626.484,eval/episode_reward/total,390.5015869140625
27787264,5626.484,eval/episode_state/forward_vel,31.514991760253906
27787264,5626.484,eval/episode_state/up_z,966.4603271484375
27787264,5626.484,eval/episode_reward_std,30.856197357177734
27787264,5626.484,eval/episode_reward/ctrl_std,0.0016746417386457324
27787264,5626.484,eval/episode_reward/forward_std,30.901748657226562
27787264,5626.484,eval/episode_reward/joint_std,0.004744272213429213
27787264,5626.484,eval/episode_reward/orient_std,1.5143061876296997
27787264,5626.484,eval/episode_reward/total_std,30.856197357177734
27787264,5626.484,eval/episode_state/forward_vel_std,20.0097599029541
27787264,5626.484,eval/episode_state/up_z_std,8.762605667114258
27787264,5626.484,eval/avg_episode_length,1000.0
27787264,5626.484,eval/std_episode_length,0.0
27787264,5626.484,eval/epoch_eval_time,32.88166904449463
27787264,5626.484,eval/sps,973.1866091316235
28311552,5696.341,episode/sps,5101.900689029136
28311552,5696.341,episode/length,1000.0
28311552,5696.341,episode/reward/ctrl,-0.2394682437181473
28311552,5696.341,episode/reward/forward,392.9940185546875
28311552,5696.341,episode/reward/joint,-0.06953613553196192
28311552,5696.341,episode/reward/orient,-14.870785967707635
28311552,5696.341,episode/reward/total,377.81421005249024
28311552,5696.341,episode/state/forward_vel,31.134051705002786
28311552,5696.341,episode/state/up_z,956.9603723144531
28311552,5696.341,episode/sum_reward,377.81421005249024
28311552,5696.341,episode/entropy_loss,-0.11600260429084301
28311552,5696.341,episode/kl_mean,0.0024891223567829
28311552,5696.341,episode/learning_rate,0.0003000000142492354
28311552,5696.341,episode/policy_dist_max_loc,0.850076709985733
28311552,5696.341,episode/policy_dist_max_std,1.5257481741905212
28311552,5696.341,episode/policy_dist_mean_loc,-0.037723111025989055
28311552,5696.341,episode/policy_dist_mean_std,0.7477039766311645
28311552,5696.341,episode/policy_dist_min_loc,-0.9763139075040818
28311552,5696.341,episode/policy_dist_min_std,0.30145481005311014
28311552,5696.341,episode/policy_loss,-0.001336066718431539
28311552,5696.341,episode/total_loss,2.5851412135362626
28311552,5696.341,episode/v_loss,2.7024798679351805
28311552,5725.091,eval/walltime,1793.468801021576
28311552,5725.091,training/sps,7504.468252899503
28311552,5725.091,training/walltime,3916.250804424286
28311552,5725.091,training/entropy_loss,-0.11588291078805923
28311552,5725.091,training/kl_mean,0.0024507204070687294
28311552,5725.091,training/learning_rate,0.0003000000142492354
28311552,5725.091,training/policy_dist_max_loc,0.8845418691635132
28311552,5725.091,training/policy_dist_max_std,1.5137591361999512
28311552,5725.091,training/policy_dist_mean_loc,-0.03644658625125885
28311552,5725.091,training/policy_dist_mean_std,0.7479492425918579
28311552,5725.091,training/policy_dist_min_loc,-1.0234570503234863
28311552,5725.091,training/policy_dist_min_std,0.28896814584732056
28311552,5725.091,training/policy_loss,-0.0013751046499237418
28311552,5725.091,training/total_loss,2.193340301513672
28311552,5725.091,training/v_loss,2.310598373413086
28311552,5725.091,eval/episode_reward,385.11395263671875
28311552,5725.091,eval/episode_reward/ctrl,-0.24137084186077118
28311552,5725.091,eval/episode_reward/forward,388.49859619140625
28311552,5725.091,eval/episode_reward/joint,-0.07165688276290894
28311552,5725.091,eval/episode_reward/orient,-3.071564197540283
28311552,5725.091,eval/episode_reward/total,385.11395263671875
28311552,5725.091,eval/episode_state/forward_vel,28.83218765258789
28311552,5725.091,eval/episode_state/up_z,961.5631713867188
28311552,5725.091,eval/episode_reward_std,34.083919525146484
28311552,5725.091,eval/episode_reward/ctrl_std,0.0021324665285646915
28311552,5725.091,eval/episode_reward/forward_std,33.93519973754883
28311552,5725.091,eval/episode_reward/joint_std,0.004776898771524429
28311552,5725.091,eval/episode_reward/orient_std,1.2135307788848877
28311552,5725.091,eval/episode_reward/total_std,34.083919525146484
28311552,5725.091,eval/episode_state/forward_vel_std,21.9913330078125
28311552,5725.091,eval/episode_state/up_z_std,9.067294120788574
28311552,5725.091,eval/avg_episode_length,1000.0
28311552,5725.091,eval/std_episode_length,0.0
28311552,5725.091,eval/epoch_eval_time,28.729458570480347
28311552,5725.091,eval/sps,1113.8392991812295
28835840,5798.503,episode/sps,5131.925880718495
28835840,5798.503,episode/length,1000.0
28835840,5798.503,episode/reward/ctrl,-0.2405276918411255
28835840,5798.503,episode/reward/forward,396.0116244506836
28835840,5798.503,episode/reward/joint,-0.07082455884665251
28835840,5798.503,episode/reward/orient,-2.730797142982483
28835840,5798.503,episode/reward/total,392.96949188232423
28835840,5798.503,episode/state/forward_vel,33.23499921917915
28835840,5798.503,episode/state/up_z,963.9616278076172
28835840,5798.503,episode/sum_reward,392.96949188232423
28835840,5798.503,episode/entropy_loss,-0.11585068613290787
28835840,5798.503,episode/kl_mean,0.002262822485063225
28835840,5798.503,episode/learning_rate,0.0003000000142492354
28835840,5798.503,episode/policy_dist_max_loc,0.8720894730091096
28835840,5798.503,episode/policy_dist_max_std,1.499055733680725
28835840,5798.503,episode/policy_dist_mean_loc,-0.036446364410221574
28835840,5798.503,episode/policy_dist_mean_std,0.7493761074543
28835840,5798.503,episode/policy_dist_min_loc,-1.0305220890045166
28835840,5798.503,episode/policy_dist_min_std,0.29017536982893943
28835840,5798.503,episode/policy_loss,-0.0013182734074507606
28835840,5798.503,episode/total_loss,2.7045788198709486
28835840,5798.503,episode/v_loss,2.821747774481773
28835840,5831.472,eval/walltime,1826.4125137329102
28835840,5831.472,training/sps,7141.092689909263
28835840,5831.472,training/walltime,3989.6692605018616
28835840,5831.472,training/entropy_loss,-0.1156669408082962
28835840,5831.472,training/kl_mean,0.0023265425115823746
28835840,5831.472,training/learning_rate,0.0003000000142492354
28835840,5831.472,training/policy_dist_max_loc,0.9024414420127869
28835840,5831.472,training/policy_dist_max_std,1.4471991062164307
28835840,5831.472,training/policy_dist_mean_loc,-0.03491402789950371
28835840,5831.472,training/policy_dist_mean_std,0.7523436546325684
28835840,5831.472,training/policy_dist_min_loc,-1.1208504438400269
28835840,5831.472,training/policy_dist_min_std,0.26228952407836914
28835840,5831.472,training/policy_loss,-0.0014327163808047771
28835840,5831.472,training/total_loss,3.175123453140259
28835840,5831.472,training/v_loss,3.2922232151031494
28835840,5831.472,eval/episode_reward,313.90789794921875
28835840,5831.472,eval/episode_reward/ctrl,-0.2410699427127838
28835840,5831.472,eval/episode_reward/forward,394.63690185546875
28835840,5831.472,eval/episode_reward/joint,-0.06999165564775467
28835840,5831.472,eval/episode_reward/orient,-80.41780090332031
28835840,5831.472,eval/episode_reward/total,313.90789794921875
28835840,5831.472,eval/episode_state/forward_vel,33.048316955566406
28835840,5831.472,eval/episode_state/up_z,924.9281005859375
28835840,5831.472,eval/episode_reward_std,382.4327392578125
28835840,5831.472,eval/episode_reward/ctrl_std,0.002340517472475767
28835840,5831.472,eval/episode_reward/forward_std,29.751508712768555
28835840,5831.472,eval/episode_reward/joint_std,0.007574004586786032
28835840,5831.472,eval/episode_reward/orient_std,371.1724548339844
28835840,5831.472,eval/episode_reward/total_std,382.4327392578125
28835840,5831.472,eval/episode_state/forward_vel_std,19.241464614868164
28835840,5831.472,eval/episode_state/up_z_std,193.79281616210938
28835840,5831.472,eval/avg_episode_length,1000.0
28835840,5831.472,eval/std_episode_length,0.0
28835840,5831.472,eval/epoch_eval_time,32.94371271133423
28835840,5831.472,eval/sps,971.3537839646851
29360128,5904.963,episode/sps,4924.74681329295
29360128,5904.963,episode/length,1000.0
29360128,5904.963,episode/reward/ctrl,-0.2419637195765972
29360128,5904.963,episode/reward/forward,396.2611819458008
29360128,5904.963,episode/reward/joint,-0.07158349547535181
29360128,5904.963,episode/reward/orient,-2.9241674590110778
29360128,5904.963,episode/reward/total,393.02344665527346
29360128,5904.963,episode/state/forward_vel,33.625391485393045
29360128,5904.963,episode/state/up_z,963.5706109619141
29360128,5904.963,episode/sum_reward,393.02344665527346
29360128,5904.963,episode/entropy_loss,-0.11572751380503178
29360128,5904.963,episode/kl_mean,0.0023523434581875337
29360128,5904.963,episode/learning_rate,0.0003000000142492354
29360128,5904.963,episode/policy_dist_max_loc,0.8985708874464035
29360128,5904.963,episode/policy_dist_max_std,1.4732551240921021
29360128,5904.963,episode/policy_dist_mean_loc,-0.035090178232640025
29360128,5904.963,episode/policy_dist_mean_std,0.7508296883106231
29360128,5904.963,episode/policy_dist_min_loc,-1.0902021729946136
29360128,5904.963,episode/policy_dist_min_std,0.2774893680214882
29360128,5904.963,episode/policy_loss,-0.0013834398405742831
29360128,5904.963,episode/total_loss,2.5735056632757187
29360128,5904.963,episode/v_loss,2.690616613030434
29360128,5938.627,eval/walltime,1860.0524790287018
29360128,5938.627,training/sps,7133.467896186711
29360128,5938.627,training/walltime,4063.16619181633
29360128,5938.627,training/entropy_loss,-0.11562986671924591
29360128,5938.627,training/kl_mean,0.0020756330341100693
29360128,5938.627,training/learning_rate,0.0003000000142492354
29360128,5938.627,training/policy_dist_max_loc,0.9182063341140747
29360128,5938.627,training/policy_dist_max_std,1.4594391584396362
29360128,5938.627,training/policy_dist_mean_loc,-0.03342572599649429
29360128,5938.627,training/policy_dist_mean_std,0.7526857852935791
29360128,5938.627,training/policy_dist_min_loc,-1.1412887573242188
29360128,5938.627,training/policy_dist_min_std,0.2786453664302826
29360128,5938.627,training/policy_loss,-0.0012496683048084378
29360128,5938.627,training/total_loss,2.213994026184082
29360128,5938.627,training/v_loss,2.330873489379883
29360128,5938.627,eval/episode_reward,389.72821044921875
29360128,5938.627,eval/episode_reward/ctrl,-0.24201995134353638
29360128,5938.627,eval/episode_reward/forward,393.013916015625
29360128,5938.627,eval/episode_reward/joint,-0.07071287930011749
29360128,5938.627,eval/episode_reward/orient,-2.9730100631713867
29360128,5938.627,eval/episode_reward/total,389.72821044921875
29360128,5938.627,eval/episode_state/forward_vel,31.854206085205078
29360128,5938.627,eval/episode_state/up_z,964.3983154296875
29360128,5938.627,eval/episode_reward_std,38.75812911987305
29360128,5938.627,eval/episode_reward/ctrl_std,0.0019865958020091057
29360128,5938.627,eval/episode_reward/forward_std,38.14732360839844
29360128,5938.627,eval/episode_reward/joint_std,0.007372757885605097
29360128,5938.627,eval/episode_reward/orient_std,2.133456230163574
29360128,5938.627,eval/episode_reward/total_std,38.75812911987305
29360128,5938.627,eval/episode_state/forward_vel_std,23.896739959716797
29360128,5938.627,eval/episode_state/up_z_std,9.486817359924316
29360128,5938.627,eval/avg_episode_length,1000.0
29360128,5938.627,eval/std_episode_length,0.0
29360128,5938.627,eval/epoch_eval_time,33.639965295791626
29360128,5938.627,eval/sps,951.2494950166674
29884416,6011.917,episode/sps,4901.992212201944
29884416,6011.917,episode/length,1000.0
29884416,6011.917,episode/reward/ctrl,-0.24167680993676185
29884416,6011.917,episode/reward/forward,395.25028442382813
29884416,6011.917,episode/reward/joint,-0.06984611339867115
29884416,6011.917,episode/reward/orient,-15.73726564347744
29884416,6011.917,episode/reward/total,379.2014967727661
29884416,6011.917,episode/state/forward_vel,33.290920738577846
29884416,6011.917,episode/state/up_z,956.8383673095703
29884416,6011.917,episode/sum_reward,379.2014967727661
29884416,6011.917,episode/entropy_loss,-0.1156763844192028
29884416,6011.917,episode/kl_mean,0.0022811095831275453
29884416,6011.917,episode/learning_rate,0.0003000000142492354
29884416,6011.917,episode/policy_dist_max_loc,0.9250709724426269
29884416,6011.917,episode/policy_dist_max_std,1.4632059383392333
29884416,6011.917,episode/policy_dist_mean_loc,-0.032984321359544995
29884416,6011.917,episode/policy_dist_mean_std,0.7527424210309982
29884416,6011.917,episode/policy_dist_min_loc,-1.1302659249305724
29884416,6011.917,episode/policy_dist_min_std,0.28397214159369466
29884416,6011.917,episode/policy_loss,-0.0014192423578060697
29884416,6011.917,episode/total_loss,2.8910688942670824
29884416,6011.917,episode/v_loss,3.008164512515068
29884416,6045.491,eval/walltime,1893.6033189296722
29884416,6045.491,training/sps,7152.939571737056
29884416,6045.491,training/walltime,4136.463050365448
29884416,6045.491,training/entropy_loss,-0.11571457982063293
29884416,6045.491,training/kl_mean,0.0022668358869850636
29884416,6045.491,training/learning_rate,0.0003000000142492354
29884416,6045.491,training/policy_dist_max_loc,0.9625723958015442
29884416,6045.491,training/policy_dist_max_std,1.4764018058776855
29884416,6045.491,training/policy_dist_mean_loc,-0.030221331864595413
29884416,6045.491,training/policy_dist_mean_std,0.7536301016807556
29884416,6045.491,training/policy_dist_min_loc,-1.1421113014221191
29884416,6045.491,training/policy_dist_min_std,0.3067145049571991
29884416,6045.491,training/policy_loss,-0.0014166098553687334
29884416,6045.491,training/total_loss,3.376908302307129
29884416,6045.491,training/v_loss,3.494039535522461
29884416,6045.491,eval/episode_reward,395.5476989746094
29884416,6045.491,eval/episode_reward/ctrl,-0.24277238547801971
29884416,6045.491,eval/episode_reward/forward,399.2893371582031
29884416,6045.491,eval/episode_reward/joint,-0.06842545419931412
29884416,6045.491,eval/episode_reward/orient,-3.4304211139678955
29884416,6045.491,eval/episode_reward/total,395.5476989746094
29884416,6045.491,eval/episode_state/forward_vel,36.26255416870117
29884416,6045.491,eval/episode_state/up_z,966.3353271484375
29884416,6045.491,eval/episode_reward_std,30.44940185546875
29884416,6045.491,eval/episode_reward/ctrl_std,0.0018600097391754389
29884416,6045.491,eval/episode_reward/forward_std,29.08877944946289
29884416,6045.491,eval/episode_reward/joint_std,0.00428071990609169
29884416,6045.491,eval/episode_reward/orient_std,3.951176166534424
29884416,6045.491,eval/episode_reward/total_std,30.44940185546875
29884416,6045.491,eval/episode_state/forward_vel_std,18.40789794921875
29884416,6045.491,eval/episode_state/up_z_std,9.502551078796387
29884416,6045.491,eval/avg_episode_length,1000.0
29884416,6045.491,eval/std_episode_length,0.0
29884416,6045.491,eval/epoch_eval_time,33.55083990097046
29884416,6045.491,eval/sps,953.7764209316978
30408704,6119.508,episode/sps,4872.957654241081
30408704,6119.508,episode/length,1000.0
30408704,6119.508,episode/reward/ctrl,-0.24213524252176286
30408704,6119.508,episode/reward/forward,393.78482635498045
30408704,6119.508,episode/reward/joint,-0.06955625992268324
30408704,6119.508,episode/reward/orient,-17.956894541084765
30408704,6119.508,episode/reward/total,375.51621139526367
30408704,6119.508,episode/state/forward_vel,32.300170488357544
30408704,6119.508,episode/state/up_z,958.7024847412109
30408704,6119.508,episode/sum_reward,375.51621139526367
30408704,6119.508,episode/entropy_loss,-0.11563329577445984
30408704,6119.508,episode/kl_mean,0.002324349270638777
30408704,6119.508,episode/learning_rate,0.0003000000142492354
30408704,6119.508,episode/policy_dist_max_loc,0.9339757174253464
30408704,6119.508,episode/policy_dist_max_std,1.4520121800899506
30408704,6119.508,episode/policy_dist_mean_loc,-0.03209424188360572
30408704,6119.508,episode/policy_dist_mean_std,0.7528954994678497
30408704,6119.508,episode/policy_dist_min_loc,-1.1459372210502625
30408704,6119.508,episode/policy_dist_min_std,0.2979311528801918
30408704,6119.508,episode/policy_loss,-0.0014735839132481486
30408704,6119.508,episode/total_loss,2.665840581059456
30408704,6119.508,episode/v_loss,2.782947449684143
30408704,6152.335,eval/walltime,1926.4055526256561
30408704,6152.335,training/sps,7082.612980491228
30408704,6152.335,training/walltime,4210.487707853317
30408704,6152.335,training/entropy_loss,-0.11555421352386475
30408704,6152.335,training/kl_mean,0.0024593351408839226
30408704,6152.335,training/learning_rate,0.0003000000142492354
30408704,6152.335,training/policy_dist_max_loc,0.9291259050369263
30408704,6152.335,training/policy_dist_max_std,1.4150153398513794
30408704,6152.335,training/policy_dist_mean_loc,-0.03229902684688568
30408704,6152.335,training/policy_dist_mean_std,0.7524660229682922
30408704,6152.335,training/policy_dist_min_loc,-1.1555908918380737
30408704,6152.335,training/policy_dist_min_std,0.31135109066963196
30408704,6152.335,training/policy_loss,-0.001669443678110838
30408704,6152.335,training/total_loss,2.1883363723754883
30408704,6152.335,training/v_loss,2.3055601119995117
30408704,6152.335,eval/episode_reward,388.316650390625
30408704,6152.335,eval/episode_reward/ctrl,-0.24289318919181824
30408704,6152.335,eval/episode_reward/forward,391.9195556640625
30408704,6152.335,eval/episode_reward/joint,-0.07262621074914932
30408704,6152.335,eval/episode_reward/orient,-3.287433624267578
30408704,6152.335,eval/episode_reward/total,388.316650390625
30408704,6152.335,eval/episode_state/forward_vel,31.62618064880371
30408704,6152.335,eval/episode_state/up_z,965.9312744140625
30408704,6152.335,eval/episode_reward_std,46.471900939941406
30408704,6152.335,eval/episode_reward/ctrl_std,0.0021611833944916725
30408704,6152.335,eval/episode_reward/forward_std,45.73380661010742
30408704,6152.335,eval/episode_reward/joint_std,0.009700949303805828
30408704,6152.335,eval/episode_reward/orient_std,3.400359869003296
30408704,6152.335,eval/episode_reward/total_std,46.471900939941406
30408704,6152.335,eval/episode_state/forward_vel_std,29.297466278076172
30408704,6152.335,eval/episode_state/up_z_std,8.350297927856445
30408704,6152.335,eval/avg_episode_length,1000.0
30408704,6152.335,eval/std_episode_length,0.0
30408704,6152.335,eval/epoch_eval_time,32.80223369598389
30408704,6152.335,eval/sps,975.543321121997
30932992,6224.770,episode/sps,4980.807672714434
30932992,6224.770,episode/length,1000.0
30932992,6224.770,episode/reward/ctrl,-0.24273880392313005
30932992,6224.770,episode/reward/forward,396.0971905517578
30932992,6224.770,episode/reward/joint,-0.07081004045903683
30932992,6224.770,episode/reward/orient,-9.807617173194885
30932992,6224.770,episode/reward/total,385.9759967041016
30932992,6224.770,episode/state/forward_vel,34.199564957022666
30932992,6224.770,episode/state/up_z,963.0074224853515
30932992,6224.770,episode/sum_reward,385.9759967041016
30932992,6224.770,episode/entropy_loss,-0.1155486135929823
30932992,6224.770,episode/kl_mean,0.002589868148061214
30932992,6224.770,episode/learning_rate,0.0003000000142492354
30932992,6224.770,episode/policy_dist_max_loc,0.9526501804590225
30932992,6224.770,episode/policy_dist_max_std,1.4366290414333343
30932992,6224.770,episode/policy_dist_mean_loc,-0.03158949701115489
30932992,6224.770,episode/policy_dist_mean_std,0.7531378191709518
30932992,6224.770,episode/policy_dist_min_loc,-1.1874749982357025
30932992,6224.770,episode/policy_dist_min_std,0.30380139127373695
30932992,6224.770,episode/policy_loss,-0.0016260338153369957
30932992,6224.770,episode/total_loss,2.630680505633354
30932992,6224.770,episode/v_loss,2.7478551387786867
30932992,6257.043,eval/walltime,1958.6533048152924
30932992,6257.043,training/sps,7237.356178080233
30932992,6257.043,training/walltime,4282.929630994797
30932992,6257.043,training/entropy_loss,-0.11535616219043732
30932992,6257.043,training/kl_mean,0.0029694107361137867
30932992,6257.043,training/learning_rate,0.0003000000142492354
30932992,6257.043,training/policy_dist_max_loc,0.9730815887451172
30932992,6257.043,training/policy_dist_max_std,1.4213664531707764
30932992,6257.043,training/policy_dist_mean_loc,-0.03225940093398094
30932992,6257.043,training/policy_dist_mean_std,0.7533673048019409
30932992,6257.043,training/policy_dist_min_loc,-1.2791142463684082
30932992,6257.043,training/policy_dist_min_std,0.29447510838508606
30932992,6257.043,training/policy_loss,-0.0016878754831850529
30932992,6257.043,training/total_loss,2.3858137130737305
30932992,6257.043,training/v_loss,2.5028579235076904
30932992,6257.043,eval/episode_reward,389.873046875
30932992,6257.043,eval/episode_reward/ctrl,-0.24275371432304382
30932992,6257.043,eval/episode_reward/forward,408.91259765625
30932992,6257.043,eval/episode_reward/joint,-0.07170186936855316
30932992,6257.043,eval/episode_reward/orient,-18.72501564025879
30932992,6257.043,eval/episode_reward/total,389.873046875
30932992,6257.043,eval/episode_state/forward_vel,42.17469024658203
30932992,6257.043,eval/episode_state/up_z,957.8350219726562
30932992,6257.043,eval/episode_reward_std,115.11405944824219
30932992,6257.043,eval/episode_reward/ctrl_std,0.001454295008443296
30932992,6257.043,eval/episode_reward/forward_std,42.038448333740234
30932992,6257.043,eval/episode_reward/joint_std,0.005975358188152313
30932992,6257.043,eval/episode_reward/orient_std,92.42582702636719
30932992,6257.043,eval/episode_reward/total_std,115.11405944824219
30932992,6257.043,eval/episode_state/forward_vel_std,27.3416748046875
30932992,6257.043,eval/episode_state/up_z_std,52.65619659423828
30932992,6257.043,eval/avg_episode_length,1000.0
30932992,6257.043,eval/std_episode_length,0.0
30932992,6257.043,eval/epoch_eval_time,32.24775218963623
30932992,6257.043,eval/sps,992.3172260758115
