step,wall_time_s,metric,value
0,60.356,eval/walltime,32.46325397491455
0,60.356,eval/episode_reward,237.9903564453125
0,60.356,eval/episode_reward/ctrl,-0.2769733965396881
0,60.356,eval/episode_reward/forward,336.40655517578125
0,60.356,eval/episode_reward/joint,-0.11545296758413315
0,60.356,eval/episode_reward/orient,-98.02374267578125
0,60.356,eval/episode_reward/total,237.9903564453125
0,60.356,eval/episode_state/forward_vel,-5.808304786682129
0,60.356,eval/episode_state/up_z,797.4139404296875
0,60.356,eval/episode_reward_std,242.28721618652344
0,60.356,eval/episode_reward/ctrl_std,0.00431026192381978
0,60.356,eval/episode_reward/forward_std,25.76052474975586
0,60.356,eval/episode_reward/joint_std,0.005796011537313461
0,60.356,eval/episode_reward/orient_std,234.48309326171875
0,60.356,eval/episode_reward/total_std,242.28721618652344
0,60.356,eval/episode_state/forward_vel_std,15.252498626708984
0,60.356,eval/episode_state/up_z_std,186.73904418945312
0,60.356,eval/avg_episode_length,1000.0
0,60.356,eval/std_episode_length,0.0
0,60.356,eval/epoch_eval_time,32.46325397491455
0,60.356,eval/sps,3942.9195883724383
0,59.332,eval/walltime,31.456340789794922
0,59.332,eval/episode_reward,246.646484375
0,59.332,eval/episode_reward/ctrl,-0.27712345123291016
0,59.332,eval/episode_reward/forward,339.3095397949219
0,59.332,eval/episode_reward/joint,-0.11587875336408615
0,59.332,eval/episode_reward/orient,-92.27002716064453
0,59.332,eval/episode_reward/total,246.646484375
0,59.332,eval/episode_state/forward_vel,-4.083404541015625
0,59.332,eval/episode_state/up_z,797.186279296875
0,59.332,eval/episode_reward_std,197.5319061279297
0,59.332,eval/episode_reward/ctrl_std,0.004442710895091295
0,59.332,eval/episode_reward/forward_std,25.6555233001709
0,59.332,eval/episode_reward/joint_std,0.005813830066472292
0,59.332,eval/episode_reward/orient_std,192.44529724121094
0,59.332,eval/episode_reward/total_std,197.5319061279297
0,59.332,eval/episode_state/forward_vel_std,15.364983558654785
0,59.332,eval/episode_state/up_z_std,172.62765502929688
0,59.332,eval/avg_episode_length,1000.0
0,59.332,eval/std_episode_length,0.0
0,59.332,eval/epoch_eval_time,31.456340789794922
0,59.332,eval/sps,4069.1319074698545
0,79.628,eval/walltime,56.01530075073242
0,79.628,eval/episode_reward,272.42913818359375
0,79.628,eval/episode_reward/ctrl,-0.2770181894302368
0,79.628,eval/episode_reward/forward,340.8798828125
0,79.628,eval/episode_reward/joint,-0.11603352427482605
0,79.628,eval/episode_reward/orient,-68.05778503417969
0,79.628,eval/episode_reward/total,272.42913818359375
0,79.628,eval/episode_state/forward_vel,-3.5575268268585205
0,79.628,eval/episode_state/up_z,793.050048828125
0,79.628,eval/episode_reward_std,63.69467544555664
0,79.628,eval/episode_reward/ctrl_std,0.004906305577605963
0,79.628,eval/episode_reward/forward_std,21.31110191345215
0,79.628,eval/episode_reward/joint_std,0.005967399105429649
0,79.628,eval/episode_reward/orient_std,52.18871307373047
0,79.628,eval/episode_reward/total_std,63.69467544555664
0,79.628,eval/episode_state/forward_vel_std,13.303378105163574
0,79.628,eval/episode_state/up_z_std,123.5929946899414
0,79.628,eval/avg_episode_length,1000.0
0,79.628,eval/std_episode_length,0.0
0,79.628,eval/epoch_eval_time,56.01530075073242
0,79.628,eval/sps,571.2724839664738
524288,183.178,episode/sps,3025.4766078932144
524288,183.178,episode/length,1000.0
524288,183.178,episode/reward/ctrl,-0.27710016548633576
524288,183.178,episode/reward/forward,342.00806579589846
524288,183.178,episode/reward/joint,-0.11710088819265366
524288,183.178,episode/reward/orient,-97.51421846032143
524288,183.178,episode/reward/total,244.0996221923828
524288,183.178,episode/state/forward_vel,-2.494863612353802
524288,183.178,episode/state/up_z,793.0645314025879
524288,183.178,episode/sum_reward,244.0996221923828
524288,183.178,episode/entropy_loss,-0.11382204364053905
524288,183.178,episode/kl_mean,4.572309449315071
524288,183.178,episode/learning_rate,0.0003000000142492354
524288,183.178,episode/policy_dist_max_loc,1.824524074792862
524288,183.178,episode/policy_dist_max_std,2.2186468429863453
524288,183.178,episode/policy_dist_mean_loc,-0.029707391862757504
524288,183.178,episode/policy_dist_mean_std,0.7112981975078583
524288,183.178,episode/policy_dist_min_loc,-2.4798602759838104
524288,183.178,episode/policy_dist_min_std,0.0641629776218906
524288,183.178,episode/policy_loss,0.27049870043992996
524288,183.178,episode/total_loss,6.630004450678825
524288,183.178,episode/v_loss,6.473327845335007
524288,233.751,eval/walltime,106.36863899230957
524288,233.751,training/sps,5068.589730166672
524288,233.751,training/walltime,103.43863439559937
524288,233.751,training/entropy_loss,-0.11382204294204712
524288,233.751,training/kl_mean,4.572309494018555
524288,233.751,training/learning_rate,0.0003000000142492354
524288,233.751,training/policy_dist_max_loc,1.8245240449905396
524288,233.751,training/policy_dist_max_std,2.218646764755249
524288,233.751,training/policy_dist_mean_loc,-0.029707390815019608
524288,233.751,training/policy_dist_mean_std,0.7112981677055359
524288,233.751,training/policy_dist_min_loc,-2.479860305786133
524288,233.751,training/policy_dist_min_std,0.064162977039814
524288,233.751,training/policy_loss,0.27049869298934937
524288,233.751,training/total_loss,6.630004405975342
524288,233.751,training/v_loss,6.47332763671875
524288,233.751,eval/episode_reward,222.66563415527344
524288,233.751,eval/episode_reward/ctrl,-0.23745408654212952
524288,233.751,eval/episode_reward/forward,336.2945556640625
524288,233.751,eval/episode_reward/joint,-0.06264855712652206
524288,233.751,eval/episode_reward/orient,-113.328857421875
524288,233.751,eval/episode_reward/total,222.66563415527344
524288,233.751,eval/episode_state/forward_vel,-6.533598899841309
524288,233.751,eval/episode_state/up_z,790.269287109375
524288,233.751,eval/episode_reward_std,390.9471740722656
524288,233.751,eval/episode_reward/ctrl_std,0.003687507240101695
524288,233.751,eval/episode_reward/forward_std,20.639698028564453
524288,233.751,eval/episode_reward/joint_std,0.008037437684834003
524288,233.751,eval/episode_reward/orient_std,394.6430969238281
524288,233.751,eval/episode_reward/total_std,390.9471740722656
524288,233.751,eval/episode_state/forward_vel_std,12.539827346801758
524288,233.751,eval/episode_state/up_z_std,232.06275939941406
524288,233.751,eval/avg_episode_length,1000.0
524288,233.751,eval/std_episode_length,0.0
524288,233.751,eval/epoch_eval_time,50.35333824157715
524288,233.751,eval/sps,635.5090072971041
1048576,317.981,episode/sps,3889.3061469302465
1048576,317.981,episode/length,1000.0
1048576,317.981,episode/reward/ctrl,-0.2355707924067974
1048576,317.981,episode/reward/forward,335.81086669921876
1048576,317.981,episode/reward/joint,-0.06013441909104586
1048576,317.981,episode/reward/orient,-109.09522311210632
1048576,317.981,episode/reward/total,226.4199510192871
1048576,317.981,episode/state/forward_vel,-6.148667272031307
1048576,317.981,episode/state/up_z,784.5073148345947
1048576,317.981,episode/sum_reward,226.4199510192871
1048576,317.981,episode/entropy_loss,-0.11389429762493819
1048576,317.981,episode/kl_mean,2.361411744612269
1048576,317.981,episode/learning_rate,0.0003000000142492354
1048576,317.981,episode/policy_dist_max_loc,1.7642601616680622
1048576,317.981,episode/policy_dist_max_std,2.3088979367166758
1048576,317.981,episode/policy_dist_mean_loc,-0.03565822739619762
1048576,317.981,episode/policy_dist_mean_std,0.7184602543711662
1048576,317.981,episode/policy_dist_min_loc,-2.5671234726905823
1048576,317.981,episode/policy_dist_min_std,0.06388063525082543
1048576,317.981,episode/policy_loss,0.1563990460417699
1048576,317.981,episode/total_loss,10.197182200849056
1048576,317.981,episode/v_loss,10.15467743575573
1048576,351.767,eval/walltime,140.13000583648682
1048576,351.767,training/sps,6223.967094553794
1048576,351.767,training/walltime,187.67558360099792
1048576,351.767,training/entropy_loss,-0.11396655440330505
1048576,351.767,training/kl_mean,0.15051403641700745
1048576,351.767,training/learning_rate,0.0003000000142492354
1048576,351.767,training/policy_dist_max_loc,1.703996181488037
1048576,351.767,training/policy_dist_max_std,2.399148941040039
1048576,351.767,training/policy_dist_mean_loc,-0.04160906374454498
1048576,351.767,training/policy_dist_mean_std,0.725622296333313
1048576,351.767,training/policy_dist_min_loc,-2.654386520385742
1048576,351.767,training/policy_dist_min_std,0.06359829008579254
1048576,351.767,training/policy_loss,0.04229938983917236
1048576,351.767,training/total_loss,13.764360427856445
1048576,351.767,training/v_loss,13.836027145385742
1048576,351.767,eval/episode_reward,290.02484130859375
1048576,351.767,eval/episode_reward/ctrl,-0.23620156943798065
1048576,351.767,eval/episode_reward/forward,330.0289306640625
1048576,351.767,eval/episode_reward/joint,-0.060355737805366516
1048576,351.767,eval/episode_reward/orient,-39.707523345947266
1048576,351.767,eval/episode_reward/total,290.02484130859375
1048576,351.767,eval/episode_state/forward_vel,-10.471102714538574
1048576,351.767,eval/episode_state/up_z,846.4306640625
1048576,351.767,eval/episode_reward_std,38.64882278442383
1048576,351.767,eval/episode_reward/ctrl_std,0.002820426132529974
1048576,351.767,eval/episode_reward/forward_std,22.30865478515625
1048576,351.767,eval/episode_reward/joint_std,0.005537727847695351
1048576,351.767,eval/episode_reward/orient_std,25.449878692626953
1048576,351.767,eval/episode_reward/total_std,38.64882278442383
1048576,351.767,eval/episode_state/forward_vel_std,13.811060905456543
1048576,351.767,eval/episode_state/up_z_std,59.66499328613281
1048576,351.767,eval/avg_episode_length,1000.0
1048576,351.767,eval/std_episode_length,0.0
1048576,351.767,eval/epoch_eval_time,33.761366844177246
1048576,351.767,eval/sps,947.8289237427298
1572864,425.323,episode/sps,4884.257276513281
1572864,425.323,episode/length,1000.0
1572864,425.323,episode/reward/ctrl,-0.2355842861533165
1572864,425.323,episode/reward/forward,335.3534442138672
1572864,425.323,episode/reward/joint,-0.059415700137615206
1572864,425.323,episode/reward/orient,-46.07921551823616
1572864,425.323,episode/reward/total,288.97919891357424
1572864,425.323,episode/state/forward_vel,-7.278683539927005
1572864,425.323,episode/state/up_z,840.1846350097657
1572864,425.323,episode/sum_reward,288.97919891357424
1572864,425.323,episode/entropy_loss,-0.11376536210688452
1572864,425.323,episode/kl_mean,1.5764438564292504
1572864,425.323,episode/learning_rate,0.0003000000142492354
1572864,425.323,episode/policy_dist_max_loc,1.728471752256155
1572864,425.323,episode/policy_dist_max_std,2.348926485826572
1572864,425.323,episode/policy_dist_mean_loc,-0.040548243870337806
1572864,425.323,episode/policy_dist_mean_std,0.7242656368762255
1572864,425.323,episode/policy_dist_min_loc,-2.547541399796804
1572864,425.323,episode/policy_dist_min_std,0.06991082538540165
1572864,425.323,episode/policy_loss,0.10373361114155462
1572864,425.323,episode/total_loss,7.895408981790145
1572864,425.323,episode/v_loss,7.905440737803777
1572864,458.922,eval/walltime,173.70140075683594
1572864,458.922,training/sps,7127.077862511936
1572864,458.922,training/walltime,261.2384111881256
1572864,458.922,training/entropy_loss,-0.11350748687982559
1572864,458.922,training/kl_mean,0.006508079823106527
1572864,458.922,training/learning_rate,0.0003000000142492354
1572864,458.922,training/policy_dist_max_loc,1.6568949222564697
1572864,458.922,training/policy_dist_max_std,2.428983688354492
1572864,458.922,training/policy_dist_mean_loc,-0.05032827705144882
1572864,458.922,training/policy_dist_mean_std,0.7358764410018921
1572864,458.922,training/policy_dist_min_loc,-2.5083773136138916
1572864,458.922,training/policy_dist_min_std,0.08197121322154999
1572864,458.922,training/policy_loss,-0.0015972587279975414
1572864,458.922,training/total_loss,3.2918624877929688
1572864,458.922,training/v_loss,3.4069671630859375
1572864,458.922,eval/episode_reward,332.98858642578125
1572864,458.922,eval/episode_reward/ctrl,-0.23685681819915771
1572864,458.922,eval/episode_reward/forward,344.1288757324219
1572864,458.922,eval/episode_reward/joint,-0.062480680644512177
1572864,458.922,eval/episode_reward/orient,-10.84095573425293
1572864,458.922,eval/episode_reward/total,332.98858642578125
1572864,458.922,eval/episode_state/forward_vel,-2.0297389030456543
1572864,458.922,eval/episode_state/up_z,929.8400268554688
1572864,458.922,eval/episode_reward_std,20.238834381103516
1572864,458.922,eval/episode_reward/ctrl_std,0.002252421574667096
1572864,458.922,eval/episode_reward/forward_std,17.551679611206055
1572864,458.922,eval/episode_reward/joint_std,0.004901164211332798
1572864,458.922,eval/episode_reward/orient_std,10.832296371459961
1572864,458.922,eval/episode_reward/total_std,20.238834381103516
1572864,458.922,eval/episode_state/forward_vel_std,10.724201202392578
1572864,458.922,eval/episode_state/up_z_std,40.441444396972656
1572864,458.922,eval/avg_episode_length,1000.0
1572864,458.922,eval/std_episode_length,0.0
1572864,458.922,eval/epoch_eval_time,33.57139492034912
1572864,458.922,eval/sps,953.1924448156717
2097152,532.993,episode/sps,4869.407590412427
2097152,532.993,episode/length,1000.0
2097152,532.993,episode/reward/ctrl,-0.23665647193789482
2097152,532.993,episode/reward/forward,342.49276153564455
2097152,532.993,episode/reward/joint,-0.06253464642912149
2097152,532.993,episode/reward/orient,-34.622599496245385
2097152,532.993,episode/reward/total,307.57097259521487
2097152,532.993,episode/state/forward_vel,-2.4453374630212785
2097152,532.993,episode/state/up_z,904.1491320800782
2097152,532.993,episode/sum_reward,307.57097259521487
2097152,532.993,episode/entropy_loss,-0.11361184172332287
2097152,532.993,episode/kl_mean,0.2317210270999931
2097152,532.993,episode/learning_rate,0.0003000000142492354
2097152,532.993,episode/policy_dist_max_loc,1.6822673511505126
2097152,532.993,episode/policy_dist_max_std,2.395849380493164
2097152,532.993,episode/policy_dist_mean_loc,-0.05017637997865677
2097152,532.993,episode/policy_dist_mean_std,0.7316716521978378
2097152,532.993,episode/policy_dist_min_loc,-2.5357570910453795
2097152,532.993,episode/policy_dist_min_std,0.07521520506590605
2097152,532.993,episode/policy_loss,0.023210449442558456
2097152,532.993,episode/total_loss,6.584680147767067
2097152,532.993,episode/v_loss,6.675081518292427
2097152,566.532,eval/walltime,207.2152075767517
2097152,566.532,training/sps,7077.507122215781
2097152,566.532,training/walltime,335.3164715766907
2097152,566.532,training/entropy_loss,-0.11342114210128784
2097152,566.532,training/kl_mean,0.004447749815881252
2097152,566.532,training/learning_rate,0.0003000000142492354
2097152,566.532,training/policy_dist_max_loc,1.642324686050415
2097152,566.532,training/policy_dist_max_std,2.357389450073242
2097152,566.532,training/policy_dist_mean_loc,-0.06036042422056198
2097152,566.532,training/policy_dist_mean_std,0.7355388402938843
2097152,566.532,training/policy_dist_min_loc,-2.4208168983459473
2097152,566.532,training/policy_dist_min_std,0.08336275815963745
2097152,566.532,training/policy_loss,-0.0022315196692943573
2097152,566.532,training/total_loss,2.6278939247131348
2097152,566.532,training/v_loss,2.743546724319458
2097152,566.532,eval/episode_reward,327.0120849609375
2097152,566.532,eval/episode_reward/ctrl,-0.23664593696594238
2097152,566.532,eval/episode_reward/forward,352.64324951171875
2097152,566.532,eval/episode_reward/joint,-0.06581489741802216
2097152,566.532,eval/episode_reward/orient,-25.32879066467285
2097152,566.532,eval/episode_reward/total,327.0120849609375
2097152,566.532,eval/episode_state/forward_vel,3.8513107299804688
2097152,566.532,eval/episode_state/up_z,941.299560546875
2097152,566.532,eval/episode_reward_std,113.6446533203125
2097152,566.532,eval/episode_reward/ctrl_std,0.0026388762053102255
2097152,566.532,eval/episode_reward/forward_std,16.336122512817383
2097152,566.532,eval/episode_reward/joint_std,0.005363240372389555
2097152,566.532,eval/episode_reward/orient_std,112.27521514892578
2097152,566.532,eval/episode_reward/total_std,113.6446533203125
2097152,566.532,eval/episode_state/forward_vel_std,10.306689262390137
2097152,566.532,eval/episode_state/up_z_std,68.23582458496094
2097152,566.532,eval/avg_episode_length,1000.0
2097152,566.532,eval/std_episode_length,0.0
2097152,566.532,eval/epoch_eval_time,33.51380681991577
2097152,566.532,eval/sps,954.8303531123721
2621440,636.286,episode/sps,5075.736669520386
2621440,636.286,episode/length,1000.0
2621440,636.286,episode/reward/ctrl,-0.23655203849077225
2621440,636.286,episode/reward/forward,345.99909149169923
2621440,636.286,episode/reward/joint,-0.06535522270947695
2621440,636.286,episode/reward/orient,-5.33717781662941
2621440,636.286,episode/reward/total,340.3599932861328
2621440,636.286,episode/state/forward_vel,-0.5514358680695295
2621440,636.286,episode/state/up_z,951.391685180664
2621440,636.286,episode/sum_reward,340.3599932861328
2621440,636.286,episode/entropy_loss,-0.11334811091423035
2621440,636.286,episode/kl_mean,0.008182437451323495
2621440,636.286,episode/learning_rate,0.0003000000142492354
2621440,636.286,episode/policy_dist_max_loc,1.6711166608333587
2621440,636.286,episode/policy_dist_max_std,2.3463129210472107
2621440,636.286,episode/policy_dist_mean_loc,-0.059852124080061915
2621440,636.286,episode/policy_dist_mean_std,0.7349767160415649
2621440,636.286,episode/policy_dist_min_loc,-2.475731635093689
2621440,636.286,episode/policy_dist_min_std,0.08121294226497412
2621440,636.286,episode/policy_loss,-0.0007169733342016116
2621440,636.286,episode/total_loss,3.07635244846344
2621440,636.286,episode/v_loss,3.190417543053627
2621440,665.662,eval/walltime,236.56704258918762
2621440,665.662,training/sps,7515.456653240549
2621440,665.662,training/walltime,405.0777680873871
2621440,665.662,training/entropy_loss,-0.11307356506586075
2621440,665.662,training/kl_mean,0.004239676054567099
2621440,665.662,training/learning_rate,0.0003000000142492354
2621440,665.662,training/policy_dist_max_loc,1.7082613706588745
2621440,665.662,training/policy_dist_max_std,2.2476840019226074
2621440,665.662,training/policy_dist_mean_loc,-0.0706879124045372
2621440,665.662,training/policy_dist_mean_std,0.7338166832923889
2621440,665.662,training/policy_dist_min_loc,-2.471970558166504
2621440,665.662,training/policy_dist_min_std,0.07997055351734161
2621440,665.662,training/policy_loss,-0.0014770543202757835
2621440,665.662,training/total_loss,2.356569766998291
2621440,665.662,training/v_loss,2.4711201190948486
2621440,665.662,eval/episode_reward,349.3221435546875
2621440,665.662,eval/episode_reward/ctrl,-0.236319899559021
2621440,665.662,eval/episode_reward/forward,352.38299560546875
2621440,665.662,eval/episode_reward/joint,-0.07262175530195236
2621440,665.662,eval/episode_reward/orient,-2.751880407333374
2621440,665.662,eval/episode_reward/total,349.3221435546875
2621440,665.662,eval/episode_state/forward_vel,3.764183759689331
2621440,665.662,eval/episode_state/up_z,963.8444213867188
2621440,665.662,eval/episode_reward_std,15.641757011413574
2621440,665.662,eval/episode_reward/ctrl_std,0.002086915308609605
2621440,665.662,eval/episode_reward/forward_std,15.008010864257812
2621440,665.662,eval/episode_reward/joint_std,0.004459175281226635
2621440,665.662,eval/episode_reward/orient_std,1.558869481086731
2621440,665.662,eval/episode_reward/total_std,15.641757011413574
2621440,665.662,eval/episode_state/forward_vel_std,9.060171127319336
2621440,665.662,eval/episode_state/up_z_std,8.330945014953613
2621440,665.662,eval/avg_episode_length,1000.0
2621440,665.662,eval/std_episode_length,0.0
2621440,665.662,eval/epoch_eval_time,29.351835012435913
2621440,665.662,eval/sps,1090.2214456589204
3145728,740.402,episode/sps,5035.621240039487
3145728,740.402,episode/length,1000.0
3145728,740.402,episode/reward/ctrl,-0.23564585641026498
3145728,740.402,episode/reward/forward,346.9342388916016
3145728,740.402,episode/reward/joint,-0.0703665166348219
3145728,740.402,episode/reward/orient,-35.073302159309385
3145728,740.402,episode/reward/total,311.5549255371094
3145728,740.402,episode/state/forward_vel,0.7568933345377445
3145728,740.402,episode/state/up_z,945.3874090576172
3145728,740.402,episode/sum_reward,311.5549255371094
3145728,740.402,episode/entropy_loss,-0.11315279386937618
3145728,740.402,episode/kl_mean,0.003989468987565487
3145728,740.402,episode/learning_rate,0.0003000000142492354
3145728,740.402,episode/policy_dist_max_loc,1.6766863000392913
3145728,740.402,episode/policy_dist_max_std,2.3321333146095276
3145728,740.402,episode/policy_dist_mean_loc,-0.06814758576452733
3145728,740.402,episode/policy_dist_mean_std,0.7343643069267273
3145728,740.402,episode/policy_dist_min_loc,-2.4336244583129885
3145728,740.402,episode/policy_dist_min_std,0.08305609792470932
3145728,740.402,episode/policy_loss,-0.001557291535573313
3145728,740.402,episode/total_loss,2.549161853194237
3145728,740.402,episode/v_loss,2.6638719350099564
3145728,773.849,eval/walltime,269.9883499145508
3145728,773.849,training/sps,7014.254356514007
3145728,773.849,training/walltime,479.8238456249237
3145728,773.849,training/entropy_loss,-0.11292633414268494
3145728,773.849,training/kl_mean,0.0027231797575950623
3145728,773.849,training/learning_rate,0.0003000000142492354
3145728,773.849,training/policy_dist_max_loc,1.6833586692810059
3145728,773.849,training/policy_dist_max_std,2.387653350830078
3145728,773.849,training/policy_dist_mean_loc,-0.075079046189785
3145728,773.849,training/policy_dist_mean_std,0.7334020137786865
3145728,773.849,training/policy_dist_min_loc,-2.4048821926116943
3145728,773.849,training/policy_dist_min_std,0.08533447980880737
3145728,773.849,training/policy_loss,-0.0005319285555742681
3145728,773.849,training/total_loss,2.6148834228515625
3145728,773.849,training/v_loss,2.728341579437256
3145728,773.849,eval/episode_reward,344.6407470703125
3145728,773.849,eval/episode_reward/ctrl,-0.23561543226242065
3145728,773.849,eval/episode_reward/forward,348.6496887207031
3145728,773.849,eval/episode_reward/joint,-0.07228432595729828
3145728,773.849,eval/episode_reward/orient,-3.70102858543396
3145728,773.849,eval/episode_reward/total,344.6407470703125
3145728,773.849,eval/episode_state/forward_vel,2.2566139698028564
3145728,773.849,eval/episode_state/up_z,958.82275390625
3145728,773.849,eval/episode_reward_std,27.585580825805664
3145728,773.849,eval/episode_reward/ctrl_std,0.0021576399449259043
3145728,773.849,eval/episode_reward/forward_std,25.31391716003418
3145728,773.849,eval/episode_reward/joint_std,0.005214559845626354
3145728,773.849,eval/episode_reward/orient_std,3.450179100036621
3145728,773.849,eval/episode_reward/total_std,27.585580825805664
3145728,773.849,eval/episode_state/forward_vel_std,14.977922439575195
3145728,773.849,eval/episode_state/up_z_std,9.353801727294922
3145728,773.849,eval/avg_episode_length,1000.0
3145728,773.849,eval/std_episode_length,0.0
3145728,773.849,eval/epoch_eval_time,33.42130732536316
3145728,773.849,eval/sps,957.4730182896066
3670016,849.417,episode/sps,4809.29588473512
3670016,849.417,episode/length,1000.0
3670016,849.417,episode/reward/ctrl,-0.23563867598772048
3670016,849.417,episode/reward/forward,352.2599105834961
3670016,849.417,episode/reward/joint,-0.07137540794909
3670016,849.417,episode/reward/orient,-3.1313809996843336
3670016,849.417,episode/reward/total,348.82151916503904
3670016,849.417,episode/state/forward_vel,4.1068283075094225
3670016,849.417,episode/state/up_z,960.3159228515625
3670016,849.417,episode/sum_reward,348.82151916503904
3670016,849.417,episode/entropy_loss,-0.11309060916304588
3670016,849.417,episode/kl_mean,0.0033349865616764873
3670016,849.417,episode/learning_rate,0.0003000000142492354
3670016,849.417,episode/policy_dist_max_loc,1.6648411810398103
3670016,849.417,episode/policy_dist_max_std,2.32438595533371
3670016,849.417,episode/policy_dist_mean_loc,-0.07273620009422302
3670016,849.417,episode/policy_dist_mean_std,0.7336706286668777
3670016,849.417,episode/policy_dist_min_loc,-2.406386787891388
3670016,849.417,episode/policy_dist_min_std,0.08482737138867379
3670016,849.417,episode/policy_loss,-0.0010290356770565267
3670016,849.417,episode/total_loss,4.2260208928585055
3670016,849.417,episode/v_loss,4.340140545964241
3670016,884.071,eval/walltime,304.6162121295929
3670016,884.071,training/sps,6937.2221867155595
3670016,884.071,training/walltime,555.3999171257019
3670016,884.071,training/entropy_loss,-0.11324834823608398
3670016,884.071,training/kl_mean,0.0027382569387555122
3670016,884.071,training/learning_rate,0.0003000000142492354
3670016,884.071,training/policy_dist_max_loc,1.608109712600708
3670016,884.071,training/policy_dist_max_std,2.33244252204895
3670016,884.071,training/policy_dist_mean_loc,-0.07356434315443039
3670016,884.071,training/policy_dist_mean_std,0.7334105968475342
3670016,884.071,training/policy_dist_min_loc,-2.3467636108398438
3670016,884.071,training/policy_dist_min_std,0.08926056325435638
3670016,884.071,training/policy_loss,-0.0007686491589993238
3670016,884.071,training/total_loss,8.028722763061523
3670016,884.071,training/v_loss,8.142739295959473
3670016,884.071,eval/episode_reward,347.3533630371094
3670016,884.071,eval/episode_reward/ctrl,-0.23607221245765686
3670016,884.071,eval/episode_reward/forward,350.9261474609375
3670016,884.071,eval/episode_reward/joint,-0.07397106289863586
3670016,884.071,eval/episode_reward/orient,-3.2627220153808594
3670016,884.071,eval/episode_reward/total,347.3533630371094
3670016,884.071,eval/episode_state/forward_vel,2.9119486808776855
3670016,884.071,eval/episode_state/up_z,957.7534790039062
3670016,884.071,eval/episode_reward_std,20.2690372467041
3670016,884.071,eval/episode_reward/ctrl_std,0.0022516443859785795
3670016,884.071,eval/episode_reward/forward_std,20.66276741027832
3670016,884.071,eval/episode_reward/joint_std,0.007266116328537464
3670016,884.071,eval/episode_reward/orient_std,1.8744027614593506
3670016,884.071,eval/episode_reward/total_std,20.2690372467041
3670016,884.071,eval/episode_state/forward_vel_std,12.407469749450684
3670016,884.071,eval/episode_state/up_z_std,9.834157943725586
3670016,884.071,eval/avg_episode_length,1000.0
3670016,884.071,eval/std_episode_length,0.0
3670016,884.071,eval/epoch_eval_time,34.627862215042114
3670016,884.071,eval/sps,924.1113355851177
4194304,959.700,episode/sps,4754.043328062608
4194304,959.700,episode/length,1000.0
4194304,959.700,episode/reward/ctrl,-0.23579253047704696
4194304,959.700,episode/reward/forward,353.348134765625
4194304,959.700,episode/reward/joint,-0.07311928164213896
4194304,959.700,episode/reward/orient,-40.35488748431206
4194304,959.700,episode/reward/total,312.6843437385559
4194304,959.700,episode/state/forward_vel,5.176423988342285
4194304,959.700,episode/state/up_z,939.4405969238281
4194304,959.700,episode/sum_reward,312.6843437385559
4194304,959.700,episode/entropy_loss,-0.1131632076203823
4194304,959.700,episode/kl_mean,0.0031437467888463288
4194304,959.700,episode/learning_rate,0.0003000000142492354
4194304,959.700,episode/policy_dist_max_loc,1.6547713935375215
4194304,959.700,episode/policy_dist_max_std,2.366257543563843
4194304,959.700,episode/policy_dist_mean_loc,-0.07550942406058311
4194304,959.700,episode/policy_dist_mean_std,0.7337796628475189
4194304,959.700,episode/policy_dist_min_loc,-2.357438275814056
4194304,959.700,episode/policy_dist_min_std,0.08582116145640611
4194304,959.700,episode/policy_loss,-0.0008507862834085245
4194304,959.700,episode/total_loss,5.605599827170372
4194304,959.700,episode/v_loss,5.7196138042211535
4194304,994.591,eval/walltime,339.48132061958313
4194304,994.591,training/sps,6931.614687914126
4194304,994.591,training/walltime,631.0371277332306
4194304,994.591,training/entropy_loss,-0.11331334710121155
4194304,994.591,training/kl_mean,0.0035622348077595234
4194304,994.591,training/learning_rate,0.0003000000142492354
4194304,994.591,training/policy_dist_max_loc,1.6738078594207764
4194304,994.591,training/policy_dist_max_std,2.381330728530884
4194304,994.591,training/policy_dist_mean_loc,-0.07827980071306229
4194304,994.591,training/policy_dist_mean_std,0.734493613243103
4194304,994.591,training/policy_dist_min_loc,-2.3047542572021484
4194304,994.591,training/policy_dist_min_std,0.08271557092666626
4194304,994.591,training/policy_loss,-0.0010412042029201984
4194304,994.591,training/total_loss,6.676400184631348
4194304,994.591,training/v_loss,6.790754318237305
4194304,994.591,eval/episode_reward,352.14788818359375
4194304,994.591,eval/episode_reward/ctrl,-0.2364712804555893
4194304,994.591,eval/episode_reward/forward,356.9800109863281
4194304,994.591,eval/episode_reward/joint,-0.07706106454133987
4194304,994.591,eval/episode_reward/orient,-4.518657684326172
4194304,994.591,eval/episode_reward/total,352.14788818359375
4194304,994.591,eval/episode_state/forward_vel,7.209125518798828
4194304,994.591,eval/episode_state/up_z,949.0503540039062
4194304,994.591,eval/episode_reward_std,21.407312393188477
4194304,994.591,eval/episode_reward/ctrl_std,0.00182379933539778
4194304,994.591,eval/episode_reward/forward_std,21.325437545776367
4194304,994.591,eval/episode_reward/joint_std,0.005608128849416971
4194304,994.591,eval/episode_reward/orient_std,2.3403067588806152
4194304,994.591,eval/episode_reward/total_std,21.407312393188477
4194304,994.591,eval/episode_state/forward_vel_std,13.243656158447266
4194304,994.591,eval/episode_state/up_z_std,13.468257904052734
4194304,994.591,eval/avg_episode_length,1000.0
4194304,994.591,eval/std_episode_length,0.0
4194304,994.591,eval/epoch_eval_time,34.865108489990234
4194304,994.591,eval/sps,917.8230438946488
4718592,1069.972,episode/sps,4754.511986542987
4718592,1069.972,episode/length,1000.0
4718592,1069.972,episode/reward/ctrl,-0.23649284690618516
4718592,1069.972,episode/reward/forward,356.6046533203125
4718592,1069.972,episode/reward/joint,-0.07628302462399006
4718592,1069.972,episode/reward/orient,-8.123615541458129
4718592,1069.972,episode/reward/total,348.1682355976105
4718592,1069.972,episode/state/forward_vel,7.419780394732952
4718592,1069.972,episode/state/up_z,950.0779467773438
4718592,1069.972,episode/sum_reward,348.1682355976105
4718592,1069.972,episode/entropy_loss,-0.11322129338979721
4718592,1069.972,episode/kl_mean,0.002976760222809389
4718592,1069.972,episode/learning_rate,0.0003000000142492354
4718592,1069.972,episode/policy_dist_max_loc,1.6689842808246613
4718592,1069.972,episode/policy_dist_max_std,2.3283352637290955
4718592,1069.972,episode/policy_dist_mean_loc,-0.07696141332387924
4718592,1069.972,episode/policy_dist_mean_std,0.7343515914678573
4718592,1069.972,episode/policy_dist_min_loc,-2.322736048698425
4718592,1069.972,episode/policy_dist_min_std,0.08668054897338152
4718592,1069.972,episode/policy_loss,-0.0008829109997896011
4718592,1069.972,episode/total_loss,5.955128303766251
4718592,1069.972,episode/v_loss,6.0692324805259705
4718592,1105.202,eval/walltime,374.6838252544403
4718592,1105.202,training/sps,6954.457618990428
4718592,1105.202,training/walltime,706.4258968830109
4718592,1105.202,training/entropy_loss,-0.11313328146934509
4718592,1105.202,training/kl_mean,0.0025120428763329983
4718592,1105.202,training/learning_rate,0.0003000000142492354
4718592,1105.202,training/policy_dist_max_loc,1.7224559783935547
4718592,1105.202,training/policy_dist_max_std,2.279200553894043
4718592,1105.202,training/policy_dist_mean_loc,-0.07930584251880646
4718592,1105.202,training/policy_dist_mean_std,0.7352101802825928
4718592,1105.202,training/policy_dist_min_loc,-2.305466651916504
4718592,1105.202,training/policy_dist_min_std,0.08859144151210785
4718592,1105.202,training/policy_loss,-0.0008174808463081717
4718592,1105.202,training/total_loss,3.486570358276367
4718592,1105.202,training/v_loss,3.6005210876464844
4718592,1105.202,eval/episode_reward,356.13372802734375
4718592,1105.202,eval/episode_reward/ctrl,-0.23700033128261566
4718592,1105.202,eval/episode_reward/forward,360.7522277832031
4718592,1105.202,eval/episode_reward/joint,-0.08027299493551254
4718592,1105.202,eval/episode_reward/orient,-4.301293849945068
4718592,1105.202,eval/episode_reward/total,356.13372802734375
4718592,1105.202,eval/episode_state/forward_vel,9.095447540283203
4718592,1105.202,eval/episode_state/up_z,949.9320068359375
4718592,1105.202,eval/episode_reward_std,17.60173797607422
4718592,1105.202,eval/episode_reward/ctrl_std,0.00220037461258471
4718592,1105.202,eval/episode_reward/forward_std,16.985946655273438
4718592,1105.202,eval/episode_reward/joint_std,0.006301229819655418
4718592,1105.202,eval/episode_reward/orient_std,2.266244411468506
4718592,1105.202,eval/episode_reward/total_std,17.60173797607422
4718592,1105.202,eval/episode_state/forward_vel_std,10.37697696685791
4718592,1105.202,eval/episode_state/up_z_std,10.44012451171875
4718592,1105.202,eval/avg_episode_length,1000.0
4718592,1105.202,eval/std_episode_length,0.0
4718592,1105.202,eval/epoch_eval_time,35.20250463485718
4718592,1105.202,eval/sps,909.0262278756697
5242880,1181.276,episode/sps,4710.384928423699
5242880,1181.276,episode/length,1000.0
5242880,1181.276,episode/reward/ctrl,-0.23697314962744712
5242880,1181.276,episode/reward/forward,360.35613525390625
5242880,1181.276,episode/reward/joint,-0.07872884780168533
5242880,1181.276,episode/reward/orient,-7.052940002679825
5242880,1181.276,episode/reward/total,352.98752029418944
5242880,1181.276,episode/state/forward_vel,9.166692161262036
5242880,1181.276,episode/state/up_z,945.1058074951172
5242880,1181.276,episode/sum_reward,352.98752029418944
5242880,1181.276,episode/entropy_loss,-0.11318733148276806
5242880,1181.276,episode/kl_mean,0.0029431864956859497
5242880,1181.276,episode/learning_rate,0.0003000000142492354
5242880,1181.276,episode/policy_dist_max_loc,1.6804858756065368
5242880,1181.276,episode/policy_dist_max_std,2.310673760175705
5242880,1181.276,episode/policy_dist_mean_loc,-0.0802353148162365
5242880,1181.276,episode/policy_dist_mean_std,0.7353052878379822
5242880,1181.276,episode/policy_dist_min_loc,-2.2758216738700865
5242880,1181.276,episode/policy_dist_min_std,0.08610454421490431
5242880,1181.276,episode/policy_loss,-0.0008766341317095794
5242880,1181.276,episode/total_loss,6.260053485631943
5242880,1181.276,episode/v_loss,6.374117426872253
5242880,1214.245,eval/walltime,407.62561869621277
5242880,1214.245,training/sps,6891.163942672791
5242880,1214.245,training/walltime,782.507093667984
5242880,1214.245,training/entropy_loss,-0.1131160631775856
5242880,1214.245,training/kl_mean,0.0025768736377358437
5242880,1214.245,training/learning_rate,0.0003000000142492354
5242880,1214.245,training/policy_dist_max_loc,1.6492118835449219
5242880,1214.245,training/policy_dist_max_std,2.27009654045105
5242880,1214.245,training/policy_dist_mean_loc,-0.08364798128604889
5242880,1214.245,training/policy_dist_mean_std,0.7362638115882874
5242880,1214.245,training/policy_dist_min_loc,-2.2089037895202637
5242880,1214.245,training/policy_dist_min_std,0.08634883165359497
5242880,1214.245,training/policy_loss,-0.0006306929863058031
5242880,1214.245,training/total_loss,8.492059707641602
5242880,1214.245,training/v_loss,8.605806350708008
5242880,1214.245,eval/episode_reward,252.30670166015625
5242880,1214.245,eval/episode_reward/ctrl,-0.23861375451087952
5242880,1214.245,eval/episode_reward/forward,360.214111328125
5242880,1214.245,eval/episode_reward/joint,-0.0824412852525711
5242880,1214.245,eval/episode_reward/orient,-107.58650207519531
5242880,1214.245,eval/episode_reward/total,252.30670166015625
5242880,1214.245,eval/episode_state/forward_vel,9.725107192993164
5242880,1214.245,eval/episode_state/up_z,891.2762451171875
5242880,1214.245,eval/episode_reward_std,572.2545166015625
5242880,1214.245,eval/episode_reward/ctrl_std,0.0021853421349078417
5242880,1214.245,eval/episode_reward/forward_std,26.564197540283203
5242880,1214.245,eval/episode_reward/joint_std,0.005781689193099737
5242880,1214.245,eval/episode_reward/orient_std,563.4195556640625
5242880,1214.245,eval/episode_reward/total_std,572.2545166015625
5242880,1214.245,eval/episode_state/forward_vel_std,15.483689308166504
5242880,1214.245,eval/episode_state/up_z_std,297.99468994140625
5242880,1214.245,eval/avg_episode_length,1000.0
5242880,1214.245,eval/std_episode_length,0.0
5242880,1214.245,eval/epoch_eval_time,32.94179344177246
5242880,1214.245,eval/sps,971.4103774150256
5767168,1289.572,episode/sps,4841.281775367232
5767168,1289.572,episode/length,1000.0
5767168,1289.572,episode/reward/ctrl,-0.23811787962913514
5767168,1289.572,episode/reward/forward,358.7851351928711
5767168,1289.572,episode/reward/joint,-0.08110656380653382
5767168,1289.572,episode/reward/orient,-38.46712960124016
5767168,1289.572,episode/reward/total,319.99879364013674
5767168,1289.572,episode/state/forward_vel,8.87193623572588
5767168,1289.572,episode/state/up_z,931.4870208740234
5767168,1289.572,episode/sum_reward,319.99879364013674
5767168,1289.572,episode/entropy_loss,-0.11306534484028816
5767168,1289.572,episode/kl_mean,0.0029735112824710087
5767168,1289.572,episode/learning_rate,0.0003000000142492354
5767168,1289.572,episode/policy_dist_max_loc,1.6949138402938844
5767168,1289.572,episode/policy_dist_max_std,2.284207867383957
5767168,1289.572,episode/policy_dist_mean_loc,-0.08325241699814796
5767168,1289.572,episode/policy_dist_mean_std,0.7366209203004837
5767168,1289.572,episode/policy_dist_min_loc,-2.273167692422867
5767168,1289.572,episode/policy_dist_min_std,0.08739626862108707
5767168,1289.572,episode/policy_loss,-0.0009163726265251171
5767168,1289.572,episode/total_loss,5.686098995208741
5767168,1289.572,episode/v_loss,5.800080722570419
5767168,1324.301,eval/walltime,442.3306589126587
5767168,1324.301,training/sps,6959.574611852979
5767168,1324.301,training/walltime,857.8404335975647
5767168,1324.301,training/entropy_loss,-0.11291318386793137
5767168,1324.301,training/kl_mean,0.0035700974985957146
5767168,1324.301,training/learning_rate,0.0003000000142492354
5767168,1324.301,training/policy_dist_max_loc,1.7100837230682373
5767168,1324.301,training/policy_dist_max_std,2.293994903564453
5767168,1324.301,training/policy_dist_mean_loc,-0.08731836080551147
5767168,1324.301,training/policy_dist_mean_std,0.7385919690132141
5767168,1324.301,training/policy_dist_min_loc,-2.3038153648376465
5767168,1324.301,training/policy_dist_min_std,0.0870143324136734
5767168,1324.301,training/policy_loss,-0.0011623502941802144
5767168,1324.301,training/total_loss,5.168216705322266
5767168,1324.301,training/v_loss,5.282292366027832
5767168,1324.301,eval/episode_reward,357.7979736328125
5767168,1324.301,eval/episode_reward/ctrl,-0.24018023908138275
5767168,1324.301,eval/episode_reward/forward,362.5487976074219
5767168,1324.301,eval/episode_reward/joint,-0.08613727986812592
5767168,1324.301,eval/episode_reward/orient,-4.424516201019287
5767168,1324.301,eval/episode_reward/total,357.7979736328125
5767168,1324.301,eval/episode_state/forward_vel,10.928465843200684
5767168,1324.301,eval/episode_state/up_z,951.7439575195312
5767168,1324.301,eval/episode_reward_std,16.133228302001953
5767168,1324.301,eval/episode_reward/ctrl_std,0.0026645963080227375
5767168,1324.301,eval/episode_reward/forward_std,16.010757446289062
5767168,1324.301,eval/episode_reward/joint_std,0.005742773879319429
5767168,1324.301,eval/episode_reward/orient_std,2.1700246334075928
5767168,1324.301,eval/episode_reward/total_std,16.133228302001953
5767168,1324.301,eval/episode_state/forward_vel_std,11.113101959228516
5767168,1324.301,eval/episode_state/up_z_std,8.412534713745117
5767168,1324.301,eval/avg_episode_length,1000.0
5767168,1324.301,eval/std_episode_length,0.0
5767168,1324.301,eval/epoch_eval_time,34.70504021644592
5767168,1324.301,eval/sps,922.0562719542949
6291456,1401.110,episode/sps,4700.516864682655
6291456,1401.110,episode/length,1000.0
6291456,1401.110,episode/reward/ctrl,-0.23957303896546364
6291456,1401.110,episode/reward/forward,358.4519955444336
6291456,1401.110,episode/reward/joint,-0.08482088387012482
6291456,1401.110,episode/reward/orient,-18.498827896118165
6291456,1401.110,episode/reward/total,339.6287564086914
6291456,1401.110,episode/state/forward_vel,8.449477060437202
6291456,1401.110,episode/state/up_z,943.3744540405273
6291456,1401.110,episode/sum_reward,339.6287564086914
6291456,1401.110,episode/entropy_loss,-0.11287954285740852
6291456,1401.110,episode/kl_mean,0.003121634403942153
6291456,1401.110,episode/learning_rate,0.0003000000142492354
6291456,1401.110,episode/policy_dist_max_loc,1.7060133111476898
6291456,1401.110,episode/policy_dist_max_std,2.285897182226181
6291456,1401.110,episode/policy_dist_mean_loc,-0.08670908115804195
6291456,1401.110,episode/policy_dist_mean_std,0.7389195692539215
6291456,1401.110,episode/policy_dist_min_loc,-2.2762914514541626
6291456,1401.110,episode/policy_dist_min_std,0.08720819901674987
6291456,1401.110,episode/policy_loss,-0.001046252042724518
6291456,1401.110,episode/total_loss,5.973646655678749
6291456,1401.110,episode/v_loss,6.087572476863861
6291456,1435.804,eval/walltime,476.99803948402405
6291456,1435.804,training/sps,6825.190130287249
6291456,1435.804,training/walltime,934.6570482254028
6291456,1435.804,training/entropy_loss,-0.11259295046329498
6291456,1435.804,training/kl_mean,0.003082150360569358
6291456,1435.804,training/learning_rate,0.0003000000142492354
6291456,1435.804,training/policy_dist_max_loc,1.7581197023391724
6291456,1435.804,training/policy_dist_max_std,2.2847890853881836
6291456,1435.804,training/policy_dist_mean_loc,-0.0896482765674591
6291456,1435.804,training/policy_dist_mean_std,0.7422423362731934
6291456,1435.804,training/policy_dist_min_loc,-2.3102335929870605
6291456,1435.804,training/policy_dist_min_std,0.08709362149238586
6291456,1435.804,training/policy_loss,-0.0012345744762569666
6291456,1435.804,training/total_loss,4.482259750366211
6291456,1435.804,training/v_loss,4.596087455749512
6291456,1435.804,eval/episode_reward,353.8270263671875
6291456,1435.804,eval/episode_reward/ctrl,-0.24187280237674713
6291456,1435.804,eval/episode_reward/forward,357.5766296386719
6291456,1435.804,eval/episode_reward/joint,-0.08699102699756622
6291456,1435.804,eval/episode_reward/orient,-3.4206838607788086
6291456,1435.804,eval/episode_reward/total,353.8270263671875
6291456,1435.804,eval/episode_state/forward_vel,7.457140922546387
6291456,1435.804,eval/episode_state/up_z,955.0520629882812
6291456,1435.804,eval/episode_reward_std,15.271196365356445
6291456,1435.804,eval/episode_reward/ctrl_std,0.0025497411843389273
6291456,1435.804,eval/episode_reward/forward_std,15.411009788513184
6291456,1435.804,eval/episode_reward/joint_std,0.004660582169890404
6291456,1435.804,eval/episode_reward/orient_std,2.0118422508239746
6291456,1435.804,eval/episode_reward/total_std,15.271196365356445
6291456,1435.804,eval/episode_state/forward_vel_std,9.275677680969238
6291456,1435.804,eval/episode_state/up_z_std,8.439552307128906
6291456,1435.804,eval/avg_episode_length,1000.0
6291456,1435.804,eval/std_episode_length,0.0
6291456,1435.804,eval/epoch_eval_time,34.667380571365356
6291456,1435.804,eval/sps,923.0579141716705
6815744,1512.751,episode/sps,4696.187606356425
6815744,1512.751,episode/length,1000.0
6815744,1512.751,episode/reward/ctrl,-0.24155475795269013
6815744,1512.751,episode/reward/forward,359.42558013916016
6815744,1512.751,episode/reward/joint,-0.08788448117673398
6815744,1512.751,episode/reward/orient,-4.957038687467575
6815744,1512.751,episode/reward/total,354.13909301757815
6815744,1512.751,episode/state/forward_vel,8.875550111234189
6815744,1512.751,episode/state/up_z,951.952919921875
6815744,1512.751,episode/sum_reward,354.13909301757815
6815744,1512.751,episode/entropy_loss,-0.11268597498536109
6815744,1512.751,episode/kl_mean,0.0032231358031276614
6815744,1512.751,episode/learning_rate,0.0003000000142492354
6815744,1512.751,episode/policy_dist_max_loc,1.7222007298469544
6815744,1512.751,episode/policy_dist_max_std,2.3322947812080383
6815744,1512.751,episode/policy_dist_mean_loc,-0.08888585321605205
6815744,1512.751,episode/policy_dist_mean_std,0.7421255183219909
6815744,1512.751,episode/policy_dist_min_loc,-2.274724358320236
6815744,1512.751,episode/policy_dist_min_std,0.08583469424396753
6815744,1512.751,episode/policy_loss,-0.0011182334677141625
6815744,1512.751,episode/total_loss,4.459471810460091
6815744,1512.751,episode/v_loss,4.5732760334014895
6815744,1548.020,eval/walltime,512.243599653244
6815744,1548.020,training/sps,6812.937458385057
6815744,1548.020,training/walltime,1011.6118130683899
6815744,1548.020,training/entropy_loss,-0.11249132454395294
6815744,1548.020,training/kl_mean,0.002999040996655822
6815744,1548.020,training/learning_rate,0.0003000000142492354
6815744,1548.020,training/policy_dist_max_loc,1.7115790843963623
6815744,1548.020,training/policy_dist_max_std,2.4119186401367188
6815744,1548.020,training/policy_dist_mean_loc,-0.09022058546543121
6815744,1548.020,training/policy_dist_mean_std,0.7461743950843811
6815744,1548.020,training/policy_dist_min_loc,-2.215622901916504
6815744,1548.020,training/policy_dist_min_std,0.08419513702392578
6815744,1548.020,training/policy_loss,-0.0009422608418390155
6815744,1548.020,training/total_loss,3.20359468460083
6815744,1548.020,training/v_loss,3.317028284072876
6815744,1548.020,eval/episode_reward,359.52227783203125
6815744,1548.020,eval/episode_reward/ctrl,-0.2440018355846405
6815744,1548.020,eval/episode_reward/forward,364.1031188964844
6815744,1548.020,eval/episode_reward/joint,-0.0888521820306778
6815744,1548.020,eval/episode_reward/orient,-4.248014450073242
6815744,1548.020,eval/episode_reward/total,359.52227783203125
6815744,1548.020,eval/episode_state/forward_vel,12.00648307800293
6815744,1548.020,eval/episode_state/up_z,952.1650390625
6815744,1548.020,eval/episode_reward_std,16.798580169677734
6815744,1548.020,eval/episode_reward/ctrl_std,0.0025464699137955904
6815744,1548.020,eval/episode_reward/forward_std,15.7698392868042
6815744,1548.020,eval/episode_reward/joint_std,0.004678419791162014
6815744,1548.020,eval/episode_reward/orient_std,4.930863857269287
6815744,1548.020,eval/episode_reward/total_std,16.798580169677734
6815744,1548.020,eval/episode_state/forward_vel_std,9.59593677520752
6815744,1548.020,eval/episode_state/up_z_std,16.334272384643555
6815744,1548.020,eval/avg_episode_length,1000.0
6815744,1548.020,eval/std_episode_length,0.0
6815744,1548.020,eval/epoch_eval_time,35.24556016921997
6815744,1548.020,eval/sps,907.9157728338696
7340032,1624.019,episode/sps,4711.931527874475
7340032,1624.019,episode/length,1000.0
7340032,1624.019,episode/reward/ctrl,-0.24218762233853341
7340032,1624.019,episode/reward/forward,358.80305267333983
7340032,1624.019,episode/reward/joint,-0.08697285309433937
7340032,1624.019,episode/reward/orient,-4.482318663597107
7340032,1624.019,episode/reward/total,353.9915930175781
7340032,1624.019,episode/state/forward_vel,8.648096804842353
7340032,1624.019,episode/state/up_z,952.5497058105469
7340032,1624.019,episode/sum_reward,353.9915930175781
7340032,1624.019,episode/entropy_loss,-0.11255077265202999
7340032,1624.019,episode/kl_mean,0.0027430503588402643
7340032,1624.019,episode/learning_rate,0.0003000000142492354
7340032,1624.019,episode/policy_dist_max_loc,1.7291418981552125
7340032,1624.019,episode/policy_dist_max_std,2.326457612514496
7340032,1624.019,episode/policy_dist_mean_loc,-0.08994536250829696
7340032,1624.019,episode/policy_dist_mean_std,0.745733847618103
7340032,1624.019,episode/policy_dist_min_loc,-2.2348973882198333
7340032,1624.019,episode/policy_dist_min_std,0.08924562413245439
7340032,1624.019,episode/policy_loss,-0.0009090553149871994
7340032,1624.019,episode/total_loss,3.3550787949562073
7340032,1624.019,episode/v_loss,3.4685386317968367
7340032,1658.495,eval/walltime,546.6957130432129
7340032,1658.495,training/sps,6898.041693500074
7340032,1658.495,training/walltime,1087.6171524524689
7340032,1658.495,training/entropy_loss,-0.11253660917282104
7340032,1658.495,training/kl_mean,0.001948231365531683
7340032,1658.495,training/learning_rate,0.0003000000142492354
7340032,1658.495,training/policy_dist_max_loc,1.720773696899414
7340032,1658.495,training/policy_dist_max_std,2.2831311225891113
7340032,1658.495,training/policy_dist_mean_loc,-0.09037084132432938
7340032,1658.495,training/policy_dist_mean_std,0.7495763301849365
7340032,1658.495,training/policy_dist_min_loc,-2.1707069873809814
7340032,1658.495,training/policy_dist_min_std,0.09755105525255203
7340032,1658.495,training/policy_loss,-0.0004054809105582535
7340032,1658.495,training/total_loss,2.0472428798675537
7340032,1658.495,training/v_loss,2.160184860229492
7340032,1658.495,eval/episode_reward,359.12652587890625
7340032,1658.495,eval/episode_reward/ctrl,-0.24389344453811646
7340032,1658.495,eval/episode_reward/forward,363.3538818359375
7340032,1658.495,eval/episode_reward/joint,-0.0874076783657074
7340032,1658.495,eval/episode_reward/orient,-3.896097183227539
7340032,1658.495,eval/episode_reward/total,359.12652587890625
7340032,1658.495,eval/episode_state/forward_vel,11.415273666381836
7340032,1658.495,eval/episode_state/up_z,952.1251831054688
7340032,1658.495,eval/episode_reward_std,19.93146514892578
7340032,1658.495,eval/episode_reward/ctrl_std,0.0026154611259698868
7340032,1658.495,eval/episode_reward/forward_std,19.35382843017578
7340032,1658.495,eval/episode_reward/joint_std,0.005733277648687363
7340032,1658.495,eval/episode_reward/orient_std,2.727334499359131
7340032,1658.495,eval/episode_reward/total_std,19.93146514892578
7340032,1658.495,eval/episode_state/forward_vel_std,11.540876388549805
7340032,1658.495,eval/episode_state/up_z_std,9.215399742126465
7340032,1658.495,eval/avg_episode_length,1000.0
7340032,1658.495,eval/std_episode_length,0.0
7340032,1658.495,eval/epoch_eval_time,34.45211338996887
7340032,1658.495,eval/sps,928.8254580433712
7864320,1734.931,episode/sps,4727.0986265071815
7864320,1734.931,episode/length,1000.0
7864320,1734.931,episode/reward/ctrl,-0.2431887435913086
7864320,1734.931,episode/reward/forward,362.75292236328124
7864320,1734.931,episode/reward/joint,-0.08727047882974148
7864320,1734.931,episode/reward/orient,-5.623901320695877
7864320,1734.931,episode/reward/total,356.7985565185547
7864320,1734.931,episode/state/forward_vel,11.120721915736794
7864320,1734.931,episode/state/up_z,949.7705517578125
7864320,1734.931,episode/sum_reward,356.7985565185547
7864320,1734.931,episode/entropy_loss,-0.1125636824965477
7864320,1734.931,episode/kl_mean,0.0025893267116043716
7864320,1734.931,episode/learning_rate,0.0003000000142492354
7864320,1734.931,episode/policy_dist_max_loc,1.7141301560401916
7864320,1734.931,episode/policy_dist_max_std,2.3333679246902466
7864320,1734.931,episode/policy_dist_mean_loc,-0.08919426031410695
7864320,1734.931,episode/policy_dist_mean_std,0.7485147076845169
7864320,1734.931,episode/policy_dist_min_loc,-2.179772322177887
7864320,1734.931,episode/policy_dist_min_std,0.09154594164341688
7864320,1734.931,episode/policy_loss,-0.0007223322567006108
7864320,1734.931,episode/total_loss,3.1617173457145693
7864320,1734.931,episode/v_loss,3.2750033527612685
7864320,1769.565,eval/walltime,581.3040363788605
7864320,1769.565,training/sps,6858.588600456388
7864320,1769.565,training/walltime,1164.0597021579742
7864320,1769.565,training/entropy_loss,-0.11267106235027313
7864320,1769.565,training/kl_mean,0.002571500139310956
7864320,1769.565,training/learning_rate,0.0003000000142492354
7864320,1769.565,training/policy_dist_max_loc,1.700322151184082
7864320,1769.565,training/policy_dist_max_std,2.303612232208252
7864320,1769.565,training/policy_dist_mean_loc,-0.08688472211360931
7864320,1769.565,training/policy_dist_mean_std,0.7503952980041504
7864320,1769.565,training/policy_dist_min_loc,-2.1263556480407715
7864320,1769.565,training/policy_dist_min_std,0.09475450217723846
7864320,1769.565,training/policy_loss,-0.0006237596389837563
7864320,1769.565,training/total_loss,4.179045677185059
7864320,1769.565,training/v_loss,4.292340278625488
7864320,1769.565,eval/episode_reward,354.41290283203125
7864320,1769.565,eval/episode_reward/ctrl,-0.24437996745109558
7864320,1769.565,eval/episode_reward/forward,362.7041931152344
7864320,1769.565,eval/episode_reward/joint,-0.08786767721176147
7864320,1769.565,eval/episode_reward/orient,-7.958995342254639
7864320,1769.565,eval/episode_reward/total,354.41290283203125
7864320,1769.565,eval/episode_state/forward_vel,12.264633178710938
7864320,1769.565,eval/episode_state/up_z,946.0697021484375
7864320,1769.565,eval/episode_reward_std,21.306135177612305
7864320,1769.565,eval/episode_reward/ctrl_std,0.0028619703371077776
7864320,1769.565,eval/episode_reward/forward_std,19.118572235107422
7864320,1769.565,eval/episode_reward/joint_std,0.005065028090029955
7864320,1769.565,eval/episode_reward/orient_std,10.990530967712402
7864320,1769.565,eval/episode_reward/total_std,21.306135177612305
7864320,1769.565,eval/episode_state/forward_vel_std,12.244128227233887
7864320,1769.565,eval/episode_state/up_z_std,14.753263473510742
7864320,1769.565,eval/avg_episode_length,1000.0
7864320,1769.565,eval/std_episode_length,0.0
7864320,1769.565,eval/epoch_eval_time,34.60832333564758
7864320,1769.565,eval/sps,924.6330626782797
8388608,1846.417,episode/sps,4702.71487543585
8388608,1846.417,episode/length,1000.0
8388608,1846.417,episode/reward/ctrl,-0.24440742239356042
8388608,1846.417,episode/reward/forward,364.46397216796873
8388608,1846.417,episode/reward/joint,-0.08702154643833637
8388608,1846.417,episode/reward/orient,-6.200697957277298
8388608,1846.417,episode/reward/total,357.93190536499026
8388608,1846.417,episode/state/forward_vel,11.851015293598175
8388608,1846.417,episode/state/up_z,946.7036584472656
8388608,1846.417,episode/sum_reward,357.93190536499026
8388608,1846.417,episode/entropy_loss,-0.11254137888550758
8388608,1846.417,episode/kl_mean,0.002423841117415577
8388608,1846.417,episode/learning_rate,0.0003000000142492354
8388608,1846.417,episode/policy_dist_max_loc,1.7183470940589904
8388608,1846.417,episode/policy_dist_max_std,2.328240065574646
8388608,1846.417,episode/policy_dist_mean_loc,-0.08984218701720238
8388608,1846.417,episode/policy_dist_mean_std,0.7512318360805511
8388608,1846.417,episode/policy_dist_min_loc,-2.1519196796417237
8388608,1846.417,episode/policy_dist_min_std,0.09799334555864334
8388608,1846.417,episode/policy_loss,-0.0006475739453162533
8388608,1846.417,episode/total_loss,3.074323186278343
8388608,1846.417,episode/v_loss,3.1875121319293975
8388608,1882.935,eval/walltime,617.7959461212158
8388608,1882.935,training/sps,6821.456171650615
8388608,1882.935,training/walltime,1240.9183650016785
8388608,1882.935,training/entropy_loss,-0.1124199777841568
8388608,1882.935,training/kl_mean,0.0026087805163115263
8388608,1882.935,training/learning_rate,0.0003000000142492354
8388608,1882.935,training/policy_dist_max_loc,1.7379260063171387
8388608,1882.935,training/policy_dist_max_std,2.374917984008789
8388608,1882.935,training/policy_dist_mean_loc,-0.09224555641412735
8388608,1882.935,training/policy_dist_mean_std,0.7541228532791138
8388608,1882.935,training/policy_dist_min_loc,-2.146718978881836
8388608,1882.935,training/policy_dist_min_std,0.10281762480735779
8388608,1882.935,training/policy_loss,-0.0007997555658221245
8388608,1882.935,training/total_loss,2.833756446838379
8388608,1882.935,training/v_loss,2.9469761848449707
8388608,1882.935,eval/episode_reward,281.367919921875
8388608,1882.935,eval/episode_reward/ctrl,-0.24619150161743164
8388608,1882.935,eval/episode_reward/forward,361.1052551269531
8388608,1882.935,eval/episode_reward/joint,-0.09223425388336182
8388608,1882.935,eval/episode_reward/orient,-79.39887237548828
8388608,1882.935,eval/episode_reward/total,281.367919921875
8388608,1882.935,eval/episode_state/forward_vel,10.873769760131836
8388608,1882.935,eval/episode_state/up_z,912.9749755859375
8388608,1882.935,eval/episode_reward_std,421.5798034667969
8388608,1882.935,eval/episode_reward/ctrl_std,0.0030922587029635906
8388608,1882.935,eval/episode_reward/forward_std,20.721521377563477
8388608,1882.935,eval/episode_reward/joint_std,0.005381441675126553
8388608,1882.935,eval/episode_reward/orient_std,416.3864440917969
8388608,1882.935,eval/episode_reward/total_std,421.5798034667969
8388608,1882.935,eval/episode_state/forward_vel_std,12.71445083618164
8388608,1882.935,eval/episode_state/up_z_std,214.49234008789062
8388608,1882.935,eval/avg_episode_length,1000.0
8388608,1882.935,eval/std_episode_length,0.0
8388608,1882.935,eval/epoch_eval_time,36.49190974235535
8388608,1882.935,eval/sps,876.9066959205567
8912896,1959.106,episode/sps,4652.525896468859
8912896,1959.106,episode/length,1000.0
8912896,1959.106,episode/reward/ctrl,-0.2453185248374939
8912896,1959.106,episode/reward/forward,366.20988800048826
8912896,1959.106,episode/reward/joint,-0.0909339987486601
8912896,1959.106,episode/reward/orient,-31.413924090862274
8912896,1959.106,episode/reward/total,334.4596691894531
8912896,1959.106,episode/state/forward_vel,13.758468087855727
8912896,1959.106,episode/state/up_z,936.4641589355468
8912896,1959.106,episode/sum_reward,334.4596691894531
8912896,1959.106,episode/entropy_loss,-0.11250019572675228
8912896,1959.106,episode/kl_mean,0.002702597156749107
8912896,1959.106,episode/learning_rate,0.0003000000142492354
8912896,1959.106,episode/policy_dist_max_loc,1.7602680122852326
8912896,1959.106,episode/policy_dist_max_std,2.3710049104690554
8912896,1959.106,episode/policy_dist_mean_loc,-0.09028354443609715
8912896,1959.106,episode/policy_dist_mean_std,0.7535334241390228
8912896,1959.106,episode/policy_dist_min_loc,-2.172698537111282
8912896,1959.106,episode/policy_dist_min_std,0.09699486408382654
8912896,1959.106,episode/policy_loss,-0.0007789073091407772
8912896,1959.106,episode/total_loss,3.231694208085537
8912896,1959.106,episode/v_loss,3.344973308444023
8912896,1988.857,eval/walltime,647.5262897014618
8912896,1988.857,training/sps,6882.433189609993
8912896,1988.857,training/walltime,1317.0960750579834
8912896,1988.857,training/entropy_loss,-0.11243471503257751
8912896,1988.857,training/kl_mean,0.0029124764259904623
8912896,1988.857,training/learning_rate,0.0003000000142492354
8912896,1988.857,training/policy_dist_max_loc,1.8415777683258057
8912896,1988.857,training/policy_dist_max_std,2.442110300064087
8912896,1988.857,training/policy_dist_mean_loc,-0.09167449176311493
8912896,1988.857,training/policy_dist_mean_std,0.7564693689346313
8912896,1988.857,training/policy_dist_min_loc,-2.2362096309661865
8912896,1988.857,training/policy_dist_min_std,0.09387993812561035
8912896,1988.857,training/policy_loss,-0.0008404577383771539
8912896,1988.857,training/total_loss,2.7754383087158203
8912896,1988.857,training/v_loss,2.8887133598327637
8912896,1988.857,eval/episode_reward,295.7689208984375
8912896,1988.857,eval/episode_reward/ctrl,-0.2473035752773285
8912896,1988.857,eval/episode_reward/forward,361.2042236328125
8912896,1988.857,eval/episode_reward/joint,-0.09238285571336746
8912896,1988.857,eval/episode_reward/orient,-65.09555053710938
8912896,1988.857,eval/episode_reward/total,295.7689208984375
8912896,1988.857,eval/episode_state/forward_vel,10.800545692443848
8912896,1988.857,eval/episode_state/up_z,915.5593872070312
8912896,1988.857,eval/episode_reward_std,360.3432922363281
8912896,1988.857,eval/episode_reward/ctrl_std,0.002671936061233282
8912896,1988.857,eval/episode_reward/forward_std,23.942909240722656
8912896,1988.857,eval/episode_reward/joint_std,0.006298846565186977
8912896,1988.857,eval/episode_reward/orient_std,340.171142578125
8912896,1988.857,eval/episode_reward/total_std,360.3432922363281
8912896,1988.857,eval/episode_state/forward_vel_std,13.22968864440918
8912896,1988.857,eval/episode_state/up_z_std,178.76742553710938
8912896,1988.857,eval/avg_episode_length,1000.0
8912896,1988.857,eval/std_episode_length,0.0
8912896,1988.857,eval/epoch_eval_time,29.73034358024597
8912896,1988.857,eval/sps,1076.3414123899354
9437184,2064.522,episode/sps,4973.517678846338
9437184,2064.522,episode/length,1000.0
9437184,2064.522,episode/reward/ctrl,-0.24650017485022546
9437184,2064.522,episode/reward/forward,364.363332824707
9437184,2064.522,episode/reward/joint,-0.09249843038618565
9437184,2064.522,episode/reward/orient,-3.4410639035701753
9437184,2064.522,episode/reward/total,360.5832421875
9437184,2064.522,episode/state/forward_vel,12.169351491332055
9437184,2064.522,episode/state/up_z,952.2829595947265
9437184,2064.522,episode/sum_reward,360.5832421875
9437184,2064.522,episode/entropy_loss,-0.11229016862809658
9437184,2064.522,episode/kl_mean,0.002947626226232387
9437184,2064.522,episode/learning_rate,0.0003000000142492354
9437184,2064.522,episode/policy_dist_max_loc,1.810193110704422
9437184,2064.522,episode/policy_dist_max_std,2.394229350090027
9437184,2064.522,episode/policy_dist_mean_loc,-0.09118183955550194
9437184,2064.522,episode/policy_dist_mean_std,0.7562574344873428
9437184,2064.522,episode/policy_dist_min_loc,-2.1964555490016937
9437184,2064.522,episode/policy_dist_min_std,0.09916103664785623
9437184,2064.522,episode/policy_loss,-0.0009707605815492571
9437184,2064.522,episode/total_loss,2.9650435468554495
9437184,2064.522,episode/v_loss,3.0783044618368147
9437184,2099.411,eval/walltime,682.393639087677
9437184,2099.411,training/sps,6928.44738662327
9437184,2099.411,training/walltime,1392.7678627967834
9437184,2099.411,training/entropy_loss,-0.11197708547115326
9437184,2099.411,training/kl_mean,0.0033173938281834126
9437184,2099.411,training/learning_rate,0.0003000000142492354
9437184,2099.411,training/policy_dist_max_loc,1.8561640977859497
9437184,2099.411,training/policy_dist_max_std,2.359905242919922
9437184,2099.411,training/policy_dist_mean_loc,-0.09008702635765076
9437184,2099.411,training/policy_dist_mean_std,0.7586623430252075
9437184,2099.411,training/policy_dist_min_loc,-2.200190544128418
9437184,2099.411,training/policy_dist_min_std,0.1014094352722168
9437184,2099.411,training/policy_loss,-0.0012033851817250252
9437184,2099.411,training/total_loss,3.0817270278930664
9437184,2099.411,training/v_loss,3.1949076652526855
9437184,2099.411,eval/episode_reward,367.79779052734375
9437184,2099.411,eval/episode_reward/ctrl,-0.24972768127918243
9437184,2099.411,eval/episode_reward/forward,374.769287109375
9437184,2099.411,eval/episode_reward/joint,-0.09663607180118561
9437184,2099.411,eval/episode_reward/orient,-6.625055313110352
9437184,2099.411,eval/episode_reward/total,367.79779052734375
9437184,2099.411,eval/episode_state/forward_vel,18.103374481201172
9437184,2099.411,eval/episode_state/up_z,939.7142333984375
9437184,2099.411,eval/episode_reward_std,26.7564640045166
9437184,2099.411,eval/episode_reward/ctrl_std,0.0024778314400464296
9437184,2099.411,eval/episode_reward/forward_std,22.391490936279297
9437184,2099.411,eval/episode_reward/joint_std,0.007598039694130421
9437184,2099.411,eval/episode_reward/orient_std,7.789155960083008
9437184,2099.411,eval/episode_reward/total_std,26.7564640045166
9437184,2099.411,eval/episode_state/forward_vel_std,13.719939231872559
9437184,2099.411,eval/episode_state/up_z_std,16.578720092773438
9437184,2099.411,eval/avg_episode_length,1000.0
9437184,2099.411,eval/std_episode_length,0.0
9437184,2099.411,eval/epoch_eval_time,34.86734938621521
9437184,2099.411,eval/sps,917.764056153095
9961472,2177.258,episode/sps,4650.581149861393
9961472,2177.258,episode/length,1000.0
9961472,2177.258,episode/reward/ctrl,-0.2478185686469078
9961472,2177.258,episode/reward/forward,376.4784112548828
9961472,2177.258,episode/reward/joint,-0.09342064224183559
9961472,2177.258,episode/reward/orient,-4.737394844293594
9961472,2177.258,episode/reward/total,371.3997314453125
9961472,2177.258,episode/state/forward_vel,20.276588003635407
9961472,2177.258,episode/state/up_z,945.9694976806641
9961472,2177.258,episode/sum_reward,371.3997314453125
9961472,2177.258,episode/entropy_loss,-0.11203479193150997
9961472,2177.258,episode/kl_mean,0.003093599185231142
9961472,2177.258,episode/learning_rate,0.0003000000142492354
9961472,2177.258,episode/policy_dist_max_loc,1.8448524594306945
9961472,2177.258,episode/policy_dist_max_std,2.3830251789093015
9961472,2177.258,episode/policy_dist_mean_loc,-0.09190809801220894
9961472,2177.258,episode/policy_dist_mean_std,0.7591215825080871
9961472,2177.258,episode/policy_dist_min_loc,-2.252925707101822
9961472,2177.258,episode/policy_dist_min_std,0.09823963340371847
9961472,2177.258,episode/policy_loss,-0.0009256319516862277
9961472,2177.258,episode/total_loss,3.298957758843899
9961472,2177.258,episode/v_loss,3.4119181698560714
9961472,2213.202,eval/walltime,718.3138527870178
9961472,2213.202,training/sps,6734.285926800433
9961472,2213.202,training/walltime,1470.621402978897
9961472,2213.202,training/entropy_loss,-0.11166147887706757
9961472,2213.202,training/kl_mean,0.0028548501431941986
9961472,2213.202,training/learning_rate,0.0003000000142492354
9961472,2213.202,training/policy_dist_max_loc,1.843472957611084
9961472,2213.202,training/policy_dist_max_std,2.337960720062256
9961472,2213.202,training/policy_dist_mean_loc,-0.09376595914363861
9961472,2213.202,training/policy_dist_mean_std,0.7627649307250977
9961472,2213.202,training/policy_dist_min_loc,-2.330399751663208
9961472,2213.202,training/policy_dist_min_std,0.09876221418380737
9961472,2213.202,training/policy_loss,-0.0006030874792486429
9961472,2213.202,training/total_loss,4.114789962768555
9961472,2213.202,training/v_loss,4.227054119110107
9961472,2213.202,eval/episode_reward,373.703369140625
9961472,2213.202,eval/episode_reward/ctrl,-0.2525055706501007
9961472,2213.202,eval/episode_reward/forward,380.2610168457031
9961472,2213.202,eval/episode_reward/joint,-0.09852145612239838
9961472,2213.202,eval/episode_reward/orient,-6.206562519073486
9961472,2213.202,eval/episode_reward/total,373.703369140625
9961472,2213.202,eval/episode_state/forward_vel,22.463926315307617
9961472,2213.202,eval/episode_state/up_z,937.0869750976562
9961472,2213.202,eval/episode_reward_std,16.441835403442383
9961472,2213.202,eval/episode_reward/ctrl_std,0.0033829030580818653
9961472,2213.202,eval/episode_reward/forward_std,16.556859970092773
9961472,2213.202,eval/episode_reward/joint_std,0.005168498959392309
9961472,2213.202,eval/episode_reward/orient_std,3.845330238342285
9961472,2213.202,eval/episode_reward/total_std,16.441835403442383
9961472,2213.202,eval/episode_state/forward_vel_std,11.066650390625
9961472,2213.202,eval/episode_state/up_z_std,12.51771068572998
9961472,2213.202,eval/avg_episode_length,1000.0
9961472,2213.202,eval/std_episode_length,0.0
9961472,2213.202,eval/epoch_eval_time,35.92021369934082
9961472,2213.202,eval/sps,890.8632968569237
10485760,2289.960,episode/sps,4651.968016378178
10485760,2289.960,episode/length,1000.0
10485760,2289.960,episode/reward/ctrl,-0.25084840148687365
10485760,2289.960,episode/reward/forward,376.14237884521486
10485760,2289.960,episode/reward/joint,-0.09662003830075264
10485760,2289.960,episode/reward/orient,-5.90850653886795
10485760,2289.960,episode/reward/total,369.88642822265626
10485760,2289.960,episode/state/forward_vel,19.638514721393584
10485760,2289.960,episode/state/up_z,940.1414666748046
10485760,2289.960,episode/sum_reward,369.88642822265626
10485760,2289.960,episode/entropy_loss,-0.11154933832585812
10485760,2289.960,episode/kl_mean,0.00302425169153139
10485760,2289.960,episode/learning_rate,0.0003000000142492354
10485760,2289.960,episode/policy_dist_max_loc,1.8457377398014068
10485760,2289.960,episode/policy_dist_max_std,2.3787387824058532
10485760,2289.960,episode/policy_dist_mean_loc,-0.09474368385970593
10485760,2289.960,episode/policy_dist_mean_std,0.7625353252887725
10485760,2289.960,episode/policy_dist_min_loc,-2.306323845386505
10485760,2289.960,episode/policy_dist_min_std,0.09684406232088805
10485760,2289.960,episode/policy_loss,-0.0008406056527746842
10485760,2289.960,episode/total_loss,4.179305347800255
10485760,2289.960,episode/v_loss,4.291695268750191
10485760,2325.708,eval/walltime,754.0368509292603
10485760,2325.708,training/sps,6829.76319303501
10485760,2325.708,training/walltime,1547.38658285141
10485760,2325.708,training/entropy_loss,-0.11090665310621262
10485760,2325.708,training/kl_mean,0.002658715471625328
10485760,2325.708,training/learning_rate,0.0003000000142492354
10485760,2325.708,training/policy_dist_max_loc,1.8412095308303833
10485760,2325.708,training/policy_dist_max_std,2.4381439685821533
10485760,2325.708,training/policy_dist_mean_loc,-0.10085257887840271
10485760,2325.708,training/policy_dist_mean_std,0.7668063640594482
10485760,2325.708,training/policy_dist_min_loc,-2.4007320404052734
10485760,2325.708,training/policy_dist_min_std,0.09058094024658203
10485760,2325.708,training/policy_loss,-0.0005657685687765479
10485760,2325.708,training/total_loss,5.586941242218018
10485760,2325.708,training/v_loss,5.698413848876953
10485760,2325.708,eval/episode_reward,372.30841064453125
10485760,2325.708,eval/episode_reward/ctrl,-0.25380951166152954
10485760,2325.708,eval/episode_reward/forward,378.55364990234375
10485760,2325.708,eval/episode_reward/joint,-0.10051170736551285
10485760,2325.708,eval/episode_reward/orient,-5.890891075134277
10485760,2325.708,eval/episode_reward/total,372.30841064453125
10485760,2325.708,eval/episode_state/forward_vel,20.523998260498047
10485760,2325.708,eval/episode_state/up_z,938.2227783203125
10485760,2325.708,eval/episode_reward_std,23.075241088867188
10485760,2325.708,eval/episode_reward/ctrl_std,0.0033656200394034386
10485760,2325.708,eval/episode_reward/forward_std,23.2293701171875
10485760,2325.708,eval/episode_reward/joint_std,0.007187661714851856
10485760,2325.708,eval/episode_reward/orient_std,3.5478127002716064
10485760,2325.708,eval/episode_reward/total_std,23.075241088867188
10485760,2325.708,eval/episode_state/forward_vel_std,14.225797653198242
10485760,2325.708,eval/episode_state/up_z_std,12.778133392333984
10485760,2325.708,eval/avg_episode_length,1000.0
10485760,2325.708,eval/std_episode_length,0.0
10485760,2325.708,eval/epoch_eval_time,35.72299814224243
10485760,2325.708,eval/sps,895.7814759159314
11010048,2402.950,episode/sps,4640.137900986794
11010048,2402.950,episode/length,1000.0
11010048,2402.950,episode/reward/ctrl,-0.25234592735767364
11010048,2402.950,episode/reward/forward,375.9709185791016
11010048,2402.950,episode/reward/joint,-0.09935080274939537
11010048,2402.950,episode/reward/orient,-19.37784782409668
11010048,2402.950,episode/reward/total,356.24138427734374
11010048,2402.950,episode/state/forward_vel,19.321163714006545
11010048,2402.950,episode/state/up_z,931.667685546875
11010048,2402.950,episode/sum_reward,356.24138427734374
11010048,2402.950,episode/entropy_loss,-0.11103228867053985
11010048,2402.950,episode/kl_mean,0.0029102587734814735
11010048,2402.950,episode/learning_rate,0.0003000000142492354
11010048,2402.950,episode/policy_dist_max_loc,1.847552126646042
11010048,2402.950,episode/policy_dist_max_std,2.408250858783722
11010048,2402.950,episode/policy_dist_mean_loc,-0.09900015026330948
11010048,2402.950,episode/policy_dist_mean_std,0.7658464354276657
11010048,2402.950,episode/policy_dist_min_loc,-2.373655204772949
11010048,2402.950,episode/policy_dist_min_std,0.09205079562962055
11010048,2402.950,episode/policy_loss,-0.000664045683297445
11010048,2402.950,episode/total_loss,4.522877923250198
11010048,2402.950,episode/v_loss,4.6345742243528365
11010048,2438.553,eval/walltime,789.6150453090668
11010048,2438.553,training/sps,6787.002776987478
11010048,2438.553,training/walltime,1624.6354093551636
11010048,2438.553,training/entropy_loss,-0.11040357500314713
11010048,2438.553,training/kl_mean,0.0030663555953651667
11010048,2438.553,training/learning_rate,0.0003000000142492354
11010048,2438.553,training/policy_dist_max_loc,1.8567736148834229
11010048,2438.553,training/policy_dist_max_std,2.447798728942871
11010048,2438.553,training/policy_dist_mean_loc,-0.10365119576454163
11010048,2438.553,training/policy_dist_mean_std,0.7687718868255615
11010048,2438.553,training/policy_dist_min_loc,-2.4045326709747314
11010048,2438.553,training/policy_dist_min_std,0.08413563668727875
11010048,2438.553,training/policy_loss,-0.0006062477477826178
11010048,2438.553,training/total_loss,4.229146957397461
11010048,2438.553,training/v_loss,4.340156555175781
11010048,2438.553,eval/episode_reward,376.332763671875
11010048,2438.553,eval/episode_reward/ctrl,-0.2558537423610687
11010048,2438.553,eval/episode_reward/forward,381.4038391113281
11010048,2438.553,eval/episode_reward/joint,-0.10607003420591354
11010048,2438.553,eval/episode_reward/orient,-4.709184646606445
11010048,2438.553,eval/episode_reward/total,376.332763671875
11010048,2438.553,eval/episode_state/forward_vel,23.00719451904297
11010048,2438.553,eval/episode_state/up_z,942.3619384765625
11010048,2438.553,eval/episode_reward_std,17.703615188598633
11010048,2438.553,eval/episode_reward/ctrl_std,0.0033663830254226923
11010048,2438.553,eval/episode_reward/forward_std,17.352062225341797
11010048,2438.553,eval/episode_reward/joint_std,0.0067713502794504166
11010048,2438.553,eval/episode_reward/orient_std,2.010606288909912
11010048,2438.553,eval/episode_reward/total_std,17.703615188598633
11010048,2438.553,eval/episode_state/forward_vel_std,11.277557373046875
11010048,2438.553,eval/episode_state/up_z_std,9.176458358764648
11010048,2438.553,eval/avg_episode_length,1000.0
11010048,2438.553,eval/std_episode_length,0.0
11010048,2438.553,eval/epoch_eval_time,35.57819437980652
11010048,2438.553,eval/sps,899.4273193965844
11534336,2516.268,episode/sps,4626.681879665479
11534336,2516.268,episode/length,1000.0
11534336,2516.268,episode/reward/ctrl,-0.25346654281020164
11534336,2516.268,episode/reward/forward,376.35805358886716
11534336,2516.268,episode/reward/joint,-0.10242968246340751
11534336,2516.268,episode/reward/orient,-5.963136556148529
11534336,2516.268,episode/reward/total,370.0389782714844
11534336,2516.268,episode/state/forward_vel,19.995918068289757
11534336,2516.268,episode/state/up_z,938.297705078125
11534336,2516.268,episode/sum_reward,370.0389782714844
11534336,2516.268,episode/entropy_loss,-0.1104305986315012
11534336,2516.268,episode/kl_mean,0.003108115796931088
11534336,2516.268,episode/learning_rate,0.0003000000142492354
11534336,2516.268,episode/policy_dist_max_loc,1.867277320623398
11534336,2516.268,episode/policy_dist_max_std,2.421992995738983
11534336,2516.268,episode/policy_dist_mean_loc,-0.10366413488984108
11534336,2516.268,episode/policy_dist_mean_std,0.7686285883188247
11534336,2516.268,episode/policy_dist_min_loc,-2.374952826499939
11534336,2516.268,episode/policy_dist_min_std,0.08734868723899127
11534336,2516.268,episode/policy_loss,-0.0006932322667125845
11534336,2516.268,episode/total_loss,4.227124000489712
11534336,2516.268,episode/v_loss,4.338247806429863
11534336,2552.359,eval/walltime,825.6827099323273
11534336,2552.359,training/sps,6745.694724135677
11534336,2552.359,training/walltime,1702.3572781085968
11534336,2552.359,training/entropy_loss,-0.10984478145837784
11534336,2552.359,training/kl_mean,0.0035130977630615234
11534336,2552.359,training/learning_rate,0.0003000000142492354
11534336,2552.359,training/policy_dist_max_loc,1.9142776727676392
11534336,2552.359,training/policy_dist_max_std,2.3852272033691406
11534336,2552.359,training/policy_dist_mean_loc,-0.10732829570770264
11534336,2552.359,training/policy_dist_mean_std,0.7708107233047485
11534336,2552.359,training/policy_dist_min_loc,-2.3291754722595215
11534336,2552.359,training/policy_dist_min_std,0.08618266135454178
11534336,2552.359,training/policy_loss,-0.0008060707477852702
11534336,2552.359,training/total_loss,2.746389389038086
11534336,2552.359,training/v_loss,2.8570399284362793
11534336,2552.359,eval/episode_reward,379.54595947265625
11534336,2552.359,eval/episode_reward/ctrl,-0.25908058881759644
11534336,2552.359,eval/episode_reward/forward,387.42803955078125
11534336,2552.359,eval/episode_reward/joint,-0.1113814190030098
11534336,2552.359,eval/episode_reward/orient,-7.51161003112793
11534336,2552.359,eval/episode_reward/total,379.54595947265625
11534336,2552.359,eval/episode_state/forward_vel,26.445507049560547
11534336,2552.359,eval/episode_state/up_z,936.0178833007812
11534336,2552.359,eval/episode_reward_std,16.156808853149414
11534336,2552.359,eval/episode_reward/ctrl_std,0.0031445312779396772
11534336,2552.359,eval/episode_reward/forward_std,16.755817413330078
11534336,2552.359,eval/episode_reward/joint_std,0.007015543058514595
11534336,2552.359,eval/episode_reward/orient_std,7.88810396194458
11534336,2552.359,eval/episode_reward/total_std,16.156808853149414
11534336,2552.359,eval/episode_state/forward_vel_std,11.230798721313477
11534336,2552.359,eval/episode_state/up_z_std,13.703531265258789
11534336,2552.359,eval/avg_episode_length,1000.0
11534336,2552.359,eval/std_episode_length,0.0
11534336,2552.359,eval/epoch_eval_time,36.0676646232605
11534336,2552.359,eval/sps,887.221291820563
12058624,2630.378,episode/sps,4594.58559775972
12058624,2630.378,episode/length,1000.0
12058624,2630.378,episode/reward/ctrl,-0.2566096533834934
12058624,2630.378,episode/reward/forward,375.10732208251954
12058624,2630.378,episode/reward/joint,-0.1072534455358982
12058624,2630.378,episode/reward/orient,-5.996735520362854
12058624,2630.378,episode/reward/total,368.7467370605469
12058624,2630.378,episode/state/forward_vel,18.472507905960082
12058624,2630.378,episode/state/up_z,940.1437640380859
12058624,2630.378,episode/sum_reward,368.7467370605469
12058624,2630.378,episode/entropy_loss,-0.1093211106210947
12058624,2630.378,episode/kl_mean,0.003570000636391342
12058624,2630.378,episode/learning_rate,0.0003000000142492354
12058624,2630.378,episode/policy_dist_max_loc,1.917718333005905
12058624,2630.378,episode/policy_dist_max_std,2.436992998123169
12058624,2630.378,episode/policy_dist_mean_loc,-0.10732259809970855
12058624,2630.378,episode/policy_dist_mean_std,0.7720144289731979
12058624,2630.378,episode/policy_dist_min_loc,-2.3807280921936034
12058624,2630.378,episode/policy_dist_min_std,0.08545101188123226
12058624,2630.378,episode/policy_loss,-0.0009666561974881916
12058624,2630.378,episode/total_loss,2.7948282834887506
12058624,2630.378,episode/v_loss,2.9051160395145414
12058624,2666.962,eval/walltime,862.238222360611
12058624,2666.962,training/sps,6719.318008082634
12058624,2666.962,training/walltime,1780.384244441986
12058624,2666.962,training/entropy_loss,-0.10753817856311798
12058624,2666.962,training/kl_mean,0.004176648333668709
12058624,2666.962,training/learning_rate,0.0003000000142492354
12058624,2666.962,training/policy_dist_max_loc,1.9935777187347412
12058624,2666.962,training/policy_dist_max_std,2.455543041229248
12058624,2666.962,training/policy_dist_mean_loc,-0.11160611361265182
12058624,2666.962,training/policy_dist_mean_std,0.7768822312355042
12058624,2666.962,training/policy_dist_min_loc,-2.3720498085021973
12058624,2666.962,training/policy_dist_min_std,0.08658884465694427
12058624,2666.962,training/policy_loss,-0.0014135574456304312
12058624,2666.962,training/total_loss,1.0888185501098633
12058624,2666.962,training/v_loss,1.197770357131958
12058624,2666.962,eval/episode_reward,378.07049560546875
12058624,2666.962,eval/episode_reward/ctrl,-0.2627134323120117
12058624,2666.962,eval/episode_reward/forward,383.9050598144531
12058624,2666.962,eval/episode_reward/joint,-0.1142769381403923
12058624,2666.962,eval/episode_reward/orient,-5.457633018493652
12058624,2666.962,eval/episode_reward/total,378.07049560546875
12058624,2666.962,eval/episode_state/forward_vel,24.392976760864258
12058624,2666.962,eval/episode_state/up_z,935.4527587890625
12058624,2666.962,eval/episode_reward_std,25.147205352783203
12058624,2666.962,eval/episode_reward/ctrl_std,0.0037575070746243
12058624,2666.962,eval/episode_reward/forward_std,25.25356674194336
12058624,2666.962,eval/episode_reward/joint_std,0.005893005523830652
12058624,2666.962,eval/episode_reward/orient_std,1.6048978567123413
12058624,2666.962,eval/episode_reward/total_std,25.147205352783203
12058624,2666.962,eval/episode_state/forward_vel_std,16.808778762817383
12058624,2666.962,eval/episode_state/up_z_std,8.492280960083008
12058624,2666.962,eval/avg_episode_length,1000.0
12058624,2666.962,eval/std_episode_length,0.0
12058624,2666.962,eval/epoch_eval_time,36.55551242828369
12058624,2666.962,eval/sps,875.3809719609072
12582912,2744.851,episode/sps,4580.035198624757
12582912,2744.851,episode/length,1000.0
12582912,2744.851,episode/reward/ctrl,-0.26096017062664034
12582912,2744.851,episode/reward/forward,382.5216522216797
12582912,2744.851,episode/reward/joint,-0.11443617597222328
12582912,2744.851,episode/reward/orient,-7.0753876185417175
12582912,2744.851,episode/reward/total,375.07088256835937
12582912,2744.851,episode/state/forward_vel,23.573866548016667
12582912,2744.851,episode/state/up_z,931.3413739013672
12582912,2744.851,episode/sum_reward,375.07088256835937
12582912,2744.851,episode/entropy_loss,-0.1080816463381052
12582912,2744.851,episode/kl_mean,0.0036911011848133057
12582912,2744.851,episode/learning_rate,0.0003000000142492354
12582912,2744.851,episode/policy_dist_max_loc,1.9517327415943146
12582912,2744.851,episode/policy_dist_max_std,2.4351589775085447
12582912,2744.851,episode/policy_dist_mean_loc,-0.1117174968123436
12582912,2744.851,episode/policy_dist_mean_std,0.7763593089580536
12582912,2744.851,episode/policy_dist_min_loc,-2.3755658721923827
12582912,2744.851,episode/policy_dist_min_std,0.08516602054238319
12582912,2744.851,episode/policy_loss,-0.0009647155900893267
12582912,2744.851,episode/total_loss,1.8043893638253212
12582912,2744.851,episode/v_loss,1.9134357249736786
12582912,2781.390,eval/walltime,898.755261182785
12582912,2781.390,training/sps,6730.6590048682965
12582912,2781.390,training/walltime,1858.2797372341156
12582912,2781.390,training/entropy_loss,-0.1065855324268341
12582912,2781.390,training/kl_mean,0.0034076939336955547
12582912,2781.390,training/learning_rate,0.0003000000142492354
12582912,2781.390,training/policy_dist_max_loc,1.9592993259429932
12582912,2781.390,training/policy_dist_max_std,2.4577643871307373
12582912,2781.390,training/policy_dist_mean_loc,-0.11680203676223755
12582912,2781.390,training/policy_dist_mean_std,0.7821263670921326
12582912,2781.390,training/policy_dist_min_loc,-2.4245731830596924
12582912,2781.390,training/policy_dist_min_std,0.0836106389760971
12582912,2781.390,training/policy_loss,-0.0005967733450233936
12582912,2781.390,training/total_loss,1.2445392608642578
12582912,2781.390,training/v_loss,1.3517215251922607
12582912,2781.390,eval/episode_reward,377.745361328125
12582912,2781.390,eval/episode_reward/ctrl,-0.26351284980773926
12582912,2781.390,eval/episode_reward/forward,392.4107666015625
12582912,2781.390,eval/episode_reward/joint,-0.11602665483951569
12582912,2781.390,eval/episode_reward/orient,-14.285873413085938
12582912,2781.390,eval/episode_reward/total,377.745361328125
12582912,2781.390,eval/episode_state/forward_vel,29.9685115814209
12582912,2781.390,eval/episode_state/up_z,926.831298828125
12582912,2781.390,eval/episode_reward_std,44.87703323364258
12582912,2781.390,eval/episode_reward/ctrl_std,0.0033138138242065907
12582912,2781.390,eval/episode_reward/forward_std,16.226577758789062
12582912,2781.390,eval/episode_reward/joint_std,0.004750518593937159
12582912,2781.390,eval/episode_reward/orient_std,41.36513900756836
12582912,2781.390,eval/episode_reward/total_std,44.87703323364258
12582912,2781.390,eval/episode_state/forward_vel_std,10.579848289489746
12582912,2781.390,eval/episode_state/up_z_std,28.584272384643555
12582912,2781.390,eval/avg_episode_length,1000.0
12582912,2781.390,eval/std_episode_length,0.0
12582912,2781.390,eval/epoch_eval_time,36.51703882217407
12582912,2781.390,eval/sps,876.3032554701228
13107200,2859.042,episode/sps,4591.294720748658
13107200,2859.042,episode/length,1000.0
13107200,2859.042,episode/reward/ctrl,-0.26351487666368484
13107200,2859.042,episode/reward/forward,385.8138793945312
13107200,2859.042,episode/reward/joint,-0.11659287117421627
13107200,2859.042,episode/reward/orient,-9.946657030582427
13107200,2859.042,episode/reward/total,375.48715286254884
13107200,2859.042,episode/state/forward_vel,25.610169909000398
13107200,2859.042,episode/state/up_z,926.6333764648438
13107200,2859.042,episode/sum_reward,375.48715286254884
13107200,2859.042,episode/entropy_loss,-0.10673044167459012
13107200,2859.042,episode/kl_mean,0.003937382129952312
13107200,2859.042,episode/learning_rate,0.0003000000142492354
13107200,2859.042,episode/policy_dist_max_loc,1.968473526239395
13107200,2859.042,episode/policy_dist_max_std,2.5006971406936644
13107200,2859.042,episode/policy_dist_mean_loc,-0.11660257771611214
13107200,2859.042,episode/policy_dist_mean_std,0.7810444134473801
13107200,2859.042,episode/policy_dist_min_loc,-2.4092730331420897
13107200,2859.042,episode/policy_dist_min_std,0.08045342899858951
13107200,2859.042,episode/policy_loss,-0.0009427514557319227
13107200,2859.042,episode/total_loss,1.1230091139674188
13107200,2859.042,episode/v_loss,1.2306823056936265
13107200,2895.217,eval/walltime,934.9059534072876
13107200,2895.217,training/sps,6751.152114758229
13107200,2895.217,training/walltime,1935.9387784004211
13107200,2895.217,training/entropy_loss,-0.10573290288448334
13107200,2895.217,training/kl_mean,0.0040838345885276794
13107200,2895.217,training/learning_rate,0.0003000000142492354
13107200,2895.217,training/policy_dist_max_loc,1.9588751792907715
13107200,2895.217,training/policy_dist_max_std,2.5988311767578125
13107200,2895.217,training/policy_dist_mean_loc,-0.1227012425661087
13107200,2895.217,training/policy_dist_mean_std,0.7853289842605591
13107200,2895.217,training/policy_dist_min_loc,-2.4274120330810547
13107200,2895.217,training/policy_dist_min_std,0.07106482982635498
13107200,2895.217,training/policy_loss,-0.0007236950332298875
13107200,2895.217,training/total_loss,0.7427150011062622
13107200,2895.217,training/v_loss,0.8491715788841248
13107200,2895.217,eval/episode_reward,383.9090576171875
13107200,2895.217,eval/episode_reward/ctrl,-0.2656511068344116
13107200,2895.217,eval/episode_reward/forward,390.3902587890625
13107200,2895.217,eval/episode_reward/joint,-0.11999551206827164
13107200,2895.217,eval/episode_reward/orient,-6.095465660095215
13107200,2895.217,eval/episode_reward/total,383.9090576171875
13107200,2895.217,eval/episode_state/forward_vel,28.25639533996582
13107200,2895.217,eval/episode_state/up_z,934.0353393554688
13107200,2895.217,eval/episode_reward_std,19.254974365234375
13107200,2895.217,eval/episode_reward/ctrl_std,0.0031107862014323473
13107200,2895.217,eval/episode_reward/forward_std,18.057235717773438
13107200,2895.217,eval/episode_reward/joint_std,0.007002151571214199
13107200,2895.217,eval/episode_reward/orient_std,3.022157907485962
13107200,2895.217,eval/episode_reward/total_std,19.254974365234375
13107200,2895.217,eval/episode_state/forward_vel_std,11.985422134399414
13107200,2895.217,eval/episode_state/up_z_std,9.435203552246094
13107200,2895.217,eval/avg_episode_length,1000.0
13107200,2895.217,eval/std_episode_length,0.0
13107200,2895.217,eval/epoch_eval_time,36.15069222450256
13107200,2895.217,eval/sps,885.18360315963
13631488,2973.848,episode/sps,4566.733726736824
13631488,2973.848,episode/length,1000.0
13631488,2973.848,episode/reward/ctrl,-0.2643486735224724
13631488,2973.848,episode/reward/forward,389.64567779541017
13631488,2973.848,episode/reward/joint,-0.1191502346098423
13631488,2973.848,episode/reward/orient,-7.297773354053497
13631488,2973.848,episode/reward/total,381.96440948486327
13631488,2973.848,episode/state/forward_vel,27.822184799313547
13631488,2973.848,episode/state/up_z,928.6993328857421
13631488,2973.848,episode/sum_reward,381.96440948486327
13631488,2973.848,episode/entropy_loss,-0.10580542780458928
13631488,2973.848,episode/kl_mean,0.0037224763713311405
13631488,2973.848,episode/learning_rate,0.0003000000142492354
13631488,2973.848,episode/policy_dist_max_loc,1.9543159425258636
13631488,2973.848,episode/policy_dist_max_std,2.5967121076583863
13631488,2973.848,episode/policy_dist_mean_loc,-0.12016866408288479
13631488,2973.848,episode/policy_dist_mean_std,0.7844689136743546
13631488,2973.848,episode/policy_dist_min_loc,-2.4631921339035032
13631488,2973.848,episode/policy_dist_min_std,0.07545015305280685
13631488,2973.848,episode/policy_loss,-0.0006204669446015032
13631488,2973.848,episode/total_loss,1.3053044095635413
13631488,2973.848,episode/v_loss,1.4117302930355071
13631488,3009.734,eval/walltime,970.7671871185303
13631488,3009.734,training/sps,6666.9729850714475
13631488,3009.734,training/walltime,2014.5783650875092
13631488,3009.734,training/entropy_loss,-0.10486453771591187
13631488,3009.734,training/kl_mean,0.003539274912327528
13631488,3009.734,training/learning_rate,0.0003000000142492354
13631488,3009.734,training/policy_dist_max_loc,1.9434447288513184
13631488,3009.734,training/policy_dist_max_std,2.747981548309326
13631488,3009.734,training/policy_dist_mean_loc,-0.12224198877811432
13631488,3009.734,training/policy_dist_mean_std,0.7868462800979614
13631488,3009.734,training/policy_dist_min_loc,-2.5443458557128906
13631488,3009.734,training/policy_dist_min_std,0.06989389657974243
13631488,3009.734,training/policy_loss,-0.00032970955362543464
13631488,3009.734,training/total_loss,1.9878208637237549
13631488,3009.734,training/v_loss,2.09301495552063
13631488,3009.734,eval/episode_reward,297.2714538574219
13631488,3009.734,eval/episode_reward/ctrl,-0.26602911949157715
13631488,3009.734,eval/episode_reward/forward,390.0082092285156
13631488,3009.734,eval/episode_reward/joint,-0.12114030122756958
13631488,3009.734,eval/episode_reward/orient,-92.34965515136719
13631488,3009.734,eval/episode_reward/total,297.2714538574219
13631488,3009.734,eval/episode_state/forward_vel,27.74324607849121
13631488,3009.734,eval/episode_state/up_z,888.7265625
13631488,3009.734,eval/episode_reward_std,480.9085998535156
13631488,3009.734,eval/episode_reward/ctrl_std,0.003144877264276147
13631488,3009.734,eval/episode_reward/forward_std,16.99431610107422
13631488,3009.734,eval/episode_reward/joint_std,0.006281374488025904
13631488,3009.734,eval/episode_reward/orient_std,481.1437683105469
13631488,3009.734,eval/episode_reward/total_std,480.9085998535156
13631488,3009.734,eval/episode_state/forward_vel_std,11.1669921875
13631488,3009.734,eval/episode_state/up_z_std,245.9272918701172
13631488,3009.734,eval/avg_episode_length,1000.0
13631488,3009.734,eval/std_episode_length,0.0
13631488,3009.734,eval/epoch_eval_time,35.861233711242676
13631488,3009.734,eval/sps,892.3284753019482
14155776,3087.745,episode/sps,4603.18721764262
14155776,3087.745,episode/length,1000.0
14155776,3087.745,episode/reward/ctrl,-0.2661211177706718
14155776,3087.745,episode/reward/forward,386.4176443481445
14155776,3087.745,episode/reward/joint,-0.12100678846240044
14155776,3087.745,episode/reward/orient,-45.627761466503145
14155776,3087.745,episode/reward/total,340.402780456543
14155776,3087.745,episode/state/forward_vel,25.846500120162965
14155776,3087.745,episode/state/up_z,912.8528398513794
14155776,3087.745,episode/sum_reward,340.402780456543
14155776,3087.745,episode/entropy_loss,-0.10507266908884048
14155776,3087.745,episode/kl_mean,0.0038777176232542843
14155776,3087.745,episode/learning_rate,0.0003000000142492354
14155776,3087.745,episode/policy_dist_max_loc,1.9862969613075256
14155776,3087.745,episode/policy_dist_max_std,2.681733627319336
14155776,3087.745,episode/policy_dist_mean_loc,-0.12339657843112946
14155776,3087.745,episode/policy_dist_mean_std,0.7868284100294113
14155776,3087.745,episode/policy_dist_min_loc,-2.524678864479065
14155776,3087.745,episode/policy_dist_min_std,0.07286329597234725
14155776,3087.745,episode/policy_loss,-0.0005422901594283757
14155776,3087.745,episode/total_loss,1.5086947280168532
14155776,3087.745,episode/v_loss,1.614309673309326
14155776,3123.879,eval/walltime,1006.8767583370209
14155776,3123.879,training/sps,6720.021593416578
14155776,3123.879,training/walltime,2092.5971620082855
14155776,3123.879,training/entropy_loss,-0.10446121543645859
14155776,3123.879,training/kl_mean,0.004050092771649361
14155776,3123.879,training/learning_rate,0.0003000000142492354
14155776,3123.879,training/policy_dist_max_loc,2.053649425506592
14155776,3123.879,training/policy_dist_max_std,2.7260055541992188
14155776,3123.879,training/policy_dist_mean_loc,-0.1258590817451477
14155776,3123.879,training/policy_dist_mean_std,0.7886454463005066
14155776,3123.879,training/policy_dist_min_loc,-2.6065433025360107
14155776,3123.879,training/policy_dist_min_std,0.07730148732662201
14155776,3123.879,training/policy_loss,-0.0004488531849347055
14155776,3123.879,training/total_loss,1.8638050556182861
14155776,3123.879,training/v_loss,1.9687151908874512
14155776,3123.879,eval/episode_reward,393.2171936035156
14155776,3123.879,eval/episode_reward/ctrl,-0.268318772315979
14155776,3123.879,eval/episode_reward/forward,400.4027099609375
14155776,3123.879,eval/episode_reward/joint,-0.12397748231887817
14155776,3123.879,eval/episode_reward/orient,-6.793237686157227
14155776,3123.879,eval/episode_reward/total,393.2171936035156
14155776,3123.879,eval/episode_state/forward_vel,35.45176696777344
14155776,3123.879,eval/episode_state/up_z,932.75048828125
14155776,3123.879,eval/episode_reward_std,17.745052337646484
14155776,3123.879,eval/episode_reward/ctrl_std,0.0032595773227512836
14155776,3123.879,eval/episode_reward/forward_std,18.034969329833984
14155776,3123.879,eval/episode_reward/joint_std,0.006411535199731588
14155776,3123.879,eval/episode_reward/orient_std,4.468495845794678
14155776,3123.879,eval/episode_reward/total_std,17.745052337646484
14155776,3123.879,eval/episode_state/forward_vel_std,12.859132766723633
14155776,3123.879,eval/episode_state/up_z_std,10.047578811645508
14155776,3123.879,eval/avg_episode_length,1000.0
14155776,3123.879,eval/std_episode_length,0.0
14155776,3123.879,eval/epoch_eval_time,36.1095712184906
14155776,3123.879,eval/sps,886.1916361835331
14680064,3202.325,episode/sps,4575.75296019491
14680064,3202.325,episode/length,1000.0
14680064,3202.325,episode/reward/ctrl,-0.26714233845472335
14680064,3202.325,episode/reward/forward,393.0825543212891
14680064,3202.325,episode/reward/joint,-0.12293055705726147
14680064,3202.325,episode/reward/orient,-6.514273545742035
14680064,3202.325,episode/reward/total,386.1782336425781
14680064,3202.325,episode/state/forward_vel,30.314975497722624
14680064,3202.325,episode/state/up_z,931.4197290039062
14680064,3202.325,episode/sum_reward,386.1782336425781
14680064,3202.325,episode/entropy_loss,-0.10427929021418095
14680064,3202.325,episode/kl_mean,0.0038713761675171553
14680064,3202.325,episode/learning_rate,0.0003000000142492354
14680064,3202.325,episode/policy_dist_max_loc,2.0151004183292387
14680064,3202.325,episode/policy_dist_max_std,2.6937161898612976
14680064,3202.325,episode/policy_dist_mean_loc,-0.12653348490595817
14680064,3202.325,episode/policy_dist_mean_std,0.7888133454322815
14680064,3202.325,episode/policy_dist_min_loc,-2.5274448943138124
14680064,3202.325,episode/policy_dist_min_std,0.07528339337557555
14680064,3202.325,episode/policy_loss,-0.0003853130852075992
14680064,3202.325,episode/total_loss,1.6584641748666764
14680064,3202.325,episode/v_loss,1.7631287682056427
14680064,3238.556,eval/walltime,1043.0834543704987
14680064,3238.556,training/sps,6682.829346160138
14680064,3238.556,training/walltime,2171.05016040802
14680064,3238.556,training/entropy_loss,-0.10338602215051651
14680064,3238.556,training/kl_mean,0.004015166312456131
14680064,3238.556,training/learning_rate,0.0003000000142492354
14680064,3238.556,training/policy_dist_max_loc,2.054368495941162
14680064,3238.556,training/policy_dist_max_std,2.6017162799835205
14680064,3238.556,training/policy_dist_mean_loc,-0.1314680278301239
14680064,3238.556,training/policy_dist_mean_std,0.7910940647125244
14680064,3238.556,training/policy_dist_min_loc,-2.4353017807006836
14680064,3238.556,training/policy_dist_min_std,0.08005087077617645
14680064,3238.556,training/policy_loss,-0.00022229418391361833
14680064,3238.556,training/total_loss,1.235681414604187
14680064,3238.556,training/v_loss,1.339289665222168
14680064,3238.556,eval/episode_reward,395.53778076171875
14680064,3238.556,eval/episode_reward/ctrl,-0.26858097314834595
14680064,3238.556,eval/episode_reward/forward,401.53631591796875
14680064,3238.556,eval/episode_reward/joint,-0.1243981420993805
14680064,3238.556,eval/episode_reward/orient,-5.6054816246032715
14680064,3238.556,eval/episode_reward/total,395.53778076171875
14680064,3238.556,eval/episode_state/forward_vel,34.823486328125
14680064,3238.556,eval/episode_state/up_z,936.7366943359375
14680064,3238.556,eval/episode_reward_std,21.40220832824707
14680064,3238.556,eval/episode_reward/ctrl_std,0.003243967890739441
14680064,3238.556,eval/episode_reward/forward_std,20.657148361206055
14680064,3238.556,eval/episode_reward/joint_std,0.0065952991135418415
14680064,3238.556,eval/episode_reward/orient_std,3.5890419483184814
14680064,3238.556,eval/episode_reward/total_std,21.40220832824707
14680064,3238.556,eval/episode_state/forward_vel_std,13.414371490478516
14680064,3238.556,eval/episode_state/up_z_std,8.991050720214844
14680064,3238.556,eval/avg_episode_length,1000.0
14680064,3238.556,eval/std_episode_length,0.0
14680064,3238.556,eval/epoch_eval_time,36.20669603347778
14680064,3238.556,eval/sps,883.8144184824778
15204352,3314.924,episode/sps,4656.210354570341
15204352,3314.924,episode/length,1000.0
15204352,3314.924,episode/reward/ctrl,-0.26901562124490735
15204352,3314.924,episode/reward/forward,394.7828698730469
15204352,3314.924,episode/reward/joint,-0.12604015961289405
15204352,3314.924,episode/reward/orient,-13.50409657716751
15204352,3314.924,episode/reward/total,380.8837542724609
15204352,3314.924,episode/state/forward_vel,31.06747224330902
15204352,3314.924,episode/state/up_z,929.3447039794922
15204352,3314.924,episode/sum_reward,380.8837542724609
15204352,3314.924,episode/entropy_loss,-0.10393530920147896
15204352,3314.924,episode/kl_mean,0.003932235802058131
15204352,3314.924,episode/learning_rate,0.0003000000142492354
15204352,3314.924,episode/policy_dist_max_loc,2.060439990758896
15204352,3314.924,episode/policy_dist_max_std,2.6727409672737124
15204352,3314.924,episode/policy_dist_mean_loc,-0.1280003948509693
15204352,3314.924,episode/policy_dist_mean_std,0.790589439868927
15204352,3314.924,episode/policy_dist_min_loc,-2.5285491228103636
15204352,3314.924,episode/policy_dist_min_std,0.07532867550849914
15204352,3314.924,episode/policy_loss,-0.00047241385262168477
15204352,3314.924,episode/total_loss,1.4796082061529159
15204352,3314.924,episode/v_loss,1.5840159231424331
15204352,3344.156,eval/walltime,1072.2910587787628
15204352,3344.156,training/sps,6864.554784066631
15204352,3344.156,training/walltime,2247.426271677017
15204352,3344.156,training/entropy_loss,-0.10384863615036011
15204352,3344.156,training/kl_mean,0.003686947515234351
15204352,3344.156,training/learning_rate,0.0003000000142492354
15204352,3344.156,training/policy_dist_max_loc,2.088218927383423
15204352,3344.156,training/policy_dist_max_std,2.693732500076294
15204352,3344.156,training/policy_dist_mean_loc,-0.1271912157535553
15204352,3344.156,training/policy_dist_mean_std,0.7925593852996826
15204352,3344.156,training/policy_dist_min_loc,-2.539005756378174
15204352,3344.156,training/policy_dist_min_std,0.07014413923025131
15204352,3344.156,training/policy_loss,-0.0006688787252642214
15204352,3344.156,training/total_loss,1.2862744331359863
15204352,3344.156,training/v_loss,1.390791893005371
15204352,3344.156,eval/episode_reward,386.0150451660156
15204352,3344.156,eval/episode_reward/ctrl,-0.27097663283348083
15204352,3344.156,eval/episode_reward/forward,391.38848876953125
15204352,3344.156,eval/episode_reward/joint,-0.12619179487228394
15204352,3344.156,eval/episode_reward/orient,-4.976308822631836
15204352,3344.156,eval/episode_reward/total,386.0150451660156
15204352,3344.156,eval/episode_state/forward_vel,28.672412872314453
15204352,3344.156,eval/episode_state/up_z,937.126708984375
15204352,3344.156,eval/episode_reward_std,23.493484497070312
15204352,3344.156,eval/episode_reward/ctrl_std,0.002920206170529127
15204352,3344.156,eval/episode_reward/forward_std,23.177982330322266
15204352,3344.156,eval/episode_reward/joint_std,0.005867983680218458
15204352,3344.156,eval/episode_reward/orient_std,1.7387572526931763
15204352,3344.156,eval/episode_reward/total_std,23.493484497070312
15204352,3344.156,eval/episode_state/forward_vel_std,14.647037506103516
15204352,3344.156,eval/episode_state/up_z_std,8.868182182312012
15204352,3344.156,eval/avg_episode_length,1000.0
15204352,3344.156,eval/std_episode_length,0.0
15204352,3344.156,eval/epoch_eval_time,29.20760440826416
15204352,3344.156,eval/sps,1095.6050880689736
15728640,3421.835,episode/sps,4903.985977295869
15728640,3421.835,episode/length,1000.0
15728640,3421.835,episode/reward/ctrl,-0.2692777624726295
15728640,3421.835,episode/reward/forward,394.9959796142578
15728640,3421.835,episode/reward/joint,-0.12466465555131435
15728640,3421.835,episode/reward/orient,-5.336964030265808
15728640,3421.835,episode/reward/total,389.2651031494141
15728640,3421.835,episode/state/forward_vel,31.3041273355484
15728640,3421.835,episode/state/up_z,936.6358599853515
15728640,3421.835,episode/sum_reward,389.2651031494141
15728640,3421.835,episode/entropy_loss,-0.10337716102600097
15728640,3421.835,episode/kl_mean,0.0047870713192969564
15728640,3421.835,episode/learning_rate,0.0003000000142492354
15728640,3421.835,episode/policy_dist_max_loc,2.118382383584976
15728640,3421.835,episode/policy_dist_max_std,2.6303487277030944
15728640,3421.835,episode/policy_dist_mean_loc,-0.12942932844161986
15728640,3421.835,episode/policy_dist_mean_std,0.7930059516429901
15728640,3421.835,episode/policy_dist_min_loc,-2.5151125502586367
15728640,3421.835,episode/policy_dist_min_std,0.07218806348741054
15728640,3421.835,episode/policy_loss,-3.740806991118007e-05
15728640,3421.835,episode/total_loss,1.0778385883569717
15728640,3421.835,episode/v_loss,1.181253153681755
15728640,3457.499,eval/walltime,1107.9295816421509
15728640,3457.499,training/sps,6748.7168214907415
15728640,3457.499,training/walltime,2325.1133363246918
15728640,3457.499,training/entropy_loss,-0.10276804119348526
15728640,3457.499,training/kl_mean,0.006652099080383778
15728640,3457.499,training/learning_rate,0.0003000000142492354
15728640,3457.499,training/policy_dist_max_loc,2.2177443504333496
15728640,3457.499,training/policy_dist_max_std,2.582840919494629
15728640,3457.499,training/policy_dist_mean_loc,-0.13007161021232605
15728640,3457.499,training/policy_dist_mean_std,0.7959331274032593
15728640,3457.499,training/policy_dist_min_loc,-2.553049325942993
15728640,3457.499,training/policy_dist_min_std,0.06609469652175903
15728640,3457.499,training/policy_loss,0.000958107877522707
15728640,3457.499,training/total_loss,0.7323246002197266
15728640,3457.499,training/v_loss,0.8341345191001892
15728640,3457.499,eval/episode_reward,394.35174560546875
15728640,3457.499,eval/episode_reward/ctrl,-0.26987454295158386
15728640,3457.499,eval/episode_reward/forward,402.0869140625
15728640,3457.499,eval/episode_reward/joint,-0.12404723465442657
15728640,3457.499,eval/episode_reward/orient,-7.341221332550049
15728640,3457.499,eval/episode_reward/total,394.35174560546875
15728640,3457.499,eval/episode_state/forward_vel,36.691993713378906
15728640,3457.499,eval/episode_state/up_z,933.821533203125
15728640,3457.499,eval/episode_reward_std,19.422224044799805
15728640,3457.499,eval/episode_reward/ctrl_std,0.002435063011944294
15728640,3457.499,eval/episode_reward/forward_std,18.5433406829834
15728640,3457.499,eval/episode_reward/joint_std,0.0051605310291051865
15728640,3457.499,eval/episode_reward/orient_std,9.505083084106445
15728640,3457.499,eval/episode_reward/total_std,19.422224044799805
15728640,3457.499,eval/episode_state/forward_vel_std,12.853264808654785
15728640,3457.499,eval/episode_state/up_z_std,10.982895851135254
15728640,3457.499,eval/avg_episode_length,1000.0
15728640,3457.499,eval/std_episode_length,0.0
15728640,3457.499,eval/epoch_eval_time,35.63852286338806
15728640,3457.499,eval/sps,897.9047791252324
16252928,3535.243,episode/sps,4623.010981036215
16252928,3535.243,episode/length,1000.0
16252928,3535.243,episode/reward/ctrl,-0.2701223254203796
16252928,3535.243,episode/reward/forward,393.1591091918945
16252928,3535.243,episode/reward/joint,-0.12570910729467868
16252928,3535.243,episode/reward/orient,-6.003417851924897
16252928,3535.243,episode/reward/total,386.7598687744141
16252928,3535.243,episode/state/forward_vel,30.195446456819774
16252928,3535.243,episode/state/up_z,936.9667663574219
16252928,3535.243,episode/sum_reward,386.7598687744141
16252928,3535.243,episode/entropy_loss,-0.10329022906720638
16252928,3535.243,episode/kl_mean,0.004918486059177667
16252928,3535.243,episode/learning_rate,0.0003000000142492354
16252928,3535.243,episode/policy_dist_max_loc,2.1423054933547974
16252928,3535.243,episode/policy_dist_max_std,2.593683412075043
16252928,3535.243,episode/policy_dist_mean_loc,-0.12754525676369666
16252928,3535.243,episode/policy_dist_mean_std,0.7933819949626922
16252928,3535.243,episode/policy_dist_min_loc,-2.5375467920303345
16252928,3535.243,episode/policy_dist_min_std,0.07049330864101648
16252928,3535.243,episode/policy_loss,-0.00011216209022677504
16252928,3535.243,episode/total_loss,1.0003195151686668
16252928,3535.243,episode/v_loss,1.1037219002842904
16252928,3570.295,eval/walltime,1142.9589397907257
16252928,3570.295,training/sps,6743.153339454645
16252928,3570.295,training/walltime,2402.8644971847534
16252928,3570.295,training/entropy_loss,-0.10326332598924637
16252928,3570.295,training/kl_mean,0.0046093882992863655
16252928,3570.295,training/learning_rate,0.0003000000142492354
16252928,3570.295,training/policy_dist_max_loc,2.126772880554199
16252928,3570.295,training/policy_dist_max_std,2.487471580505371
16252928,3570.295,training/policy_dist_mean_loc,-0.12486660480499268
16252928,3570.295,training/policy_dist_mean_std,0.791678786277771
16252928,3570.295,training/policy_dist_min_loc,-2.531212329864502
16252928,3570.295,training/policy_dist_min_std,0.07435360550880432
16252928,3570.295,training/policy_loss,-0.00044057477498427033
16252928,3570.295,training/total_loss,0.9092113375663757
16252928,3570.295,training/v_loss,1.0129153728485107
16252928,3570.295,eval/episode_reward,392.47119140625
16252928,3570.295,eval/episode_reward/ctrl,-0.2689633369445801
16252928,3570.295,eval/episode_reward/forward,399.63421630859375
16252928,3570.295,eval/episode_reward/joint,-0.12237818539142609
16252928,3570.295,eval/episode_reward/orient,-6.771703243255615
16252928,3570.295,eval/episode_reward/total,392.47119140625
16252928,3570.295,eval/episode_state/forward_vel,33.89531707763672
16252928,3570.295,eval/episode_state/up_z,934.2593994140625
16252928,3570.295,eval/episode_reward_std,20.098346710205078
16252928,3570.295,eval/episode_reward/ctrl_std,0.0028369142673909664
16252928,3570.295,eval/episode_reward/forward_std,17.629121780395508
16252928,3570.295,eval/episode_reward/joint_std,0.005922147538512945
16252928,3570.295,eval/episode_reward/orient_std,5.560445308685303
16252928,3570.295,eval/episode_reward/total_std,20.098346710205078
16252928,3570.295,eval/episode_state/forward_vel_std,11.030218124389648
16252928,3570.295,eval/episode_state/up_z_std,10.414627075195312
16252928,3570.295,eval/avg_episode_length,1000.0
16252928,3570.295,eval/std_episode_length,0.0
16252928,3570.295,eval/epoch_eval_time,35.02935814857483
16252928,3570.295,eval/sps,913.519450292923
16777216,3647.901,episode/sps,4653.817096511732
16777216,3647.901,episode/length,1000.0
16777216,3647.901,episode/reward/ctrl,-0.2691940841078758
16777216,3647.901,episode/reward/forward,400.1569674682617
16777216,3647.901,episode/reward/joint,-0.12379869766533375
16777216,3647.901,episode/reward/orient,-6.283657522201538
16777216,3647.901,episode/reward/total,393.4803057861328
16777216,3647.901,episode/state/forward_vel,34.9122946357727
16777216,3647.901,episode/state/up_z,934.4970703125
16777216,3647.901,episode/sum_reward,393.4803057861328
16777216,3647.901,episode/entropy_loss,-0.10294540703296662
16777216,3647.901,episode/kl_mean,0.0051812574896030125
16777216,3647.901,episode/learning_rate,0.0003000000142492354
16777216,3647.901,episode/policy_dist_max_loc,2.1377332746982574
16777216,3647.901,episode/policy_dist_max_std,2.541828532218933
16777216,3647.901,episode/policy_dist_mean_loc,-0.126896268799901
16777216,3647.901,episode/policy_dist_mean_std,0.7930979204177856
16777216,3647.901,episode/policy_dist_min_loc,-2.5461792516708375
16777216,3647.901,episode/policy_dist_min_std,0.0717224595695734
16777216,3647.901,episode/policy_loss,2.0855234761256726e-05
16777216,3647.901,episode/total_loss,0.699096754193306
16777216,3647.901,episode/v_loss,0.8020213055610657
16777216,3684.239,eval/walltime,1179.2713148593903
16777216,3684.239,training/sps,6755.174995448753
16777216,3684.239,training/walltime,2480.477290391922
16777216,3684.239,training/entropy_loss,-0.10270505398511887
16777216,3684.239,training/kl_mean,0.004421507474035025
16777216,3684.239,training/learning_rate,0.0003000000142492354
16777216,3684.239,training/policy_dist_max_loc,2.072817802429199
16777216,3684.239,training/policy_dist_max_std,2.5308852195739746
16777216,3684.239,training/policy_dist_mean_loc,-0.12559284269809723
16777216,3684.239,training/policy_dist_mean_std,0.7916697263717651
16777216,3684.239,training/policy_dist_min_loc,-2.5435495376586914
16777216,3684.239,training/policy_dist_min_std,0.07495847344398499
16777216,3684.239,training/policy_loss,-0.00023091648472473025
16777216,3684.239,training/total_loss,0.4249562621116638
16777216,3684.239,training/v_loss,0.5278922319412231
16777216,3684.239,eval/episode_reward,399.04095458984375
16777216,3684.239,eval/episode_reward/ctrl,-0.2686055302619934
16777216,3684.239,eval/episode_reward/forward,404.2480163574219
16777216,3684.239,eval/episode_reward/joint,-0.11978220194578171
16777216,3684.239,eval/episode_reward/orient,-4.818668842315674
16777216,3684.239,eval/episode_reward/total,399.04095458984375
16777216,3684.239,eval/episode_state/forward_vel,36.84502410888672
16777216,3684.239,eval/episode_state/up_z,939.4012451171875
16777216,3684.239,eval/episode_reward_std,15.195544242858887
16777216,3684.239,eval/episode_reward/ctrl_std,0.002676989883184433
16777216,3684.239,eval/episode_reward/forward_std,15.035323143005371
16777216,3684.239,eval/episode_reward/joint_std,0.004909996874630451
16777216,3684.239,eval/episode_reward/orient_std,2.1686694622039795
16777216,3684.239,eval/episode_reward/total_std,15.195544242858887
16777216,3684.239,eval/episode_state/forward_vel_std,9.445466041564941
16777216,3684.239,eval/episode_state/up_z_std,5.79965353012085
16777216,3684.239,eval/avg_episode_length,1000.0
16777216,3684.239,eval/std_episode_length,0.0
16777216,3684.239,eval/epoch_eval_time,36.31237506866455
16777216,3684.239,eval/sps,881.2422745548837
17301504,3761.476,episode/sps,4616.23212184562
17301504,3761.476,episode/length,1000.0
17301504,3761.476,episode/reward/ctrl,-0.26917596101760866
17301504,3761.476,episode/reward/forward,399.14758239746095
17301504,3761.476,episode/reward/joint,-0.12301942557096482
17301504,3761.476,episode/reward/orient,-5.499794328212738
17301504,3761.476,episode/reward/total,393.2556069946289
17301504,3761.476,episode/state/forward_vel,33.863858332633974
17301504,3761.476,episode/state/up_z,936.2390643310547
17301504,3761.476,episode/sum_reward,393.2556069946289
17301504,3761.476,episode/entropy_loss,-0.10304434262216092
17301504,3761.476,episode/kl_mean,0.00453093039104715
17301504,3761.476,episode/learning_rate,0.0003000000142492354
17301504,3761.476,episode/policy_dist_max_loc,2.117469229698181
17301504,3761.476,episode/policy_dist_max_std,2.4945559525489807
17301504,3761.476,episode/policy_dist_mean_loc,-0.12376615434885024
17301504,3761.476,episode/policy_dist_mean_std,0.7908077424764633
17301504,3761.476,episode/policy_dist_min_loc,-2.539511299133301
17301504,3761.476,episode/policy_dist_min_std,0.07469605334103108
17301504,3761.476,episode/policy_loss,-0.00042433625028934327
17301504,3761.476,episode/total_loss,0.7761929517984391
17301504,3761.476,episode/v_loss,0.8796616289019584
17301504,3796.596,eval/walltime,1214.366497516632
17301504,3796.596,training/sps,6787.487320595396
17301504,3796.596,training/walltime,2557.720602273941
17301504,3796.596,training/entropy_loss,-0.10317936539649963
17301504,3796.596,training/kl_mean,0.004240433685481548
17301504,3796.596,training/learning_rate,0.0003000000142492354
17301504,3796.596,training/policy_dist_max_loc,2.1353564262390137
17301504,3796.596,training/policy_dist_max_std,2.4676201343536377
17301504,3796.596,training/policy_dist_mean_loc,-0.12005949020385742
17301504,3796.596,training/policy_dist_mean_std,0.7885515689849854
17301504,3796.596,training/policy_dist_min_loc,-2.5597517490386963
17301504,3796.596,training/policy_dist_min_std,0.0755385011434555
17301504,3796.596,training/policy_loss,-0.0007264903397299349
17301504,3796.596,training/total_loss,1.0235211849212646
17301504,3796.596,training/v_loss,1.127427101135254
17301504,3796.596,eval/episode_reward,396.300537109375
17301504,3796.596,eval/episode_reward/ctrl,-0.2679141163825989
17301504,3796.596,eval/episode_reward/forward,401.2733154296875
17301504,3796.596,eval/episode_reward/joint,-0.12136736512184143
17301504,3796.596,eval/episode_reward/orient,-4.583464622497559
17301504,3796.596,eval/episode_reward/total,396.300537109375
17301504,3796.596,eval/episode_state/forward_vel,34.998748779296875
17301504,3796.596,eval/episode_state/up_z,939.6292724609375
17301504,3796.596,eval/episode_reward_std,23.56899642944336
17301504,3796.596,eval/episode_reward/ctrl_std,0.002836451632902026
17301504,3796.596,eval/episode_reward/forward_std,23.154197692871094
17301504,3796.596,eval/episode_reward/joint_std,0.005819861311465502
17301504,3796.596,eval/episode_reward/orient_std,1.182569980621338
17301504,3796.596,eval/episode_reward/total_std,23.56899642944336
17301504,3796.596,eval/episode_state/forward_vel_std,14.791223526000977
17301504,3796.596,eval/episode_state/up_z_std,6.148024559020996
17301504,3796.596,eval/avg_episode_length,1000.0
17301504,3796.596,eval/std_episode_length,0.0
17301504,3796.596,eval/epoch_eval_time,35.09518265724182
17301504,3796.596,eval/sps,911.8060536264758
17825792,3874.628,episode/sps,4633.485853525534
17825792,3874.628,episode/length,1000.0
17825792,3874.628,episode/reward/ctrl,-0.269017818570137
17825792,3874.628,episode/reward/forward,402.73854095458984
17825792,3874.628,episode/reward/joint,-0.12231930285692215
17825792,3874.628,episode/reward/orient,-5.715245749950409
17825792,3874.628,episode/reward/total,396.63195953369143
17825792,3874.628,episode/state/forward_vel,36.56976487874985
17825792,3874.628,episode/state/up_z,938.8077160644531
17825792,3874.628,episode/sum_reward,396.63195953369143
17825792,3874.628,episode/entropy_loss,-0.10333347700536251
17825792,3874.628,episode/kl_mean,0.004067223931197077
17825792,3874.628,episode/learning_rate,0.0003000000142492354
17825792,3874.628,episode/policy_dist_max_loc,2.1283344650268554
17825792,3874.628,episode/policy_dist_max_std,2.4590445232391356
17825792,3874.628,episode/policy_dist_mean_loc,-0.12164199277758599
17825792,3874.628,episode/policy_dist_mean_std,0.7895400899648667
17825792,3874.628,episode/policy_dist_min_loc,-2.485767662525177
17825792,3874.628,episode/policy_dist_min_std,0.07807991165667773
17825792,3874.628,episode/policy_loss,-0.00045113303247489966
17825792,3874.628,episode/total_loss,1.5904200747609138
17825792,3874.628,episode/v_loss,1.694204701781273
17825792,3911.217,eval/walltime,1250.930864572525
17825792,3911.217,training/sps,6718.294094237422
17825792,3911.217,training/walltime,2635.7594604492188
17825792,3911.217,training/entropy_loss,-0.10413317382335663
17825792,3911.217,training/kl_mean,0.0034848388750106096
17825792,3911.217,training/learning_rate,0.0003000000142492354
17825792,3911.217,training/policy_dist_max_loc,2.187622547149658
17825792,3911.217,training/policy_dist_max_std,2.372537136077881
17825792,3911.217,training/policy_dist_mean_loc,-0.11876049637794495
17825792,3911.217,training/policy_dist_mean_std,0.7881081104278564
17825792,3911.217,training/policy_dist_min_loc,-2.3528571128845215
17825792,3911.217,training/policy_dist_min_std,0.08495329320430756
17825792,3911.217,training/policy_loss,-0.00022023089695721865
17825792,3911.217,training/total_loss,3.3553853034973145
17825792,3911.217,training/v_loss,3.4597387313842773
17825792,3911.217,eval/episode_reward,400.28179931640625
17825792,3911.217,eval/episode_reward/ctrl,-0.2663845717906952
17825792,3911.217,eval/episode_reward/forward,405.85565185546875
17825792,3911.217,eval/episode_reward/joint,-0.1171746551990509
17825792,3911.217,eval/episode_reward/orient,-5.190340995788574
17825792,3911.217,eval/episode_reward/total,400.28179931640625
17825792,3911.217,eval/episode_state/forward_vel,38.56708526611328
17825792,3911.217,eval/episode_state/up_z,941.806884765625
17825792,3911.217,eval/episode_reward_std,15.381387710571289
17825792,3911.217,eval/episode_reward/ctrl_std,0.002485864097252488
17825792,3911.217,eval/episode_reward/forward_std,14.490938186645508
17825792,3911.217,eval/episode_reward/joint_std,0.0061618671752512455
17825792,3911.217,eval/episode_reward/orient_std,4.89426851272583
17825792,3911.217,eval/episode_reward/total_std,15.381387710571289
17825792,3911.217,eval/episode_state/forward_vel_std,9.42876148223877
17825792,3911.217,eval/episode_state/up_z_std,7.1299662590026855
17825792,3911.217,eval/avg_episode_length,1000.0
17825792,3911.217,eval/std_episode_length,0.0
17825792,3911.217,eval/epoch_eval_time,36.564367055892944
17825792,3911.217,eval/sps,875.1689849050096
18350080,3989.542,episode/sps,4562.419035135092
18350080,3989.542,episode/length,1000.0
18350080,3989.542,episode/reward/ctrl,-0.26795901089906693
18350080,3989.542,episode/reward/forward,398.9927731323242
18350080,3989.542,episode/reward/joint,-0.11980154745280742
18350080,3989.542,episode/reward/orient,-5.441143004894257
18350080,3989.542,episode/reward/total,393.1638461303711
18350080,3989.542,episode/state/forward_vel,34.332527268528935
18350080,3989.542,episode/state/up_z,939.3219488525391
18350080,3989.542,episode/sum_reward,393.1638461303711
18350080,3989.542,episode/entropy_loss,-0.10394663266837596
18350080,3989.542,episode/kl_mean,0.0036793632374610753
18350080,3989.542,episode/learning_rate,0.0003000000142492354
18350080,3989.542,episode/policy_dist_max_loc,2.1541688334941864
18350080,3989.542,episode/policy_dist_max_std,2.4016981720924377
18350080,3989.542,episode/policy_dist_mean_loc,-0.11934319593012332
18350080,3989.542,episode/policy_dist_mean_std,0.7883753651380538
18350080,3989.542,episode/policy_dist_min_loc,-2.513941466808319
18350080,3989.542,episode/policy_dist_min_std,0.07917871002107858
18350080,3989.542,episode/policy_loss,-0.0007291089548380114
18350080,3989.542,episode/total_loss,1.6815471440553664
18350080,3989.542,episode/v_loss,1.7862229007482529
18350080,4026.731,eval/walltime,1288.0975768566132
18350080,4026.731,training/sps,6693.136780534631
18350080,4026.731,training/walltime,2714.091641187668
18350080,4026.731,training/entropy_loss,-0.10471831262111664
18350080,4026.731,training/kl_mean,0.0032948614098131657
18350080,4026.731,training/learning_rate,0.0003000000142492354
18350080,4026.731,training/policy_dist_max_loc,2.1484265327453613
18350080,4026.731,training/policy_dist_max_std,2.3568131923675537
18350080,4026.731,training/policy_dist_mean_loc,-0.1183566004037857
18350080,4026.731,training/policy_dist_mean_std,0.7879976630210876
18350080,4026.731,training/policy_dist_min_loc,-2.59854793548584
18350080,4026.731,training/policy_dist_min_std,0.07750602066516876
18350080,4026.731,training/policy_loss,-0.0010604275157675147
18350080,4026.731,training/total_loss,0.8217911720275879
18350080,4026.731,training/v_loss,0.9275699853897095
18350080,4026.731,eval/episode_reward,391.8926086425781
18350080,4026.731,eval/episode_reward/ctrl,-0.267223060131073
18350080,4026.731,eval/episode_reward/forward,397.2688903808594
18350080,4026.731,eval/episode_reward/joint,-0.11881089210510254
18350080,4026.731,eval/episode_reward/orient,-4.990360736846924
18350080,4026.731,eval/episode_reward/total,391.8926086425781
18350080,4026.731,eval/episode_state/forward_vel,32.953914642333984
18350080,4026.731,eval/episode_state/up_z,940.6817626953125
18350080,4026.731,eval/episode_reward_std,24.996225357055664
18350080,4026.731,eval/episode_reward/ctrl_std,0.002430686727166176
18350080,4026.731,eval/episode_reward/forward_std,25.28586769104004
18350080,4026.731,eval/episode_reward/joint_std,0.0050035323947668076
18350080,4026.731,eval/episode_reward/orient_std,3.061924695968628
18350080,4026.731,eval/episode_reward/total_std,24.996225357055664
18350080,4026.731,eval/episode_state/forward_vel_std,16.269309997558594
18350080,4026.731,eval/episode_state/up_z_std,7.160741806030273
18350080,4026.731,eval/avg_episode_length,1000.0
18350080,4026.731,eval/std_episode_length,0.0
18350080,4026.731,eval/epoch_eval_time,37.166712284088135
18350080,4026.731,eval/sps,860.985490333507
18874368,4104.621,episode/sps,4555.904491941753
18874368,4104.621,episode/length,1000.0
18874368,4104.621,episode/reward/ctrl,-0.266940053999424
18874368,4104.621,episode/reward/forward,406.85673919677737
18874368,4104.621,episode/reward/joint,-0.11818384423851967
18874368,4104.621,episode/reward/orient,-5.516258363723755
18874368,4104.621,episode/reward/total,400.955390625
18874368,4104.621,episode/state/forward_vel,39.760350852012635
18874368,4104.621,episode/state/up_z,940.0720465087891
18874368,4104.621,episode/sum_reward,400.955390625
18874368,4104.621,episode/entropy_loss,-0.10437989838421345
18874368,4104.621,episode/kl_mean,0.003444657160434872
18874368,4104.621,episode/learning_rate,0.0003000000142492354
18874368,4104.621,episode/policy_dist_max_loc,2.2324206161499025
18874368,4104.621,episode/policy_dist_max_std,2.4025864148139955
18874368,4104.621,episode/policy_dist_mean_loc,-0.11755486518144607
18874368,4104.621,episode/policy_dist_mean_std,0.7880397909879684
18874368,4104.621,episode/policy_dist_min_loc,-2.5116012620925905
18874368,4104.621,episode/policy_dist_min_std,0.0778660510480404
18874368,4104.621,episode/policy_loss,-0.0008158705035748426
18874368,4104.621,episode/total_loss,1.6588794103264808
18874368,4104.621,episode/v_loss,1.7640751931071281
18874368,4139.756,eval/walltime,1323.2086925506592
18874368,4139.756,training/sps,6730.565354660942
18874368,4139.756,training/walltime,2791.988217830658
18874368,4139.756,training/entropy_loss,-0.10446588695049286
18874368,4139.756,training/kl_mean,0.003321175929158926
18874368,4139.756,training/learning_rate,0.0003000000142492354
18874368,4139.756,training/policy_dist_max_loc,2.3665082454681396
18874368,4139.756,training/policy_dist_max_std,2.485837697982788
18874368,4139.756,training/policy_dist_mean_loc,-0.11497197300195694
18874368,4139.756,training/policy_dist_mean_std,0.7878367900848389
18874368,4139.756,training/policy_dist_min_loc,-2.587730884552002
18874368,4139.756,training/policy_dist_min_std,0.07139335572719574
18874368,4139.756,training/policy_loss,-0.0010753085371106863
18874368,4139.756,training/total_loss,0.885478138923645
18874368,4139.756,training/v_loss,0.9910193085670471
18874368,4139.756,eval/episode_reward,395.8268127441406
18874368,4139.756,eval/episode_reward/ctrl,-0.2665272355079651
18874368,4139.756,eval/episode_reward/forward,400.60186767578125
18874368,4139.756,eval/episode_reward/joint,-0.11720442026853561
18874368,4139.756,eval/episode_reward/orient,-4.391241073608398
18874368,4139.756,eval/episode_reward/total,395.8268127441406
18874368,4139.756,eval/episode_state/forward_vel,36.132957458496094
18874368,4139.756,eval/episode_state/up_z,943.9866943359375
18874368,4139.756,eval/episode_reward_std,27.071453094482422
18874368,4139.756,eval/episode_reward/ctrl_std,0.0028476042207330465
18874368,4139.756,eval/episode_reward/forward_std,27.07527732849121
18874368,4139.756,eval/episode_reward/joint_std,0.005426456686109304
18874368,4139.756,eval/episode_reward/orient_std,2.2404911518096924
18874368,4139.756,eval/episode_reward/total_std,27.071453094482422
18874368,4139.756,eval/episode_state/forward_vel_std,18.04314613342285
18874368,4139.756,eval/episode_state/up_z_std,4.634603500366211
18874368,4139.756,eval/avg_episode_length,1000.0
18874368,4139.756,eval/std_episode_length,0.0
18874368,4139.756,eval/epoch_eval_time,35.11111569404602
18874368,4139.756,eval/sps,911.39228610233
19398656,4217.355,episode/sps,4650.659665848154
19398656,4217.355,episode/length,1000.0
19398656,4217.355,episode/reward/ctrl,-0.2669429847598076
19398656,4217.355,episode/reward/forward,400.63301971435544
19398656,4217.355,episode/reward/joint,-0.11866745412349701
19398656,4217.355,episode/reward/orient,-5.205912828445435
19398656,4217.355,episode/reward/total,395.04147552490235
19398656,4217.355,episode/state/forward_vel,35.57124192237854
19398656,4217.355,episode/state/up_z,940.0172552490235
19398656,4217.355,episode/sum_reward,395.04147552490235
19398656,4217.355,episode/entropy_loss,-0.10468455679714679
19398656,4217.355,episode/kl_mean,0.0033747237478382887
19398656,4217.355,episode/learning_rate,0.0003000000142492354
19398656,4217.355,episode/policy_dist_max_loc,2.2878438091278075
19398656,4217.355,episode/policy_dist_max_std,2.408304169178009
19398656,4217.355,episode/policy_dist_mean_loc,-0.11513048097491264
19398656,4217.355,episode/policy_dist_mean_std,0.7876238667964935
19398656,4217.355,episode/policy_dist_min_loc,-2.5560767245292664
19398656,4217.355,episode/policy_dist_min_std,0.07700515385717153
19398656,4217.355,episode/policy_loss,-0.0008908872258325573
19398656,4217.355,episode/total_loss,1.419153373837471
19398656,4217.355,episode/v_loss,1.52472880423069
19398656,4252.907,eval/walltime,1358.736882686615
19398656,4252.907,training/sps,6755.74935471525
19398656,4252.907,training/walltime,2869.5944125652313
19398656,4252.907,training/entropy_loss,-0.10494109243154526
19398656,4252.907,training/kl_mean,0.0034244307316839695
19398656,4252.907,training/learning_rate,0.0003000000142492354
19398656,4252.907,training/policy_dist_max_loc,2.3602566719055176
19398656,4252.907,training/policy_dist_max_std,2.3986876010894775
19398656,4252.907,training/policy_dist_mean_loc,-0.1114480122923851
19398656,4252.907,training/policy_dist_mean_std,0.7868672609329224
19398656,4252.907,training/policy_dist_min_loc,-2.51454496383667
19398656,4252.907,training/policy_dist_min_std,0.08061109483242035
19398656,4252.907,training/policy_loss,-0.0005226486246101558
19398656,4252.907,training/total_loss,2.27836012840271
19398656,4252.907,training/v_loss,2.383823871612549
19398656,4252.907,eval/episode_reward,399.8778991699219
19398656,4252.907,eval/episode_reward/ctrl,-0.2654534578323364
19398656,4252.907,eval/episode_reward/forward,404.92138671875
19398656,4252.907,eval/episode_reward/joint,-0.11358225345611572
19398656,4252.907,eval/episode_reward/orient,-4.664430618286133
19398656,4252.907,eval/episode_reward/total,399.8778991699219
19398656,4252.907,eval/episode_state/forward_vel,38.282470703125
19398656,4252.907,eval/episode_state/up_z,944.8411254882812
19398656,4252.907,eval/episode_reward_std,26.271806716918945
19398656,4252.907,eval/episode_reward/ctrl_std,0.0024749930016696453
19398656,4252.907,eval/episode_reward/forward_std,24.734161376953125
19398656,4252.907,eval/episode_reward/joint_std,0.006409982219338417
19398656,4252.907,eval/episode_reward/orient_std,3.7499139308929443
19398656,4252.907,eval/episode_reward/total_std,26.271806716918945
19398656,4252.907,eval/episode_state/forward_vel_std,15.91966724395752
19398656,4252.907,eval/episode_state/up_z_std,6.309966087341309
19398656,4252.907,eval/avg_episode_length,1000.0
19398656,4252.907,eval/std_episode_length,0.0
19398656,4252.907,eval/epoch_eval_time,35.52819013595581
19398656,4252.907,eval/sps,900.6932207226297
19922944,4330.802,episode/sps,4621.442279673058
19922944,4330.802,episode/length,1000.0
19922944,4330.802,episode/reward/ctrl,-0.2657875540852547
19922944,4330.802,episode/reward/forward,399.97055389404295
19922944,4330.802,episode/reward/joint,-0.11599464550614356
19922944,4330.802,episode/reward/orient,-20.095764088630677
19922944,4330.802,episode/reward/total,379.4930078125
19922944,4330.802,episode/state/forward_vel,34.937734469771385
19922944,4330.802,episode/state/up_z,934.2035573577881
19922944,4330.802,episode/sum_reward,379.4930078125
19922944,4330.802,episode/entropy_loss,-0.1047144591063261
19922944,4330.802,episode/kl_mean,0.0032514393946621568
19922944,4330.802,episode/learning_rate,0.0003000000142492354
19922944,4330.802,episode/policy_dist_max_loc,2.3874666547775267
19922944,4330.802,episode/policy_dist_max_std,2.4548543667793274
19922944,4330.802,episode/policy_dist_mean_loc,-0.11241689391434193
19922944,4330.802,episode/policy_dist_mean_std,0.7867583698034286
19922944,4330.802,episode/policy_dist_min_loc,-2.6050165128707885
19922944,4330.802,episode/policy_dist_min_std,0.07529043469578028
19922944,4330.802,episode/policy_loss,-0.0008875228503893595
19922944,4330.802,episode/total_loss,1.5104215070605278
19922944,4330.802,episode/v_loss,1.6160234743356705
19922944,4365.405,eval/walltime,1393.313861131668
19922944,4365.405,training/sps,6729.963509299574
19922944,4365.405,training/walltime,2947.4979553222656
19922944,4365.405,training/entropy_loss,-0.10478150099515915
19922944,4365.405,training/kl_mean,0.00292084738612175
19922944,4365.405,training/learning_rate,0.0003000000142492354
19922944,4365.405,training/policy_dist_max_loc,2.4548707008361816
19922944,4365.405,training/policy_dist_max_std,2.485976219177246
19922944,4365.405,training/policy_dist_mean_loc,-0.11035594344139099
19922944,4365.405,training/policy_dist_mean_std,0.785402774810791
19922944,4365.405,training/policy_dist_min_loc,-2.716787576675415
19922944,4365.405,training/policy_dist_min_std,0.07377999275922775
19922944,4365.405,training/policy_loss,-0.0008799261413514614
19922944,4365.405,training/total_loss,1.4316043853759766
19922944,4365.405,training/v_loss,1.5372657775878906
19922944,4365.405,eval/episode_reward,398.92645263671875
19922944,4365.405,eval/episode_reward/ctrl,-0.26654547452926636
19922944,4365.405,eval/episode_reward/forward,404.8122863769531
19922944,4365.405,eval/episode_reward/joint,-0.11764590442180634
19922944,4365.405,eval/episode_reward/orient,-5.501678943634033
19922944,4365.405,eval/episode_reward/total,398.92645263671875
19922944,4365.405,eval/episode_state/forward_vel,38.252410888671875
19922944,4365.405,eval/episode_state/up_z,943.1257934570312
19922944,4365.405,eval/episode_reward_std,39.396095275878906
19922944,4365.405,eval/episode_reward/ctrl_std,0.003085657488554716
19922944,4365.405,eval/episode_reward/forward_std,32.938804626464844
19922944,4365.405,eval/episode_reward/joint_std,0.006499000824987888
19922944,4365.405,eval/episode_reward/orient_std,8.890995979309082
19922944,4365.405,eval/episode_reward/total_std,39.396095275878906
19922944,4365.405,eval/episode_state/forward_vel_std,20.268064498901367
19922944,4365.405,eval/episode_state/up_z_std,12.647512435913086
19922944,4365.405,eval/avg_episode_length,1000.0
19922944,4365.405,eval/std_episode_length,0.0
19922944,4365.405,eval/epoch_eval_time,34.5769784450531
19922944,4365.405,eval/sps,925.4712655373221
20447232,4443.105,episode/sps,4668.527858948336
20447232,4443.105,episode/length,1000.0
20447232,4443.105,episode/reward/ctrl,-0.26573999553918837
20447232,4443.105,episode/reward/forward,401.75475830078125
20447232,4443.105,episode/reward/joint,-0.11422538854181767
20447232,4443.105,episode/reward/orient,-5.139585132598877
20447232,4443.105,episode/reward/total,396.2351919555664
20447232,4443.105,episode/state/forward_vel,36.42205067396164
20447232,4443.105,episode/state/up_z,944.3929028320313
20447232,4443.105,episode/sum_reward,396.2351919555664
20447232,4443.105,episode/entropy_loss,-0.10458425469696522
20447232,4443.105,episode/kl_mean,0.0033342905156314375
20447232,4443.105,episode/learning_rate,0.0003000000142492354
20447232,4443.105,episode/policy_dist_max_loc,2.4593046259880067
20447232,4443.105,episode/policy_dist_max_std,2.4466231656074524
20447232,4443.105,episode/policy_dist_mean_loc,-0.1104193863272667
20447232,4443.105,episode/policy_dist_mean_std,0.7862291836738586
20447232,4443.105,episode/policy_dist_min_loc,-2.622833902835846
20447232,4443.105,episode/policy_dist_min_std,0.07463622398674488
20447232,4443.105,episode/policy_loss,-0.0007696462114108727
20447232,4443.105,episode/total_loss,1.7331265261769295
20447232,4443.105,episode/v_loss,1.8384804064035416
20447232,4479.366,eval/walltime,1429.5504095554352
20447232,4479.366,training/sps,6746.970192326718
20447232,4479.366,training/walltime,3025.205131292343
20447232,4479.366,training/entropy_loss,-0.10408161580562592
20447232,4479.366,training/kl_mean,0.0034886994399130344
20447232,4479.366,training/learning_rate,0.0003000000142492354
20447232,4479.366,training/policy_dist_max_loc,2.5668814182281494
20447232,4479.366,training/policy_dist_max_std,2.4506685733795166
20447232,4479.366,training/policy_dist_mean_loc,-0.10869148373603821
20447232,4479.366,training/policy_dist_mean_std,0.7862046957015991
20447232,4479.366,training/policy_dist_min_loc,-2.6218185424804688
20447232,4479.366,training/policy_dist_min_std,0.0709298625588417
20447232,4479.366,training/policy_loss,-0.0007016869494691491
20447232,4479.366,training/total_loss,1.640796184539795
20447232,4479.366,training/v_loss,1.7455793619155884
20447232,4479.366,eval/episode_reward,403.5097351074219
20447232,4479.366,eval/episode_reward/ctrl,-0.2683129608631134
20447232,4479.366,eval/episode_reward/forward,407.96966552734375
20447232,4479.366,eval/episode_reward/joint,-0.11534397304058075
20447232,4479.366,eval/episode_reward/orient,-4.076263427734375
20447232,4479.366,eval/episode_reward/total,403.5097351074219
20447232,4479.366,eval/episode_state/forward_vel,41.122406005859375
20447232,4479.366,eval/episode_state/up_z,946.4168090820312
20447232,4479.366,eval/episode_reward_std,25.965211868286133
20447232,4479.366,eval/episode_reward/ctrl_std,0.003531521186232567
20447232,4479.366,eval/episode_reward/forward_std,25.702367782592773
20447232,4479.366,eval/episode_reward/joint_std,0.005597867537289858
20447232,4479.366,eval/episode_reward/orient_std,2.4508821964263916
20447232,4479.366,eval/episode_reward/total_std,25.965211868286133
20447232,4479.366,eval/episode_state/forward_vel_std,16.432538986206055
20447232,4479.366,eval/episode_state/up_z_std,5.392027854919434
20447232,4479.366,eval/avg_episode_length,1000.0
20447232,4479.366,eval/std_episode_length,0.0
20447232,4479.366,eval/epoch_eval_time,36.23654842376709
20447232,4479.366,eval/sps,883.0863145622227
20971520,4557.150,episode/sps,4597.180433259793
20971520,4557.150,episode/length,1000.0
20971520,4557.150,episode/reward/ctrl,-0.26673657953739166
20971520,4557.150,episode/reward/forward,402.6650085449219
20971520,4557.150,episode/reward/joint,-0.11523753233253956
20971520,4557.150,episode/reward/orient,-23.95588978767395
20971520,4557.150,episode/reward/total,378.32711120605467
20971520,4557.150,episode/state/forward_vel,36.60161144733429
20971520,4557.150,episode/state/up_z,935.1808268737793
20971520,4557.150,episode/sum_reward,378.32711120605467
20971520,4557.150,episode/entropy_loss,-0.104126693084836
20971520,4557.150,episode/kl_mean,0.0033623362670186906
20971520,4557.150,episode/learning_rate,0.0003000000142492354
20971520,4557.150,episode/policy_dist_max_loc,2.5445731925964354
20971520,4557.150,episode/policy_dist_max_std,2.4681868863105776
20971520,4557.150,episode/policy_dist_mean_loc,-0.10956915035843849
20971520,4557.150,episode/policy_dist_mean_std,0.7864094430208206
20971520,4557.150,episode/policy_dist_min_loc,-2.6691771507263184
20971520,4557.150,episode/policy_dist_min_std,0.0724458571895957
20971520,4557.150,episode/policy_loss,-0.0007991462560312356
20971520,4557.150,episode/total_loss,1.5372075581550597
20971520,4557.150,episode/v_loss,1.6421333950757981
20971520,4592.306,eval/walltime,1464.680350780487
20971520,4592.306,training/sps,6739.708464602121
20971520,4592.306,training/walltime,3102.996033191681
20971520,4592.306,training/entropy_loss,-0.10341493785381317
20971520,4592.306,training/kl_mean,0.003598236246034503
20971520,4592.306,training/learning_rate,0.0003000000142492354
20971520,4592.306,training/policy_dist_max_loc,2.630018711090088
20971520,4592.306,training/policy_dist_max_std,2.472429037094116
20971520,4592.306,training/policy_dist_mean_loc,-0.10933086276054382
20971520,4592.306,training/policy_dist_mean_std,0.7875099182128906
20971520,4592.306,training/policy_dist_min_loc,-2.685708522796631
20971520,4592.306,training/policy_dist_min_std,0.07234908640384674
20971520,4592.306,training/policy_loss,-0.0007433656137436628
20971520,4592.306,training/total_loss,1.466611385345459
20971520,4592.306,training/v_loss,1.5707696676254272
20971520,4592.306,eval/episode_reward,398.1108093261719
20971520,4592.306,eval/episode_reward/ctrl,-0.2689540982246399
20971520,4592.306,eval/episode_reward/forward,402.8709411621094
20971520,4592.306,eval/episode_reward/joint,-0.11438263207674026
20971520,4592.306,eval/episode_reward/orient,-4.376741409301758
20971520,4592.306,eval/episode_reward/total,398.1108093261719
20971520,4592.306,eval/episode_state/forward_vel,37.721839904785156
20971520,4592.306,eval/episode_state/up_z,946.7578125
20971520,4592.306,eval/episode_reward_std,33.080204010009766
20971520,4592.306,eval/episode_reward/ctrl_std,0.002674279734492302
20971520,4592.306,eval/episode_reward/forward_std,32.48823928833008
20971520,4592.306,eval/episode_reward/joint_std,0.006601801607757807
20971520,4592.306,eval/episode_reward/orient_std,2.4055066108703613
20971520,4592.306,eval/episode_reward/total_std,33.080204010009766
20971520,4592.306,eval/episode_state/forward_vel_std,20.63722801208496
20971520,4592.306,eval/episode_state/up_z_std,6.165127277374268
20971520,4592.306,eval/avg_episode_length,1000.0
20971520,4592.306,eval/std_episode_length,0.0
20971520,4592.306,eval/epoch_eval_time,35.12994122505188
20971520,4592.306,eval/sps,910.9038866589434
21495808,4665.092,episode/sps,4857.13935953399
21495808,4665.092,episode/length,1000.0
21495808,4665.092,episode/reward/ctrl,-0.2676588448882103
21495808,4665.092,episode/reward/forward,404.7438229370117
21495808,4665.092,episode/reward/joint,-0.11455209143459796
21495808,4665.092,episode/reward/orient,-4.591917095184326
21495808,4665.092,episode/reward/total,399.76970153808594
21495808,4665.092,episode/state/forward_vel,38.16034577727318
21495808,4665.092,episode/state/up_z,945.4518023681641
21495808,4665.092,episode/sum_reward,399.76970153808594
21495808,4665.092,episode/entropy_loss,-0.10360346116125584
21495808,4665.092,episode/kl_mean,0.003554815355455503
21495808,4665.092,episode/learning_rate,0.0003000000142492354
21495808,4665.092,episode/policy_dist_max_loc,2.6346074986457824
21495808,4665.092,episode/policy_dist_max_std,2.4533103680610657
21495808,4665.092,episode/policy_dist_mean_loc,-0.10873885713517666
21495808,4665.092,episode/policy_dist_mean_std,0.7871522521972656
21495808,4665.092,episode/policy_dist_min_loc,-2.6379650235176086
21495808,4665.092,episode/policy_dist_min_std,0.07201946593821049
21495808,4665.092,episode/policy_loss,-0.0007093232136685401
21495808,4665.092,episode/total_loss,1.7403942596912385
21495808,4665.092,episode/v_loss,1.8447070479393006
21495808,4696.704,eval/walltime,1496.2678201198578
21495808,4696.704,training/sps,7202.399502171743
21495808,4696.704,training/walltime,3175.7895514965057
21495808,4696.704,training/entropy_loss,-0.10321243852376938
21495808,4696.704,training/kl_mean,0.0035451664589345455
21495808,4696.704,training/learning_rate,0.0003000000142492354
21495808,4696.704,training/policy_dist_max_loc,2.7284798622131348
21495808,4696.704,training/policy_dist_max_std,2.4347147941589355
21495808,4696.704,training/policy_dist_mean_loc,-0.10809510946273804
21495808,4696.704,training/policy_dist_mean_std,0.7878789305686951
21495808,4696.704,training/policy_dist_min_loc,-2.599052906036377
21495808,4696.704,training/policy_dist_min_std,0.07270260155200958
21495808,4696.704,training/policy_loss,-0.000526674441061914
21495808,4696.704,training/total_loss,2.2289395332336426
21495808,4696.704,training/v_loss,2.3326785564422607
21495808,4696.704,eval/episode_reward,399.41253662109375
21495808,4696.704,eval/episode_reward/ctrl,-0.2681078314781189
21495808,4696.704,eval/episode_reward/forward,403.6634521484375
21495808,4696.704,eval/episode_reward/joint,-0.11240410804748535
21495808,4696.704,eval/episode_reward/orient,-3.8705317974090576
21495808,4696.704,eval/episode_reward/total,399.41253662109375
21495808,4696.704,eval/episode_state/forward_vel,38.028778076171875
21495808,4696.704,eval/episode_state/up_z,947.4437255859375
21495808,4696.704,eval/episode_reward_std,23.35980796813965
21495808,4696.704,eval/episode_reward/ctrl_std,0.0032969750463962555
21495808,4696.704,eval/episode_reward/forward_std,23.074819564819336
21495808,4696.704,eval/episode_reward/joint_std,0.006118708290159702
21495808,4696.704,eval/episode_reward/orient_std,1.3858250379562378
21495808,4696.704,eval/episode_reward/total_std,23.35980796813965
21495808,4696.704,eval/episode_state/forward_vel_std,15.447047233581543
21495808,4696.704,eval/episode_state/up_z_std,4.483931541442871
21495808,4696.704,eval/avg_episode_length,1000.0
21495808,4696.704,eval/std_episode_length,0.0
21495808,4696.704,eval/epoch_eval_time,31.587469339370728
21495808,4696.704,eval/sps,1013.0599465312371
22020096,4774.387,episode/sps,4797.0094501762105
22020096,4774.387,episode/length,1000.0
22020096,4774.387,episode/reward/ctrl,-0.2682310101389885
22020096,4774.387,episode/reward/forward,404.551926574707
22020096,4774.387,episode/reward/joint,-0.11363783344626427
22020096,4774.387,episode/reward/orient,-4.207811505794525
22020096,4774.387,episode/reward/total,399.96227661132815
22020096,4774.387,episode/state/forward_vel,38.536855273246765
22020096,4774.387,episode/state/up_z,947.9402618408203
22020096,4774.387,episode/sum_reward,399.96227661132815
22020096,4774.387,episode/entropy_loss,-0.10328583814203739
22020096,4774.387,episode/kl_mean,0.0036773779289796947
22020096,4774.387,episode/learning_rate,0.0003000000142492354
22020096,4774.387,episode/policy_dist_max_loc,2.689273476600647
22020096,4774.387,episode/policy_dist_max_std,2.430968310832977
22020096,4774.387,episode/policy_dist_mean_loc,-0.11006401069462299
22020096,4774.387,episode/policy_dist_mean_std,0.7881133514642715
22020096,4774.387,episode/policy_dist_min_loc,-2.6037235283851623
22020096,4774.387,episode/policy_dist_min_std,0.07180046748369932
22020096,4774.387,episode/policy_loss,-0.0005450799399113748
22020096,4774.387,episode/total_loss,2.5864970204234123
22020096,4774.387,episode/v_loss,2.690327927470207
22020096,4810.362,eval/walltime,1532.2192633152008
22020096,4810.362,training/sps,6748.4190025539565
22020096,4810.362,training/walltime,3253.480044603348
22020096,4810.362,training/entropy_loss,-0.10315776616334915
22020096,4810.362,training/kl_mean,0.0038923153188079596
22020096,4810.362,training/learning_rate,0.0003000000142492354
22020096,4810.362,training/policy_dist_max_loc,2.7237918376922607
22020096,4810.362,training/policy_dist_max_std,2.4012837409973145
22020096,4810.362,training/policy_dist_mean_loc,-0.1128494143486023
22020096,4810.362,training/policy_dist_mean_std,0.7891299724578857
22020096,4810.362,training/policy_dist_min_loc,-2.5129494667053223
22020096,4810.362,training/policy_dist_min_std,0.07083235681056976
22020096,4810.362,training/policy_loss,-0.0002017355291172862
22020096,4810.362,training/total_loss,4.267375469207764
22020096,4810.362,training/v_loss,4.370735168457031
22020096,4810.362,eval/episode_reward,395.83837890625
22020096,4810.362,eval/episode_reward/ctrl,-0.26727792620658875
22020096,4810.362,eval/episode_reward/forward,400.071533203125
22020096,4810.362,eval/episode_reward/joint,-0.11274383962154388
22020096,4810.362,eval/episode_reward/orient,-3.8531579971313477
22020096,4810.362,eval/episode_reward/total,395.83837890625
22020096,4810.362,eval/episode_state/forward_vel,36.4005241394043
22020096,4810.362,eval/episode_state/up_z,949.066650390625
22020096,4810.362,eval/episode_reward_std,33.848548889160156
22020096,4810.362,eval/episode_reward/ctrl_std,0.003257877193391323
22020096,4810.362,eval/episode_reward/forward_std,32.54569625854492
22020096,4810.362,eval/episode_reward/joint_std,0.006027225870639086
22020096,4810.362,eval/episode_reward/orient_std,2.608680248260498
22020096,4810.362,eval/episode_reward/total_std,33.848548889160156
22020096,4810.362,eval/episode_state/forward_vel_std,20.069889068603516
22020096,4810.362,eval/episode_state/up_z_std,5.769970893859863
22020096,4810.362,eval/avg_episode_length,1000.0
22020096,4810.362,eval/std_episode_length,0.0
22020096,4810.362,eval/epoch_eval_time,35.95144319534302
22020096,4810.362,eval/sps,890.0894416429194
22544384,4886.806,episode/sps,4663.693307718576
22544384,4886.806,episode/length,1000.0
22544384,4886.806,episode/reward/ctrl,-0.26772636860609056
22544384,4886.806,episode/reward/forward,403.8685009765625
22544384,4886.806,episode/reward/joint,-0.11269005104899406
22544384,4886.806,episode/reward/orient,-5.099006223678589
22544384,4886.806,episode/reward/total,398.38905944824216
22544384,4886.806,episode/state/forward_vel,37.949455229341986
22544384,4886.806,episode/state/up_z,948.4099645996093
22544384,4886.806,episode/sum_reward,398.38905944824216
22544384,4886.806,episode/entropy_loss,-0.10324017696082592
22544384,4886.806,episode/kl_mean,0.0035575960378628224
22544384,4886.806,episode/learning_rate,0.0003000000142492354
22544384,4886.806,episode/policy_dist_max_loc,2.7416413760185243
22544384,4886.806,episode/policy_dist_max_std,2.4547453331947326
22544384,4886.806,episode/policy_dist_mean_loc,-0.11156771667301654
22544384,4886.806,episode/policy_dist_mean_std,0.788519851565361
22544384,4886.806,episode/policy_dist_min_loc,-2.6104224705696106
22544384,4886.806,episode/policy_dist_min_std,0.06877750229090453
22544384,4886.806,episode/policy_loss,-0.00048292721519828776
22544384,4886.806,episode/total_loss,2.5218160909414293
22544384,4886.806,episode/v_loss,2.625539175868034
22544384,4920.654,eval/walltime,1566.0462670326233
22544384,4920.654,training/sps,6857.888958373528
22544384,4920.654,training/walltime,3329.9303929805756
22544384,4920.654,training/entropy_loss,-0.10332893580198288
22544384,4920.654,training/kl_mean,0.0031718616373836994
22544384,4920.654,training/learning_rate,0.0003000000142492354
22544384,4920.654,training/policy_dist_max_loc,2.789979934692383
22544384,4920.654,training/policy_dist_max_std,2.529033660888672
22544384,4920.654,training/policy_dist_mean_loc,-0.11405530571937561
22544384,4920.654,training/policy_dist_mean_std,0.7884846925735474
22544384,4920.654,training/policy_dist_min_loc,-2.708448648452759
22544384,4920.654,training/policy_dist_min_std,0.06251917779445648
22544384,4920.654,training/policy_loss,-0.0005765563691966236
22544384,4920.654,training/total_loss,1.2737897634506226
22544384,4920.654,training/v_loss,1.3776953220367432
22544384,4920.654,eval/episode_reward,393.363037109375
22544384,4920.654,eval/episode_reward/ctrl,-0.26677533984184265
22544384,4920.654,eval/episode_reward/forward,409.01544189453125
22544384,4920.654,eval/episode_reward/joint,-0.11201418936252594
22544384,4920.654,eval/episode_reward/orient,-15.27363109588623
22544384,4920.654,eval/episode_reward/total,393.363037109375
22544384,4920.654,eval/episode_state/forward_vel,42.7032356262207
22544384,4920.654,eval/episode_state/up_z,941.1617431640625
22544384,4920.654,eval/episode_reward_std,39.68312454223633
22544384,4920.654,eval/episode_reward/ctrl_std,0.002218513051047921
22544384,4920.654,eval/episode_reward/forward_std,22.761375427246094
22544384,4920.654,eval/episode_reward/joint_std,0.005351867061108351
22544384,4920.654,eval/episode_reward/orient_std,41.134239196777344
22544384,4920.654,eval/episode_reward/total_std,39.68312454223633
22544384,4920.654,eval/episode_state/forward_vel_std,15.144962310791016
22544384,4920.654,eval/episode_state/up_z_std,29.289033889770508
22544384,4920.654,eval/avg_episode_length,1000.0
22544384,4920.654,eval/std_episode_length,0.0
22544384,4920.654,eval/epoch_eval_time,33.827003717422485
22544384,4920.654,eval/sps,945.9897857733852
23068672,4997.263,episode/sps,4746.504441723719
23068672,4997.263,episode/length,1000.0
23068672,4997.263,episode/reward/ctrl,-0.2673743173480034
23068672,4997.263,episode/reward/forward,405.2005047607422
23068672,4997.263,episode/reward/joint,-0.11123916357755662
23068672,4997.263,episode/reward/orient,-3.953706693649292
23068672,4997.263,episode/reward/total,400.8682165527344
23068672,4997.263,episode/state/forward_vel,38.66699603319168
23068672,4997.263,episode/state/up_z,949.3141479492188
23068672,4997.263,episode/sum_reward,400.8682165527344
23068672,4997.263,episode/entropy_loss,-0.1033920232206583
23068672,4997.263,episode/kl_mean,0.003538974832044914
23068672,4997.263,episode/learning_rate,0.0003000000142492354
23068672,4997.263,episode/policy_dist_max_loc,2.8122453713417053
23068672,4997.263,episode/policy_dist_max_std,2.497198359966278
23068672,4997.263,episode/policy_dist_mean_loc,-0.11177723608911037
23068672,4997.263,episode/policy_dist_mean_std,0.7885749763250351
23068672,4997.263,episode/policy_dist_min_loc,-2.6869812846183776
23068672,4997.263,episode/policy_dist_min_std,0.06508462104946375
23068672,4997.263,episode/policy_loss,-0.0004676826413924573
23068672,4997.263,episode/total_loss,2.4825928139686586
23068672,4997.263,episode/v_loss,2.586452499628067
23068672,5033.816,eval/walltime,1602.5747735500336
23068672,5033.816,training/sps,6843.02334728676
23068672,5033.816,training/walltime,3406.546820163727
23068672,5033.816,training/entropy_loss,-0.10372498631477356
23068672,5033.816,training/kl_mean,0.0035079028457403183
23068672,5033.816,training/learning_rate,0.0003000000142492354
23068672,5033.816,training/policy_dist_max_loc,2.939065933227539
23068672,5033.816,training/policy_dist_max_std,2.5671072006225586
23068672,5033.816,training/policy_dist_mean_loc,-0.10861048102378845
23068672,5033.816,training/policy_dist_mean_std,0.7881283760070801
23068672,5033.816,training/policy_dist_min_loc,-2.8547322750091553
23068672,5033.816,training/policy_dist_min_std,0.061288874596357346
23068672,5033.816,training/policy_loss,-0.0005815987824462354
23068672,5033.816,training/total_loss,2.0895609855651855
23068672,5033.816,training/v_loss,2.1938676834106445
23068672,5033.816,eval/episode_reward,398.00152587890625
23068672,5033.816,eval/episode_reward/ctrl,-0.2675279378890991
23068672,5033.816,eval/episode_reward/forward,402.66632080078125
23068672,5033.816,eval/episode_reward/joint,-0.11116744577884674
23068672,5033.816,eval/episode_reward/orient,-4.286182403564453
23068672,5033.816,eval/episode_reward/total,398.00152587890625
23068672,5033.816,eval/episode_state/forward_vel,38.006195068359375
23068672,5033.816,eval/episode_state/up_z,949.8453369140625
23068672,5033.816,eval/episode_reward_std,30.92729377746582
23068672,5033.816,eval/episode_reward/ctrl_std,0.003178552957251668
23068672,5033.816,eval/episode_reward/forward_std,30.021358489990234
23068672,5033.816,eval/episode_reward/joint_std,0.006966595537960529
23068672,5033.816,eval/episode_reward/orient_std,4.166243076324463
23068672,5033.816,eval/episode_reward/total_std,30.92729377746582
23068672,5033.816,eval/episode_state/forward_vel_std,19.23265266418457
23068672,5033.816,eval/episode_state/up_z_std,6.8101348876953125
23068672,5033.816,eval/avg_episode_length,1000.0
23068672,5033.816,eval/std_episode_length,0.0
23068672,5033.816,eval/epoch_eval_time,36.52850651741028
23068672,5033.816,eval/sps,876.028150363829
23592960,5110.774,episode/sps,4618.854440724113
23592960,5110.774,episode/length,1000.0
23592960,5110.774,episode/reward/ctrl,-0.26688597798347474
23592960,5110.774,episode/reward/forward,399.2075662231445
23592960,5110.774,episode/reward/joint,-0.10998677149415016
23592960,5110.774,episode/reward/orient,-6.607497134208679
23592960,5110.774,episode/reward/total,392.2232293653488
23592960,5110.774,episode/state/forward_vel,35.09078557610512
23592960,5110.774,episode/state/up_z,947.9428674316406
23592960,5110.774,episode/sum_reward,392.2232293653488
23592960,5110.774,episode/entropy_loss,-0.10350152112543583
23592960,5110.774,episode/kl_mean,0.0032771989505272357
23592960,5110.774,episode/learning_rate,0.0003000000142492354
23592960,5110.774,episode/policy_dist_max_loc,2.8850394821166994
23592960,5110.774,episode/policy_dist_max_std,2.512093005180359
23592960,5110.774,episode/policy_dist_mean_loc,-0.10970362812280655
23592960,5110.774,episode/policy_dist_mean_std,0.7882049584388733
23592960,5110.774,episode/policy_dist_min_loc,-2.7206179547309874
23592960,5110.774,episode/policy_dist_min_std,0.06632178593426943
23592960,5110.774,episode/policy_loss,-0.0006794367057591444
23592960,5110.774,episode/total_loss,1.6847383391857147
23592960,5110.774,episode/v_loss,1.7889192962646485
23592960,5147.218,eval/walltime,1638.9924459457397
23592960,5147.218,training/sps,6812.043731842196
23592960,5147.218,training/walltime,3483.511681318283
23592960,5147.218,training/entropy_loss,-0.1035299003124237
23592960,5147.218,training/kl_mean,0.0031326001044362783
23592960,5147.218,training/learning_rate,0.0003000000142492354
23592960,5147.218,training/policy_dist_max_loc,2.9380831718444824
23592960,5147.218,training/policy_dist_max_std,2.442953586578369
23592960,5147.218,training/policy_dist_mean_loc,-0.10590797662734985
23592960,5147.218,training/policy_dist_mean_std,0.7877958416938782
23592960,5147.218,training/policy_dist_min_loc,-2.611365795135498
23592960,5147.218,training/policy_dist_min_std,0.0742776095867157
23592960,5147.218,training/policy_loss,-0.0008288929820992053
23592960,5147.218,training/total_loss,1.243720531463623
23592960,5147.218,training/v_loss,1.3480794429779053
23592960,5147.218,eval/episode_reward,405.70709228515625
23592960,5147.218,eval/episode_reward/ctrl,-0.2662871479988098
23592960,5147.218,eval/episode_reward/forward,412.1234130859375
23592960,5147.218,eval/episode_reward/joint,-0.10762900859117508
23592960,5147.218,eval/episode_reward/orient,-6.042444229125977
23592960,5147.218,eval/episode_reward/total,405.70709228515625
23592960,5147.218,eval/episode_state/forward_vel,43.59002685546875
23592960,5147.218,eval/episode_state/up_z,948.6025390625
23592960,5147.218,eval/episode_reward_std,17.954137802124023
23592960,5147.218,eval/episode_reward/ctrl_std,0.0030014782678335905
23592960,5147.218,eval/episode_reward/forward_std,18.717397689819336
23592960,5147.218,eval/episode_reward/joint_std,0.006007203832268715
23592960,5147.218,eval/episode_reward/orient_std,10.008373260498047
23592960,5147.218,eval/episode_reward/total_std,17.954137802124023
23592960,5147.218,eval/episode_state/forward_vel_std,13.249550819396973
23592960,5147.218,eval/episode_state/up_z_std,10.738280296325684
23592960,5147.218,eval/avg_episode_length,1000.0
23592960,5147.218,eval/std_episode_length,0.0
23592960,5147.218,eval/epoch_eval_time,36.41767239570618
23592960,5147.218,eval/sps,878.6942683292675
24117248,5224.677,episode/sps,4602.917045869075
24117248,5224.677,episode/length,1000.0
24117248,5224.677,episode/reward/ctrl,-0.26686174541711805
24117248,5224.677,episode/reward/forward,402.02146728515623
24117248,5224.677,episode/reward/joint,-0.10851070769131184
24117248,5224.677,episode/reward/orient,-4.011025729179383
24117248,5224.677,episode/reward/total,397.6351248168945
24117248,5224.677,episode/state/forward_vel,37.37945657968521
24117248,5224.677,episode/state/up_z,951.1305462646484
24117248,5224.677,episode/sum_reward,397.6351248168945
24117248,5224.677,episode/entropy_loss,-0.10365172505378722
24117248,5224.677,episode/kl_mean,0.0032940416620112958
24117248,5224.677,episode/learning_rate,0.0003000000142492354
24117248,5224.677,episode/policy_dist_max_loc,2.983834629058838
24117248,5224.677,episode/policy_dist_max_std,2.5033195543289186
24117248,5224.677,episode/policy_dist_mean_loc,-0.10660305351018906
24117248,5224.677,episode/policy_dist_mean_std,0.7879986149072647
24117248,5224.677,episode/policy_dist_min_loc,-2.7353258299827576
24117248,5224.677,episode/policy_dist_min_std,0.06937470499426127
24117248,5224.677,episode/policy_loss,-0.0006706766301795142
24117248,5224.677,episode/total_loss,1.8271255320310593
24117248,5224.677,episode/v_loss,1.931447940468788
24117248,5259.253,eval/walltime,1673.5445189476013
24117248,5259.253,training/sps,6767.983411420283
24117248,5259.253,training/walltime,3560.977592229843
24117248,5259.253,training/entropy_loss,-0.1037885993719101
24117248,5259.253,training/kl_mean,0.0032478016801178455
24117248,5259.253,training/learning_rate,0.0003000000142492354
24117248,5259.253,training/policy_dist_max_loc,3.0921523571014404
24117248,5259.253,training/policy_dist_max_std,2.5155465602874756
24117248,5259.253,training/policy_dist_mean_loc,-0.10447275638580322
24117248,5259.253,training/policy_dist_mean_std,0.7879921197891235
24117248,5259.253,training/policy_dist_min_loc,-2.743562698364258
24117248,5259.253,training/policy_dist_min_std,0.07308846712112427
24117248,5259.253,training/policy_loss,-0.0005227059591561556
24117248,5259.253,training/total_loss,2.206610918045044
24117248,5259.253,training/v_loss,2.310922145843506
24117248,5259.253,eval/episode_reward,349.525634765625
24117248,5259.253,eval/episode_reward/ctrl,-0.2664215564727783
24117248,5259.253,eval/episode_reward/forward,408.99566650390625
24117248,5259.253,eval/episode_reward/joint,-0.10540543496608734
24117248,5259.253,eval/episode_reward/orient,-59.09806823730469
24117248,5259.253,eval/episode_reward/total,349.525634765625
24117248,5259.253,eval/episode_state/forward_vel,41.58195114135742
24117248,5259.253,eval/episode_state/up_z,920.55078125
24117248,5259.253,eval/episode_reward_std,321.5568542480469
24117248,5259.253,eval/episode_reward/ctrl_std,0.0025932565331459045
24117248,5259.253,eval/episode_reward/forward_std,24.553625106811523
24117248,5259.253,eval/episode_reward/joint_std,0.0064980885945260525
24117248,5259.253,eval/episode_reward/orient_std,309.4635314941406
24117248,5259.253,eval/episode_reward/total_std,321.5568542480469
24117248,5259.253,eval/episode_state/forward_vel_std,15.64262866973877
24117248,5259.253,eval/episode_state/up_z_std,166.7978515625
24117248,5259.253,eval/avg_episode_length,1000.0
24117248,5259.253,eval/std_episode_length,0.0
24117248,5259.253,eval/epoch_eval_time,34.55207300186157
24117248,5259.253,eval/sps,926.1383535012769
24641536,5336.511,episode/sps,4688.1057851874975
24641536,5336.511,episode/length,1000.0
24641536,5336.511,episode/reward/ctrl,-0.26617183864116667
24641536,5336.511,episode/reward/forward,405.13393432617187
24641536,5336.511,episode/reward/joint,-0.1059465017169714
24641536,5336.511,episode/reward/orient,-8.464964029788971
24641536,5336.511,episode/reward/total,396.2968713569641
24641536,5336.511,episode/state/forward_vel,39.69432757377624
24641536,5336.511,episode/state/up_z,947.6098571777344
24641536,5336.511,episode/sum_reward,396.2968713569641
24641536,5336.511,episode/entropy_loss,-0.10381466276943684
24641536,5336.511,episode/kl_mean,0.0031407105945982037
24641536,5336.511,episode/learning_rate,0.0003000000142492354
24641536,5336.511,episode/policy_dist_max_loc,3.095999402999878
24641536,5336.511,episode/policy_dist_max_std,2.4572791862487793
24641536,5336.511,episode/policy_dist_mean_loc,-0.10369902461767197
24641536,5336.511,episode/policy_dist_mean_std,0.7873927181959153
24641536,5336.511,episode/policy_dist_min_loc,-2.6709556221961974
24641536,5336.511,episode/policy_dist_min_std,0.07501824144273997
24641536,5336.511,episode/policy_loss,-0.0007850361482996959
24641536,5336.511,episode/total_loss,1.5953196734189987
24641536,5336.511,episode/v_loss,1.6999193781614304
24641536,5371.622,eval/walltime,1708.6312973499298
24641536,5371.622,training/sps,6785.627347624417
24641536,5371.622,training/walltime,3638.2420768737793
24641536,5371.622,training/entropy_loss,-0.10416796803474426
24641536,5371.622,training/kl_mean,0.0029767267405986786
24641536,5371.622,training/learning_rate,0.0003000000142492354
24641536,5371.622,training/policy_dist_max_loc,3.264101028442383
24641536,5371.622,training/policy_dist_max_std,2.3917620182037354
24641536,5371.622,training/policy_dist_mean_loc,-0.10008484125137329
24641536,5371.622,training/policy_dist_mean_std,0.7862976789474487
24641536,5371.622,training/policy_dist_min_loc,-2.6292943954467773
24641536,5371.622,training/policy_dist_min_std,0.0798194408416748
24641536,5371.622,training/policy_loss,-0.0009278135257773101
24641536,5371.622,training/total_loss,1.3078782558441162
24641536,5371.622,training/v_loss,1.4129741191864014
24641536,5371.622,eval/episode_reward,401.1012878417969
24641536,5371.622,eval/episode_reward/ctrl,-0.2658982276916504
24641536,5371.622,eval/episode_reward/forward,405.1800537109375
24641536,5371.622,eval/episode_reward/joint,-0.10555607080459595
24641536,5371.622,eval/episode_reward/orient,-3.7072877883911133
24641536,5371.622,eval/episode_reward/total,401.1012878417969
24641536,5371.622,eval/episode_state/forward_vel,39.51689910888672
24641536,5371.622,eval/episode_state/up_z,951.68115234375
24641536,5371.622,eval/episode_reward_std,26.585134506225586
24641536,5371.622,eval/episode_reward/ctrl_std,0.0024333903566002846
24641536,5371.622,eval/episode_reward/forward_std,26.310497283935547
24641536,5371.622,eval/episode_reward/joint_std,0.006058921106159687
24641536,5371.622,eval/episode_reward/orient_std,2.291762113571167
24641536,5371.622,eval/episode_reward/total_std,26.585134506225586
24641536,5371.622,eval/episode_state/forward_vel_std,16.46573257446289
24641536,5371.622,eval/episode_state/up_z_std,6.060215473175049
24641536,5371.622,eval/avg_episode_length,1000.0
24641536,5371.622,eval/std_episode_length,0.0
24641536,5371.622,eval/epoch_eval_time,35.08677840232849
24641536,5371.622,eval/sps,912.0244564224898
25165824,5448.849,episode/sps,4667.060032682083
25165824,5448.849,episode/length,1000.0
25165824,5448.849,episode/reward/ctrl,-0.2658380803465843
25165824,5448.849,episode/reward/forward,407.1887838745117
25165824,5448.849,episode/reward/joint,-0.10496087692677974
25165824,5448.849,episode/reward/orient,-4.3197749388217925
25165824,5448.849,episode/reward/total,402.4982055664062
25165824,5448.849,episode/state/forward_vel,40.45290053606033
25165824,5448.849,episode/state/up_z,950.6552185058594
25165824,5448.849,episode/sum_reward,402.4982055664062
25165824,5448.849,episode/entropy_loss,-0.10410174384713172
25165824,5448.849,episode/kl_mean,0.003047449541045353
25165824,5448.849,episode/learning_rate,0.0003000000142492354
25165824,5448.849,episode/policy_dist_max_loc,3.2065384817123412
25165824,5448.849,episode/policy_dist_max_std,2.4615943455696105
25165824,5448.849,episode/policy_dist_mean_loc,-0.10186487093567848
25165824,5448.849,episode/policy_dist_mean_std,0.7869319581985473
25165824,5448.849,episode/policy_dist_min_loc,-2.6714124035835267
25165824,5448.849,episode/policy_dist_min_std,0.07651556011289358
25165824,5448.849,episode/policy_loss,-0.0007345941313542426
25165824,5448.849,episode/total_loss,2.0818491888046267
25165824,5448.849,episode/v_loss,2.1866855353116987
25165824,5484.146,eval/walltime,1743.9020817279816
25165824,5484.146,training/sps,6788.289116726515
25165824,5484.146,training/walltime,3715.476265192032
25165824,5484.146,training/entropy_loss,-0.10445081442594528
25165824,5484.146,training/kl_mean,0.002829192439094186
25165824,5484.146,training/learning_rate,0.0003000000142492354
25165824,5484.146,training/policy_dist_max_loc,3.281418800354004
25165824,5484.146,training/policy_dist_max_std,2.482043981552124
25165824,5484.146,training/policy_dist_mean_loc,-0.10047054290771484
25165824,5484.146,training/policy_dist_mean_std,0.7863643169403076
25165824,5484.146,training/policy_dist_min_loc,-2.6437156200408936
25165824,5484.146,training/policy_dist_min_std,0.07542584836483002
25165824,5484.146,training/policy_loss,-0.0005995460087433457
25165824,5484.146,training/total_loss,2.8981001377105713
25165824,5484.146,training/v_loss,3.003150463104248
25165824,5484.146,eval/episode_reward,407.373291015625
25165824,5484.146,eval/episode_reward/ctrl,-0.2657307982444763
25165824,5484.146,eval/episode_reward/forward,412.9927673339844
25165824,5484.146,eval/episode_reward/joint,-0.10481857508420944
25165824,5484.146,eval/episode_reward/orient,-5.248884677886963
25165824,5484.146,eval/episode_reward/total,407.373291015625
25165824,5484.146,eval/episode_state/forward_vel,45.284423828125
25165824,5484.146,eval/episode_state/up_z,949.85107421875
25165824,5484.146,eval/episode_reward_std,24.089405059814453
25165824,5484.146,eval/episode_reward/ctrl_std,0.0023409074638038874
25165824,5484.146,eval/episode_reward/forward_std,24.21484375
25165824,5484.146,eval/episode_reward/joint_std,0.004955069161951542
25165824,5484.146,eval/episode_reward/orient_std,7.609636306762695
25165824,5484.146,eval/episode_reward/total_std,24.089405059814453
25165824,5484.146,eval/episode_state/forward_vel_std,16.883258819580078
25165824,5484.146,eval/episode_state/up_z_std,8.434112548828125
25165824,5484.146,eval/avg_episode_length,1000.0
25165824,5484.146,eval/std_episode_length,0.0
25165824,5484.146,eval/epoch_eval_time,35.27078437805176
25165824,5484.146,eval/sps,907.2664689564688
25690112,5561.688,episode/sps,4646.315709235234
25690112,5561.688,episode/length,1000.0
25690112,5561.688,episode/reward/ctrl,-0.2648660498857498
25690112,5561.688,episode/reward/forward,404.78004852294924
25690112,5561.688,episode/reward/joint,-0.10307279676198959
25690112,5561.688,episode/reward/orient,-4.06035213470459
25690112,5561.688,episode/reward/total,400.35172668457034
25690112,5561.688,episode/state/forward_vel,38.99918925523758
25690112,5561.688,episode/state/up_z,951.4316809082031
25690112,5561.688,episode/sum_reward,400.35172668457034
25690112,5561.688,episode/entropy_loss,-0.10426065132021904
25690112,5561.688,episode/kl_mean,0.0032465619023423643
25690112,5561.688,episode/learning_rate,0.0003000000142492354
25690112,5561.688,episode/policy_dist_max_loc,3.2781877088546754
25690112,5561.688,episode/policy_dist_max_std,2.4251437044143676
25690112,5561.688,episode/policy_dist_mean_loc,-0.10040820606052875
25690112,5561.688,episode/policy_dist_mean_std,0.7856522506475448
25690112,5561.688,episode/policy_dist_min_loc,-2.689869711399078
25690112,5561.688,episode/policy_dist_min_std,0.07759934280067682
25690112,5561.688,episode/policy_loss,-0.0010212046722881496
25690112,5561.688,episode/total_loss,1.9225760811567307
25690112,5561.688,episode/v_loss,2.0278579396009446
25690112,5597.233,eval/walltime,1779.422490119934
25690112,5597.233,training/sps,6760.6535622606
25690112,5597.233,training/walltime,3793.0261640548706
25690112,5597.233,training/entropy_loss,-0.10423001646995544
25690112,5597.233,training/kl_mean,0.003866733517497778
25690112,5597.233,training/learning_rate,0.0003000000142492354
25690112,5597.233,training/policy_dist_max_loc,3.305312395095825
25690112,5597.233,training/policy_dist_max_std,2.388298273086548
25690112,5597.233,training/policy_dist_mean_loc,-0.10019183158874512
25690112,5597.233,training/policy_dist_mean_std,0.7840015888214111
25690112,5597.233,training/policy_dist_min_loc,-2.783021926879883
25690112,5597.233,training/policy_dist_min_std,0.07781891524791718
25690112,5597.233,training/policy_loss,-0.0014750238042324781
25690112,5597.233,training/total_loss,1.5220495462417603
25690112,5597.233,training/v_loss,1.62775456905365
25690112,5597.233,eval/episode_reward,402.87579345703125
25690112,5597.233,eval/episode_reward/ctrl,-0.2642773389816284
25690112,5597.233,eval/episode_reward/forward,406.93280029296875
25690112,5597.233,eval/episode_reward/joint,-0.10411101579666138
25690112,5597.233,eval/episode_reward/orient,-3.6886990070343018
25690112,5597.233,eval/episode_reward/total,402.87579345703125
25690112,5597.233,eval/episode_state/forward_vel,41.347408294677734
25690112,5597.233,eval/episode_state/up_z,950.7337646484375
25690112,5597.233,eval/episode_reward_std,23.600238800048828
25690112,5597.233,eval/episode_reward/ctrl_std,0.0027950734365731478
25690112,5597.233,eval/episode_reward/forward_std,23.849414825439453
25690112,5597.233,eval/episode_reward/joint_std,0.004843080881983042
25690112,5597.233,eval/episode_reward/orient_std,3.197551965713501
25690112,5597.233,eval/episode_reward/total_std,23.600238800048828
25690112,5597.233,eval/episode_state/forward_vel_std,15.792726516723633
25690112,5597.233,eval/episode_state/up_z_std,5.838227272033691
25690112,5597.233,eval/avg_episode_length,1000.0
25690112,5597.233,eval/std_episode_length,0.0
25690112,5597.233,eval/epoch_eval_time,35.520408391952515
25690112,5597.233,eval/sps,900.8905428927981
26214400,5673.082,episode/sps,4706.627859024587
26214400,5673.082,episode/length,1000.0
26214400,5673.082,episode/reward/ctrl,-0.2645612809062004
26214400,5673.082,episode/reward/forward,406.58512023925783
26214400,5673.082,episode/reward/joint,-0.10462548643350601
26214400,5673.082,episode/reward/orient,-4.469494786262512
26214400,5673.082,episode/reward/total,401.74644622802737
26214400,5673.082,episode/state/forward_vel,40.3764845085144
26214400,5673.082,episode/state/up_z,950.3917926025391
26214400,5673.082,episode/sum_reward,401.74644622802737
26214400,5673.082,episode/entropy_loss,-0.10447988592088223
26214400,5673.082,episode/kl_mean,0.0033199892076663674
26214400,5673.082,episode/learning_rate,0.0003000000142492354
26214400,5673.082,episode/policy_dist_max_loc,3.3272850584983824
26214400,5673.082,episode/policy_dist_max_std,2.418120596408844
26214400,5673.082,episode/policy_dist_mean_loc,-0.09930705100297928
26214400,5673.082,episode/policy_dist_mean_std,0.7846802794933319
26214400,5673.082,episode/policy_dist_min_loc,-2.638689169883728
26214400,5673.082,episode/policy_dist_min_std,0.0763881067559123
26214400,5673.082,episode/policy_loss,-0.001015966625418514
26214400,5673.082,episode/total_loss,1.8182251793146134
26214400,5673.082,episode/v_loss,1.9237210392951964
26214400,5707.487,eval/walltime,1813.8034040927887
26214400,5707.487,training/sps,6911.580273189406
26214400,5707.487,training/walltime,3868.882622241974
26214400,5707.487,training/entropy_loss,-0.10478134453296661
26214400,5707.487,training/kl_mean,0.003162727691233158
26214400,5707.487,training/learning_rate,0.0003000000142492354
26214400,5707.487,training/policy_dist_max_loc,3.400430202484131
26214400,5707.487,training/policy_dist_max_std,2.382162570953369
26214400,5707.487,training/policy_dist_mean_loc,-0.09725096821784973
26214400,5707.487,training/policy_dist_mean_std,0.7834324836730957
26214400,5707.487,training/policy_dist_min_loc,-2.478097438812256
26214400,5707.487,training/policy_dist_min_std,0.07507653534412384
26214400,5707.487,training/policy_loss,-0.0008723142091184855
26214400,5707.487,training/total_loss,1.1265630722045898
26214400,5707.487,training/v_loss,1.232216715812683
26214400,5707.487,eval/episode_reward,399.0143737792969
26214400,5707.487,eval/episode_reward/ctrl,-0.26423537731170654
26214400,5707.487,eval/episode_reward/forward,403.53460693359375
26214400,5707.487,eval/episode_reward/joint,-0.10277673602104187
26214400,5707.487,eval/episode_reward/orient,-4.153177738189697
26214400,5707.487,eval/episode_reward/total,399.0143737792969
26214400,5707.487,eval/episode_state/forward_vel,39.34455108642578
26214400,5707.487,eval/episode_state/up_z,951.3468627929688
26214400,5707.487,eval/episode_reward_std,29.404420852661133
26214400,5707.487,eval/episode_reward/ctrl_std,0.002058819169178605
26214400,5707.487,eval/episode_reward/forward_std,28.584369659423828
26214400,5707.487,eval/episode_reward/joint_std,0.0051822783425450325
26214400,5707.487,eval/episode_reward/orient_std,6.498456954956055
26214400,5707.487,eval/episode_reward/total_std,29.404420852661133
26214400,5707.487,eval/episode_state/forward_vel_std,18.007551193237305
26214400,5707.487,eval/episode_state/up_z_std,8.416296005249023
26214400,5707.487,eval/avg_episode_length,1000.0
26214400,5707.487,eval/std_episode_length,0.0
26214400,5707.487,eval/epoch_eval_time,34.380913972854614
26214400,5707.487,eval/sps,930.7489622080884
26738688,5784.106,episode/sps,4722.281716755773
26738688,5784.106,episode/length,1000.0
26738688,5784.106,episode/reward/ctrl,-0.26442672938108447
26738688,5784.106,episode/reward/forward,406.5875601196289
26738688,5784.106,episode/reward/joint,-0.10123823970556259
26738688,5784.106,episode/reward/orient,-4.2024485301971435
26738688,5784.106,episode/reward/total,402.01944763183593
26738688,5784.106,episode/state/forward_vel,40.61154788970947
26738688,5784.106,episode/state/up_z,949.8844952392578
26738688,5784.106,episode/sum_reward,402.01944763183593
26738688,5784.106,episode/entropy_loss,-0.10462852448225021
26738688,5784.106,episode/kl_mean,0.003398601320805028
26738688,5784.106,episode/learning_rate,0.0003000000142492354
26738688,5784.106,episode/policy_dist_max_loc,3.366526396274567
26738688,5784.106,episode/policy_dist_max_std,2.4004859805107115
26738688,5784.106,episode/policy_dist_mean_loc,-0.09743715979158879
26738688,5784.106,episode/policy_dist_mean_std,0.7837189424037934
26738688,5784.106,episode/policy_dist_min_loc,-2.6386080408096313
26738688,5784.106,episode/policy_dist_min_std,0.07626445207744836
26738688,5784.106,episode/policy_loss,-0.0010787075871485285
26738688,5784.106,episode/total_loss,1.7348621433973312
26738688,5784.106,episode/v_loss,1.8405693846940994
26738688,5819.725,eval/walltime,1849.3954148292542
26738688,5819.725,training/sps,6842.1791056198435
26738688,5819.725,training/walltime,3945.508502960205
26738688,5819.725,training/entropy_loss,-0.10490843653678894
26738688,5819.725,training/kl_mean,0.0030885329470038414
26738688,5819.725,training/learning_rate,0.0003000000142492354
26738688,5819.725,training/policy_dist_max_loc,3.411543846130371
26738688,5819.725,training/policy_dist_max_std,2.4115045070648193
26738688,5819.725,training/policy_dist_mean_loc,-0.09442655742168427
26738688,5819.725,training/policy_dist_mean_std,0.7834988832473755
26738688,5819.725,training/policy_dist_min_loc,-2.635058641433716
26738688,5819.725,training/policy_dist_min_std,0.07704329490661621
26738688,5819.725,training/policy_loss,-0.0008314463775604963
26738688,5819.725,training/total_loss,2.3049960136413574
26738688,5819.725,training/v_loss,2.410736083984375
26738688,5819.725,eval/episode_reward,393.55126953125
26738688,5819.725,eval/episode_reward/ctrl,-0.2629767656326294
26738688,5819.725,eval/episode_reward/forward,399.00634765625
26738688,5819.725,eval/episode_reward/joint,-0.10088749974966049
26738688,5819.725,eval/episode_reward/orient,-5.091128826141357
26738688,5819.725,eval/episode_reward/total,393.55126953125
26738688,5819.725,eval/episode_state/forward_vel,36.12394714355469
26738688,5819.725,eval/episode_state/up_z,947.3765869140625
26738688,5819.725,eval/episode_reward_std,35.1296272277832
26738688,5819.725,eval/episode_reward/ctrl_std,0.002318896120414138
26738688,5819.725,eval/episode_reward/forward_std,33.994483947753906
26738688,5819.725,eval/episode_reward/joint_std,0.006582154892385006
26738688,5819.725,eval/episode_reward/orient_std,4.567442417144775
26738688,5819.725,eval/episode_reward/total_std,35.1296272277832
26738688,5819.725,eval/episode_state/forward_vel_std,21.159503936767578
26738688,5819.725,eval/episode_state/up_z_std,8.84664535522461
26738688,5819.725,eval/avg_episode_length,1000.0
26738688,5819.725,eval/std_episode_length,0.0
26738688,5819.725,eval/epoch_eval_time,35.592010736465454
26738688,5819.725,eval/sps,899.0781733838573
27262976,5896.874,episode/sps,4649.260830119208
27262976,5896.874,episode/length,1000.0
27262976,5896.874,episode/reward/ctrl,-0.26349054723978044
27262976,5896.874,episode/reward/forward,399.80955596923826
27262976,5896.874,episode/reward/joint,-0.10031248390674591
27262976,5896.874,episode/reward/orient,-11.75448803782463
27262976,5896.874,episode/reward/total,387.69125274658205
27262976,5896.874,episode/state/forward_vel,36.84349313259125
27262976,5896.874,episode/state/up_z,946.0605126953125
27262976,5896.874,episode/sum_reward,387.69125274658205
27262976,5896.874,episode/entropy_loss,-0.10497295044362545
27262976,5896.874,episode/kl_mean,0.0031254646682646126
27262976,5896.874,episode/learning_rate,0.0003000000142492354
27262976,5896.874,episode/policy_dist_max_loc,3.3806490159034728
27262976,5896.874,episode/policy_dist_max_std,2.401649112701416
27262976,5896.874,episode/policy_dist_mean_loc,-0.09493783637881278
27262976,5896.874,episode/policy_dist_mean_std,0.783327253460884
27262976,5896.874,episode/policy_dist_min_loc,-2.580328652858734
27262976,5896.874,episode/policy_dist_min_std,0.07732266310602426
27262976,5896.874,episode/policy_loss,-0.0008776627904444467
27262976,5896.874,episode/total_loss,1.5797897166013717
27262976,5896.874,episode/v_loss,1.6856403356790544
27262976,5932.144,eval/walltime,1884.6416018009186
27262976,5932.144,training/sps,6795.168050521945
27262976,5932.144,training/walltime,4022.664505004883
27262976,5932.144,training/entropy_loss,-0.10531385987997055
27262976,5932.144,training/kl_mean,0.002952064387500286
27262976,5932.144,training/learning_rate,0.0003000000142492354
27262976,5932.144,training/policy_dist_max_loc,3.348159074783325
27262976,5932.144,training/policy_dist_max_std,2.416827440261841
27262976,5932.144,training/policy_dist_mean_loc,-0.09246549010276794
27262976,5932.144,training/policy_dist_mean_std,0.7829450964927673
27262976,5932.144,training/policy_dist_min_loc,-2.5768539905548096
27262976,5932.144,training/policy_dist_min_std,0.07980933785438538
27262976,5932.144,training/policy_loss,-0.0007588935550302267
27262976,5932.144,training/total_loss,1.2756280899047852
27262976,5932.144,training/v_loss,1.3817009925842285
27262976,5932.144,eval/episode_reward,400.0636901855469
27262976,5932.144,eval/episode_reward/ctrl,-0.26302462816238403
27262976,5932.144,eval/episode_reward/forward,404.8841857910156
27262976,5932.144,eval/episode_reward/joint,-0.09707006812095642
27262976,5932.144,eval/episode_reward/orient,-4.4603447914123535
27262976,5932.144,eval/episode_reward/total,400.0636901855469
27262976,5932.144,eval/episode_state/forward_vel,38.943321228027344
27262976,5932.144,eval/episode_state/up_z,948.2169189453125
27262976,5932.144,eval/episode_reward_std,28.487834930419922
27262976,5932.144,eval/episode_reward/ctrl_std,0.0024533828254789114
27262976,5932.144,eval/episode_reward/forward_std,27.06248664855957
27262976,5932.144,eval/episode_reward/joint_std,0.005748546216636896
27262976,5932.144,eval/episode_reward/orient_std,3.4767446517944336
27262976,5932.144,eval/episode_reward/total_std,28.487834930419922
27262976,5932.144,eval/episode_state/forward_vel_std,16.625123977661133
27262976,5932.144,eval/episode_state/up_z_std,8.522171020507812
27262976,5932.144,eval/avg_episode_length,1000.0
27262976,5932.144,eval/std_episode_length,0.0
27262976,5932.144,eval/epoch_eval_time,35.24618697166443
27262976,5932.144,eval/sps,907.8996268653359
27787264,6006.382,episode/sps,4787.679044051622
27787264,6006.382,episode/length,1000.0
27787264,6006.382,episode/reward/ctrl,-0.26313468247652055
27787264,6006.382,episode/reward/forward,408.11680114746093
27787264,6006.382,episode/reward/joint,-0.09715354196727276
27787264,6006.382,episode/reward/orient,-20.441255970001222
27787264,6006.382,episode/reward/total,387.31524658203125
27787264,6006.382,episode/state/forward_vel,41.875115394592285
27787264,6006.382,episode/state/up_z,940.1089382171631
27787264,6006.382,episode/sum_reward,387.31524658203125
27787264,6006.382,episode/entropy_loss,-0.10526803091168403
27787264,6006.382,episode/kl_mean,0.0030141948454547674
27787264,6006.382,episode/learning_rate,0.0003000000142492354
27787264,6006.382,episode/policy_dist_max_loc,3.42036256313324
27787264,6006.382,episode/policy_dist_max_std,2.4419654059410094
27787264,6006.382,episode/policy_dist_mean_loc,-0.09164420269429684
27787264,6006.382,episode/policy_dist_mean_std,0.7839644706249237
27787264,6006.382,episode/policy_dist_min_loc,-2.6175814127922057
27787264,6006.382,episode/policy_dist_min_std,0.07773743603378534
27787264,6006.382,episode/policy_loss,-0.0008710744201380294
27787264,6006.382,episode/total_loss,1.68177040040493
27787264,6006.382,episode/v_loss,1.7879095077514648
27787264,6035.592,eval/walltime,1913.825826883316
27787264,6035.592,training/sps,7061.540049503858
27787264,6035.592,training/walltime,4096.91006565094
27787264,6035.592,training/entropy_loss,-0.10566164553165436
27787264,6035.592,training/kl_mean,0.002941685961559415
27787264,6035.592,training/learning_rate,0.0003000000142492354
27787264,6035.592,training/policy_dist_max_loc,3.504547595977783
27787264,6035.592,training/policy_dist_max_std,2.5041511058807373
27787264,6035.592,training/policy_dist_mean_loc,-0.08743616938591003
27787264,6035.592,training/policy_dist_mean_std,0.7853819131851196
27787264,6035.592,training/policy_dist_min_loc,-2.6461687088012695
27787264,6035.592,training/policy_dist_min_std,0.07641822099685669
27787264,6035.592,training/policy_loss,-0.0008747248793952167
27787264,6035.592,training/total_loss,1.5970767736434937
27787264,6035.592,training/v_loss,1.70361328125
27787264,6035.592,eval/episode_reward,400.8981628417969
27787264,6035.592,eval/episode_reward/ctrl,-0.26426228880882263
27787264,6035.592,eval/episode_reward/forward,407.8979797363281
27787264,6035.592,eval/episode_reward/joint,-0.09561698138713837
27787264,6035.592,eval/episode_reward/orient,-6.639923572540283
27787264,6035.592,eval/episode_reward/total,400.8981628417969
27787264,6035.592,eval/episode_state/forward_vel,42.52214050292969
27787264,6035.592,eval/episode_state/up_z,947.4577026367188
27787264,6035.592,eval/episode_reward_std,31.47574234008789
27787264,6035.592,eval/episode_reward/ctrl_std,0.0024599493481218815
27787264,6035.592,eval/episode_reward/forward_std,26.13866424560547
27787264,6035.592,eval/episode_reward/joint_std,0.0052357870154082775
27787264,6035.592,eval/episode_reward/orient_std,10.84748363494873
27787264,6035.592,eval/episode_reward/total_std,31.47574234008789
27787264,6035.592,eval/episode_state/forward_vel_std,14.787128448486328
27787264,6035.592,eval/episode_state/up_z_std,12.179160118103027
27787264,6035.592,eval/avg_episode_length,1000.0
27787264,6035.592,eval/std_episode_length,0.0
27787264,6035.592,eval/epoch_eval_time,29.18422508239746
27787264,6035.592,eval/sps,1096.4827714168391
28311552,6112.234,episode/sps,4953.034959545844
28311552,6112.234,episode/length,1000.0
28311552,6112.234,episode/reward/ctrl,-0.2635030898451805
28311552,6112.234,episode/reward/forward,407.3312420654297
28311552,6112.234,episode/reward/joint,-0.09557079024612904
28311552,6112.234,episode/reward/orient,-9.691837652921677
28311552,6112.234,episode/reward/total,397.28034194946287
28311552,6112.234,episode/state/forward_vel,41.21195119380951
28311552,6112.234,episode/state/up_z,946.9306323242188
28311552,6112.234,episode/sum_reward,397.28034194946287
28311552,6112.234,episode/entropy_loss,-0.10539064586162566
28311552,6112.234,episode/kl_mean,0.0030036763474345207
28311552,6112.234,episode/learning_rate,0.0003000000142492354
28311552,6112.234,episode/policy_dist_max_loc,3.4924244475364685
28311552,6112.234,episode/policy_dist_max_std,2.4744645166397095
28311552,6112.234,episode/policy_dist_mean_loc,-0.0885944552719593
28311552,6112.234,episode/policy_dist_mean_std,0.7846341109275818
28311552,6112.234,episode/policy_dist_min_loc,-2.610083899497986
28311552,6112.234,episode/policy_dist_min_std,0.07976273454725742
28311552,6112.234,episode/policy_loss,-0.0009414618690789211
28311552,6112.234,episode/total_loss,1.2891929161548614
28311552,6112.234,episode/v_loss,1.3955250245332718
28311552,6146.609,eval/walltime,1948.1751952171326
28311552,6146.609,training/sps,6840.068380650439
28311552,6146.609,training/walltime,4173.559591770172
28311552,6146.609,training/entropy_loss,-0.10529236495494843
28311552,6146.609,training/kl_mean,0.0030100871808826923
28311552,6146.609,training/learning_rate,0.0003000000142492354
28311552,6146.609,training/policy_dist_max_loc,3.6287801265716553
28311552,6146.609,training/policy_dist_max_std,2.511735439300537
28311552,6146.609,training/policy_dist_mean_loc,-0.08500063419342041
28311552,6146.609,training/policy_dist_mean_std,0.7856800556182861
28311552,6146.609,training/policy_dist_min_loc,-2.6001243591308594
28311552,6146.609,training/policy_dist_min_std,0.08192466199398041
28311552,6146.609,training/policy_loss,-0.0011017327196896076
28311552,6146.609,training/total_loss,0.733580470085144
28311552,6146.609,training/v_loss,0.8399745225906372
28311552,6146.609,eval/episode_reward,400.76483154296875
28311552,6146.609,eval/episode_reward/ctrl,-0.2653825879096985
28311552,6146.609,eval/episode_reward/forward,405.80609130859375
28311552,6146.609,eval/episode_reward/joint,-0.09554822742938995
28311552,6146.609,eval/episode_reward/orient,-4.680334568023682
28311552,6146.609,eval/episode_reward/total,400.76483154296875
28311552,6146.609,eval/episode_state/forward_vel,40.82807159423828
28311552,6146.609,eval/episode_state/up_z,950.1401977539062
28311552,6146.609,eval/episode_reward_std,31.628265380859375
28311552,6146.609,eval/episode_reward/ctrl_std,0.0027686264365911484
28311552,6146.609,eval/episode_reward/forward_std,31.414108276367188
28311552,6146.609,eval/episode_reward/joint_std,0.005404359195381403
28311552,6146.609,eval/episode_reward/orient_std,4.330811500549316
28311552,6146.609,eval/episode_reward/total_std,31.628265380859375
28311552,6146.609,eval/episode_state/forward_vel_std,20.455936431884766
28311552,6146.609,eval/episode_state/up_z_std,8.089885711669922
28311552,6146.609,eval/avg_episode_length,1000.0
28311552,6146.609,eval/std_episode_length,0.0
28311552,6146.609,eval/epoch_eval_time,34.34936833381653
28311552,6146.609,eval/sps,931.6037398130666
28835840,6222.290,episode/sps,4763.832284929838
28835840,6222.290,episode/length,1000.0
28835840,6222.290,episode/reward/ctrl,-0.2652126157283783
28835840,6222.290,episode/reward/forward,409.7099951171875
28835840,6222.290,episode/reward/joint,-0.09583134971559047
28835840,6222.290,episode/reward/orient,-4.29631540775299
28835840,6222.290,episode/reward/total,405.05262298583983
28835840,6222.290,episode/state/forward_vel,42.783379564285276
28835840,6222.290,episode/state/up_z,950.2516979980469
28835840,6222.290,episode/sum_reward,405.05262298583983
28835840,6222.290,episode/entropy_loss,-0.10528522834181786
28835840,6222.290,episode/kl_mean,0.003079939206363633
28835840,6222.290,episode/learning_rate,0.0003000000142492354
28835840,6222.290,episode/policy_dist_max_loc,3.5906429505348205
28835840,6222.290,episode/policy_dist_max_std,2.5255438899993896
28835840,6222.290,episode/policy_dist_mean_loc,-0.08580886602401733
28835840,6222.290,episode/policy_dist_mean_std,0.7863983225822448
28835840,6222.290,episode/policy_dist_min_loc,-2.665997862815857
28835840,6222.290,episode/policy_dist_min_std,0.07598350893706084
28835840,6222.290,episode/policy_loss,-0.0009432461272808723
28835840,6222.290,episode/total_loss,1.2934332805871964
28835840,6222.290,episode/v_loss,1.3996617549657822
28835840,6258.403,eval/walltime,1984.2615067958832
28835840,6258.403,training/sps,6926.9434265944055
28835840,6258.403,training/walltime,4249.247809171677
28835840,6258.403,training/entropy_loss,-0.10489195585250854
28835840,6258.403,training/kl_mean,0.0031795285176485777
28835840,6258.403,training/learning_rate,0.0003000000142492354
28835840,6258.403,training/policy_dist_max_loc,3.6702792644500732
28835840,6258.403,training/policy_dist_max_std,2.5764589309692383
28835840,6258.403,training/policy_dist_mean_loc,-0.08434861898422241
28835840,6258.403,training/policy_dist_mean_std,0.7883427143096924
28835840,6258.403,training/policy_dist_min_loc,-2.7807140350341797
28835840,6258.403,training/policy_dist_min_std,0.0685638040304184
28835840,6258.403,training/policy_loss,-0.0007821163162589073
28835840,6258.403,training/total_loss,1.4819071292877197
28835840,6258.403,training/v_loss,1.5875811576843262
28835840,6258.403,eval/episode_reward,403.3173828125
28835840,6258.403,eval/episode_reward/ctrl,-0.26517048478126526
28835840,6258.403,eval/episode_reward/forward,407.7474365234375
28835840,6258.403,eval/episode_reward/joint,-0.09243084490299225
28835840,6258.403,eval/episode_reward/orient,-4.072460174560547
28835840,6258.403,eval/episode_reward/total,403.3173828125
28835840,6258.403,eval/episode_state/forward_vel,42.27409362792969
28835840,6258.403,eval/episode_state/up_z,949.9817504882812
28835840,6258.403,eval/episode_reward_std,31.016986846923828
28835840,6258.403,eval/episode_reward/ctrl_std,0.002389386296272278
28835840,6258.403,eval/episode_reward/forward_std,31.392181396484375
28835840,6258.403,eval/episode_reward/joint_std,0.004789074417203665
28835840,6258.403,eval/episode_reward/orient_std,2.5110208988189697
28835840,6258.403,eval/episode_reward/total_std,31.016986846923828
28835840,6258.403,eval/episode_state/forward_vel_std,20.409032821655273
28835840,6258.403,eval/episode_state/up_z_std,5.56344747543335
28835840,6258.403,eval/avg_episode_length,1000.0
28835840,6258.403,eval/std_episode_length,0.0
28835840,6258.403,eval/epoch_eval_time,36.08631157875061
28835840,6258.403,eval/sps,886.7628361010763
29360128,6335.166,episode/sps,4644.81186740638
29360128,6335.166,episode/length,1000.0
29360128,6335.166,episode/reward/ctrl,-0.265292127430439
29360128,6335.166,episode/reward/forward,410.0686877441406
29360128,6335.166,episode/reward/joint,-0.094026487916708
29360128,6335.166,episode/reward/orient,-17.719643762111662
29360128,6335.166,episode/reward/total,391.9897122192383
29360128,6335.166,episode/state/forward_vel,43.559074075222014
29360128,6335.166,episode/state/up_z,942.8974560546875
29360128,6335.166,episode/sum_reward,391.9897122192383
29360128,6335.166,episode/entropy_loss,-0.10489236950874328
29360128,6335.166,episode/kl_mean,0.0034218055848032236
29360128,6335.166,episode/learning_rate,0.0003000000142492354
29360128,6335.166,episode/policy_dist_max_loc,3.692158622741699
29360128,6335.166,episode/policy_dist_max_std,2.5850141716003416
29360128,6335.166,episode/policy_dist_mean_loc,-0.08389614172279834
29360128,6335.166,episode/policy_dist_mean_std,0.787852623462677
29360128,6335.166,episode/policy_dist_min_loc,-2.730414164066315
29360128,6335.166,episode/policy_dist_min_std,0.07312303561717272
29360128,6335.166,episode/policy_loss,-0.001079836465360131
29360128,6335.166,episode/total_loss,1.1833536100387574
29360128,6335.166,episode/v_loss,1.2893258106708527
29360128,6369.941,eval/walltime,2019.0132660865784
29360128,6369.941,training/sps,6829.405132158897
29360128,6369.941,training/walltime,4326.017013788223
29360128,6369.941,training/entropy_loss,-0.10442927479743958
29360128,6369.941,training/kl_mean,0.004034741781651974
29360128,6369.941,training/learning_rate,0.0003000000142492354
29360128,6369.941,training/policy_dist_max_loc,3.779682159423828
29360128,6369.941,training/policy_dist_max_std,2.6706531047821045
29360128,6369.941,training/policy_dist_mean_loc,-0.08206696808338165
29360128,6369.941,training/policy_dist_mean_std,0.7899148464202881
29360128,6369.941,training/policy_dist_min_loc,-2.817718029022217
29360128,6369.941,training/policy_dist_min_std,0.06831658631563187
29360128,6369.941,training/policy_loss,-0.001243061851710081
29360128,6369.941,training/total_loss,1.2456003427505493
29360128,6369.941,training/v_loss,1.351272702217102
29360128,6369.941,eval/episode_reward,404.673583984375
29360128,6369.941,eval/episode_reward/ctrl,-0.26607704162597656
29360128,6369.941,eval/episode_reward/forward,409.09716796875
29360128,6369.941,eval/episode_reward/joint,-0.09330260753631592
29360128,6369.941,eval/episode_reward/orient,-4.064277172088623
29360128,6369.941,eval/episode_reward/total,404.673583984375
29360128,6369.941,eval/episode_state/forward_vel,42.791412353515625
29360128,6369.941,eval/episode_state/up_z,948.82958984375
29360128,6369.941,eval/episode_reward_std,27.622861862182617
29360128,6369.941,eval/episode_reward/ctrl_std,0.0031837676651775837
29360128,6369.941,eval/episode_reward/forward_std,27.210037231445312
29360128,6369.941,eval/episode_reward/joint_std,0.005682541057467461
29360128,6369.941,eval/episode_reward/orient_std,1.9812712669372559
29360128,6369.941,eval/episode_reward/total_std,27.622861862182617
29360128,6369.941,eval/episode_state/forward_vel_std,17.26997184753418
29360128,6369.941,eval/episode_state/up_z_std,6.787402153015137
29360128,6369.941,eval/avg_episode_length,1000.0
29360128,6369.941,eval/std_episode_length,0.0
29360128,6369.941,eval/epoch_eval_time,34.75175929069519
29360128,6369.941,eval/sps,920.8166911011042
29884416,6446.186,episode/sps,4722.460121165762
29884416,6446.186,episode/length,1000.0
29884416,6446.186,episode/reward/ctrl,-0.2661991080641746
29884416,6446.186,episode/reward/forward,413.58509948730466
29884416,6446.186,episode/reward/joint,-0.09366391614079475
29884416,6446.186,episode/reward/orient,-6.390596177577972
29884416,6446.186,episode/reward/total,406.8346766662598
29884416,6446.186,episode/state/forward_vel,45.432587045431134
29884416,6446.186,episode/state/up_z,948.5419366455078
29884416,6446.186,episode/sum_reward,406.8346766662598
29884416,6446.186,episode/entropy_loss,-0.10442451179027558
29884416,6446.186,episode/kl_mean,0.003698872970417142
29884416,6446.186,episode/learning_rate,0.0003000000142492354
29884416,6446.186,episode/policy_dist_max_loc,3.784292573928833
29884416,6446.186,episode/policy_dist_max_std,2.636686472892761
29884416,6446.186,episode/policy_dist_mean_loc,-0.0827292437106371
29884416,6446.186,episode/policy_dist_mean_std,0.7898145949840546
29884416,6446.186,episode/policy_dist_min_loc,-2.765176868438721
29884416,6446.186,episode/policy_dist_min_std,0.06899262197315693
29884416,6446.186,episode/policy_loss,-0.0011129726165381726
29884416,6446.186,episode/total_loss,1.177834637761116
29884416,6446.186,episode/v_loss,1.2833721131086349
29884416,6480.752,eval/walltime,2053.5531766414642
29884416,6480.752,training/sps,6875.768000708618
29884416,6480.752,training/walltime,4402.268568515778
29884416,6480.752,training/entropy_loss,-0.10383477807044983
29884416,6480.752,training/kl_mean,0.0038158250972628593
29884416,6480.752,training/learning_rate,0.0003000000142492354
29884416,6480.752,training/policy_dist_max_loc,3.936460256576538
29884416,6480.752,training/policy_dist_max_std,2.677889823913574
29884416,6480.752,training/policy_dist_mean_loc,-0.08154172450304031
29884416,6480.752,training/policy_dist_mean_std,0.7915205359458923
29884416,6480.752,training/policy_dist_min_loc,-2.7257771492004395
29884416,6480.752,training/policy_dist_min_std,0.06948281824588776
29884416,6480.752,training/policy_loss,-0.0012439091224223375
29884416,6480.752,training/total_loss,0.8593968152999878
29884416,6480.752,training/v_loss,0.9644755125045776
29884416,6480.752,eval/episode_reward,411.8602294921875
29884416,6480.752,eval/episode_reward/ctrl,-0.2670392394065857
29884416,6480.752,eval/episode_reward/forward,417.1127014160156
29884416,6480.752,eval/episode_reward/joint,-0.09241751581430435
29884416,6480.752,eval/episode_reward/orient,-4.893084526062012
29884416,6480.752,eval/episode_reward/total,411.8602294921875
29884416,6480.752,eval/episode_state/forward_vel,47.66815948486328
29884416,6480.752,eval/episode_state/up_z,949.6622314453125
29884416,6480.752,eval/episode_reward_std,28.78504180908203
29884416,6480.752,eval/episode_reward/ctrl_std,0.0023319637402892113
29884416,6480.752,eval/episode_reward/forward_std,28.242046356201172
29884416,6480.752,eval/episode_reward/joint_std,0.005643485113978386
29884416,6480.752,eval/episode_reward/orient_std,8.999469757080078
29884416,6480.752,eval/episode_reward/total_std,28.78504180908203
29884416,6480.752,eval/episode_state/forward_vel_std,18.08106803894043
29884416,6480.752,eval/episode_state/up_z_std,9.221153259277344
29884416,6480.752,eval/avg_episode_length,1000.0
29884416,6480.752,eval/std_episode_length,0.0
29884416,6480.752,eval/epoch_eval_time,34.539910554885864
29884416,6480.752,eval/sps,926.4644721401405
30408704,6556.684,episode/sps,4744.771371408258
30408704,6556.684,episode/length,1000.0
30408704,6556.684,episode/reward/ctrl,-0.2669947028160095
30408704,6556.684,episode/reward/forward,414.20839752197264
30408704,6556.684,episode/reward/joint,-0.09407798662781715
30408704,6556.684,episode/reward/orient,-5.094830756187439
30408704,6556.684,episode/reward/total,408.75255889892577
30408704,6556.684,episode/state/forward_vel,46.08102589607239
30408704,6556.684,episode/state/up_z,947.3922875976563
30408704,6556.684,episode/sum_reward,408.75255889892577
30408704,6556.684,episode/entropy_loss,-0.10377939864993095
30408704,6556.684,episode/kl_mean,0.003838911443017423
30408704,6556.684,episode/learning_rate,0.0003000000142492354
30408704,6556.684,episode/policy_dist_max_loc,3.8855143547058106
30408704,6556.684,episode/policy_dist_max_std,2.629540500640869
30408704,6556.684,episode/policy_dist_mean_loc,-0.08182018227875233
30408704,6556.684,episode/policy_dist_mean_std,0.791127964258194
30408704,6556.684,episode/policy_dist_min_loc,-2.7981533813476562
30408704,6556.684,episode/policy_dist_min_std,0.06938430897891522
30408704,6556.684,episode/policy_loss,-0.001179448686016258
30408704,6556.684,episode/total_loss,1.0303162729740143
30408704,6556.684,episode/v_loss,1.1352751183509826
30408704,6591.130,eval/walltime,2087.9750871658325
30408704,6591.130,training/sps,6904.119511274008
30408704,6591.130,training/walltime,4478.206999063492
30408704,6591.130,training/entropy_loss,-0.1029399186372757
30408704,6591.130,training/kl_mean,0.0035933172330260277
30408704,6591.130,training/learning_rate,0.0003000000142492354
30408704,6591.130,training/policy_dist_max_loc,3.93978214263916
30408704,6591.130,training/policy_dist_max_std,2.52915096282959
30408704,6591.130,training/policy_dist_mean_loc,-0.08175590634346008
30408704,6591.130,training/policy_dist_mean_std,0.7922322750091553
30408704,6591.130,training/policy_dist_min_loc,-2.8389883041381836
30408704,6591.130,training/policy_dist_min_std,0.07140599936246872
30408704,6591.130,training/policy_loss,-0.0009143628412857652
30408704,6591.130,training/total_loss,0.9548027515411377
30408704,6591.130,training/v_loss,1.058656930923462
30408704,6591.130,eval/episode_reward,397.4141540527344
30408704,6591.130,eval/episode_reward/ctrl,-0.2689339816570282
30408704,6591.130,eval/episode_reward/forward,402.6005554199219
30408704,6591.130,eval/episode_reward/joint,-0.09442911297082901
30408704,6591.130,eval/episode_reward/orient,-4.822979927062988
30408704,6591.130,eval/episode_reward/total,397.4141540527344
30408704,6591.130,eval/episode_state/forward_vel,39.26911544799805
30408704,6591.130,eval/episode_state/up_z,947.9149169921875
30408704,6591.130,eval/episode_reward_std,27.817644119262695
30408704,6591.130,eval/episode_reward/ctrl_std,0.0024336271453648806
30408704,6591.130,eval/episode_reward/forward_std,25.938135147094727
30408704,6591.130,eval/episode_reward/joint_std,0.004757390357553959
30408704,6591.130,eval/episode_reward/orient_std,6.505610942840576
30408704,6591.130,eval/episode_reward/total_std,27.817644119262695
30408704,6591.130,eval/episode_state/forward_vel_std,15.813033103942871
30408704,6591.130,eval/episode_state/up_z_std,8.425923347473145
30408704,6591.130,eval/avg_episode_length,1000.0
30408704,6591.130,eval/std_episode_length,0.0
30408704,6591.130,eval/epoch_eval_time,34.421910524368286
30408704,6591.130,eval/sps,929.6404386777502
30932992,6667.526,episode/sps,4730.048694817109
30932992,6667.526,episode/length,1000.0
30932992,6667.526,episode/reward/ctrl,-0.2686515620350838
30932992,6667.526,episode/reward/forward,411.84767272949216
30932992,6667.526,episode/reward/joint,-0.09463301204144954
30932992,6667.526,episode/reward/orient,-4.3845858693122866
30932992,6667.526,episode/reward/total,407.0997525024414
30932992,6667.526,episode/state/forward_vel,44.64425458431244
30932992,6667.526,episode/state/up_z,948.6740844726562
30932992,6667.526,episode/sum_reward,407.0997525024414
30932992,6667.526,episode/entropy_loss,-0.10306977927684784
30932992,6667.526,episode/kl_mean,0.0037204137700609864
30932992,6667.526,episode/learning_rate,0.0003000000142492354
30932992,6667.526,episode/policy_dist_max_loc,3.98814799785614
30932992,6667.526,episode/policy_dist_max_std,2.6456269216537476
30932992,6667.526,episode/policy_dist_mean_loc,-0.08182602368295193
30932992,6667.526,episode/policy_dist_mean_std,0.7933012145757675
30932992,6667.526,episode/policy_dist_min_loc,-2.8182911229133607
30932992,6667.526,episode/policy_dist_min_std,0.0680891690775752
30932992,6667.526,episode/policy_loss,-0.0010117828488000668
30932992,6667.526,episode/total_loss,1.1048974591493606
30932992,6667.526,episode/v_loss,1.2089790177345277
30932992,6702.105,eval/walltime,2122.5299639701843
30932992,6702.105,training/sps,6862.051137673608
30932992,6702.105,training/walltime,4554.610976457596
30932992,6702.105,training/entropy_loss,-0.10223621875047684
30932992,6702.105,training/kl_mean,0.0035773299168795347
30932992,6702.105,training/learning_rate,0.0003000000142492354
30932992,6702.105,training/policy_dist_max_loc,4.117332458496094
30932992,6702.105,training/policy_dist_max_std,2.729475498199463
30932992,6702.105,training/policy_dist_mean_loc,-0.08256882429122925
30932992,6702.105,training/policy_dist_mean_std,0.7966036796569824
30932992,6702.105,training/policy_dist_min_loc,-2.89630126953125
30932992,6702.105,training/policy_dist_min_std,0.06368547677993774
30932992,6702.105,training/policy_loss,-0.0007553722243756056
30932992,6702.105,training/total_loss,1.4567086696624756
30932992,6702.105,training/v_loss,1.5597003698349
30932992,6702.105,eval/episode_reward,405.2535400390625
30932992,6702.105,eval/episode_reward/ctrl,-0.26984381675720215
30932992,6702.105,eval/episode_reward/forward,410.6129455566406
30932992,6702.105,eval/episode_reward/joint,-0.09467418491840363
30932992,6702.105,eval/episode_reward/orient,-4.994804859161377
30932992,6702.105,eval/episode_reward/total,405.2535400390625
30932992,6702.105,eval/episode_state/forward_vel,44.44488525390625
30932992,6702.105,eval/episode_state/up_z,946.594970703125
30932992,6702.105,eval/episode_reward_std,37.671051025390625
30932992,6702.105,eval/episode_reward/ctrl_std,0.002730204490944743
30932992,6702.105,eval/episode_reward/forward_std,36.555999755859375
30932992,6702.105,eval/episode_reward/joint_std,0.005456852726638317
30932992,6702.105,eval/episode_reward/orient_std,3.664982557296753
30932992,6702.105,eval/episode_reward/total_std,37.671051025390625
30932992,6702.105,eval/episode_state/forward_vel_std,22.03116226196289
30932992,6702.105,eval/episode_state/up_z_std,7.4999003410339355
30932992,6702.105,eval/avg_episode_length,1000.0
30932992,6702.105,eval/std_episode_length,0.0
30932992,6702.105,eval/epoch_eval_time,34.55487680435181
30932992,6702.105,eval/sps,926.0632061049615
