step,wall_time_s,metric,value
0,57.992,eval/walltime,45.75258946418762
0,57.992,eval/episode_reward,-911.3819580078125
0,57.992,eval/episode_reward/ctrl,-0.2376117706298828
0,57.992,eval/episode_reward/forward,341.99761962890625
0,57.992,eval/episode_reward/joint,-0.07813895493745804
0,57.992,eval/episode_reward/orient,-1253.06396484375
0,57.992,eval/episode_reward/total,-911.3819580078125
0,57.992,eval/episode_state/forward_vel,-2.0091800689697266
0,57.992,eval/episode_state/up_z,264.3205871582031
0,57.992,eval/episode_reward_std,1529.375
0,57.992,eval/episode_reward/ctrl_std,0.002356157172471285
0,57.992,eval/episode_reward/forward_std,20.153593063354492
0,57.992,eval/episode_reward/joint_std,0.006307459902018309
0,57.992,eval/episode_reward/orient_std,1530.51171875
0,57.992,eval/episode_reward/total_std,1529.375
0,57.992,eval/episode_state/forward_vel_std,13.183558464050293
0,57.992,eval/episode_state/up_z_std,736.54150390625
0,57.992,eval/avg_episode_length,1000.0
0,57.992,eval/std_episode_length,0.0
0,57.992,eval/epoch_eval_time,45.75258946418762
0,57.992,eval/sps,699.4139648652603
524288,145.847,episode/sps,3760.6325208828375
524288,145.847,episode/length,1000.0
524288,145.847,episode/reward/ctrl,-0.23778793036937715
524288,145.847,episode/reward/forward,332.95643035888673
524288,145.847,episode/reward/joint,-0.08021747164428233
524288,145.847,episode/reward/orient,-704.1280111789704
524288,145.847,episode/reward/total,-371.4896747207642
524288,145.847,episode/state/forward_vel,-7.226007676050067
524288,145.847,episode/state/up_z,509.1198478317261
524288,145.847,episode/sum_reward,-371.4896747207642
524288,145.847,episode/entropy_loss,-0.11565339239314198
524288,145.847,episode/kl_mean,1.735438033938408
524288,145.847,episode/learning_rate,0.0003000000142492354
524288,145.847,episode/policy_dist_max_loc,0.774187134578824
524288,145.847,episode/policy_dist_max_std,1.152560256421566
524288,145.847,episode/policy_dist_mean_loc,0.005322528842953034
524288,145.847,episode/policy_dist_mean_std,0.6959550175815821
524288,145.847,episode/policy_dist_min_loc,-0.7607387583702803
524288,145.847,episode/policy_dist_min_std,0.4194352738559246
524288,145.847,episode/policy_loss,0.29412223398685455
524288,145.847,episode/total_loss,118.90375590324402
524288,145.847,episode/v_loss,118.72528672218323
524288,192.139,eval/walltime,92.01897764205933
524288,192.139,training/sps,5967.715682251989
524288,192.139,training/walltime,87.85405135154724
524288,192.139,training/entropy_loss,-0.115653395652771
524288,192.139,training/kl_mean,1.7354378700256348
524288,192.139,training/learning_rate,0.0003000000142492354
524288,192.139,training/policy_dist_max_loc,0.7741870880126953
524288,192.139,training/policy_dist_max_std,1.1525602340698242
524288,192.139,training/policy_dist_mean_loc,0.005322529003024101
524288,192.139,training/policy_dist_mean_std,0.6959550380706787
524288,192.139,training/policy_dist_min_loc,-0.760738730430603
524288,192.139,training/policy_dist_min_std,0.4194352626800537
524288,192.139,training/policy_loss,0.29412224888801575
524288,192.139,training/total_loss,118.90375518798828
524288,192.139,training/v_loss,118.72528076171875
524288,192.139,eval/episode_reward,-838.9547119140625
524288,192.139,eval/episode_reward/ctrl,-0.22070592641830444
524288,192.139,eval/episode_reward/forward,337.857177734375
524288,192.139,eval/episode_reward/joint,-0.04398875683546066
524288,192.139,eval/episode_reward/orient,-1176.547119140625
524288,192.139,eval/episode_reward/total,-838.9547119140625
524288,192.139,eval/episode_state/forward_vel,-1.2727382183074951
524288,192.139,eval/episode_state/up_z,284.2576904296875
524288,192.139,eval/episode_reward_std,1310.390625
524288,192.139,eval/episode_reward/ctrl_std,0.0027061360888183117
524288,192.139,eval/episode_reward/forward_std,25.343896865844727
524288,192.139,eval/episode_reward/joint_std,0.007429913617670536
524288,192.139,eval/episode_reward/orient_std,1320.270751953125
524288,192.139,eval/episode_reward/total_std,1310.390625
524288,192.139,eval/episode_state/forward_vel_std,16.428285598754883
524288,192.139,eval/episode_state/up_z_std,632.7195434570312
524288,192.139,eval/avg_episode_length,1000.0
524288,192.139,eval/std_episode_length,0.0
524288,192.139,eval/epoch_eval_time,46.266388177871704
524288,192.139,eval/sps,691.6468144644359
1048576,275.772,episode/sps,4035.3344227350194
1048576,275.772,episode/length,1000.0
1048576,275.772,episode/reward/ctrl,-0.2216644439101219
1048576,275.772,episode/reward/forward,343.20913970947265
1048576,275.772,episode/reward/joint,-0.04406844237819314
1048576,275.772,episode/reward/orient,-1752.3889467573165
1048576,275.772,episode/reward/total,-1409.4456315612792
1048576,275.772,episode/state/forward_vel,0.011441892310976982
1048576,275.772,episode/state/up_z,10.296970446109771
1048576,275.772,episode/sum_reward,-1409.4456315612792
1048576,275.772,episode/entropy_loss,-0.11570497986394912
1048576,275.772,episode/kl_mean,0.9323248480213806
1048576,275.772,episode/learning_rate,0.0003000000142492354
1048576,275.772,episode/policy_dist_max_loc,0.8116207402199507
1048576,275.772,episode/policy_dist_max_std,1.150588383898139
1048576,275.772,episode/policy_dist_mean_loc,0.010135801807336975
1048576,275.772,episode/policy_dist_mean_std,0.6973542710766196
1048576,275.772,episode/policy_dist_min_loc,-0.7996031315997243
1048576,275.772,episode/policy_dist_min_std,0.41882114950567484
1048576,275.772,episode/policy_loss,0.18889450351707637
1048576,275.772,episode/total_loss,192.6988466978073
1048576,275.772,episode/v_loss,192.6256581544876
1048576,307.860,eval/walltime,124.0820643901825
1048576,307.860,training/sps,6268.437318198177
1048576,307.860,training/walltime,171.49339771270752
1048576,307.860,training/entropy_loss,-0.1157565712928772
1048576,307.860,training/kl_mean,0.1292116641998291
1048576,307.860,training/learning_rate,0.0003000000142492354
1048576,307.860,training/policy_dist_max_loc,0.8490543365478516
1048576,307.860,training/policy_dist_max_std,1.1486165523529053
1048576,307.860,training/policy_dist_mean_loc,0.014949074015021324
1048576,307.860,training/policy_dist_mean_std,0.6987535357475281
1048576,307.860,training/policy_dist_min_loc,-0.8384674787521362
1048576,307.860,training/policy_dist_min_std,0.4182070195674896
1048576,307.860,training/policy_loss,0.08366677165031433
1048576,307.860,training/total_loss,266.4939270019531
1048576,307.860,training/v_loss,266.5260314941406
1048576,307.860,eval/episode_reward,-1188.79736328125
1048576,307.860,eval/episode_reward/ctrl,-0.21784356236457825
1048576,307.860,eval/episode_reward/forward,334.32598876953125
1048576,307.860,eval/episode_reward/joint,-0.03154012933373451
1048576,307.860,eval/episode_reward/orient,-1522.874267578125
1048576,307.860,eval/episode_reward/total,-1188.79736328125
1048576,307.860,eval/episode_state/forward_vel,-4.225451469421387
1048576,307.860,eval/episode_state/up_z,128.08331298828125
1048576,307.860,eval/episode_reward_std,1409.5262451171875
1048576,307.860,eval/episode_reward/ctrl_std,0.001326402765698731
1048576,307.860,eval/episode_reward/forward_std,26.522165298461914
1048576,307.860,eval/episode_reward/joint_std,0.004727533552795649
1048576,307.860,eval/episode_reward/orient_std,1420.6605224609375
1048576,307.860,eval/episode_reward/total_std,1409.5262451171875
1048576,307.860,eval/episode_state/forward_vel_std,15.859623908996582
1048576,307.860,eval/episode_state/up_z_std,690.8634033203125
1048576,307.860,eval/avg_episode_length,1000.0
1048576,307.860,eval/std_episode_length,0.0
1048576,307.860,eval/epoch_eval_time,32.06308674812317
1048576,307.860,eval/sps,998.03241813183
1572864,378.244,episode/sps,5116.412629548373
1572864,378.244,episode/length,1000.0
1572864,378.244,episode/reward/ctrl,-0.21782529443502427
1572864,378.244,episode/reward/forward,341.60960479736326
1572864,378.244,episode/reward/joint,-0.03278912594541907
1572864,378.244,episode/reward/orient,-1150.838431620598
1572864,378.244,episode/reward/total,-809.4794974517822
1572864,378.244,episode/state/forward_vel,-0.2466727888584137
1572864,378.244,episode/state/up_z,296.3070740604401
1572864,378.244,episode/sum_reward,-809.4794974517822
1572864,378.244,episode/entropy_loss,-0.11566843565863867
1572864,378.244,episode/kl_mean,0.6239605810114881
1572864,378.244,episode/learning_rate,0.0003000000142492354
1572864,378.244,episode/policy_dist_max_loc,0.8593204660962025
1572864,378.244,episode/policy_dist_max_std,1.160969744126002
1572864,378.244,episode/policy_dist_mean_loc,0.011811132615548559
1572864,378.244,episode/policy_dist_mean_std,0.6978020959844192
1572864,378.244,episode/policy_dist_min_loc,-0.8312947060912848
1572864,378.244,episode/policy_dist_min_std,0.4118432595084111
1572864,378.244,episode/policy_loss,0.1256879311852875
1572864,378.244,episode/total_loss,194.34235803286234
1572864,378.244,episode/v_loss,194.3323388894399
1572864,409.901,eval/walltime,155.71341466903687
1572864,409.901,training/sps,7448.132756444576
1572864,409.901,training/walltime,241.8852686882019
1572864,409.901,training/entropy_loss,-0.11559534817934036
1572864,409.901,training/kl_mean,0.007232047151774168
1572864,409.901,training/learning_rate,0.0003000000142492354
1572864,409.901,training/policy_dist_max_loc,0.9547199010848999
1572864,409.901,training/policy_dist_max_std,1.181732416152954
1572864,409.901,training/policy_dist_mean_loc,0.015161794610321522
1572864,409.901,training/policy_dist_mean_std,0.6986977458000183
1572864,409.901,training/policy_dist_min_loc,-0.8946778774261475
1572864,409.901,training/policy_dist_min_std,0.3978874683380127
1572864,409.901,training/policy_loss,-0.0007252134382724762
1572864,409.901,training/total_loss,197.62937927246094
1572864,409.901,training/v_loss,197.74569702148438
1572864,409.901,eval/episode_reward,-444.8436584472656
1572864,409.901,eval/episode_reward/ctrl,-0.2169991433620453
1572864,409.901,eval/episode_reward/forward,340.3248596191406
1572864,409.901,eval/episode_reward/joint,-0.03360097110271454
1572864,409.901,eval/episode_reward/orient,-784.9177856445312
1572864,409.901,eval/episode_reward/total,-444.8436584472656
1572864,409.901,eval/episode_state/forward_vel,-0.721337080001831
1572864,409.901,eval/episode_state/up_z,483.8467712402344
1572864,409.901,eval/episode_reward_std,1216.2891845703125
1572864,409.901,eval/episode_reward/ctrl_std,0.0016508749686181545
1572864,409.901,eval/episode_reward/forward_std,26.83344268798828
1572864,409.901,eval/episode_reward/joint_std,0.007687951438128948
1572864,409.901,eval/episode_reward/orient_std,1223.040283203125
1572864,409.901,eval/episode_reward/total_std,1216.2891845703125
1572864,409.901,eval/episode_state/forward_vel_std,17.749431610107422
1572864,409.901,eval/episode_state/up_z_std,598.209716796875
1572864,409.901,eval/avg_episode_length,1000.0
1572864,409.901,eval/std_episode_length,0.0
1572864,409.901,eval/epoch_eval_time,31.63135027885437
1572864,409.901,eval/sps,1011.6545679490664
2097152,479.895,episode/sps,5157.693740303177
2097152,479.895,episode/length,1000.0
2097152,479.895,episode/reward/ctrl,-0.21739623710513115
2097152,479.895,episode/reward/forward,341.98408111572263
2097152,479.895,episode/reward/joint,-0.03258955486118793
2097152,479.895,episode/reward/orient,-897.9843317151069
2097152,479.895,episode/reward/total,-556.250186843872
2097152,479.895,episode/state/forward_vel,0.05298096269369126
2097152,479.895,episode/state/up_z,423.2519940948486
2097152,479.895,episode/sum_reward,-556.250186843872
2097152,479.895,episode/entropy_loss,-0.11561877816915513
2097152,479.895,episode/kl_mean,0.11169379084720277
2097152,479.895,episode/learning_rate,0.0003000000142492354
2097152,479.895,episode/policy_dist_max_loc,0.88766217648983
2097152,479.895,episode/policy_dist_max_std,1.1668345129489899
2097152,479.895,episode/policy_dist_mean_loc,0.014112915433943272
2097152,479.895,episode/policy_dist_mean_std,0.6984276366233826
2097152,479.895,episode/policy_dist_min_loc,-0.8592724734544754
2097152,479.895,episode/policy_dist_min_std,0.40342926889657976
2097152,479.895,episode/policy_loss,0.036800094187492506
2097152,479.895,episode/total_loss,197.1860437774658
2097152,479.895,episode/v_loss,197.26486297607423
2097152,511.967,eval/walltime,187.7604217529297
2097152,511.967,training/sps,7489.7025531407335
2097152,511.967,training/walltime,311.88644647598267
2097152,511.967,training/entropy_loss,-0.11549435555934906
2097152,511.967,training/kl_mean,0.0021220725029706955
2097152,511.967,training/learning_rate,0.0003000000142492354
2097152,511.967,training/policy_dist_max_loc,0.8665899634361267
2097152,511.967,training/policy_dist_max_std,1.170222520828247
2097152,511.967,training/policy_dist_mean_loc,0.0132284015417099
2097152,511.967,training/policy_dist_mean_std,0.6979923248291016
2097152,511.967,training/policy_dist_min_loc,-0.8493525981903076
2097152,511.967,training/policy_dist_min_std,0.39372098445892334
2097152,511.967,training/policy_loss,-0.0019665085710585117
2097152,511.967,training/total_loss,137.18118286132812
2097152,511.967,training/v_loss,137.2986602783203
2097152,511.967,eval/episode_reward,-537.444091796875
2097152,511.967,eval/episode_reward/ctrl,-0.21682588756084442
2097152,511.967,eval/episode_reward/forward,342.129638671875
2097152,511.967,eval/episode_reward/joint,-0.03228968381881714
2097152,511.967,eval/episode_reward/orient,-879.3245849609375
2097152,511.967,eval/episode_reward/total,-537.444091796875
2097152,511.967,eval/episode_state/forward_vel,-0.8997609615325928
2097152,511.967,eval/episode_state/up_z,431.632080078125
2097152,511.967,eval/episode_reward_std,1287.5035400390625
2097152,511.967,eval/episode_reward/ctrl_std,0.0018609545659273863
2097152,511.967,eval/episode_reward/forward_std,22.320575714111328
2097152,511.967,eval/episode_reward/joint_std,0.0069913920015096664
2097152,511.967,eval/episode_reward/orient_std,1285.5035400390625
2097152,511.967,eval/episode_reward/total_std,1287.5035400390625
2097152,511.967,eval/episode_state/forward_vel_std,13.386337280273438
2097152,511.967,eval/episode_state/up_z_std,623.1598510742188
2097152,511.967,eval/avg_episode_length,1000.0
2097152,511.967,eval/std_episode_length,0.0
2097152,511.967,eval/epoch_eval_time,32.04700708389282
2097152,511.967,eval/sps,998.5331833400303
2621440,580.153,episode/sps,5229.3746408547695
2621440,580.153,episode/length,1000.0
2621440,580.153,episode/reward/ctrl,-0.21733714804053306
2621440,580.153,episode/reward/forward,333.03911346435547
2621440,580.153,episode/reward/joint,-0.03343191890046
2621440,580.153,episode/reward/orient,-577.2699219107628
2621440,580.153,episode/reward/total,-244.48162017822267
2621440,580.153,episode/state/forward_vel,-6.255328255742788
2621440,580.153,episode/state/up_z,578.4076179122925
2621440,580.153,episode/sum_reward,-244.48162017822267
2621440,580.153,episode/entropy_loss,-0.11551503300666809
2621440,580.153,episode/kl_mean,0.008502827376360074
2621440,580.153,episode/learning_rate,0.0003000000142492354
2621440,580.153,episode/policy_dist_max_loc,0.8746597737073898
2621440,580.153,episode/policy_dist_max_std,1.1761615729331971
2621440,580.153,episode/policy_dist_mean_loc,0.012884163176640867
2621440,580.153,episode/policy_dist_mean_std,0.6981866681575775
2621440,580.153,episode/policy_dist_min_loc,-0.862449140548706
2621440,580.153,episode/policy_dist_min_std,0.39960910350084305
2621440,580.153,episode/policy_loss,0.0014511447033146397
2621440,580.153,episode/total_loss,152.15155197143554
2621440,580.153,episode/v_loss,152.2656159210205
2621440,607.315,eval/walltime,214.89844632148743
2621440,607.315,training/sps,7688.303782164932
2621440,607.315,training/walltime,380.07938146591187
2621440,607.315,training/entropy_loss,-0.1154300794005394
2621440,607.315,training/kl_mean,0.001326852012425661
2621440,607.315,training/learning_rate,0.0003000000142492354
2621440,607.315,training/policy_dist_max_loc,0.8081116676330566
2621440,607.315,training/policy_dist_max_std,1.1779475212097168
2621440,607.315,training/policy_dist_mean_loc,0.009975339286029339
2621440,607.315,training/policy_dist_mean_std,0.6977753043174744
2621440,607.315,training/policy_dist_min_loc,-0.8487143516540527
2621440,607.315,training/policy_dist_min_std,0.40611183643341064
2621440,607.315,training/policy_loss,-0.00190055335406214
2621440,607.315,training/total_loss,102.66302490234375
2621440,607.315,training/v_loss,102.78034973144531
2621440,607.315,eval/episode_reward,120.39606475830078
2621440,607.315,eval/episode_reward/ctrl,-0.2173239290714264
2621440,607.315,eval/episode_reward/forward,334.31109619140625
2621440,607.315,eval/episode_reward/joint,-0.03447069227695465
2621440,607.315,eval/episode_reward/orient,-213.66319274902344
2621440,607.315,eval/episode_reward/total,120.39606475830078
2621440,607.315,eval/episode_state/forward_vel,-4.9831342697143555
2621440,607.315,eval/episode_state/up_z,767.1002197265625
2621440,607.315,eval/episode_reward_std,665.567138671875
2621440,607.315,eval/episode_reward/ctrl_std,0.0020591234788298607
2621440,607.315,eval/episode_reward/forward_std,26.576913833618164
2621440,607.315,eval/episode_reward/joint_std,0.008552134968340397
2621440,607.315,eval/episode_reward/orient_std,674.712890625
2621440,607.315,eval/episode_reward/total_std,665.567138671875
2621440,607.315,eval/episode_state/forward_vel_std,16.805925369262695
2621440,607.315,eval/episode_state/up_z_std,343.0880432128906
2621440,607.315,eval/avg_episode_length,1000.0
2621440,607.315,eval/std_episode_length,0.0
2621440,607.315,eval/epoch_eval_time,27.13802456855774
2621440,607.315,eval/sps,1179.1573081953568
3145728,677.587,episode/sps,5380.95653648259
3145728,677.587,episode/length,1000.0
3145728,677.587,episode/reward/ctrl,-0.21759968027472495
3145728,677.587,episode/reward/forward,340.8258941650391
3145728,677.587,episode/reward/joint,-0.03357529539614916
3145728,677.587,episode/reward/orient,-593.1328671574593
3145728,677.587,episode/reward/total,-252.55823040008545
3145728,677.587,episode/state/forward_vel,-1.159994311928749
3145728,677.587,episode/state/up_z,591.8064683532715
3145728,677.587,episode/sum_reward,-252.55823040008545
3145728,677.587,episode/entropy_loss,-0.11545644260942936
3145728,677.587,episode/kl_mean,0.0016998399927979336
3145728,677.587,episode/learning_rate,0.0003000000142492354
3145728,677.587,episode/policy_dist_max_loc,0.9013629585504532
3145728,677.587,episode/policy_dist_max_std,1.1901755797863007
3145728,677.587,episode/policy_dist_mean_loc,0.0099095828528516
3145728,677.587,episode/policy_dist_mean_std,0.6979661238193512
3145728,677.587,episode/policy_dist_min_loc,-0.8826815730333328
3145728,677.587,episode/policy_dist_min_std,0.39162378549575805
3145728,677.587,episode/policy_loss,-0.0019007467810297385
3145728,677.587,episode/total_loss,116.23041511535645
3145728,677.587,episode/v_loss,116.34777244567871
3145728,710.764,eval/walltime,248.0485372543335
3145728,710.764,training/sps,7460.033388951551
3145728,710.764,training/walltime,450.3589596748352
3145728,710.764,training/entropy_loss,-0.11542931199073792
3145728,710.764,training/kl_mean,0.000984062673524022
3145728,710.764,training/learning_rate,0.0003000000142492354
3145728,710.764,training/policy_dist_max_loc,1.0266929864883423
3145728,710.764,training/policy_dist_max_std,1.2252428531646729
3145728,710.764,training/policy_dist_mean_loc,0.005889151245355606
3145728,710.764,training/policy_dist_mean_std,0.6980310082435608
3145728,710.764,training/policy_dist_min_loc,-0.9600873589515686
3145728,710.764,training/policy_dist_min_std,0.3740770220756531
3145728,710.764,training/policy_loss,-0.0019275604281574488
3145728,710.764,training/total_loss,100.37388610839844
3145728,710.764,training/v_loss,100.49124145507812
3145728,710.764,eval/episode_reward,-88.48260498046875
3145728,710.764,eval/episode_reward/ctrl,-0.2175000011920929
3145728,710.764,eval/episode_reward/forward,347.1587829589844
3145728,710.764,eval/episode_reward/joint,-0.035620007663965225
3145728,710.764,eval/episode_reward/orient,-435.38824462890625
3145728,710.764,eval/episode_reward/total,-88.48260498046875
3145728,710.764,eval/episode_state/forward_vel,1.7297863960266113
3145728,710.764,eval/episode_state/up_z,676.37060546875
3145728,710.764,eval/episode_reward_std,998.849365234375
3145728,710.764,eval/episode_reward/ctrl_std,0.0023485978599637747
3145728,710.764,eval/episode_reward/forward_std,29.730199813842773
3145728,710.764,eval/episode_reward/joint_std,0.007706643082201481
3145728,710.764,eval/episode_reward/orient_std,1009.52099609375
3145728,710.764,eval/episode_reward/total_std,998.849365234375
3145728,710.764,eval/episode_state/forward_vel_std,18.518390655517578
3145728,710.764,eval/episode_state/up_z_std,511.47210693359375
3145728,710.764,eval/avg_episode_length,1000.0
3145728,710.764,eval/std_episode_length,0.0
3145728,710.764,eval/epoch_eval_time,33.15009093284607
3145728,710.764,eval/sps,965.3065526976723
3670016,781.863,episode/sps,5027.927453085774
3670016,781.863,episode/length,1000.0
3670016,781.863,episode/reward/ctrl,-0.21821872800588607
3670016,781.863,episode/reward/forward,342.67373046875
3670016,781.863,episode/reward/joint,-0.034658708591014144
3670016,781.863,episode/reward/orient,-477.15844220638274
3670016,781.863,episode/reward/total,-134.73749786376953
3670016,781.863,episode/state/forward_vel,-0.45333709970116615
3670016,781.863,episode/state/up_z,641.8620916175843
3670016,781.863,episode/sum_reward,-134.73749786376953
3670016,781.863,episode/entropy_loss,-0.11542541615664959
3670016,781.863,episode/kl_mean,0.0011626055045053363
3670016,781.863,episode/learning_rate,0.0003000000142492354
3670016,781.863,episode/policy_dist_max_loc,0.8958781558275223
3670016,781.863,episode/policy_dist_max_std,1.1872566831111908
3670016,781.863,episode/policy_dist_mean_loc,0.006147387067367163
3670016,781.863,episode/policy_dist_mean_std,0.6981222629547119
3670016,781.863,episode/policy_dist_min_loc,-0.8952264529466629
3670016,781.863,episode/policy_dist_min_std,0.395367286503315
3670016,781.863,episode/policy_loss,-0.0019248745238292031
3670016,781.863,episode/total_loss,94.02748710632324
3670016,781.863,episode/v_loss,94.14483715057374
3670016,813.681,eval/walltime,279.84369921684265
3670016,813.681,training/sps,7373.412662295722
3670016,813.681,training/walltime,521.4641621112823
3670016,813.681,training/entropy_loss,-0.11541038751602173
3670016,813.681,training/kl_mean,0.0010207564337179065
3670016,813.681,training/learning_rate,0.0003000000142492354
3670016,813.681,training/policy_dist_max_loc,0.8501300811767578
3670016,813.681,training/policy_dist_max_std,1.160331130027771
3670016,813.681,training/policy_dist_mean_loc,0.0018173360731452703
3670016,813.681,training/policy_dist_mean_std,0.6985828876495361
3670016,813.681,training/policy_dist_min_loc,-0.8868966102600098
3670016,813.681,training/policy_dist_min_std,0.4047125577926636
3670016,813.681,training/policy_loss,-0.0018290842417627573
3670016,813.681,training/total_loss,74.87566375732422
3670016,813.681,training/v_loss,74.99290466308594
3670016,813.681,eval/episode_reward,233.4346923828125
3670016,813.681,eval/episode_reward/ctrl,-0.21806541085243225
3670016,813.681,eval/episode_reward/forward,336.36273193359375
3670016,813.681,eval/episode_reward/joint,-0.03574521094560623
3670016,813.681,eval/episode_reward/orient,-102.67432403564453
3670016,813.681,eval/episode_reward/total,233.4346923828125
3670016,813.681,eval/episode_state/forward_vel,-5.619015216827393
3670016,813.681,eval/episode_state/up_z,854.146728515625
3670016,813.681,eval/episode_reward_std,462.0917053222656
3670016,813.681,eval/episode_reward/ctrl_std,0.0015372558264061809
3670016,813.681,eval/episode_reward/forward_std,19.168651580810547
3670016,813.681,eval/episode_reward/joint_std,0.005714945029467344
3670016,813.681,eval/episode_reward/orient_std,465.9079895019531
3670016,813.681,eval/episode_reward/total_std,462.0917053222656
3670016,813.681,eval/episode_state/forward_vel_std,12.041352272033691
3670016,813.681,eval/episode_state/up_z_std,266.5540771484375
3670016,813.681,eval/avg_episode_length,1000.0
3670016,813.681,eval/std_episode_length,0.0
3670016,813.681,eval/epoch_eval_time,31.795161962509155
3670016,813.681,eval/sps,1006.4424278678742
4194304,884.200,episode/sps,5123.130949374411
4194304,884.200,episode/length,1000.0
4194304,884.200,episode/reward/ctrl,-0.21820909962058066
4194304,884.200,episode/reward/forward,339.3255981445312
4194304,884.200,episode/reward/joint,-0.035357980076223615
4194304,884.200,episode/reward/orient,-351.60209792375565
4194304,884.200,episode/reward/total,-12.530119323730469
4194304,884.200,episode/state/forward_vel,-2.9465543633699416
4194304,884.200,episode/state/up_z,721.2663656616211
4194304,884.200,episode/sum_reward,-12.530119323730469
4194304,884.200,episode/entropy_loss,-0.11541740953922272
4194304,884.200,episode/kl_mean,0.0010393811133690178
4194304,884.200,episode/learning_rate,0.0003000000142492354
4194304,884.200,episode/policy_dist_max_loc,0.893281352519989
4194304,884.200,episode/policy_dist_max_std,1.1866853213310242
4194304,884.200,episode/policy_dist_mean_loc,0.0019532787775551697
4194304,884.200,episode/policy_dist_mean_std,0.6986205643415451
4194304,884.200,episode/policy_dist_min_loc,-0.925516437292099
4194304,884.200,episode/policy_dist_min_std,0.39319748103618624
4194304,884.200,episode/policy_loss,-0.0018791452652658336
4194304,884.200,episode/total_loss,80.01880039215088
4194304,884.200,episode/v_loss,80.13609683990478
4194304,917.026,eval/walltime,312.6462607383728
4194304,917.026,training/sps,7434.007671557859
4194304,917.026,training/walltime,591.9897820949554
4194304,917.026,training/entropy_loss,-0.11541758477687836
4194304,917.026,training/kl_mean,0.0010234813671559095
4194304,917.026,training/learning_rate,0.0003000000142492354
4194304,917.026,training/policy_dist_max_loc,0.8103979825973511
4194304,917.026,training/policy_dist_max_std,1.1746878623962402
4194304,917.026,training/policy_dist_mean_loc,-0.0026730885729193687
4194304,917.026,training/policy_dist_mean_std,0.6993527412414551
4194304,917.026,training/policy_dist_min_loc,-0.9364959001541138
4194304,917.026,training/policy_dist_min_std,0.39979714155197144
4194304,917.026,training/policy_loss,-0.001729228999465704
4194304,917.026,training/total_loss,61.917625427246094
4194304,917.026,training/v_loss,62.03477478027344
4194304,917.026,eval/episode_reward,320.86572265625
4194304,917.026,eval/episode_reward/ctrl,-0.2194388210773468
4194304,917.026,eval/episode_reward/forward,332.9088439941406
4194304,917.026,eval/episode_reward/joint,-0.03475535660982132
4194304,917.026,eval/episode_reward/orient,-11.788980484008789
4194304,917.026,eval/episode_reward/total,320.86572265625
4194304,917.026,eval/episode_state/forward_vel,-7.699046611785889
4194304,917.026,eval/episode_state/up_z,920.7529296875
4194304,917.026,eval/episode_reward_std,15.498091697692871
4194304,917.026,eval/episode_reward/ctrl_std,0.0016979087376967072
4194304,917.026,eval/episode_reward/forward_std,15.506240844726562
4194304,917.026,eval/episode_reward/joint_std,0.006242113653570414
4194304,917.026,eval/episode_reward/orient_std,11.33639144897461
4194304,917.026,eval/episode_reward/total_std,15.498091697692871
4194304,917.026,eval/episode_state/forward_vel_std,10.089408874511719
4194304,917.026,eval/episode_state/up_z_std,40.302852630615234
4194304,917.026,eval/avg_episode_length,1000.0
4194304,917.026,eval/std_episode_length,0.0
4194304,917.026,eval/epoch_eval_time,32.80256152153015
4194304,917.026,eval/sps,975.5335716388067
4718592,988.947,episode/sps,5005.2949390909225
4718592,988.947,episode/length,1000.0
4718592,988.947,episode/reward/ctrl,-0.21898585736751555
4718592,988.947,episode/reward/forward,339.8564465332031
4718592,988.947,episode/reward/joint,-0.03347845861688256
4718592,988.947,episode/reward/orient,-169.79629324793817
4718592,988.947,episode/reward/total,169.80765823364257
4718592,988.947,episode/state/forward_vel,-2.783867654800415
4718592,988.947,episode/state/up_z,826.3114450073242
4718592,988.947,episode/sum_reward,169.80765823364257
4718592,988.947,episode/entropy_loss,-0.11544672720134258
4718592,988.947,episode/kl_mean,0.0010447840299457312
4718592,988.947,episode/learning_rate,0.0003000000142492354
4718592,988.947,episode/policy_dist_max_loc,0.8354917222261429
4718592,988.947,episode/policy_dist_max_std,1.1685244500637055
4718592,988.947,episode/policy_dist_mean_loc,-0.0021855099290678482
4718592,988.947,episode/policy_dist_mean_std,0.6994567757844925
4718592,988.947,episode/policy_dist_min_loc,-0.9313105130195618
4718592,988.947,episode/policy_dist_min_std,0.39793734550476073
4718592,988.947,episode/policy_loss,-0.0016408793823211455
4718592,988.947,episode/total_loss,62.32284370422363
4718592,988.947,episode/v_loss,62.4399312210083
4718592,1021.591,eval/walltime,345.26740622520447
4718592,1021.591,training/sps,7289.087915739538
4718592,1021.591,training/walltime,663.9175741672516
4718592,1021.591,training/entropy_loss,-0.11550553143024445
4718592,1021.591,training/kl_mean,0.0010260072303935885
4718592,1021.591,training/learning_rate,0.0003000000142492354
4718592,1021.591,training/policy_dist_max_loc,0.8302119970321655
4718592,1021.591,training/policy_dist_max_std,1.1683599948883057
4718592,1021.591,training/policy_dist_mean_loc,-0.006476721726357937
4718592,1021.591,training/policy_dist_mean_std,0.7005996704101562
4718592,1021.591,training/policy_dist_min_loc,-0.9662564396858215
4718592,1021.591,training/policy_dist_min_std,0.39152514934539795
4718592,1021.591,training/policy_loss,-0.001137680490501225
4718592,1021.591,training/total_loss,45.416351318359375
4718592,1021.591,training/v_loss,45.532997131347656
4718592,1021.591,eval/episode_reward,325.53857421875
4718592,1021.591,eval/episode_reward/ctrl,-0.21912111341953278
4718592,1021.591,eval/episode_reward/forward,337.86474609375
4718592,1021.591,eval/episode_reward/joint,-0.03528792783617973
4718592,1021.591,eval/episode_reward/orient,-12.071802139282227
4718592,1021.591,eval/episode_reward/total,325.53857421875
4718592,1021.591,eval/episode_state/forward_vel,-4.341088771820068
4718592,1021.591,eval/episode_state/up_z,922.0242919921875
4718592,1021.591,eval/episode_reward_std,31.007709503173828
4718592,1021.591,eval/episode_reward/ctrl_std,0.0016255836235359311
4718592,1021.591,eval/episode_reward/forward_std,24.82508087158203
4718592,1021.591,eval/episode_reward/joint_std,0.004331485368311405
4718592,1021.591,eval/episode_reward/orient_std,16.24750328063965
4718592,1021.591,eval/episode_reward/total_std,31.007709503173828
4718592,1021.591,eval/episode_state/forward_vel_std,15.648978233337402
4718592,1021.591,eval/episode_state/up_z_std,45.17700958251953
4718592,1021.591,eval/avg_episode_length,1000.0
4718592,1021.591,eval/std_episode_length,0.0
4718592,1021.591,eval/epoch_eval_time,32.621145486831665
4718592,1021.591,eval/sps,980.9588082342968
5242880,1093.179,episode/sps,5029.997235202912
5242880,1093.179,episode/length,1000.0
5242880,1093.179,episode/reward/ctrl,-0.2191001996397972
5242880,1093.179,episode/reward/forward,332.6504751586914
5242880,1093.179,episode/reward/joint,-0.03369084365665913
5242880,1093.179,episode/reward/orient,-120.19012282729149
5242880,1093.179,episode/reward/total,212.2076251220703
5242880,1093.179,episode/state/forward_vel,-7.935741874873639
5242880,1093.179,episode/state/up_z,859.6799931335449
5242880,1093.179,episode/sum_reward,212.2076251220703
5242880,1093.179,episode/entropy_loss,-0.11547878332436085
5242880,1093.179,episode/kl_mean,0.0012642082024831324
5242880,1093.179,episode/learning_rate,0.0003000000142492354
5242880,1093.179,episode/policy_dist_max_loc,0.8111744409799576
5242880,1093.179,episode/policy_dist_max_std,1.1654310202598572
5242880,1093.179,episode/policy_dist_mean_loc,-0.006473733104649
5242880,1093.179,episode/policy_dist_mean_std,0.7004341566562653
5242880,1093.179,episode/policy_dist_min_loc,-0.9831560534238816
5242880,1093.179,episode/policy_dist_min_std,0.39803063452243803
5242880,1093.179,episode/policy_loss,-0.0015204486521543004
5242880,1093.179,episode/total_loss,45.88388359069824
5242880,1093.179,episode/v_loss,46.000882892608644
5242880,1126.516,eval/walltime,378.57856035232544
5242880,1126.516,training/sps,7322.897685831957
5242880,1126.516,training/walltime,735.5132761001587
5242880,1126.516,training/entropy_loss,-0.11552389711141586
5242880,1126.516,training/kl_mean,0.0016871934058144689
5242880,1126.516,training/learning_rate,0.0003000000142492354
5242880,1126.516,training/policy_dist_max_loc,0.7925595641136169
5242880,1126.516,training/policy_dist_max_std,1.1555020809173584
5242880,1126.516,training/policy_dist_mean_loc,-0.011080911383032799
5242880,1126.516,training/policy_dist_mean_std,0.7015713453292847
5242880,1126.516,training/policy_dist_min_loc,-1.0603315830230713
5242880,1126.516,training/policy_dist_min_std,0.4004206955432892
5242880,1126.516,training/policy_loss,-0.0015017804689705372
5242880,1126.516,training/total_loss,27.235437393188477
5242880,1126.516,training/v_loss,27.35246467590332
5242880,1126.516,eval/episode_reward,325.97601318359375
5242880,1126.516,eval/episode_reward/ctrl,-0.21983754634857178
5242880,1126.516,eval/episode_reward/forward,335.2814025878906
5242880,1126.516,eval/episode_reward/joint,-0.035628754645586014
5242880,1126.516,eval/episode_reward/orient,-9.049846649169922
5242880,1126.516,eval/episode_reward/total,325.97601318359375
5242880,1126.516,eval/episode_state/forward_vel,-6.058740615844727
5242880,1126.516,eval/episode_state/up_z,927.7869873046875
5242880,1126.516,eval/episode_reward_std,27.796960830688477
5242880,1126.516,eval/episode_reward/ctrl_std,0.0018718123901635408
5242880,1126.516,eval/episode_reward/forward_std,24.108266830444336
5242880,1126.516,eval/episode_reward/joint_std,0.0053132763132452965
5242880,1126.516,eval/episode_reward/orient_std,9.530080795288086
5242880,1126.516,eval/episode_reward/total_std,27.796960830688477
5242880,1126.516,eval/episode_state/forward_vel_std,15.083995819091797
5242880,1126.516,eval/episode_state/up_z_std,35.82435607910156
5242880,1126.516,eval/avg_episode_length,1000.0
5242880,1126.516,eval/std_episode_length,0.0
5242880,1126.516,eval/epoch_eval_time,33.31115412712097
5242880,1126.516,eval/sps,960.6391864383507
5767168,1198.487,episode/sps,4978.622026141763
5767168,1198.487,episode/length,1000.0
5767168,1198.487,episode/reward/ctrl,-0.21992404788732528
5767168,1198.487,episode/reward/forward,336.6972769165039
5767168,1198.487,episode/reward/joint,-0.03446313880383969
5767168,1198.487,episode/reward/orient,-195.32842442512512
5767168,1198.487,episode/reward/total,141.1145166015625
5767168,1198.487,episode/state/forward_vel,-4.80317727252841
5767168,1198.487,episode/state/up_z,832.3728948974609
5767168,1198.487,episode/sum_reward,141.1145166015625
5767168,1198.487,episode/entropy_loss,-0.11552753023803235
5767168,1198.487,episode/kl_mean,0.0015306358295492828
5767168,1198.487,episode/learning_rate,0.0003000000142492354
5767168,1198.487,episode/policy_dist_max_loc,0.810018310546875
5767168,1198.487,episode/policy_dist_max_std,1.1672087049484252
5767168,1198.487,episode/policy_dist_mean_loc,-0.011684447010047734
5767168,1198.487,episode/policy_dist_mean_std,0.7016213434934616
5767168,1198.487,episode/policy_dist_min_loc,-1.0277889889478684
5767168,1198.487,episode/policy_dist_min_std,0.3880959382653236
5767168,1198.487,episode/policy_loss,-0.0013172451392165386
5767168,1198.487,episode/total_loss,33.22656818389893
5767168,1198.487,episode/v_loss,33.34341297149658
5767168,1229.657,eval/walltime,409.7254943847656
5767168,1229.657,training/sps,7284.012524937418
5767168,1229.657,training/walltime,807.4911863803864
5767168,1229.657,training/entropy_loss,-0.11556701362133026
5767168,1229.657,training/kl_mean,0.0018369131721556187
5767168,1229.657,training/learning_rate,0.0003000000142492354
5767168,1229.657,training/policy_dist_max_loc,0.8111343383789062
5767168,1229.657,training/policy_dist_max_std,1.1776597499847412
5767168,1229.657,training/policy_dist_mean_loc,-0.01834096759557724
5767168,1229.657,training/policy_dist_mean_std,0.7029694318771362
5767168,1229.657,training/policy_dist_min_loc,-1.0666285753250122
5767168,1229.657,training/policy_dist_min_std,0.37025290727615356
5767168,1229.657,training/policy_loss,-0.0011124005541205406
5767168,1229.657,training/total_loss,23.281814575195312
5767168,1229.657,training/v_loss,23.398494720458984
5767168,1229.657,eval/episode_reward,218.89697265625
5767168,1229.657,eval/episode_reward/ctrl,-0.2209039032459259
5767168,1229.657,eval/episode_reward/forward,332.3282775878906
5767168,1229.657,eval/episode_reward/joint,-0.03672371804714203
5767168,1229.657,eval/episode_reward/orient,-113.17365264892578
5767168,1229.657,eval/episode_reward/total,218.89697265625
5767168,1229.657,eval/episode_state/forward_vel,-8.456385612487793
5767168,1229.657,eval/episode_state/up_z,887.8175048828125
5767168,1229.657,eval/episode_reward_std,604.8670043945312
5767168,1229.657,eval/episode_reward/ctrl_std,0.0024863763246685266
5767168,1229.657,eval/episode_reward/forward_std,22.504968643188477
5767168,1229.657,eval/episode_reward/joint_std,0.006927416659891605
5767168,1229.657,eval/episode_reward/orient_std,598.9334716796875
5767168,1229.657,eval/episode_reward/total_std,604.8670043945312
5767168,1229.657,eval/episode_state/forward_vel_std,13.864415168762207
5767168,1229.657,eval/episode_state/up_z_std,307.3260803222656
5767168,1229.657,eval/avg_episode_length,1000.0
5767168,1229.657,eval/std_episode_length,0.0
5767168,1229.657,eval/epoch_eval_time,31.146934032440186
5767168,1229.657,eval/sps,1027.3884410796686
6291456,1301.140,episode/sps,5107.371325437684
6291456,1301.140,episode/length,1000.0
6291456,1301.140,episode/reward/ctrl,-0.22065341278910636
6291456,1301.140,episode/reward/forward,334.72825897216796
6291456,1301.140,episode/reward/joint,-0.0374364254064858
6291456,1301.140,episode/reward/orient,-9.767870146036149
6291456,1301.140,episode/reward/total,324.70233169555667
6291456,1301.140,episode/state/forward_vel,-6.670868256092072
6291456,1301.140,episode/state/up_z,929.4425964355469
6291456,1301.140,episode/sum_reward,324.70233169555667
6291456,1301.140,episode/entropy_loss,-0.11556630454957485
6291456,1301.140,episode/kl_mean,0.0022857968305470423
6291456,1301.140,episode/learning_rate,0.0003000000142492354
6291456,1301.140,episode/policy_dist_max_loc,0.8216732513904571
6291456,1301.140,episode/policy_dist_max_std,1.1763014853000642
6291456,1301.140,episode/policy_dist_mean_loc,-0.017303659743629397
6291456,1301.140,episode/policy_dist_mean_std,0.7030533748865128
6291456,1301.140,episode/policy_dist_min_loc,-1.0795994764566421
6291456,1301.140,episode/policy_dist_min_std,0.3800991630554199
6291456,1301.140,episode/policy_loss,-0.001440610860590823
6291456,1301.140,episode/total_loss,21.990951046943664
6291456,1301.140,episode/v_loss,22.107957935333253
6291456,1335.421,eval/walltime,443.9815409183502
6291456,1335.421,training/sps,7333.648858827939
6291456,1335.421,training/walltime,878.9819285869598
6291456,1335.421,training/entropy_loss,-0.11561498045921326
6291456,1335.421,training/kl_mean,0.0034079928882420063
6291456,1335.421,training/learning_rate,0.0003000000142492354
6291456,1335.421,training/policy_dist_max_loc,0.8533430099487305
6291456,1335.421,training/policy_dist_max_std,1.1980338096618652
6291456,1335.421,training/policy_dist_mean_loc,-0.023628905415534973
6291456,1335.421,training/policy_dist_mean_std,0.7049094438552856
6291456,1335.421,training/policy_dist_min_loc,-1.1226389408111572
6291456,1335.421,training/policy_dist_min_std,0.3692743480205536
6291456,1335.421,training/policy_loss,-0.0016347127966582775
6291456,1335.421,training/total_loss,12.878875732421875
6291456,1335.421,training/v_loss,12.996124267578125
6291456,1335.421,eval/episode_reward,269.46734619140625
6291456,1335.421,eval/episode_reward/ctrl,-0.22169268131256104
6291456,1335.421,eval/episode_reward/forward,335.2461242675781
6291456,1335.421,eval/episode_reward/joint,-0.03752632066607475
6291456,1335.421,eval/episode_reward/orient,-65.51957702636719
6291456,1335.421,eval/episode_reward/total,269.46734619140625
6291456,1335.421,eval/episode_state/forward_vel,-6.45583438873291
6291456,1335.421,eval/episode_state/up_z,912.4111328125
6291456,1335.421,eval/episode_reward_std,250.9488067626953
6291456,1335.421,eval/episode_reward/ctrl_std,0.002366569358855486
6291456,1335.421,eval/episode_reward/forward_std,18.91899871826172
6291456,1335.421,eval/episode_reward/joint_std,0.0049325828440487385
6291456,1335.421,eval/episode_reward/orient_std,248.5482635498047
6291456,1335.421,eval/episode_reward/total_std,250.9488067626953
6291456,1335.421,eval/episode_state/forward_vel_std,12.007285118103027
6291456,1335.421,eval/episode_state/up_z_std,144.00289916992188
6291456,1335.421,eval/avg_episode_length,1000.0
6291456,1335.421,eval/std_episode_length,0.0
6291456,1335.421,eval/epoch_eval_time,34.256046533584595
6291456,1335.421,eval/sps,934.1416549229413
6815744,1407.368,episode/sps,4935.507105210145
6815744,1407.368,episode/length,1000.0
6815744,1407.368,episode/reward/ctrl,-0.22206743225455283
6815744,1407.368,episode/reward/forward,338.73584747314453
6815744,1407.368,episode/reward/joint,-0.037903405260294676
6815744,1407.368,episode/reward/orient,-113.07132901787757
6815744,1407.368,episode/reward/total,225.40454864501953
6815744,1407.368,episode/state/forward_vel,-4.0795321725308895
6815744,1407.368,episode/state/up_z,888.2211148834228
6815744,1407.368,episode/sum_reward,225.40454864501953
6815744,1407.368,episode/entropy_loss,-0.11563961163163185
6815744,1407.368,episode/kl_mean,0.002832885782700032
6815744,1407.368,episode/learning_rate,0.0003000000142492354
6815744,1407.368,episode/policy_dist_max_loc,0.8144877147674561
6815744,1407.368,episode/policy_dist_max_std,1.2106533670425415
6815744,1407.368,episode/policy_dist_mean_loc,-0.023013180894777177
6815744,1407.368,episode/policy_dist_mean_std,0.7052412301301956
6815744,1407.368,episode/policy_dist_min_loc,-1.1272044783830644
6815744,1407.368,episode/policy_dist_min_std,0.36868452608585356
6815744,1407.368,episode/policy_loss,-0.0015236277530493681
6815744,1407.368,episode/total_loss,17.292449207305907
6815744,1407.368,episode/v_loss,17.40961254119873
6815744,1440.171,eval/walltime,476.7555239200592
6815744,1440.171,training/sps,7286.266437085765
6815744,1440.171,training/walltime,950.9375734329224
6815744,1440.171,training/entropy_loss,-0.11575332283973694
6815744,1440.171,training/kl_mean,0.0031811126973479986
6815744,1440.171,training/learning_rate,0.0003000000142492354
6815744,1440.171,training/policy_dist_max_loc,0.78693687915802
6815744,1440.171,training/policy_dist_max_std,1.265462875366211
6815744,1440.171,training/policy_dist_mean_loc,-0.02814769372344017
6815744,1440.171,training/policy_dist_mean_std,0.7082730531692505
6815744,1440.171,training/policy_dist_min_loc,-1.2054625749588013
6815744,1440.171,training/policy_dist_min_std,0.36324799060821533
6815744,1440.171,training/policy_loss,-0.0016201634425669909
6815744,1440.171,training/total_loss,14.936643600463867
6815744,1440.171,training/v_loss,15.054018020629883
6815744,1440.171,eval/episode_reward,339.0316162109375
6815744,1440.171,eval/episode_reward/ctrl,-0.22359326481819153
6815744,1440.171,eval/episode_reward/forward,343.8608093261719
6815744,1440.171,eval/episode_reward/joint,-0.03938142955303192
6815744,1440.171,eval/episode_reward/orient,-4.566257476806641
6815744,1440.171,eval/episode_reward/total,339.0316162109375
6815744,1440.171,eval/episode_state/forward_vel,-1.2964489459991455
6815744,1440.171,eval/episode_state/up_z,954.615478515625
6815744,1440.171,eval/episode_reward_std,20.6446475982666
6815744,1440.171,eval/episode_reward/ctrl_std,0.0020822982769459486
6815744,1440.171,eval/episode_reward/forward_std,18.28253936767578
6815744,1440.171,eval/episode_reward/joint_std,0.004872885998338461
6815744,1440.171,eval/episode_reward/orient_std,5.392911434173584
6815744,1440.171,eval/episode_reward/total_std,20.6446475982666
6815744,1440.171,eval/episode_state/forward_vel_std,11.27208137512207
6815744,1440.171,eval/episode_state/up_z_std,17.666601181030273
6815744,1440.171,eval/avg_episode_length,1000.0
6815744,1440.171,eval/std_episode_length,0.0
6815744,1440.171,eval/epoch_eval_time,32.773983001708984
6815744,1440.171,eval/sps,976.3842252048332
7340032,1512.498,episode/sps,4987.018909693144
7340032,1512.498,episode/length,1000.0
7340032,1512.498,episode/reward/ctrl,-0.2223841804265976
7340032,1512.498,episode/reward/forward,336.3447885131836
7340032,1512.498,episode/reward/joint,-0.03894210282713175
7340032,1512.498,episode/reward/orient,-67.13926542758942
7340032,1512.498,episode/reward/total,268.9442007446289
7340032,1512.498,episode/state/forward_vel,-5.624600944593549
7340032,1512.498,episode/state/up_z,918.7063431358338
7340032,1512.498,episode/sum_reward,268.9442007446289
7340032,1512.498,episode/entropy_loss,-0.11574506983160973
7340032,1512.498,episode/kl_mean,0.003772327402839437
7340032,1512.498,episode/learning_rate,0.0003000000142492354
7340032,1512.498,episode/policy_dist_max_loc,0.8043747729063034
7340032,1512.498,episode/policy_dist_max_std,1.2455057716369629
7340032,1512.498,episode/policy_dist_mean_loc,-0.030117183551192285
7340032,1512.498,episode/policy_dist_mean_std,0.7079924702644348
7340032,1512.498,episode/policy_dist_min_loc,-1.2009357291460037
7340032,1512.498,episode/policy_dist_min_std,0.37279232770204546
7340032,1512.498,episode/policy_loss,-0.0018719140837492887
7340032,1512.498,episode/total_loss,12.495232102870942
7340032,1512.498,episode/v_loss,12.612849135398864
7340032,1543.968,eval/walltime,508.19967317581177
7340032,1543.968,training/sps,7248.109923876962
7340032,1543.968,training/walltime,1023.2720172405243
7340032,1543.968,training/entropy_loss,-0.11587899923324585
7340032,1543.968,training/kl_mean,0.004809068515896797
7340032,1543.968,training/learning_rate,0.0003000000142492354
7340032,1543.968,training/policy_dist_max_loc,0.7761878967285156
7340032,1543.968,training/policy_dist_max_std,1.2844326496124268
7340032,1543.968,training/policy_dist_mean_loc,-0.03972891718149185
7340032,1543.968,training/policy_dist_mean_std,0.711377739906311
7340032,1543.968,training/policy_dist_min_loc,-1.2889375686645508
7340032,1543.968,training/policy_dist_min_std,0.38471123576164246
7340032,1543.968,training/policy_loss,-0.002319720573723316
7340032,1543.968,training/total_loss,8.29117202758789
7340032,1543.968,training/v_loss,8.409370422363281
7340032,1543.968,eval/episode_reward,348.26788330078125
7340032,1543.968,eval/episode_reward/ctrl,-0.22347190976142883
7340032,1543.968,eval/episode_reward/forward,350.801513671875
7340032,1543.968,eval/episode_reward/joint,-0.03881513327360153
7340032,1543.968,eval/episode_reward/orient,-2.271350860595703
7340032,1543.968,eval/episode_reward/total,348.26788330078125
7340032,1543.968,eval/episode_state/forward_vel,3.3339767456054688
7340032,1543.968,eval/episode_state/up_z,971.708984375
7340032,1543.968,eval/episode_reward_std,21.6279239654541
7340032,1543.968,eval/episode_reward/ctrl_std,0.0016350257210433483
7340032,1543.968,eval/episode_reward/forward_std,21.634403228759766
7340032,1543.968,eval/episode_reward/joint_std,0.004886160604655743
7340032,1543.968,eval/episode_reward/orient_std,1.8298115730285645
7340032,1543.968,eval/episode_reward/total_std,21.6279239654541
7340032,1543.968,eval/episode_state/forward_vel_std,13.270952224731445
7340032,1543.968,eval/episode_state/up_z_std,10.257682800292969
7340032,1543.968,eval/avg_episode_length,1000.0
7340032,1543.968,eval/std_episode_length,0.0
7340032,1543.968,eval/epoch_eval_time,31.444149255752563
7340032,1543.968,eval/sps,1017.6773980980181
7864320,1615.624,episode/sps,5083.973147914038
7864320,1615.624,episode/length,1000.0
7864320,1615.624,episode/reward/ctrl,-0.22290955796837808
7864320,1615.624,episode/reward/forward,343.58159881591797
7864320,1615.624,episode/reward/joint,-0.03932039702311158
7864320,1615.624,episode/reward/orient,-34.53450110971928
7864320,1615.624,episode/reward/total,308.7848223876953
7864320,1615.624,episode/state/forward_vel,-0.9336567790061235
7864320,1615.624,episode/state/up_z,946.2411779785157
7864320,1615.624,episode/sum_reward,308.7848223876953
7864320,1615.624,episode/entropy_loss,-0.1158554146438837
7864320,1615.624,episode/kl_mean,0.004515679854666815
7864320,1615.624,episode/learning_rate,0.0003000000142492354
7864320,1615.624,episode/policy_dist_max_loc,0.7677594739198684
7864320,1615.624,episode/policy_dist_max_std,1.267038995027542
7864320,1615.624,episode/policy_dist_mean_loc,-0.037153795920312406
7864320,1615.624,episode/policy_dist_mean_std,0.7102605724334716
7864320,1615.624,episode/policy_dist_min_loc,-1.2362836039066314
7864320,1615.624,episode/policy_dist_min_std,0.36880759835243226
7864320,1615.624,episode/policy_loss,-0.002049463825242128
7864320,1615.624,episode/total_loss,10.047716051340103
7864320,1615.624,episode/v_loss,10.165620951652526
7864320,1649.290,eval/walltime,541.8433496952057
7864320,1649.290,training/sps,7316.073164416073
7864320,1649.290,training/walltime,1094.9345045089722
7864320,1649.290,training/entropy_loss,-0.11596764624118805
7864320,1649.290,training/kl_mean,0.0054652877151966095
7864320,1649.290,training/learning_rate,0.0003000000142492354
7864320,1649.290,training/policy_dist_max_loc,0.7379770278930664
7864320,1649.290,training/policy_dist_max_std,1.2610063552856445
7864320,1649.290,training/policy_dist_mean_loc,-0.045071884989738464
7864320,1649.290,training/policy_dist_mean_std,0.7116702198982239
7864320,1649.290,training/policy_dist_min_loc,-1.2205288410186768
7864320,1649.290,training/policy_dist_min_std,0.3576657474040985
7864320,1649.290,training/policy_loss,-0.002153330948203802
7864320,1649.290,training/total_loss,6.565948009490967
7864320,1649.290,training/v_loss,6.6840691566467285
7864320,1649.290,eval/episode_reward,348.73736572265625
7864320,1649.290,eval/episode_reward/ctrl,-0.22373655438423157
7864320,1649.290,eval/episode_reward/forward,350.93865966796875
7864320,1649.290,eval/episode_reward/joint,-0.04194851219654083
7864320,1649.290,eval/episode_reward/orient,-1.9355547428131104
7864320,1649.290,eval/episode_reward/total,348.73736572265625
7864320,1649.290,eval/episode_state/forward_vel,3.5543172359466553
7864320,1649.290,eval/episode_state/up_z,974.6287231445312
7864320,1649.290,eval/episode_reward_std,21.814311981201172
7864320,1649.290,eval/episode_reward/ctrl_std,0.0023373672738671303
7864320,1649.290,eval/episode_reward/forward_std,21.878896713256836
7864320,1649.290,eval/episode_reward/joint_std,0.004445006605237722
7864320,1649.290,eval/episode_reward/orient_std,1.5618610382080078
7864320,1649.290,eval/episode_reward/total_std,21.814311981201172
7864320,1649.290,eval/episode_state/forward_vel_std,13.71972942352295
7864320,1649.290,eval/episode_state/up_z_std,8.425455093383789
7864320,1649.290,eval/avg_episode_length,1000.0
7864320,1649.290,eval/std_episode_length,0.0
7864320,1649.290,eval/epoch_eval_time,33.64367651939392
7864320,1649.290,eval/sps,951.1445629776395
8388608,1721.309,episode/sps,4960.855161676805
8388608,1721.309,episode/length,1000.0
8388608,1721.309,episode/reward/ctrl,-0.22300316005945206
8388608,1721.309,episode/reward/forward,349.0665866088867
8388608,1721.309,episode/reward/joint,-0.03973240952938795
8388608,1721.309,episode/reward/orient,-93.85508626803755
8388608,1721.309,episode/reward/total,254.94865447998046
8388608,1721.309,episode/state/forward_vel,3.3072984969615935
8388608,1721.309,episode/state/up_z,924.2827365940809
8388608,1721.309,episode/sum_reward,254.94865447998046
8388608,1721.309,episode/entropy_loss,-0.11592563681304455
8388608,1721.309,episode/kl_mean,0.004665303439833224
8388608,1721.309,episode/learning_rate,0.0003000000142492354
8388608,1721.309,episode/policy_dist_max_loc,0.7473328769207
8388608,1721.309,episode/policy_dist_max_std,1.270606940984726
8388608,1721.309,episode/policy_dist_mean_loc,-0.0448503190651536
8388608,1721.309,episode/policy_dist_mean_std,0.7115699100494385
8388608,1721.309,episode/policy_dist_min_loc,-1.2264323490858078
8388608,1721.309,episode/policy_dist_min_std,0.36658150285482405
8388608,1721.309,episode/policy_loss,-0.002031927505740896
8388608,1721.309,episode/total_loss,7.215832880735397
8388608,1721.309,episode/v_loss,7.333790452480316
8388608,1754.742,eval/walltime,575.251779794693
8388608,1754.742,training/sps,7279.117966501688
8388608,1754.742,training/walltime,1166.9608135223389
8388608,1754.742,training/entropy_loss,-0.11595192551612854
8388608,1754.742,training/kl_mean,0.0035248890053480864
8388608,1754.742,training/learning_rate,0.0003000000142492354
8388608,1754.742,training/policy_dist_max_loc,0.7278662919998169
8388608,1754.742,training/policy_dist_max_std,1.2650573253631592
8388608,1754.742,training/policy_dist_mean_loc,-0.05121371150016785
8388608,1754.742,training/policy_dist_mean_std,0.71192866563797
8388608,1754.742,training/policy_dist_min_loc,-1.1755552291870117
8388608,1754.742,training/policy_dist_min_std,0.3573122024536133
8388608,1754.742,training/policy_loss,-0.0014439341612160206
8388608,1754.742,training/total_loss,6.036465644836426
8388608,1754.742,training/v_loss,6.153861045837402
8388608,1754.742,eval/episode_reward,354.5738220214844
8388608,1754.742,eval/episode_reward/ctrl,-0.22366097569465637
8388608,1754.742,eval/episode_reward/forward,356.3352355957031
8388608,1754.742,eval/episode_reward/joint,-0.043372489511966705
8388608,1754.742,eval/episode_reward/orient,-1.4942994117736816
8388608,1754.742,eval/episode_reward/total,354.5738220214844
8388608,1754.742,eval/episode_state/forward_vel,7.208629131317139
8388608,1754.742,eval/episode_state/up_z,977.40673828125
8388608,1754.742,eval/episode_reward_std,17.413013458251953
8388608,1754.742,eval/episode_reward/ctrl_std,0.0017509403405711055
8388608,1754.742,eval/episode_reward/forward_std,17.22930335998535
8388608,1754.742,eval/episode_reward/joint_std,0.0036111760418862104
8388608,1754.742,eval/episode_reward/orient_std,1.5295960903167725
8388608,1754.742,eval/episode_reward/total_std,17.413013458251953
8388608,1754.742,eval/episode_state/forward_vel_std,10.590331077575684
8388608,1754.742,eval/episode_state/up_z_std,8.399190902709961
8388608,1754.742,eval/avg_episode_length,1000.0
8388608,1754.742,eval/std_episode_length,0.0
8388608,1754.742,eval/epoch_eval_time,33.408430099487305
8388608,1754.742,eval/sps,957.8420747310446
8912896,1827.442,episode/sps,4939.902232809064
8912896,1827.442,episode/length,1000.0
8912896,1827.442,episode/reward/ctrl,-0.22370999440550804
8912896,1827.442,episode/reward/forward,356.09281188964843
8912896,1827.442,episode/reward/joint,-0.043987085483968257
8912896,1827.442,episode/reward/orient,-14.34479918807745
8912896,1827.442,episode/reward/total,341.48024993896485
8912896,1827.442,episode/state/forward_vel,7.06398108124733
8912896,1827.442,episode/state/up_z,969.5647491455078
8912896,1827.442,episode/sum_reward,341.48024993896485
8912896,1827.442,episode/entropy_loss,-0.11594083808362483
8912896,1827.442,episode/kl_mean,0.004399655000306666
8912896,1827.442,episode/learning_rate,0.0003000000142492354
8912896,1827.442,episode/policy_dist_max_loc,0.7318150717020034
8912896,1827.442,episode/policy_dist_max_std,1.2864288222789764
8912896,1827.442,episode/policy_dist_mean_loc,-0.05140634410083294
8912896,1827.442,episode/policy_dist_mean_std,0.7123822087049484
8912896,1827.442,episode/policy_dist_min_loc,-1.209425458908081
8912896,1827.442,episode/policy_dist_min_std,0.35037242218852044
8912896,1827.442,episode/policy_loss,-0.0017513436562148854
8912896,1827.442,episode/total_loss,6.32698429942131
8912896,1827.442,episode/v_loss,6.444676480293274
8912896,1862.364,eval/walltime,610.1480724811554
8912896,1862.364,training/sps,7210.973626747885
8912896,1862.364,training/walltime,1239.6677775382996
8912896,1862.364,training/entropy_loss,-0.11590451002120972
8912896,1862.364,training/kl_mean,0.0039926329627633095
8912896,1862.364,training/learning_rate,0.0003000000142492354
8912896,1862.364,training/policy_dist_max_loc,0.7226898670196533
8912896,1862.364,training/policy_dist_max_std,1.324689507484436
8912896,1862.364,training/policy_dist_mean_loc,-0.05911894142627716
8912896,1862.364,training/policy_dist_mean_std,0.7134605646133423
8912896,1862.364,training/policy_dist_min_loc,-1.2079617977142334
8912896,1862.364,training/policy_dist_min_std,0.33172470331192017
8912896,1862.364,training/policy_loss,-0.0014703426277264953
8912896,1862.364,training/total_loss,5.819936275482178
8912896,1862.364,training/v_loss,5.937310695648193
8912896,1862.364,eval/episode_reward,352.83197021484375
8912896,1862.364,eval/episode_reward/ctrl,-0.2237297147512436
8912896,1862.364,eval/episode_reward/forward,354.1203308105469
8912896,1862.364,eval/episode_reward/joint,-0.046418316662311554
8912896,1862.364,eval/episode_reward/orient,-1.0182780027389526
8912896,1862.364,eval/episode_reward/total,352.83197021484375
8912896,1862.364,eval/episode_state/forward_vel,5.802180767059326
8912896,1862.364,eval/episode_state/up_z,980.4136962890625
8912896,1862.364,eval/episode_reward_std,22.06778907775879
8912896,1862.364,eval/episode_reward/ctrl_std,0.001994276186451316
8912896,1862.364,eval/episode_reward/forward_std,22.02834129333496
8912896,1862.364,eval/episode_reward/joint_std,0.004941659048199654
8912896,1862.364,eval/episode_reward/orient_std,0.6224687099456787
8912896,1862.364,eval/episode_reward/total_std,22.06778907775879
8912896,1862.364,eval/episode_state/forward_vel_std,13.77668285369873
8912896,1862.364,eval/episode_state/up_z_std,5.2513909339904785
8912896,1862.364,eval/avg_episode_length,1000.0
8912896,1862.364,eval/std_episode_length,0.0
8912896,1862.364,eval/epoch_eval_time,34.8962926864624
8912896,1862.364,eval/sps,917.002854358051
9437184,1935.658,episode/sps,4844.849927323597
9437184,1935.658,episode/length,1000.0
9437184,1935.658,episode/reward/ctrl,-0.22396139964461326
9437184,1935.658,episode/reward/forward,354.6048712158203
9437184,1935.658,episode/reward/joint,-0.04690288722515106
9437184,1935.658,episode/reward/orient,-26.31185352012515
9437184,1935.658,episode/reward/total,328.0221615600586
9437184,1935.658,episode/state/forward_vel,6.183668785840273
9437184,1935.658,episode/state/up_z,965.880955505371
9437184,1935.658,episode/sum_reward,328.0221615600586
9437184,1935.658,episode/entropy_loss,-0.11588364362716674
9437184,1935.658,episode/kl_mean,0.003763791575329378
9437184,1935.658,episode/learning_rate,0.0003000000142492354
9437184,1935.658,episode/policy_dist_max_loc,0.7440703833103179
9437184,1935.658,episode/policy_dist_max_std,1.2855689096450806
9437184,1935.658,episode/policy_dist_mean_loc,-0.056615202128887175
9437184,1935.658,episode/policy_dist_mean_std,0.7131720542907715
9437184,1935.658,episode/policy_dist_min_loc,-1.1802138096094132
9437184,1935.658,episode/policy_dist_min_std,0.3371847006678581
9437184,1935.658,episode/policy_loss,-0.0014981888447800885
9437184,1935.658,episode/total_loss,5.479870215058327
9437184,1935.658,episode/v_loss,5.5972520446777345
9437184,1964.367,eval/walltime,638.8366143703461
9437184,1964.367,training/sps,7152.617501973942
9437184,1964.367,training/walltime,1312.967936515808
9437184,1964.367,training/entropy_loss,-0.11578913778066635
9437184,1964.367,training/kl_mean,0.0034875611308962107
9437184,1964.367,training/learning_rate,0.0003000000142492354
9437184,1964.367,training/policy_dist_max_loc,0.7790673971176147
9437184,1964.367,training/policy_dist_max_std,1.2603187561035156
9437184,1964.367,training/policy_dist_mean_loc,-0.06063000112771988
9437184,1964.367,training/policy_dist_mean_std,0.7142086029052734
9437184,1964.367,training/policy_dist_min_loc,-1.1490235328674316
9437184,1964.367,training/policy_dist_min_std,0.3249242305755615
9437184,1964.367,training/policy_loss,-0.001402129651978612
9437184,1964.367,training/total_loss,4.338397026062012
9437184,1964.367,training/v_loss,4.455588340759277
9437184,1964.367,eval/episode_reward,342.65411376953125
9437184,1964.367,eval/episode_reward/ctrl,-0.22514748573303223
9437184,1964.367,eval/episode_reward/forward,367.97821044921875
9437184,1964.367,eval/episode_reward/joint,-0.05018123984336853
9437184,1964.367,eval/episode_reward/orient,-25.048784255981445
9437184,1964.367,eval/episode_reward/total,342.65411376953125
9437184,1964.367,eval/episode_state/forward_vel,14.447959899902344
9437184,1964.367,eval/episode_state/up_z,964.45654296875
9437184,1964.367,eval/episode_reward_std,138.38848876953125
9437184,1964.367,eval/episode_reward/ctrl_std,0.002355847740545869
9437184,1964.367,eval/episode_reward/forward_std,27.094446182250977
9437184,1964.367,eval/episode_reward/joint_std,0.0035578797105699778
9437184,1964.367,eval/episode_reward/orient_std,131.7895965576172
9437184,1964.367,eval/episode_reward/total_std,138.38848876953125
9437184,1964.367,eval/episode_state/forward_vel_std,16.76287841796875
9437184,1964.367,eval/episode_state/up_z_std,71.47499084472656
9437184,1964.367,eval/avg_episode_length,1000.0
9437184,1964.367,eval/std_episode_length,0.0
9437184,1964.367,eval/epoch_eval_time,28.688541889190674
9437184,1964.367,eval/sps,1115.42789883152
9961472,2034.049,episode/sps,5328.597257992224
9961472,2034.049,episode/length,1000.0
9961472,2034.049,episode/reward/ctrl,-0.22494217336177827
9961472,2034.049,episode/reward/forward,360.0935089111328
9961472,2034.049,episode/reward/joint,-0.04883081927895546
9961472,2034.049,episode/reward/orient,-1.4226678459346294
9961472,2034.049,episode/reward/total,358.3970864868164
9961472,2034.049,episode/state/forward_vel,9.720728017091751
9961472,2034.049,episode/state/up_z,978.9589251708984
9961472,2034.049,episode/sum_reward,358.3970864868164
9961472,2034.049,episode/entropy_loss,-0.11582378149032593
9961472,2034.049,episode/kl_mean,0.003833948264364153
9961472,2034.049,episode/learning_rate,0.0003000000142492354
9961472,2034.049,episode/policy_dist_max_loc,0.7610666453838348
9961472,2034.049,episode/policy_dist_max_std,1.2784123289585114
9961472,2034.049,episode/policy_dist_mean_loc,-0.05861773580312729
9961472,2034.049,episode/policy_dist_mean_std,0.7147115468978882
9961472,2034.049,episode/policy_dist_min_loc,-1.1658295583724976
9961472,2034.049,episode/policy_dist_min_std,0.32918510913848875
9961472,2034.049,episode/policy_loss,-0.0014515877328813076
9961472,2034.049,episode/total_loss,4.911272151470184
9961472,2034.049,episode/v_loss,5.02854753613472
9961472,2067.469,eval/walltime,672.2323713302612
9961472,2067.469,training/sps,7523.172608119206
9961472,2067.469,training/walltime,1382.6576840877533
9961472,2067.469,training/entropy_loss,-0.11577014625072479
9961472,2067.469,training/kl_mean,0.003843950340524316
9961472,2067.469,training/learning_rate,0.0003000000142492354
9961472,2067.469,training/policy_dist_max_loc,0.7829877138137817
9961472,2067.469,training/policy_dist_max_std,1.2504006624221802
9961472,2067.469,training/policy_dist_mean_loc,-0.05657624453306198
9961472,2067.469,training/policy_dist_mean_std,0.7166746854782104
9961472,2067.469,training/policy_dist_min_loc,-1.13006591796875
9961472,2067.469,training/policy_dist_min_std,0.3314361572265625
9961472,2067.469,training/policy_loss,-0.0013727826299145818
9961472,2067.469,training/total_loss,4.242308616638184
9961472,2067.469,training/v_loss,4.3594512939453125
9961472,2067.469,eval/episode_reward,375.7093200683594
9961472,2067.469,eval/episode_reward/ctrl,-0.22604744136333466
9961472,2067.469,eval/episode_reward/forward,378.051513671875
9961472,2067.469,eval/episode_reward/joint,-0.05158691108226776
9961472,2067.469,eval/episode_reward/orient,-2.0645740032196045
9961472,2067.469,eval/episode_reward/total,375.7093200683594
9961472,2067.469,eval/episode_state/forward_vel,21.393522262573242
9961472,2067.469,eval/episode_state/up_z,970.9326171875
9961472,2067.469,eval/episode_reward_std,18.026731491088867
9961472,2067.469,eval/episode_reward/ctrl_std,0.0017732572741806507
9961472,2067.469,eval/episode_reward/forward_std,18.228784561157227
9961472,2067.469,eval/episode_reward/joint_std,0.005484024528414011
9961472,2067.469,eval/episode_reward/orient_std,2.4520652294158936
9961472,2067.469,eval/episode_reward/total_std,18.026731491088867
9961472,2067.469,eval/episode_state/forward_vel_std,12.46047592163086
9961472,2067.469,eval/episode_state/up_z_std,7.167074203491211
9961472,2067.469,eval/avg_episode_length,1000.0
9961472,2067.469,eval/std_episode_length,0.0
9961472,2067.469,eval/epoch_eval_time,33.39575695991516
9961472,2067.469,eval/sps,958.2055600179842
10485760,2140.122,episode/sps,4942.706612722599
10485760,2140.122,episode/length,1000.0
10485760,2140.122,episode/reward/ctrl,-0.22568032875657082
10485760,2140.122,episode/reward/forward,367.5404251098633
10485760,2140.122,episode/reward/joint,-0.051242819167673585
10485760,2140.122,episode/reward/orient,-23.40306267261505
10485760,2140.122,episode/reward/total,343.86047073364256
10485760,2140.122,episode/state/forward_vel,14.119799976944924
10485760,2140.122,episode/state/up_z,961.3700865936279
10485760,2140.122,episode/sum_reward,343.86047073364256
10485760,2140.122,episode/entropy_loss,-0.11572012178599834
10485760,2140.122,episode/kl_mean,0.0036726523202378304
10485760,2140.122,episode/learning_rate,0.0003000000142492354
10485760,2140.122,episode/policy_dist_max_loc,0.8085697185993195
10485760,2140.122,episode/policy_dist_max_std,1.2708857619762421
10485760,2140.122,episode/policy_dist_mean_loc,-0.058405948132276536
10485760,2140.122,episode/policy_dist_mean_std,0.7161909264326095
10485760,2140.122,episode/policy_dist_min_loc,-1.1680411672592164
10485760,2140.122,episode/policy_dist_min_std,0.31390118539333345
10485760,2140.122,episode/policy_loss,-0.0015004637879610528
10485760,2140.122,episode/total_loss,3.573285378217697
10485760,2140.122,episode/v_loss,3.6905059790611268
10485760,2172.331,eval/walltime,704.4153690338135
10485760,2172.331,training/sps,7215.614494040228
10485760,2172.331,training/walltime,1455.3178851604462
10485760,2172.331,training/entropy_loss,-0.11557929962873459
10485760,2172.331,training/kl_mean,0.00352167384698987
10485760,2172.331,training/learning_rate,0.0003000000142492354
10485760,2172.331,training/policy_dist_max_loc,0.8732306957244873
10485760,2172.331,training/policy_dist_max_std,1.3039515018463135
10485760,2172.331,training/policy_dist_mean_loc,-0.05776561051607132
10485760,2172.331,training/policy_dist_mean_std,0.7179661393165588
10485760,2172.331,training/policy_dist_min_loc,-1.217024803161621
10485760,2172.331,training/policy_dist_min_std,0.2833446264266968
10485760,2172.331,training/policy_loss,-0.0015521638561040163
10485760,2172.331,training/total_loss,1.990163803100586
10485760,2172.331,training/v_loss,2.107295036315918
10485760,2172.331,eval/episode_reward,312.583984375
10485760,2172.331,eval/episode_reward/ctrl,-0.22630590200424194
10485760,2172.331,eval/episode_reward/forward,382.10693359375
10485760,2172.331,eval/episode_reward/joint,-0.0545414462685585
10485760,2172.331,eval/episode_reward/orient,-69.24195861816406
10485760,2172.331,eval/episode_reward/total,312.583984375
10485760,2172.331,eval/episode_state/forward_vel,23.694278717041016
10485760,2172.331,eval/episode_state/up_z,929.1134033203125
10485760,2172.331,eval/episode_reward_std,372.0976867675781
10485760,2172.331,eval/episode_reward/ctrl_std,0.001620015362277627
10485760,2172.331,eval/episode_reward/forward_std,24.040822982788086
10485760,2172.331,eval/episode_reward/joint_std,0.004061998799443245
10485760,2172.331,eval/episode_reward/orient_std,360.4775695800781
10485760,2172.331,eval/episode_reward/total_std,372.0976867675781
10485760,2172.331,eval/episode_state/forward_vel_std,15.124425888061523
10485760,2172.331,eval/episode_state/up_z_std,191.6621856689453
10485760,2172.331,eval/avg_episode_length,1000.0
10485760,2172.331,eval/std_episode_length,0.0
10485760,2172.331,eval/epoch_eval_time,32.182997703552246
10485760,2172.331,eval/sps,994.3138390886426
11010048,2244.929,episode/sps,5002.439545769968
11010048,2244.929,episode/length,1000.0
11010048,2244.929,episode/reward/ctrl,-0.22648710176348685
11010048,2244.929,episode/reward/forward,376.77176971435546
11010048,2244.929,episode/reward/joint,-0.052627212442457674
11010048,2244.929,episode/reward/orient,-17.61524684846401
11010048,2244.929,episode/reward/total,358.8774035060406
11010048,2244.929,episode/state/forward_vel,19.879267642945052
11010048,2244.929,episode/state/up_z,958.7043051147461
11010048,2244.929,episode/sum_reward,358.8774035060406
11010048,2244.929,episode/entropy_loss,-0.1156300900131464
11010048,2244.929,episode/kl_mean,0.0037380547524662688
11010048,2244.929,episode/learning_rate,0.0003000000142492354
11010048,2244.929,episode/policy_dist_max_loc,0.8434702283143998
11010048,2244.929,episode/policy_dist_max_std,1.2901390421390533
11010048,2244.929,episode/policy_dist_mean_loc,-0.05612815842032433
11010048,2244.929,episode/policy_dist_mean_std,0.717900521159172
11010048,2244.929,episode/policy_dist_min_loc,-1.203151428103447
11010048,2244.929,episode/policy_dist_min_std,0.30301755875349046
11010048,2244.929,episode/policy_loss,-0.001496098118732334
11010048,2244.929,episode/total_loss,3.1979533571004866
11010048,2244.929,episode/v_loss,3.3150795602798464
11010048,2277.908,eval/walltime,737.3707723617554
11010048,2277.908,training/sps,7221.139195962205
11010048,2277.908,training/walltime,1527.92249584198
11010048,2277.908,training/entropy_loss,-0.11552529036998749
11010048,2277.908,training/kl_mean,0.003641983959823847
11010048,2277.908,training/learning_rate,0.0003000000142492354
11010048,2277.908,training/policy_dist_max_loc,0.8756759166717529
11010048,2277.908,training/policy_dist_max_std,1.3198621273040771
11010048,2277.908,training/policy_dist_mean_loc,-0.053635403513908386
11010048,2277.908,training/policy_dist_mean_std,0.719397783279419
11010048,2277.908,training/policy_dist_min_loc,-1.2665437459945679
11010048,2277.908,training/policy_dist_min_std,0.293680876493454
11010048,2277.908,training/policy_loss,-0.0014771304558962584
11010048,2277.908,training/total_loss,3.073065757751465
11010048,2277.908,training/v_loss,3.190068244934082
11010048,2277.908,eval/episode_reward,383.22613525390625
11010048,2277.908,eval/episode_reward/ctrl,-0.22763372957706451
11010048,2277.908,eval/episode_reward/forward,386.0469970703125
11010048,2277.908,eval/episode_reward/joint,-0.05772228166460991
11010048,2277.908,eval/episode_reward/orient,-2.5354108810424805
11010048,2277.908,eval/episode_reward/total,383.22613525390625
11010048,2277.908,eval/episode_state/forward_vel,25.977466583251953
11010048,2277.908,eval/episode_state/up_z,960.839111328125
11010048,2277.908,eval/episode_reward_std,18.714799880981445
11010048,2277.908,eval/episode_reward/ctrl_std,0.00231284205801785
11010048,2277.908,eval/episode_reward/forward_std,18.624916076660156
11010048,2277.908,eval/episode_reward/joint_std,0.00497458316385746
11010048,2277.908,eval/episode_reward/orient_std,1.387752652168274
11010048,2277.908,eval/episode_reward/total_std,18.714799880981445
11010048,2277.908,eval/episode_state/forward_vel_std,11.32826042175293
11010048,2277.908,eval/episode_state/up_z_std,6.40047025680542
11010048,2277.908,eval/avg_episode_length,1000.0
11010048,2277.908,eval/std_episode_length,0.0
11010048,2277.908,eval/epoch_eval_time,32.955403327941895
11010048,2277.908,eval/sps,971.009205427268
11534336,2352.218,episode/sps,4886.674669203375
11534336,2352.218,episode/length,1000.0
11534336,2352.218,episode/reward/ctrl,-0.2269771285355091
11534336,2352.218,episode/reward/forward,383.60769622802735
11534336,2352.218,episode/reward/joint,-0.05565394625067711
11534336,2352.218,episode/reward/orient,-12.398846561908721
11534336,2352.218,episode/reward/total,370.92621368408203
11534336,2352.218,episode/state/forward_vel,23.962216231822968
11534336,2352.218,episode/state/up_z,957.5648071289063
11534336,2352.218,episode/sum_reward,370.92621368408203
11534336,2352.218,episode/entropy_loss,-0.11545107401907444
11534336,2352.218,episode/kl_mean,0.00390041381935589
11534336,2352.218,episode/learning_rate,0.0003000000142492354
11534336,2352.218,episode/policy_dist_max_loc,0.8785715323686599
11534336,2352.218,episode/policy_dist_max_std,1.3252582931518555
11534336,2352.218,episode/policy_dist_mean_loc,-0.05643037188798189
11534336,2352.218,episode/policy_dist_mean_std,0.7188239127397538
11534336,2352.218,episode/policy_dist_min_loc,-1.2916475170850754
11534336,2352.218,episode/policy_dist_min_std,0.2817518226802349
11534336,2352.218,episode/policy_loss,-0.0017360773241671269
11534336,2352.218,episode/total_loss,2.278523350954056
11534336,2352.218,episode/v_loss,2.3957105010747908
11534336,2385.800,eval/walltime,770.9261996746063
11534336,2385.800,training/sps,7054.703267038313
11534336,2385.800,training/walltime,1602.2400085926056
11534336,2385.800,training/entropy_loss,-0.11521439999341965
11534336,2385.800,training/kl_mean,0.004485823214054108
11534336,2385.800,training/learning_rate,0.0003000000142492354
11534336,2385.800,training/policy_dist_max_loc,0.889577329158783
11534336,2385.800,training/policy_dist_max_std,1.3569443225860596
11534336,2385.800,training/policy_dist_mean_loc,-0.057806141674518585
11534336,2385.800,training/policy_dist_mean_std,0.7193077802658081
11534336,2385.800,training/policy_dist_min_loc,-1.3938539028167725
11534336,2385.800,training/policy_dist_min_std,0.266444593667984
11534336,2385.800,training/policy_loss,-0.0021003903821110725
11534336,2385.800,training/total_loss,1.517532467842102
11534336,2385.800,training/v_loss,1.6348472833633423
11534336,2385.800,eval/episode_reward,379.47967529296875
11534336,2385.800,eval/episode_reward/ctrl,-0.22729399800300598
11534336,2385.800,eval/episode_reward/forward,383.07745361328125
11534336,2385.800,eval/episode_reward/joint,-0.05860833078622818
11534336,2385.800,eval/episode_reward/orient,-3.3118748664855957
11534336,2385.800,eval/episode_reward/total,379.47967529296875
11534336,2385.800,eval/episode_state/forward_vel,23.700176239013672
11534336,2385.800,eval/episode_state/up_z,958.9705810546875
11534336,2385.800,eval/episode_reward_std,20.030397415161133
11534336,2385.800,eval/episode_reward/ctrl_std,0.001575046801008284
11534336,2385.800,eval/episode_reward/forward_std,20.017114639282227
11534336,2385.800,eval/episode_reward/joint_std,0.004373273812234402
11534336,2385.800,eval/episode_reward/orient_std,4.0533528327941895
11534336,2385.800,eval/episode_reward/total_std,20.030397415161133
11534336,2385.800,eval/episode_state/forward_vel_std,12.767888069152832
11534336,2385.800,eval/episode_state/up_z_std,10.222563743591309
11534336,2385.800,eval/avg_episode_length,1000.0
11534336,2385.800,eval/std_episode_length,0.0
11534336,2385.800,eval/epoch_eval_time,33.55542731285095
11534336,2385.800,eval/sps,953.6460287526942
12058624,2459.663,episode/sps,4879.595783591277
12058624,2459.663,episode/length,1000.0
12058624,2459.663,episode/reward/ctrl,-0.22737419217824936
12058624,2459.663,episode/reward/forward,384.5321044921875
12058624,2459.663,episode/reward/joint,-0.05747807953506708
12058624,2459.663,episode/reward/orient,-8.95966406226158
12058624,2459.663,episode/reward/total,375.2875593566894
12058624,2459.663,episode/state/forward_vel,24.53158058524132
12058624,2459.663,episode/state/up_z,956.169058227539
12058624,2459.663,episode/sum_reward,375.2875593566894
12058624,2459.663,episode/entropy_loss,-0.11534507639706135
12058624,2459.663,episode/kl_mean,0.003872693693265319
12058624,2459.663,episode/learning_rate,0.0003000000142492354
12058624,2459.663,episode/policy_dist_max_loc,0.9411059260368347
12058624,2459.663,episode/policy_dist_max_std,1.3476928544044495
12058624,2459.663,episode/policy_dist_mean_loc,-0.055097159519791605
12058624,2459.663,episode/policy_dist_mean_std,0.7196147990226746
12058624,2459.663,episode/policy_dist_min_loc,-1.3062088990211487
12058624,2459.663,episode/policy_dist_min_std,0.27323218047618864
12058624,2459.663,episode/policy_loss,-0.0016276649852807168
12058624,2459.663,episode/total_loss,2.3046889966726303
12058624,2459.663,episode/v_loss,2.4216617476940154
12058624,2492.867,eval/walltime,804.1015956401825
12058624,2492.867,training/sps,7097.298042515219
12058624,2492.867,training/walltime,1676.1115012168884
12058624,2492.867,training/entropy_loss,-0.11527062952518463
12058624,2492.867,training/kl_mean,0.003366740420460701
12058624,2492.867,training/learning_rate,0.0003000000142492354
12058624,2492.867,training/policy_dist_max_loc,1.060612678527832
12058624,2492.867,training/policy_dist_max_std,1.366952657699585
12058624,2492.867,training/policy_dist_mean_loc,-0.053908105939626694
12058624,2492.867,training/policy_dist_mean_std,0.7203289866447449
12058624,2492.867,training/policy_dist_min_loc,-1.2632988691329956
12058624,2492.867,training/policy_dist_min_std,0.26265662908554077
12058624,2492.867,training/policy_loss,-0.0011109865736216307
12058624,2492.867,training/total_loss,2.361882209777832
12058624,2492.867,training/v_loss,2.4782636165618896
12058624,2492.867,eval/episode_reward,359.96630859375
12058624,2492.867,eval/episode_reward/ctrl,-0.22827120125293732
12058624,2492.867,eval/episode_reward/forward,382.5222473144531
12058624,2492.867,eval/episode_reward/joint,-0.05982261896133423
12058624,2492.867,eval/episode_reward/orient,-22.267826080322266
12058624,2492.867,eval/episode_reward/total,359.96630859375
12058624,2492.867,eval/episode_state/forward_vel,23.501691818237305
12058624,2492.867,eval/episode_state/up_z,950.4237060546875
12058624,2492.867,eval/episode_reward_std,121.66659545898438
12058624,2492.867,eval/episode_reward/ctrl_std,0.0014184560859575868
12058624,2492.867,eval/episode_reward/forward_std,26.396041870117188
12058624,2492.867,eval/episode_reward/joint_std,0.003483383683487773
12058624,2492.867,eval/episode_reward/orient_std,109.99861145019531
12058624,2492.867,eval/episode_reward/total_std,121.66659545898438
12058624,2492.867,eval/episode_state/forward_vel_std,16.501848220825195
12058624,2492.867,eval/episode_state/up_z_std,61.38612747192383
12058624,2492.867,eval/avg_episode_length,1000.0
12058624,2492.867,eval/std_episode_length,0.0
12058624,2492.867,eval/epoch_eval_time,33.17539596557617
12058624,2492.867,eval/sps,964.5702505918604
12582912,2566.814,episode/sps,4892.988198546054
12582912,2566.814,episode/length,1000.0
12582912,2566.814,episode/reward/ctrl,-0.22804903313517572
12582912,2566.814,episode/reward/forward,387.89949188232424
12582912,2566.814,episode/reward/joint,-0.05957753229886294
12582912,2566.814,episode/reward/orient,-13.931283566951752
12582912,2566.814,episode/reward/total,373.6806106567383
12582912,2566.814,episode/state/forward_vel,27.08257257819176
12582912,2566.814,episode/state/up_z,952.6874221801758
12582912,2566.814,episode/sum_reward,373.6806106567383
12582912,2566.814,episode/entropy_loss,-0.11524118661880493
12582912,2566.814,episode/kl_mean,0.003846004943479784
12582912,2566.814,episode/learning_rate,0.0003000000142492354
12582912,2566.814,episode/policy_dist_max_loc,0.9803611505031585
12582912,2566.814,episode/policy_dist_max_std,1.3448843121528626
12582912,2566.814,episode/policy_dist_mean_loc,-0.05571887694299221
12582912,2566.814,episode/policy_dist_mean_std,0.7202616190910339
12582912,2566.814,episode/policy_dist_min_loc,-1.302646751999855
12582912,2566.814,episode/policy_dist_min_std,0.26887342020869254
12582912,2566.814,episode/policy_loss,-0.001725208988355007
12582912,2566.814,episode/total_loss,1.6782967340946198
12582912,2566.814,episode/v_loss,1.7952631360292435
12582912,2600.734,eval/walltime,837.99955701828
12582912,2600.734,training/sps,7089.241042010955
12582912,2600.734,training/walltime,1750.0669496059418
12582912,2600.734,training/entropy_loss,-0.11521240323781967
12582912,2600.734,training/kl_mean,0.0035221257712692022
12582912,2600.734,training/learning_rate,0.0003000000142492354
12582912,2600.734,training/policy_dist_max_loc,0.9971985816955566
12582912,2600.734,training/policy_dist_max_std,1.3108347654342651
12582912,2600.734,training/policy_dist_mean_loc,-0.05533464998006821
12582912,2600.734,training/policy_dist_mean_std,0.7211834788322449
12582912,2600.734,training/policy_dist_min_loc,-1.240288257598877
12582912,2600.734,training/policy_dist_min_std,0.2803662419319153
12582912,2600.734,training/policy_loss,-0.0018081468297168612
12582912,2600.734,training/total_loss,0.8948463201522827
12582912,2600.734,training/v_loss,1.011866807937622
12582912,2600.734,eval/episode_reward,392.53863525390625
12582912,2600.734,eval/episode_reward/ctrl,-0.230367511510849
12582912,2600.734,eval/episode_reward/forward,395.393310546875
12582912,2600.734,eval/episode_reward/joint,-0.06330733001232147
12582912,2600.734,eval/episode_reward/orient,-2.5610623359680176
12582912,2600.734,eval/episode_reward/total,392.53863525390625
12582912,2600.734,eval/episode_state/forward_vel,32.21088409423828
12582912,2600.734,eval/episode_state/up_z,960.67578125
12582912,2600.734,eval/episode_reward_std,21.158241271972656
12582912,2600.734,eval/episode_reward/ctrl_std,0.001974244136363268
12582912,2600.734,eval/episode_reward/forward_std,21.312759399414062
12582912,2600.734,eval/episode_reward/joint_std,0.004502322990447283
12582912,2600.734,eval/episode_reward/orient_std,1.5415698289871216
12582912,2600.734,eval/episode_reward/total_std,21.158241271972656
12582912,2600.734,eval/episode_state/forward_vel_std,13.685018539428711
12582912,2600.734,eval/episode_state/up_z_std,6.775880336761475
12582912,2600.734,eval/avg_episode_length,1000.0
12582912,2600.734,eval/std_episode_length,0.0
12582912,2600.734,eval/epoch_eval_time,33.897961378097534
12582912,2600.734,eval/sps,944.00957163979
13107200,2673.884,episode/sps,4896.655977944455
13107200,2673.884,episode/length,1000.0
13107200,2673.884,episode/reward/ctrl,-0.2288968475162983
13107200,2673.884,episode/reward/forward,387.2595025634766
13107200,2673.884,episode/reward/joint,-0.06146666225045919
13107200,2673.884,episode/reward/orient,-3.4148641312122345
13107200,2673.884,episode/reward/total,383.5543225097656
13107200,2673.884,episode/state/forward_vel,26.71029931306839
13107200,2673.884,episode/state/up_z,959.717900390625
13107200,2673.884,episode/sum_reward,383.5543225097656
13107200,2673.884,episode/entropy_loss,-0.11521937236189843
13107200,2673.884,episode/kl_mean,0.003320340457139537
13107200,2673.884,episode/learning_rate,0.0003000000142492354
13107200,2673.884,episode/policy_dist_max_loc,1.013055671453476
13107200,2673.884,episode/policy_dist_max_std,1.348728518486023
13107200,2673.884,episode/policy_dist_mean_loc,-0.0575481490790844
13107200,2673.884,episode/policy_dist_mean_std,0.7219431895017624
13107200,2673.884,episode/policy_dist_min_loc,-1.2882190245389937
13107200,2673.884,episode/policy_dist_min_std,0.27305105358362197
13107200,2673.884,episode/policy_loss,-0.001383042747474974
13107200,2673.884,episode/total_loss,1.862801468372345
13107200,2673.884,episode/v_loss,1.9794038820266724
13107200,2707.207,eval/walltime,871.2978761196136
13107200,2707.207,training/sps,7166.543236736946
13107200,2707.207,training/walltime,1823.2246747016907
13107200,2707.207,training/entropy_loss,-0.11516119539737701
13107200,2707.207,training/kl_mean,0.0029513053596019745
13107200,2707.207,training/learning_rate,0.0003000000142492354
13107200,2707.207,training/policy_dist_max_loc,0.9869409799575806
13107200,2707.207,training/policy_dist_max_std,1.3607821464538574
13107200,2707.207,training/policy_dist_mean_loc,-0.06364603340625763
13107200,2707.207,training/policy_dist_mean_std,0.7246300578117371
13107200,2707.207,training/policy_dist_min_loc,-1.3395761251449585
13107200,2707.207,training/policy_dist_min_std,0.27712851762771606
13107200,2707.207,training/policy_loss,-0.0010353440884500742
13107200,2707.207,training/total_loss,2.334372043609619
13107200,2707.207,training/v_loss,2.450568437576294
13107200,2707.207,eval/episode_reward,379.24786376953125
13107200,2707.207,eval/episode_reward/ctrl,-0.2315051108598709
13107200,2707.207,eval/episode_reward/forward,382.8516540527344
13107200,2707.207,eval/episode_reward/joint,-0.06898698210716248
13107200,2707.207,eval/episode_reward/orient,-3.3033089637756348
13107200,2707.207,eval/episode_reward/total,379.24786376953125
13107200,2707.207,eval/episode_state/forward_vel,24.66830825805664
13107200,2707.207,eval/episode_state/up_z,961.162841796875
13107200,2707.207,eval/episode_reward_std,35.36219787597656
13107200,2707.207,eval/episode_reward/ctrl_std,0.0022261885460466146
13107200,2707.207,eval/episode_reward/forward_std,32.16659164428711
13107200,2707.207,eval/episode_reward/joint_std,0.004967554938048124
13107200,2707.207,eval/episode_reward/orient_std,4.667233467102051
13107200,2707.207,eval/episode_reward/total_std,35.36219787597656
13107200,2707.207,eval/episode_state/forward_vel_std,19.565956115722656
13107200,2707.207,eval/episode_state/up_z_std,8.829516410827637
13107200,2707.207,eval/avg_episode_length,1000.0
13107200,2707.207,eval/std_episode_length,0.0
13107200,2707.207,eval/epoch_eval_time,33.29831910133362
13107200,2707.207,eval/sps,961.0094702563644
13631488,2781.390,episode/sps,4876.830938959489
13631488,2781.390,episode/length,1000.0
13631488,2781.390,episode/reward/ctrl,-0.23042693898081779
13631488,2781.390,episode/reward/forward,384.06370697021487
13631488,2781.390,episode/reward/joint,-0.06463301818817854
13631488,2781.390,episode/reward/orient,-10.651768358945846
13631488,2781.390,episode/reward/total,373.116901550293
13631488,2781.390,episode/state/forward_vel,24.849892970323562
13631488,2781.390,episode/state/up_z,957.6066027832031
13631488,2781.390,episode/sum_reward,373.116901550293
13631488,2781.390,episode/entropy_loss,-0.11510300070047379
13631488,2781.390,episode/kl_mean,0.0034223052591551093
13631488,2781.390,episode/learning_rate,0.0003000000142492354
13631488,2781.390,episode/policy_dist_max_loc,1.0176085299253463
13631488,2781.390,episode/policy_dist_max_std,1.352254124879837
13631488,2781.390,episode/policy_dist_mean_loc,-0.06429336290806532
13631488,2781.390,episode/policy_dist_mean_std,0.7242925643920899
13631488,2781.390,episode/policy_dist_min_loc,-1.3499817967414856
13631488,2781.390,episode/policy_dist_min_std,0.28147380843758585
13631488,2781.390,episode/policy_loss,-0.0016869617410702632
13631488,2781.390,episode/total_loss,1.5378170728683471
13631488,2781.390,episode/v_loss,1.6546070325374602
13631488,2815.892,eval/walltime,905.7752554416656
13631488,2815.892,training/sps,7066.836538311734
13631488,2815.892,training/walltime,1897.4145894050598
13631488,2815.892,training/entropy_loss,-0.1149316057562828
13631488,2815.892,training/kl_mean,0.0037560146301984787
13631488,2815.892,training/learning_rate,0.0003000000142492354
13631488,2815.892,training/policy_dist_max_loc,1.0529682636260986
13631488,2815.892,training/policy_dist_max_std,1.3815252780914307
13631488,2815.892,training/policy_dist_mean_loc,-0.07494822144508362
13631488,2815.892,training/policy_dist_mean_std,0.7275502681732178
13631488,2815.892,training/policy_dist_min_loc,-1.4820294380187988
13631488,2815.892,training/policy_dist_min_std,0.291748583316803
13631488,2815.892,training/policy_loss,-0.002139387186616659
13631488,2815.892,training/total_loss,1.307439923286438
13631488,2815.892,training/v_loss,1.4245109558105469
13631488,2815.892,eval/episode_reward,379.1611328125
13631488,2815.892,eval/episode_reward/ctrl,-0.23259347677230835
13631488,2815.892,eval/episode_reward/forward,382.78839111328125
13631488,2815.892,eval/episode_reward/joint,-0.0680665671825409
13631488,2815.892,eval/episode_reward/orient,-3.326604127883911
13631488,2815.892,eval/episode_reward/total,379.1611328125
13631488,2815.892,eval/episode_state/forward_vel,24.571184158325195
13631488,2815.892,eval/episode_state/up_z,961.444091796875
13631488,2815.892,eval/episode_reward_std,22.467327117919922
13631488,2815.892,eval/episode_reward/ctrl_std,0.0014383584493771195
13631488,2815.892,eval/episode_reward/forward_std,23.364107131958008
13631488,2815.892,eval/episode_reward/joint_std,0.003682759590446949
13631488,2815.892,eval/episode_reward/orient_std,3.1052184104919434
13631488,2815.892,eval/episode_reward/total_std,22.467327117919922
13631488,2815.892,eval/episode_state/forward_vel_std,15.291751861572266
13631488,2815.892,eval/episode_state/up_z_std,7.1401519775390625
13631488,2815.892,eval/avg_episode_length,1000.0
13631488,2815.892,eval/std_episode_length,0.0
13631488,2815.892,eval/epoch_eval_time,34.477379322052
13631488,2815.892,eval/sps,928.1447902721699
14155776,2890.168,episode/sps,4819.798960464399
14155776,2890.168,episode/length,1000.0
14155776,2890.168,episode/reward/ctrl,-0.2318779534101486
14155776,2890.168,episode/reward/forward,387.392946472168
14155776,2890.168,episode/reward/joint,-0.0677513737604022
14155776,2890.168,episode/reward/orient,-12.252376021146775
14155776,2890.168,episode/reward/total,374.84093505859374
14155776,2890.168,episode/state/forward_vel,27.586345106959342
14155776,2890.168,episode/state/up_z,957.0358303833008
14155776,2890.168,episode/sum_reward,374.84093505859374
14155776,2890.168,episode/entropy_loss,-0.11503362543880939
14155776,2890.168,episode/kl_mean,0.0031697610014816747
14155776,2890.168,episode/learning_rate,0.0003000000142492354
14155776,2890.168,episode/policy_dist_max_loc,1.0593039971590041
14155776,2890.168,episode/policy_dist_max_std,1.3718855011463165
14155776,2890.168,episode/policy_dist_mean_loc,-0.0702777897939086
14155776,2890.168,episode/policy_dist_mean_std,0.7275295156240463
14155776,2890.168,episode/policy_dist_min_loc,-1.4130819630622864
14155776,2890.168,episode/policy_dist_min_std,0.2709948059916496
14155776,2890.168,episode/policy_loss,-0.0015832490465254522
14155776,2890.168,episode/total_loss,1.8918476265668869
14155776,2890.168,episode/v_loss,2.008464502096176
14155776,2924.331,eval/walltime,939.9149570465088
14155776,2924.331,training/sps,7057.95375892644
14155776,2924.331,training/walltime,1971.697875738144
14155776,2924.331,training/entropy_loss,-0.11499950289726257
14155776,2924.331,training/kl_mean,0.0026419858913868666
14155776,2924.331,training/learning_rate,0.0003000000142492354
14155776,2924.331,training/policy_dist_max_loc,1.1394147872924805
14155776,2924.331,training/policy_dist_max_std,1.37861967086792
14155776,2924.331,training/policy_dist_mean_loc,-0.07388261705636978
14155776,2924.331,training/policy_dist_mean_std,0.7311304807662964
14155776,2924.331,training/policy_dist_min_loc,-1.4281597137451172
14155776,2924.331,training/policy_dist_min_std,0.24679255485534668
14155776,2924.331,training/policy_loss,-0.0013455285225063562
14155776,2924.331,training/total_loss,2.196312427520752
14155776,2924.331,training/v_loss,2.312657356262207
14155776,2924.331,eval/episode_reward,374.47509765625
14155776,2924.331,eval/episode_reward/ctrl,-0.2336311787366867
14155776,2924.331,eval/episode_reward/forward,396.61749267578125
14155776,2924.331,eval/episode_reward/joint,-0.0683182030916214
14155776,2924.331,eval/episode_reward/orient,-21.840347290039062
14155776,2924.331,eval/episode_reward/total,374.47509765625
14155776,2924.331,eval/episode_state/forward_vel,34.063575744628906
14155776,2924.331,eval/episode_state/up_z,951.306640625
14155776,2924.331,eval/episode_reward_std,128.64956665039062
14155776,2924.331,eval/episode_reward/ctrl_std,0.0017133420333266258
14155776,2924.331,eval/episode_reward/forward_std,33.734344482421875
14155776,2924.331,eval/episode_reward/joint_std,0.0032830163836479187
14155776,2924.331,eval/episode_reward/orient_std,104.3074722290039
14155776,2924.331,eval/episode_reward/total_std,128.64956665039062
14155776,2924.331,eval/episode_state/forward_vel_std,21.710763931274414
14155776,2924.331,eval/episode_state/up_z_std,58.45874786376953
14155776,2924.331,eval/avg_episode_length,1000.0
14155776,2924.331,eval/std_episode_length,0.0
14155776,2924.331,eval/epoch_eval_time,34.13970160484314
14155776,2924.331,eval/sps,937.3251228259243
14680064,2998.189,episode/sps,4853.57090429924
14680064,2998.189,episode/length,1000.0
14680064,2998.189,episode/reward/ctrl,-0.23301032200455665
14680064,2998.189,episode/reward/forward,390.1355310058594
14680064,2998.189,episode/reward/joint,-0.0684203154593706
14680064,2998.189,episode/reward/orient,-2.6720914530754087
14680064,2998.189,episode/reward/total,387.1620318603516
14680064,2998.189,episode/state/forward_vel,29.431875229254366
14680064,2998.189,episode/state/up_z,962.3369549560547
14680064,2998.189,episode/sum_reward,387.1620318603516
14680064,2998.189,episode/entropy_loss,-0.1150049764662981
14680064,2998.189,episode/kl_mean,0.003110128526459448
14680064,2998.189,episode/learning_rate,0.0003000000142492354
14680064,2998.189,episode/policy_dist_max_loc,1.0872045958042145
14680064,2998.189,episode/policy_dist_max_std,1.3846569490432739
14680064,2998.189,episode/policy_dist_mean_loc,-0.07478656552731991
14680064,2998.189,episode/policy_dist_mean_std,0.7303158384561539
14680064,2998.189,episode/policy_dist_min_loc,-1.4470874536037446
14680064,2998.189,episode/policy_dist_min_std,0.26622874289751053
14680064,2998.189,episode/policy_loss,-0.0016512877473724074
14680064,2998.189,episode/total_loss,1.6760118120908738
14680064,2998.189,episode/v_loss,1.7926680839061737
14680064,3032.008,eval/walltime,973.709269285202
14680064,3032.008,training/sps,7097.875719453603
14680064,3032.008,training/walltime,2045.5633561611176
14680064,3032.008,training/entropy_loss,-0.11509117484092712
14680064,3032.008,training/kl_mean,0.002805184107273817
14680064,3032.008,training/learning_rate,0.0003000000142492354
14680064,3032.008,training/policy_dist_max_loc,1.081040859222412
14680064,3032.008,training/policy_dist_max_std,1.4016603231430054
14680064,3032.008,training/policy_dist_mean_loc,-0.0762689933180809
14680064,3032.008,training/policy_dist_mean_std,0.7328593730926514
14680064,3032.008,training/policy_dist_min_loc,-1.4558279514312744
14680064,3032.008,training/policy_dist_min_std,0.26022982597351074
14680064,3032.008,training/policy_loss,-0.0013976709451526403
14680064,3032.008,training/total_loss,1.4580388069152832
14680064,3032.008,training/v_loss,1.574527621269226
14680064,3032.008,eval/episode_reward,366.0992431640625
14680064,3032.008,eval/episode_reward/ctrl,-0.235418438911438
14680064,3032.008,eval/episode_reward/forward,393.6966552734375
14680064,3032.008,eval/episode_reward/joint,-0.06970927119255066
14680064,3032.008,eval/episode_reward/orient,-27.29233741760254
14680064,3032.008,eval/episode_reward/total,366.0992431640625
14680064,3032.008,eval/episode_state/forward_vel,31.465274810791016
14680064,3032.008,eval/episode_state/up_z,950.2684326171875
14680064,3032.008,eval/episode_reward_std,140.7845916748047
14680064,3032.008,eval/episode_reward/ctrl_std,0.0020108676981180906
14680064,3032.008,eval/episode_reward/forward_std,29.95209312438965
14680064,3032.008,eval/episode_reward/joint_std,0.004174584057182074
14680064,3032.008,eval/episode_reward/orient_std,137.89410400390625
14680064,3032.008,eval/episode_reward/total_std,140.7845916748047
14680064,3032.008,eval/episode_state/forward_vel_std,19.501787185668945
14680064,3032.008,eval/episode_state/up_z_std,75.2547607421875
14680064,3032.008,eval/avg_episode_length,1000.0
14680064,3032.008,eval/std_episode_length,0.0
14680064,3032.008,eval/epoch_eval_time,33.79431223869324
14680064,3032.008,eval/sps,946.904904410547
15204352,3105.624,episode/sps,4880.0488366939135
15204352,3105.624,episode/length,1000.0
15204352,3105.624,episode/reward/ctrl,-0.23411299005150796
15204352,3105.624,episode/reward/forward,394.81084197998047
15204352,3105.624,episode/reward/joint,-0.06982566174119711
15204352,3105.624,episode/reward/orient,-3.5426097393035887
15204352,3105.624,episode/reward/total,390.9643099975586
15204352,3105.624,episode/state/forward_vel,32.32123361364007
15204352,3105.624,episode/state/up_z,961.8127453613281
15204352,3105.624,episode/sum_reward,390.9643099975586
15204352,3105.624,episode/entropy_loss,-0.11498800255358219
15204352,3105.624,episode/kl_mean,0.002737238830886781
15204352,3105.624,episode/learning_rate,0.0003000000142492354
15204352,3105.624,episode/policy_dist_max_loc,1.1250359845161437
15204352,3105.624,episode/policy_dist_max_std,1.4039832675457
15204352,3105.624,episode/policy_dist_mean_loc,-0.07747119799256325
15204352,3105.624,episode/policy_dist_mean_std,0.7325980925559997
15204352,3105.624,episode/policy_dist_min_loc,-1.462186506986618
15204352,3105.624,episode/policy_dist_min_std,0.2566918830573559
15204352,3105.624,episode/policy_loss,-0.0014204662740667118
15204352,3105.624,episode/total_loss,1.797013703584671
15204352,3105.624,episode/v_loss,1.9134221744537354
15204352,3139.815,eval/walltime,1007.876366853714
15204352,3139.815,training/sps,7121.084258462444
15204352,3139.815,training/walltime,2119.188099384308
15204352,3139.815,training/entropy_loss,-0.11487817764282227
15204352,3139.815,training/kl_mean,0.0025157302152365446
15204352,3139.815,training/learning_rate,0.0003000000142492354
15204352,3139.815,training/policy_dist_max_loc,1.1716959476470947
15204352,3139.815,training/policy_dist_max_std,1.43692946434021
15204352,3139.815,training/policy_dist_mean_loc,-0.08286118507385254
15204352,3139.815,training/policy_dist_mean_std,0.7345190048217773
15204352,3139.815,training/policy_dist_min_loc,-1.519153356552124
15204352,3139.815,training/policy_dist_min_std,0.2555607855319977
15204352,3139.815,training/policy_loss,-0.0013342360034585
15204352,3139.815,training/total_loss,1.7696009874343872
15204352,3139.815,training/v_loss,1.8858134746551514
15204352,3139.815,eval/episode_reward,390.57696533203125
15204352,3139.815,eval/episode_reward/ctrl,-0.23586681485176086
15204352,3139.815,eval/episode_reward/forward,394.5589294433594
15204352,3139.815,eval/episode_reward/joint,-0.0707734227180481
15204352,3139.815,eval/episode_reward/orient,-3.675394058227539
15204352,3139.815,eval/episode_reward/total,390.57696533203125
15204352,3139.815,eval/episode_state/forward_vel,33.00143814086914
15204352,3139.815,eval/episode_state/up_z,963.7099609375
15204352,3139.815,eval/episode_reward_std,32.987022399902344
15204352,3139.815,eval/episode_reward/ctrl_std,0.001801650389097631
15204352,3139.815,eval/episode_reward/forward_std,32.934242248535156
15204352,3139.815,eval/episode_reward/joint_std,0.003424473339691758
15204352,3139.815,eval/episode_reward/orient_std,3.9341251850128174
15204352,3139.815,eval/episode_reward/total_std,32.987022399902344
15204352,3139.815,eval/episode_state/forward_vel_std,21.657514572143555
15204352,3139.815,eval/episode_state/up_z_std,8.489633560180664
15204352,3139.815,eval/avg_episode_length,1000.0
15204352,3139.815,eval/std_episode_length,0.0
15204352,3139.815,eval/epoch_eval_time,34.16709756851196
15204352,3139.815,eval/sps,936.5735540115313
15728640,3214.190,episode/sps,4829.23693601392
15728640,3214.190,episode/length,1000.0
15728640,3214.190,episode/reward/ctrl,-0.23580054551362992
15728640,3214.190,episode/reward/forward,390.2856762695312
15728640,3214.190,episode/reward/joint,-0.07179417230188846
15728640,3214.190,episode/reward/orient,-3.3066131258010865
15728640,3214.190,episode/reward/total,386.6714617919922
15728640,3214.190,episode/state/forward_vel,30.08502565860748
15728640,3214.190,episode/state/up_z,963.0657305908203
15728640,3214.190,episode/sum_reward,386.6714617919922
15728640,3214.190,episode/entropy_loss,-0.11490210600197315
15728640,3214.190,episode/kl_mean,0.002772590745589696
15728640,3214.190,episode/learning_rate,0.0003000000142492354
15728640,3214.190,episode/policy_dist_max_loc,1.1766781491041183
15728640,3214.190,episode/policy_dist_max_std,1.402219784259796
15728640,3214.190,episode/policy_dist_mean_loc,-0.0817526938021183
15728640,3214.190,episode/policy_dist_mean_std,0.7344229829311371
15728640,3214.190,episode/policy_dist_min_loc,-1.4748204946517944
15728640,3214.190,episode/policy_dist_min_std,0.2567832598090172
15728640,3214.190,episode/policy_loss,-0.0014128396512387553
15728640,3214.190,episode/total_loss,1.609110585451126
15728640,3214.190,episode/v_loss,1.7254255229234696
15728640,3249.659,eval/walltime,1043.3228125572205
15728640,3249.659,training/sps,7048.714769891258
15728640,3249.659,training/walltime,2193.568751335144
15728640,3249.659,training/entropy_loss,-0.11473292857408524
15728640,3249.659,training/kl_mean,0.00289322342723608
15728640,3249.659,training/learning_rate,0.0003000000142492354
15728640,3249.659,training/policy_dist_max_loc,1.2889988422393799
15728640,3249.659,training/policy_dist_max_std,1.373727560043335
15728640,3249.659,training/policy_dist_mean_loc,-0.086896613240242
15728640,3249.659,training/policy_dist_mean_std,0.7363559007644653
15728640,3249.659,training/policy_dist_min_loc,-1.4574949741363525
15728640,3249.659,training/policy_dist_min_std,0.25443926453590393
15728640,3249.659,training/policy_loss,-0.0013501429930329323
15728640,3249.659,training/total_loss,1.524439811706543
15728640,3249.659,training/v_loss,1.6405227184295654
15728640,3249.659,eval/episode_reward,379.50372314453125
15728640,3249.659,eval/episode_reward/ctrl,-0.23686432838439941
15728640,3249.659,eval/episode_reward/forward,382.4685363769531
15728640,3249.659,eval/episode_reward/joint,-0.07201769202947617
15728640,3249.659,eval/episode_reward/orient,-2.6559557914733887
15728640,3249.659,eval/episode_reward/total,379.50372314453125
15728640,3249.659,eval/episode_state/forward_vel,24.57933807373047
15728640,3249.659,eval/episode_state/up_z,965.5885009765625
15728640,3249.659,eval/episode_reward_std,28.837657928466797
15728640,3249.659,eval/episode_reward/ctrl_std,0.002092301147058606
15728640,3249.659,eval/episode_reward/forward_std,28.23927116394043
15728640,3249.659,eval/episode_reward/joint_std,0.004018826875835657
15728640,3249.659,eval/episode_reward/orient_std,1.7018989324569702
15728640,3249.659,eval/episode_reward/total_std,28.837657928466797
15728640,3249.659,eval/episode_state/forward_vel_std,18.335290908813477
15728640,3249.659,eval/episode_state/up_z_std,6.824951648712158
15728640,3249.659,eval/avg_episode_length,1000.0
15728640,3249.659,eval/std_episode_length,0.0
15728640,3249.659,eval/epoch_eval_time,35.44644570350647
15728640,3249.659,eval/sps,902.7703445266577
16252928,3319.800,episode/sps,4964.375127614368
16252928,3319.800,episode/length,1000.0
16252928,3319.800,episode/reward/ctrl,-0.2365650925040245
16252928,3319.800,episode/reward/forward,395.11060821533204
16252928,3319.800,episode/reward/joint,-0.07134885966777801
16252928,3319.800,episode/reward/orient,-3.0792691141366957
16252928,3319.800,episode/reward/total,391.72340576171877
16252928,3319.800,episode/state/forward_vel,33.248605370521545
16252928,3319.800,episode/state/up_z,965.3273126220703
16252928,3319.800,episode/sum_reward,391.72340576171877
16252928,3319.800,episode/entropy_loss,-0.11474538311362266
16252928,3319.800,episode/kl_mean,0.0030207040737150236
16252928,3319.800,episode/learning_rate,0.0003000000142492354
16252928,3319.800,episode/policy_dist_max_loc,1.271086819767952
16252928,3319.800,episode/policy_dist_max_std,1.4047218418121339
16252928,3319.800,episode/policy_dist_mean_loc,-0.08602553606033325
16252928,3319.800,episode/policy_dist_mean_std,0.7358822381496429
16252928,3319.800,episode/policy_dist_min_loc,-1.5187604641914367
16252928,3319.800,episode/policy_dist_min_std,0.24642483137547969
16252928,3319.800,episode/policy_loss,-0.001558257591459551
16252928,3319.800,episode/total_loss,1.3912223207950591
16252928,3319.800,episode/v_loss,1.5075259524583817
16252928,3351.321,eval/walltime,1074.8177857398987
16252928,3351.321,training/sps,7474.001144730245
16252928,3351.321,training/walltime,2263.716987848282
16252928,3351.321,training/entropy_loss,-0.1145854964852333
16252928,3351.321,training/kl_mean,0.0034588316921144724
16252928,3351.321,training/learning_rate,0.0003000000142492354
16252928,3351.321,training/policy_dist_max_loc,1.3800721168518066
16252928,3351.321,training/policy_dist_max_std,1.415311336517334
16252928,3351.321,training/policy_dist_mean_loc,-0.08897002041339874
16252928,3351.321,training/policy_dist_mean_std,0.7370671033859253
16252928,3351.321,training/policy_dist_min_loc,-1.5913251638412476
16252928,3351.321,training/policy_dist_min_std,0.22502711415290833
16252928,3351.321,training/policy_loss,-0.0019045369699597359
16252928,3351.321,training/total_loss,0.8326023817062378
16252928,3351.321,training/v_loss,0.9490923881530762
16252928,3351.321,eval/episode_reward,402.028564453125
16252928,3351.321,eval/episode_reward/ctrl,-0.2376665323972702
16252928,3351.321,eval/episode_reward/forward,405.3604736328125
16252928,3351.321,eval/episode_reward/joint,-0.07160040736198425
16252928,3351.321,eval/episode_reward/orient,-3.0227177143096924
16252928,3351.321,eval/episode_reward/total,402.028564453125
16252928,3351.321,eval/episode_state/forward_vel,39.941688537597656
16252928,3351.321,eval/episode_state/up_z,965.6287841796875
16252928,3351.321,eval/episode_reward_std,31.24829864501953
16252928,3351.321,eval/episode_reward/ctrl_std,0.0019202390685677528
16252928,3351.321,eval/episode_reward/forward_std,30.193464279174805
16252928,3351.321,eval/episode_reward/joint_std,0.00335833546705544
16252928,3351.321,eval/episode_reward/orient_std,2.5766336917877197
16252928,3351.321,eval/episode_reward/total_std,31.24829864501953
16252928,3351.321,eval/episode_state/forward_vel_std,19.728374481201172
16252928,3351.321,eval/episode_state/up_z_std,8.069467544555664
16252928,3351.321,eval/avg_episode_length,1000.0
16252928,3351.321,eval/std_episode_length,0.0
16252928,3351.321,eval/epoch_eval_time,31.494973182678223
16252928,3351.321,eval/sps,1016.0351562896245
16777216,3425.459,episode/sps,4962.055939374807
16777216,3425.459,episode/length,1000.0
16777216,3425.459,episode/reward/ctrl,-0.23726565197110175
16777216,3425.459,episode/reward/forward,395.1039047241211
16777216,3425.459,episode/reward/joint,-0.07275075934827328
16777216,3425.459,episode/reward/orient,-2.9971385723352433
16777216,3425.459,episode/reward/total,391.7967999267578
16777216,3425.459,episode/state/forward_vel,33.56000501155853
16777216,3425.459,episode/state/up_z,965.6092553710937
16777216,3425.459,episode/sum_reward,391.7967999267578
16777216,3425.459,episode/entropy_loss,-0.11460131011903286
16777216,3425.459,episode/kl_mean,0.003225031152833253
16777216,3425.459,episode/learning_rate,0.0003000000142492354
16777216,3425.459,episode/policy_dist_max_loc,1.3629255372285842
16777216,3425.459,episode/policy_dist_max_std,1.3979522943496705
16777216,3425.459,episode/policy_dist_mean_loc,-0.08828836873173714
16777216,3425.459,episode/policy_dist_mean_std,0.7375424653291702
16777216,3425.459,episode/policy_dist_min_loc,-1.503717702627182
16777216,3425.459,episode/policy_dist_min_std,0.23342994458973407
16777216,3425.459,episode/policy_loss,-0.0017182418525044341
16777216,3425.459,episode/total_loss,1.3434697890281677
16777216,3425.459,episode/v_loss,1.459789329767227
16777216,3459.984,eval/walltime,1109.3220298290253
16777216,3459.984,training/sps,7071.093077662805
16777216,3459.984,training/walltime,2337.862242937088
16777216,3459.984,training/entropy_loss,-0.11447392404079437
16777216,3459.984,training/kl_mean,0.0031984460074454546
16777216,3459.984,training/learning_rate,0.0003000000142492354
16777216,3459.984,training/policy_dist_max_loc,1.4343844652175903
16777216,3459.984,training/policy_dist_max_std,1.4028538465499878
16777216,3459.984,training/policy_dist_mean_loc,-0.08913785219192505
16777216,3459.984,training/policy_dist_mean_std,0.739436149597168
16777216,3459.984,training/policy_dist_min_loc,-1.4588346481323242
16777216,3459.984,training/policy_dist_min_std,0.21739371120929718
16777216,3459.984,training/policy_loss,-0.0017443493707105517
16777216,3459.984,training/total_loss,1.4840636253356934
16777216,3459.984,training/v_loss,1.600281834602356
16777216,3459.984,eval/episode_reward,401.92376708984375
16777216,3459.984,eval/episode_reward/ctrl,-0.23876789212226868
16777216,3459.984,eval/episode_reward/forward,405.87152099609375
16777216,3459.984,eval/episode_reward/joint,-0.07267095148563385
16777216,3459.984,eval/episode_reward/orient,-3.636216163635254
16777216,3459.984,eval/episode_reward/total,401.92376708984375
16777216,3459.984,eval/episode_state/forward_vel,41.196266174316406
16777216,3459.984,eval/episode_state/up_z,964.095947265625
16777216,3459.984,eval/episode_reward_std,32.920413970947266
16777216,3459.984,eval/episode_reward/ctrl_std,0.002348939422518015
16777216,3459.984,eval/episode_reward/forward_std,33.4250602722168
16777216,3459.984,eval/episode_reward/joint_std,0.0034596887417137623
16777216,3459.984,eval/episode_reward/orient_std,4.398147106170654
16777216,3459.984,eval/episode_reward/total_std,32.920413970947266
16777216,3459.984,eval/episode_state/forward_vel_std,22.590620040893555
16777216,3459.984,eval/episode_state/up_z_std,9.576277732849121
16777216,3459.984,eval/avg_episode_length,1000.0
16777216,3459.984,eval/std_episode_length,0.0
16777216,3459.984,eval/epoch_eval_time,34.50424408912659
16777216,3459.984,eval/sps,927.4221431236699
17301504,3533.974,episode/sps,4831.477964017719
17301504,3533.974,episode/length,1000.0
17301504,3533.974,episode/reward/ctrl,-0.23772684916853903
17301504,3533.974,episode/reward/forward,400.8881948852539
17301504,3533.974,episode/reward/joint,-0.0711354273930192
17301504,3533.974,episode/reward/orient,-3.4568712371587753
17301504,3533.974,episode/reward/total,397.1224700927734
17301504,3533.974,episode/state/forward_vel,37.51434357881546
17301504,3533.974,episode/state/up_z,964.7886193847656
17301504,3533.974,episode/sum_reward,397.1224700927734
17301504,3533.974,episode/entropy_loss,-0.11450583294034004
17301504,3533.974,episode/kl_mean,0.003151491662138142
17301504,3533.974,episode/learning_rate,0.0003000000142492354
17301504,3533.974,episode/policy_dist_max_loc,1.4377954614162445
17301504,3533.974,episode/policy_dist_max_std,1.442194299697876
17301504,3533.974,episode/policy_dist_mean_loc,-0.09037860684096813
17301504,3533.974,episode/policy_dist_mean_std,0.7390218049287796
17301504,3533.974,episode/policy_dist_min_loc,-1.5785389268398284
17301504,3533.974,episode/policy_dist_min_std,0.2191316659003496
17301504,3533.974,episode/policy_loss,-0.0017455182867706753
17301504,3533.974,episode/total_loss,1.1965835398435594
17301504,3533.974,episode/v_loss,1.3128348886966705
17301504,3568.145,eval/walltime,1143.465351819992
17301504,3568.145,training/sps,7085.261333868856
17301504,3568.145,training/walltime,2411.859231233597
17301504,3568.145,training/entropy_loss,-0.11444200575351715
17301504,3568.145,training/kl_mean,0.0026587853208184242
17301504,3568.145,training/learning_rate,0.0003000000142492354
17301504,3568.145,training/policy_dist_max_loc,1.5038738250732422
17301504,3568.145,training/policy_dist_max_std,1.5163339376449585
17301504,3568.145,training/policy_dist_mean_loc,-0.09319757670164108
17301504,3568.145,training/policy_dist_mean_std,0.7408159375190735
17301504,3568.145,training/policy_dist_min_loc,-1.6898858547210693
17301504,3568.145,training/policy_dist_min_std,0.2122412621974945
17301504,3568.145,training/policy_loss,-0.0014790139393880963
17301504,3568.145,training/total_loss,1.2381210327148438
17301504,3568.145,training/v_loss,1.3540420532226562
17301504,3568.145,eval/episode_reward,401.4193115234375
17301504,3568.145,eval/episode_reward/ctrl,-0.23873482644557953
17301504,3568.145,eval/episode_reward/forward,405.84478759765625
17301504,3568.145,eval/episode_reward/joint,-0.07353449612855911
17301504,3568.145,eval/episode_reward/orient,-4.113346099853516
17301504,3568.145,eval/episode_reward/total,401.4193115234375
17301504,3568.145,eval/episode_state/forward_vel,41.08793640136719
17301504,3568.145,eval/episode_state/up_z,963.5848999023438
17301504,3568.145,eval/episode_reward_std,35.762691497802734
17301504,3568.145,eval/episode_reward/ctrl_std,0.0025211134925484657
17301504,3568.145,eval/episode_reward/forward_std,37.31239700317383
17301504,3568.145,eval/episode_reward/joint_std,0.004690487869083881
17301504,3568.145,eval/episode_reward/orient_std,5.695949554443359
17301504,3568.145,eval/episode_reward/total_std,35.762691497802734
17301504,3568.145,eval/episode_state/forward_vel_std,24.577468872070312
17301504,3568.145,eval/episode_state/up_z_std,8.489999771118164
17301504,3568.145,eval/avg_episode_length,1000.0
17301504,3568.145,eval/std_episode_length,0.0
17301504,3568.145,eval/epoch_eval_time,34.1433219909668
17301504,3568.145,eval/sps,937.2257335846275
17825792,3641.600,episode/sps,4871.4100473966755
17825792,3641.600,episode/length,1000.0
17825792,3641.600,episode/reward/ctrl,-0.23894986256957054
17825792,3641.600,episode/reward/forward,397.2709878540039
17825792,3641.600,episode/reward/joint,-0.07159537337720394
17825792,3641.600,episode/reward/orient,-10.289177864193917
17825792,3641.600,episode/reward/total,386.67124954223635
17825792,3641.600,episode/state/forward_vel,35.910712302327155
17825792,3641.600,episode/state/up_z,959.3011151123047
17825792,3641.600,episode/sum_reward,386.67124954223635
17825792,3641.600,episode/entropy_loss,-0.11437153175473214
17825792,3641.600,episode/kl_mean,0.003122590344864875
17825792,3641.600,episode/learning_rate,0.0003000000142492354
17825792,3641.600,episode/policy_dist_max_loc,1.4872601592540742
17825792,3641.600,episode/policy_dist_max_std,1.466199712753296
17825792,3641.600,episode/policy_dist_mean_loc,-0.09203282736241818
17825792,3641.600,episode/policy_dist_mean_std,0.7403738635778427
17825792,3641.600,episode/policy_dist_min_loc,-1.6287569892406464
17825792,3641.600,episode/policy_dist_min_std,0.21006029196083545
17825792,3641.600,episode/policy_loss,-0.001774316503870068
17825792,3641.600,episode/total_loss,1.3492842328548431
17825792,3641.600,episode/v_loss,1.4654300874471664
17825792,3675.734,eval/walltime,1177.5740213394165
17825792,3675.734,training/sps,7136.80385397872
17825792,3675.734,training/walltime,2485.321807861328
17825792,3675.734,training/entropy_loss,-0.11417493224143982
17825792,3675.734,training/kl_mean,0.003397009102627635
17825792,3675.734,training/learning_rate,0.0003000000142492354
17825792,3675.734,training/policy_dist_max_loc,1.5504475831985474
17825792,3675.734,training/policy_dist_max_std,1.4896001815795898
17825792,3675.734,training/policy_dist_mean_loc,-0.09417848289012909
17825792,3675.734,training/policy_dist_mean_std,0.7412322759628296
17825792,3675.734,training/policy_dist_min_loc,-1.7585139274597168
17825792,3675.734,training/policy_dist_min_std,0.19275042414665222
17825792,3675.734,training/policy_loss,-0.0019331262446939945
17825792,3675.734,training/total_loss,1.392399787902832
17825792,3675.734,training/v_loss,1.5085077285766602
17825792,3675.734,eval/episode_reward,416.2960205078125
17825792,3675.734,eval/episode_reward/ctrl,-0.23886297643184662
17825792,3675.734,eval/episode_reward/forward,418.3309326171875
17825792,3675.734,eval/episode_reward/joint,-0.07382745295763016
17825792,3675.734,eval/episode_reward/orient,-1.7222278118133545
17825792,3675.734,eval/episode_reward/total,416.2960205078125
17825792,3675.734,eval/episode_state/forward_vel,48.8911018371582
17825792,3675.734,eval/episode_state/up_z,970.8236694335938
17825792,3675.734,eval/episode_reward_std,36.51616287231445
17825792,3675.734,eval/episode_reward/ctrl_std,0.0016137234633788466
17825792,3675.734,eval/episode_reward/forward_std,36.413848876953125
17825792,3675.734,eval/episode_reward/joint_std,0.00397266773506999
17825792,3675.734,eval/episode_reward/orient_std,0.6470426321029663
17825792,3675.734,eval/episode_reward/total_std,36.51616287231445
17825792,3675.734,eval/episode_state/forward_vel_std,23.879302978515625
17825792,3675.734,eval/episode_state/up_z_std,4.740445613861084
17825792,3675.734,eval/avg_episode_length,1000.0
17825792,3675.734,eval/std_episode_length,0.0
17825792,3675.734,eval/epoch_eval_time,34.10866951942444
17825792,3675.734,eval/sps,938.1779017142965
18350080,3749.689,episode/sps,4850.514749861346
18350080,3749.689,episode/length,1000.0
18350080,3749.689,episode/reward/ctrl,-0.23916008681058884
18350080,3749.689,episode/reward/forward,410.03616790771486
18350080,3749.689,episode/reward/joint,-0.07393188774585724
18350080,3749.689,episode/reward/orient,-3.4094541388750077
18350080,3749.689,episode/reward/total,406.31363983154296
18350080,3749.689,episode/state/forward_vel,44.20150246620178
18350080,3749.689,episode/state/up_z,967.8398956298828
18350080,3749.689,episode/sum_reward,406.31363983154296
18350080,3749.689,episode/entropy_loss,-0.1142286766320467
18350080,3749.689,episode/kl_mean,0.002873197686858475
18350080,3749.689,episode/learning_rate,0.0003000000142492354
18350080,3749.689,episode/policy_dist_max_loc,1.5367347168922425
18350080,3749.689,episode/policy_dist_max_std,1.4736409759521485
18350080,3749.689,episode/policy_dist_mean_loc,-0.09354633696377278
18350080,3749.689,episode/policy_dist_mean_std,0.740881644487381
18350080,3749.689,episode/policy_dist_min_loc,-1.6916237676143646
18350080,3749.689,episode/policy_dist_min_std,0.20313781425356864
18350080,3749.689,episode/policy_loss,-0.0017471294781717006
18350080,3749.689,episode/total_loss,1.2429056549072266
18350080,3749.689,episode/v_loss,1.3588814681768417
18350080,3783.252,eval/walltime,1211.1109566688538
18350080,3783.252,training/sps,7088.601908014188
18350080,3783.252,training/walltime,2559.283924341202
18350080,3783.252,training/entropy_loss,-0.11405039578676224
18350080,3783.252,training/kl_mean,0.0024384271819144487
18350080,3783.252,training/learning_rate,0.0003000000142492354
18350080,3783.252,training/policy_dist_max_loc,1.5842745304107666
18350080,3783.252,training/policy_dist_max_std,1.4256885051727295
18350080,3783.252,training/policy_dist_mean_loc,-0.09357287734746933
18350080,3783.252,training/policy_dist_mean_std,0.740680456161499
18350080,3783.252,training/policy_dist_min_loc,-1.6537774801254272
18350080,3783.252,training/policy_dist_min_std,0.20134222507476807
18350080,3783.252,training/policy_loss,-0.0016862073680385947
18350080,3783.252,training/total_loss,1.0327045917510986
18350080,3783.252,training/v_loss,1.148441195487976
18350080,3783.252,eval/episode_reward,403.30950927734375
18350080,3783.252,eval/episode_reward/ctrl,-0.23995022475719452
18350080,3783.252,eval/episode_reward/forward,406.34564208984375
18350080,3783.252,eval/episode_reward/joint,-0.07285760343074799
18350080,3783.252,eval/episode_reward/orient,-2.7232398986816406
18350080,3783.252,eval/episode_reward/total,403.30950927734375
18350080,3783.252,eval/episode_state/forward_vel,42.00160598754883
18350080,3783.252,eval/episode_state/up_z,967.4913940429688
18350080,3783.252,eval/episode_reward_std,36.79872512817383
18350080,3783.252,eval/episode_reward/ctrl_std,0.0016910311533138156
18350080,3783.252,eval/episode_reward/forward_std,36.62991714477539
18350080,3783.252,eval/episode_reward/joint_std,0.005458258092403412
18350080,3783.252,eval/episode_reward/orient_std,2.737813949584961
18350080,3783.252,eval/episode_reward/total_std,36.79872512817383
18350080,3783.252,eval/episode_state/forward_vel_std,23.120763778686523
18350080,3783.252,eval/episode_state/up_z_std,7.478509902954102
18350080,3783.252,eval/avg_episode_length,1000.0
18350080,3783.252,eval/std_episode_length,0.0
18350080,3783.252,eval/epoch_eval_time,33.536935329437256
18350080,3783.252,eval/sps,954.1718611334113
18874368,3856.747,episode/sps,4897.210575341567
18874368,3856.747,episode/length,1000.0
18874368,3856.747,episode/reward/ctrl,-0.23880782768130301
18874368,3856.747,episode/reward/forward,406.1180258178711
18874368,3856.747,episode/reward/joint,-0.07218869350850582
18874368,3856.747,episode/reward/orient,-2.3700928419828413
18874368,3856.747,episode/reward/total,403.4369491577148
18874368,3856.747,episode/state/forward_vel,41.4872712148726
18874368,3856.747,episode/state/up_z,969.6658532714844
18874368,3856.747,episode/sum_reward,403.4369491577148
18874368,3856.747,episode/entropy_loss,-0.11403160102665424
18874368,3856.747,episode/kl_mean,0.0029606438806513325
18874368,3856.747,episode/learning_rate,0.0003000000142492354
18874368,3856.747,episode/policy_dist_max_loc,1.5700490200519561
18874368,3856.747,episode/policy_dist_max_std,1.4451602983474732
18874368,3856.747,episode/policy_dist_mean_loc,-0.09377065405249596
18874368,3856.747,episode/policy_dist_mean_std,0.7410807329416275
18874368,3856.747,episode/policy_dist_min_loc,-1.7044356763362885
18874368,3856.747,episode/policy_dist_min_std,0.2065403175354004
18874368,3856.747,episode/policy_loss,-0.0017642780106689314
18874368,3856.747,episode/total_loss,1.3732407385110854
18874368,3856.747,episode/v_loss,1.4890366262197494
18874368,3890.151,eval/walltime,1244.4909811019897
18874368,3890.151,training/sps,7133.0070146948865
18874368,3890.151,training/walltime,2632.7856044769287
18874368,3890.151,training/entropy_loss,-0.11384198069572449
18874368,3890.151,training/kl_mean,0.002854999154806137
18874368,3890.151,training/learning_rate,0.0003000000142492354
18874368,3890.151,training/policy_dist_max_loc,1.5660138130187988
18874368,3890.151,training/policy_dist_max_std,1.4102301597595215
18874368,3890.151,training/policy_dist_mean_loc,-0.09334278106689453
18874368,3890.151,training/policy_dist_mean_std,0.7413599491119385
18874368,3890.151,training/policy_dist_min_loc,-1.7016842365264893
18874368,3890.151,training/policy_dist_min_std,0.22247439622879028
18874368,3890.151,training/policy_loss,-0.0015524383634328842
18874368,3890.151,training/total_loss,1.7602691650390625
18874368,3890.151,training/v_loss,1.8756637573242188
18874368,3890.151,eval/episode_reward,395.3491516113281
18874368,3890.151,eval/episode_reward/ctrl,-0.24129220843315125
18874368,3890.151,eval/episode_reward/forward,401.2885437011719
18874368,3890.151,eval/episode_reward/joint,-0.0749337375164032
18874368,3890.151,eval/episode_reward/orient,-5.6231818199157715
18874368,3890.151,eval/episode_reward/total,395.3491516113281
18874368,3890.151,eval/episode_state/forward_vel,39.318603515625
18874368,3890.151,eval/episode_state/up_z,963.604736328125
18874368,3890.151,eval/episode_reward_std,40.44879150390625
18874368,3890.151,eval/episode_reward/ctrl_std,0.0017568189650774002
18874368,3890.151,eval/episode_reward/forward_std,34.24021530151367
18874368,3890.151,eval/episode_reward/joint_std,0.0038759266026318073
18874368,3890.151,eval/episode_reward/orient_std,19.05289077758789
18874368,3890.151,eval/episode_reward/total_std,40.44879150390625
18874368,3890.151,eval/episode_state/forward_vel_std,22.200803756713867
18874368,3890.151,eval/episode_state/up_z_std,17.647497177124023
18874368,3890.151,eval/avg_episode_length,1000.0
18874368,3890.151,eval/std_episode_length,0.0
18874368,3890.151,eval/epoch_eval_time,33.380024433135986
18874368,3890.151,eval/sps,958.6571772617982
19398656,3964.040,episode/sps,4886.5270105358195
19398656,3964.040,episode/length,1000.0
19398656,3964.040,episode/reward/ctrl,-0.24007916510105132
19398656,3964.040,episode/reward/forward,406.1747839355469
19398656,3964.040,episode/reward/joint,-0.07364281762391328
19398656,3964.040,episode/reward/orient,-5.7078607696294785
19398656,3964.040,episode/reward/total,400.1531802368164
19398656,3964.040,episode/state/forward_vel,41.9144622284174
19398656,3964.040,episode/state/up_z,964.3965295410156
19398656,3964.040,episode/sum_reward,400.1531802368164
19398656,3964.040,episode/entropy_loss,-0.11384167604148387
19398656,3964.040,episode/kl_mean,0.002773188404389657
19398656,3964.040,episode/learning_rate,0.0003000000142492354
19398656,3964.040,episode/policy_dist_max_loc,1.596100091934204
19398656,3964.040,episode/policy_dist_max_std,1.4370991492271423
19398656,3964.040,episode/policy_dist_mean_loc,-0.0934110290557146
19398656,3964.040,episode/policy_dist_mean_std,0.7419493687152863
19398656,3964.040,episode/policy_dist_min_loc,-1.6762662386894227
19398656,3964.040,episode/policy_dist_min_std,0.21064155369997026
19398656,3964.040,episode/policy_loss,-0.0015980542142642663
19398656,3964.040,episode/total_loss,1.5528775227069855
19398656,3964.040,episode/v_loss,1.6683172518014908
19398656,3998.209,eval/walltime,1278.636117219925
19398656,3998.209,training/sps,7094.941393361353
19398656,3998.209,training/walltime,2706.6816341876984
19398656,3998.209,training/entropy_loss,-0.11358574777841568
19398656,3998.209,training/kl_mean,0.002883878070861101
19398656,3998.209,training/learning_rate,0.0003000000142492354
19398656,3998.209,training/policy_dist_max_loc,1.6426904201507568
19398656,3998.209,training/policy_dist_max_std,1.4719122648239136
19398656,3998.209,training/policy_dist_mean_loc,-0.09307931363582611
19398656,3998.209,training/policy_dist_mean_std,0.7439535856246948
19398656,3998.209,training/policy_dist_min_loc,-1.6702173948287964
19398656,3998.209,training/policy_dist_min_std,0.20797479152679443
19398656,3998.209,training/policy_loss,-0.0013688760809600353
19398656,3998.209,training/total_loss,1.9080981016159058
19398656,3998.209,training/v_loss,2.02305269241333
19398656,3998.209,eval/episode_reward,405.5870361328125
19398656,3998.209,eval/episode_reward/ctrl,-0.24285244941711426
19398656,3998.209,eval/episode_reward/forward,409.20751953125
19398656,3998.209,eval/episode_reward/joint,-0.07516855001449585
19398656,3998.209,eval/episode_reward/orient,-3.3024849891662598
19398656,3998.209,eval/episode_reward/total,405.5870361328125
19398656,3998.209,eval/episode_state/forward_vel,45.19139862060547
19398656,3998.209,eval/episode_state/up_z,964.977294921875
19398656,3998.209,eval/episode_reward_std,44.29732131958008
19398656,3998.209,eval/episode_reward/ctrl_std,0.002138315001502633
19398656,3998.209,eval/episode_reward/forward_std,44.43779754638672
19398656,3998.209,eval/episode_reward/joint_std,0.004092398099601269
19398656,3998.209,eval/episode_reward/orient_std,4.169610977172852
19398656,3998.209,eval/episode_reward/total_std,44.29732131958008
19398656,3998.209,eval/episode_state/forward_vel_std,29.55988883972168
19398656,3998.209,eval/episode_state/up_z_std,8.379491806030273
19398656,3998.209,eval/avg_episode_length,1000.0
19398656,3998.209,eval/std_episode_length,0.0
19398656,3998.209,eval/epoch_eval_time,34.14513611793518
19398656,3998.209,eval/sps,937.1759388943124
19922944,4071.856,episode/sps,4862.787831477892
19922944,4071.856,episode/length,1000.0
19922944,4071.856,episode/reward/ctrl,-0.24170393764972686
19922944,4071.856,episode/reward/forward,398.50052459716795
19922944,4071.856,episode/reward/joint,-0.07471678897738457
19922944,4071.856,episode/reward/orient,-7.234929300546646
19922944,4071.856,episode/reward/total,390.949151802063
19922944,4071.856,episode/state/forward_vel,38.47614287495613
19922944,4071.856,episode/state/up_z,961.53388671875
19922944,4071.856,episode/sum_reward,390.949151802063
19922944,4071.856,episode/entropy_loss,-0.11360314525663853
19922944,4071.856,episode/kl_mean,0.0031738104781834408
19922944,4071.856,episode/learning_rate,0.0003000000142492354
19922944,4071.856,episode/policy_dist_max_loc,1.6267806327342986
19922944,4071.856,episode/policy_dist_max_std,1.4392224502563478
19922944,4071.856,episode/policy_dist_mean_loc,-0.0928347560018301
19922944,4071.856,episode/policy_dist_mean_std,0.7437672978639602
19922944,4071.856,episode/policy_dist_min_loc,-1.702491819858551
19922944,4071.856,episode/policy_dist_min_std,0.212246183604002
19922944,4071.856,episode/policy_loss,-0.0016913327436486724
19922944,4071.856,episode/total_loss,1.7034273767471313
19922944,4071.856,episode/v_loss,1.8187218540906906
19922944,4105.233,eval/walltime,1311.9883728027344
19922944,4105.233,training/sps,7118.192834938473
19922944,4105.233,training/walltime,2780.3362839221954
19922944,4105.233,training/entropy_loss,-0.1133425161242485
19922944,4105.233,training/kl_mean,0.0036763264797627926
19922944,4105.233,training/learning_rate,0.0003000000142492354
19922944,4105.233,training/policy_dist_max_loc,1.6693360805511475
19922944,4105.233,training/policy_dist_max_std,1.4404159784317017
19922944,4105.233,training/policy_dist_mean_loc,-0.09212923794984818
19922944,4105.233,training/policy_dist_mean_std,0.7464224100112915
19922944,4105.233,training/policy_dist_min_loc,-1.7345819473266602
19922944,4105.233,training/policy_dist_min_std,0.21010801196098328
19922944,4105.233,training/policy_loss,-0.001970810117200017
19922944,4105.233,training/total_loss,1.5165324211120605
19922944,4105.233,training/v_loss,1.6318457126617432
19922944,4105.233,eval/episode_reward,384.33782958984375
19922944,4105.233,eval/episode_reward/ctrl,-0.24363403022289276
19922944,4105.233,eval/episode_reward/forward,403.3551025390625
19922944,4105.233,eval/episode_reward/joint,-0.07384040951728821
19922944,4105.233,eval/episode_reward/orient,-18.69997787475586
19922944,4105.233,eval/episode_reward/total,384.33782958984375
19922944,4105.233,eval/episode_state/forward_vel,41.95053482055664
19922944,4105.233,eval/episode_state/up_z,948.2769775390625
19922944,4105.233,eval/episode_reward_std,83.9234848022461
19922944,4105.233,eval/episode_reward/ctrl_std,0.0020589143969118595
19922944,4105.233,eval/episode_reward/forward_std,51.26393127441406
19922944,4105.233,eval/episode_reward/joint_std,0.0037222469691187143
19922944,4105.233,eval/episode_reward/orient_std,78.06047058105469
19922944,4105.233,eval/episode_reward/total_std,83.9234848022461
19922944,4105.233,eval/episode_state/forward_vel_std,32.67218017578125
19922944,4105.233,eval/episode_state/up_z_std,45.979957580566406
19922944,4105.233,eval/avg_episode_length,1000.0
19922944,4105.233,eval/std_episode_length,0.0
19922944,4105.233,eval/epoch_eval_time,33.35225558280945
19922944,4105.233,eval/sps,959.4553483960937
20447232,4178.801,episode/sps,4902.425673494933
20447232,4178.801,episode/length,1000.0
20447232,4178.801,episode/reward/ctrl,-0.24304883658885956
20447232,4178.801,episode/reward/forward,412.4670935058594
20447232,4178.801,episode/reward/joint,-0.07452446840703487
20447232,4178.801,episode/reward/orient,-3.2507645255327224
20447232,4178.801,episode/reward/total,408.8987390136719
20447232,4178.801,episode/state/forward_vel,47.5180949562788
20447232,4178.801,episode/state/up_z,963.4690258789062
20447232,4178.801,episode/sum_reward,408.8987390136719
20447232,4178.801,episode/entropy_loss,-0.11338810011744499
20447232,4178.801,episode/kl_mean,0.003278949078521691
20447232,4178.801,episode/learning_rate,0.0003000000142492354
20447232,4178.801,episode/policy_dist_max_loc,1.6427172386646272
20447232,4178.801,episode/policy_dist_max_std,1.440137770175934
20447232,4178.801,episode/policy_dist_mean_loc,-0.0915007983148098
20447232,4178.801,episode/policy_dist_mean_std,0.7454313117265702
20447232,4178.801,episode/policy_dist_min_loc,-1.6982179367542267
20447232,4178.801,episode/policy_dist_min_std,0.20588483288884163
20447232,4178.801,episode/policy_loss,-0.0016561150034249295
20447232,4178.801,episode/total_loss,1.917538822889328
20447232,4178.801,episode/v_loss,2.0325830471515656
20447232,4210.939,eval/walltime,1344.1029253005981
20447232,4210.939,training/sps,7125.80930645481
20447232,4210.939,training/walltime,2853.912207365036
20447232,4210.939,training/entropy_loss,-0.11320510506629944
20447232,4210.939,training/kl_mean,0.0031308617908507586
20447232,4210.939,training/learning_rate,0.0003000000142492354
20447232,4210.939,training/policy_dist_max_loc,1.6355869770050049
20447232,4210.939,training/policy_dist_max_std,1.4059481620788574
20447232,4210.939,training/policy_dist_mean_loc,-0.08880279958248138
20447232,4210.939,training/policy_dist_mean_std,0.7462880611419678
20447232,4210.939,training/policy_dist_min_loc,-1.6850167512893677
20447232,4210.939,training/policy_dist_min_std,0.20452436804771423
20447232,4210.939,training/policy_loss,-0.0014751377748325467
20447232,4210.939,training/total_loss,2.341872215270996
20447232,4210.939,training/v_loss,2.456552505493164
20447232,4210.939,eval/episode_reward,403.32220458984375
20447232,4210.939,eval/episode_reward/ctrl,-0.242590993642807
20447232,4210.939,eval/episode_reward/forward,410.2027893066406
20447232,4210.939,eval/episode_reward/joint,-0.0756959542632103
20447232,4210.939,eval/episode_reward/orient,-6.5622076988220215
20447232,4210.939,eval/episode_reward/total,403.32220458984375
20447232,4210.939,eval/episode_state/forward_vel,45.15498733520508
20447232,4210.939,eval/episode_state/up_z,951.5263671875
20447232,4210.939,eval/episode_reward_std,47.88146209716797
20447232,4210.939,eval/episode_reward/ctrl_std,0.0017151400679722428
20447232,4210.939,eval/episode_reward/forward_std,47.57784652709961
20447232,4210.939,eval/episode_reward/joint_std,0.00468826200813055
20447232,4210.939,eval/episode_reward/orient_std,9.42427921295166
20447232,4210.939,eval/episode_reward/total_std,47.88146209716797
20447232,4210.939,eval/episode_state/forward_vel_std,29.914506912231445
20447232,4210.939,eval/episode_state/up_z_std,16.560489654541016
20447232,4210.939,eval/avg_episode_length,1000.0
20447232,4210.939,eval/std_episode_length,0.0
20447232,4210.939,eval/epoch_eval_time,32.11455249786377
20447232,4210.939,eval/sps,996.433003453142
20971520,4284.433,episode/sps,4963.3546588389545
20971520,4284.433,episode/length,1000.0
20971520,4284.433,episode/reward/ctrl,-0.242965430021286
20971520,4284.433,episode/reward/forward,407.34302215576173
20971520,4284.433,episode/reward/joint,-0.07449285238981247
20971520,4284.433,episode/reward/orient,-15.177510699033737
20971520,4284.433,episode/reward/total,391.848011932373
20971520,4284.433,episode/state/forward_vel,43.57360998541117
20971520,4284.433,episode/state/up_z,950.9897802734375
20971520,4284.433,episode/sum_reward,391.848011932373
20971520,4284.433,episode/entropy_loss,-0.11323196545243264
20971520,4284.433,episode/kl_mean,0.003513059845427051
20971520,4284.433,episode/learning_rate,0.0003000000142492354
20971520,4284.433,episode/policy_dist_max_loc,1.7330628156661987
20971520,4284.433,episode/policy_dist_max_std,1.4233599066734315
20971520,4284.433,episode/policy_dist_mean_loc,-0.08953909158706665
20971520,4284.433,episode/policy_dist_mean_std,0.7457364904880524
20971520,4284.433,episode/policy_dist_min_loc,-1.7342001140117644
20971520,4284.433,episode/policy_dist_min_std,0.2035494215786457
20971520,4284.433,episode/policy_loss,-0.00185061457901611
20971520,4284.433,episode/total_loss,1.7346650397777557
20971520,4284.433,episode/v_loss,1.8497476291656494
20971520,4318.156,eval/walltime,1377.8010547161102
20971520,4318.156,training/sps,7133.048407831879
20971520,4318.156,training/walltime,2927.413460969925
20971520,4318.156,training/entropy_loss,-0.11311620473861694
20971520,4318.156,training/kl_mean,0.00359942764043808
20971520,4318.156,training/learning_rate,0.0003000000142492354
20971520,4318.156,training/policy_dist_max_loc,1.8995490074157715
20971520,4318.156,training/policy_dist_max_std,1.4038336277008057
20971520,4318.156,training/policy_dist_mean_loc,-0.08703802525997162
20971520,4318.156,training/policy_dist_mean_std,0.7445001006126404
20971520,4318.156,training/policy_dist_min_loc,-1.7654776573181152
20971520,4318.156,training/policy_dist_min_std,0.20150217413902283
20971520,4318.156,training/policy_loss,-0.0020049919839948416
20971520,4318.156,training/total_loss,1.2928555011749268
20971520,4318.156,training/v_loss,1.407976746559143
20971520,4318.156,eval/episode_reward,406.9781799316406
20971520,4318.156,eval/episode_reward/ctrl,-0.24269217252731323
20971520,4318.156,eval/episode_reward/forward,411.62237548828125
20971520,4318.156,eval/episode_reward/joint,-0.0747331976890564
20971520,4318.156,eval/episode_reward/orient,-4.326714515686035
20971520,4318.156,eval/episode_reward/total,406.9781799316406
20971520,4318.156,eval/episode_state/forward_vel,46.48760986328125
20971520,4318.156,eval/episode_state/up_z,953.8985595703125
20971520,4318.156,eval/episode_reward_std,55.49563217163086
20971520,4318.156,eval/episode_reward/ctrl_std,0.002424405887722969
20971520,4318.156,eval/episode_reward/forward_std,55.73666763305664
20971520,4318.156,eval/episode_reward/joint_std,0.005317832343280315
20971520,4318.156,eval/episode_reward/orient_std,2.3612253665924072
20971520,4318.156,eval/episode_reward/total_std,55.49563217163086
20971520,4318.156,eval/episode_state/forward_vel_std,36.1816291809082
20971520,4318.156,eval/episode_state/up_z_std,10.217558860778809
20971520,4318.156,eval/avg_episode_length,1000.0
20971520,4318.156,eval/std_episode_length,0.0
20971520,4318.156,eval/epoch_eval_time,33.698129415512085
20971520,4318.156,eval/sps,949.6076059720278
21495808,4391.320,episode/sps,4905.080743882417
21495808,4391.320,episode/length,1000.0
21495808,4391.320,episode/reward/ctrl,-0.24224889531731605
21495808,4391.320,episode/reward/forward,398.0697271728516
21495808,4391.320,episode/reward/joint,-0.07599260300397873
21495808,4391.320,episode/reward/orient,-8.317965697050095
21495808,4391.320,episode/reward/total,389.4335524749756
21495808,4391.320,episode/state/forward_vel,36.9684780728817
21495808,4391.320,episode/state/up_z,951.0997296142579
21495808,4391.320,episode/sum_reward,389.4335524749756
21495808,4391.320,episode/entropy_loss,-0.11314410887658596
21495808,4391.320,episode/kl_mean,0.0035202125093201173
21495808,4391.320,episode/learning_rate,0.0003000000142492354
21495808,4391.320,episode/policy_dist_max_loc,1.7809767019748688
21495808,4391.320,episode/policy_dist_max_std,1.4030989146232604
21495808,4391.320,episode/policy_dist_mean_loc,-0.08792363584041596
21495808,4391.320,episode/policy_dist_mean_std,0.7450499832630157
21495808,4391.320,episode/policy_dist_min_loc,-1.7413001203536986
21495808,4391.320,episode/policy_dist_min_std,0.2073227646201849
21495808,4391.320,episode/policy_loss,-0.0019071183672349434
21495808,4391.320,episode/total_loss,1.7450517261028289
21495808,4391.320,episode/v_loss,1.8601029598712921
21495808,4424.233,eval/walltime,1410.690992116928
21495808,4424.233,training/sps,7165.319686242734
21495808,4424.233,training/walltime,3000.583678483963
21495808,4424.233,training/entropy_loss,-0.11309177428483963
21495808,4424.233,training/kl_mean,0.0036423266865313053
21495808,4424.233,training/learning_rate,0.0003000000142492354
21495808,4424.233,training/policy_dist_max_loc,1.811370611190796
21495808,4424.233,training/policy_dist_max_std,1.3853914737701416
21495808,4424.233,training/policy_dist_mean_loc,-0.0876162201166153
21495808,4424.233,training/policy_dist_mean_std,0.7441235780715942
21495808,4424.233,training/policy_dist_min_loc,-1.763157844543457
21495808,4424.233,training/policy_dist_min_std,0.22343695163726807
21495808,4424.233,training/policy_loss,-0.0020662767346948385
21495808,4424.233,training/total_loss,1.6266449689865112
21495808,4424.233,training/v_loss,1.7418029308319092
21495808,4424.233,eval/episode_reward,409.88873291015625
21495808,4424.233,eval/episode_reward/ctrl,-0.2434166818857193
21495808,4424.233,eval/episode_reward/forward,429.65777587890625
21495808,4424.233,eval/episode_reward/joint,-0.07647357881069183
21495808,4424.233,eval/episode_reward/orient,-19.449234008789062
21495808,4424.233,eval/episode_reward/total,409.88873291015625
21495808,4424.233,eval/episode_state/forward_vel,57.90701675415039
21495808,4424.233,eval/episode_state/up_z,946.2708740234375
21495808,4424.233,eval/episode_reward_std,81.30590057373047
21495808,4424.233,eval/episode_reward/ctrl_std,0.002225208794698119
21495808,4424.233,eval/episode_reward/forward_std,34.51034927368164
21495808,4424.233,eval/episode_reward/joint_std,0.005296188406646252
21495808,4424.233,eval/episode_reward/orient_std,67.34858703613281
21495808,4424.233,eval/episode_reward/total_std,81.30590057373047
21495808,4424.233,eval/episode_state/forward_vel_std,21.90836524963379
21495808,4424.233,eval/episode_state/up_z_std,45.87176513671875
21495808,4424.233,eval/avg_episode_length,1000.0
21495808,4424.233,eval/std_episode_length,0.0
21495808,4424.233,eval/epoch_eval_time,32.88993740081787
21495808,4424.233,eval/sps,972.9419551648116
22020096,4497.348,episode/sps,4944.779306500038
22020096,4497.348,episode/length,1000.0
22020096,4497.348,episode/reward/ctrl,-0.2431817027926445
22020096,4497.348,episode/reward/forward,421.91041076660156
22020096,4497.348,episode/reward/joint,-0.07649324174970389
22020096,4497.348,episode/reward/orient,-5.750823857188225
22020096,4497.348,episode/reward/total,415.8399192237854
22020096,4497.348,episode/state/forward_vel,52.07256937146187
22020096,4497.348,episode/state/up_z,956.898427734375
22020096,4497.348,episode/sum_reward,415.8399192237854
22020096,4497.348,episode/entropy_loss,-0.1129950623959303
22020096,4497.348,episode/kl_mean,0.003538713650777936
22020096,4497.348,episode/learning_rate,0.0003000000142492354
22020096,4497.348,episode/policy_dist_max_loc,1.8747927260398864
22020096,4497.348,episode/policy_dist_max_std,1.4052388274669647
22020096,4497.348,episode/policy_dist_mean_loc,-0.08802840530872345
22020096,4497.348,episode/policy_dist_mean_std,0.7450568962097168
22020096,4497.348,episode/policy_dist_min_loc,-1.803929442167282
22020096,4497.348,episode/policy_dist_min_std,0.2036202861368656
22020096,4497.348,episode/policy_loss,-0.00210942660967703
22020096,4497.348,episode/total_loss,1.410320999622345
22020096,4497.348,episode/v_loss,1.5254254841804504
22020096,4532.264,eval/walltime,1445.581081867218
22020096,4532.264,training/sps,7170.024129083432
22020096,4532.264,training/walltime,3073.705887079239
22020096,4532.264,training/entropy_loss,-0.11276377737522125
22020096,4532.264,training/kl_mean,0.003238013479858637
22020096,4532.264,training/learning_rate,0.0003000000142492354
22020096,4532.264,training/policy_dist_max_loc,1.9383995532989502
22020096,4532.264,training/policy_dist_max_std,1.4271982908248901
22020096,4532.264,training/policy_dist_mean_loc,-0.0893992930650711
22020096,4532.264,training/policy_dist_mean_std,0.7464128732681274
22020096,4532.264,training/policy_dist_min_loc,-1.895770788192749
22020096,4532.264,training/policy_dist_min_std,0.18558207154273987
22020096,4532.264,training/policy_loss,-0.0022152806632220745
22020096,4532.264,training/total_loss,1.1105496883392334
22020096,4532.264,training/v_loss,1.2255288362503052
22020096,4532.264,eval/episode_reward,437.83209228515625
22020096,4532.264,eval/episode_reward/ctrl,-0.24566702544689178
22020096,4532.264,eval/episode_reward/forward,445.4856262207031
22020096,4532.264,eval/episode_reward/joint,-0.07917632162570953
22020096,4532.264,eval/episode_reward/orient,-7.3286452293396
22020096,4532.264,eval/episode_reward/total,437.83209228515625
22020096,4532.264,eval/episode_state/forward_vel,68.01026916503906
22020096,4532.264,eval/episode_state/up_z,953.3607177734375
22020096,4532.264,eval/episode_reward_std,31.834503173828125
22020096,4532.264,eval/episode_reward/ctrl_std,0.0021200382616370916
22020096,4532.264,eval/episode_reward/forward_std,29.643817901611328
22020096,4532.264,eval/episode_reward/joint_std,0.00412449985742569
22020096,4532.264,eval/episode_reward/orient_std,14.14781379699707
22020096,4532.264,eval/episode_reward/total_std,31.834503173828125
22020096,4532.264,eval/episode_state/forward_vel_std,20.85999298095703
22020096,4532.264,eval/episode_state/up_z_std,19.432348251342773
22020096,4532.264,eval/avg_episode_length,1000.0
22020096,4532.264,eval/std_episode_length,0.0
22020096,4532.264,eval/epoch_eval_time,34.89008975028992
22020096,4532.264,eval/sps,917.1658837516776
22544384,4604.635,episode/sps,4886.788161129159
22544384,4604.635,episode/length,1000.0
22544384,4604.635,episode/reward/ctrl,-0.24505578428506852
22544384,4604.635,episode/reward/forward,427.88002838134764
22544384,4604.635,episode/reward/joint,-0.07824685402214528
22544384,4604.635,episode/reward/orient,-7.373595031499863
22544384,4604.635,episode/reward/total,420.1831770324707
22544384,4604.635,episode/state/forward_vel,56.1152742755413
22544384,4604.635,episode/state/up_z,958.3563256835937
22544384,4604.635,episode/sum_reward,420.1831770324707
22544384,4604.635,episode/entropy_loss,-0.1127092593163252
22544384,4604.635,episode/kl_mean,0.0035706551632029002
22544384,4604.635,episode/learning_rate,0.0003000000142492354
22544384,4604.635,episode/policy_dist_max_loc,1.8587501740455628
22544384,4604.635,episode/policy_dist_max_std,1.425358692407608
22544384,4604.635,episode/policy_dist_mean_loc,-0.08978047907352447
22544384,4604.635,episode/policy_dist_mean_std,0.7461013919115067
22544384,4604.635,episode/policy_dist_min_loc,-1.8302137517929078
22544384,4604.635,episode/policy_dist_min_std,0.20298810876905918
22544384,4604.635,episode/policy_loss,-0.0019490323550417088
22544384,4604.635,episode/total_loss,1.4598260188102723
22544384,4604.635,episode/v_loss,1.5744843149185181
22544384,4636.663,eval/walltime,1477.587679386139
22544384,4636.663,training/sps,7243.693766034367
22544384,4636.663,training/walltime,3146.0844299793243
22544384,4636.663,training/entropy_loss,-0.11222772300243378
22544384,4636.663,training/kl_mean,0.003695908933877945
22544384,4636.663,training/learning_rate,0.0003000000142492354
22544384,4636.663,training/policy_dist_max_loc,1.8302456140518188
22544384,4636.663,training/policy_dist_max_std,1.4650721549987793
22544384,4636.663,training/policy_dist_mean_loc,-0.09270863980054855
22544384,4636.663,training/policy_dist_mean_std,0.7479985952377319
22544384,4636.663,training/policy_dist_min_loc,-1.8337351083755493
22544384,4636.663,training/policy_dist_min_std,0.19794926047325134
22544384,4636.663,training/policy_loss,-0.001417836407199502
22544384,4636.663,training/total_loss,1.6474063396453857
22544384,4636.663,training/v_loss,1.7610517740249634
22544384,4636.663,eval/episode_reward,430.06396484375
22544384,4636.663,eval/episode_reward/ctrl,-0.2463587522506714
22544384,4636.663,eval/episode_reward/forward,434.34613037109375
22544384,4636.663,eval/episode_reward/joint,-0.08174043893814087
22544384,4636.663,eval/episode_reward/orient,-3.9540505409240723
22544384,4636.663,eval/episode_reward/total,430.06396484375
22544384,4636.663,eval/episode_state/forward_vel,59.79273986816406
22544384,4636.663,eval/episode_state/up_z,961.0372924804688
22544384,4636.663,eval/episode_reward_std,41.179588317871094
22544384,4636.663,eval/episode_reward/ctrl_std,0.002399760764092207
22544384,4636.663,eval/episode_reward/forward_std,41.44992446899414
22544384,4636.663,eval/episode_reward/joint_std,0.0065279570408165455
22544384,4636.663,eval/episode_reward/orient_std,6.9538750648498535
22544384,4636.663,eval/episode_reward/total_std,41.179588317871094
22544384,4636.663,eval/episode_state/forward_vel_std,27.57389259338379
22544384,4636.663,eval/episode_state/up_z_std,9.704671859741211
22544384,4636.663,eval/avg_episode_length,1000.0
22544384,4636.663,eval/std_episode_length,0.0
22544384,4636.663,eval/epoch_eval_time,32.0065975189209
22544384,4636.663,eval/sps,999.7938700320458
23068672,4703.834,episode/sps,5285.231354759172
23068672,4703.834,episode/length,1000.0
23068672,4703.834,episode/reward/ctrl,-0.24568562015891074
23068672,4703.834,episode/reward/forward,441.2511047363281
23068672,4703.834,episode/reward/joint,-0.08223092548549175
23068672,4703.834,episode/reward/orient,-3.04986285507679
23068672,4703.834,episode/reward/total,437.8732968139648
23068672,4703.834,episode/state/forward_vel,64.57931550264358
23068672,4703.834,episode/state/up_z,962.2457983398438
23068672,4703.834,episode/sum_reward,437.8732968139648
23068672,4703.834,episode/entropy_loss,-0.11229868397116662
23068672,4703.834,episode/kl_mean,0.003407132735301275
23068672,4703.834,episode/learning_rate,0.0003000000142492354
23068672,4703.834,episode/policy_dist_max_loc,1.9153028309345246
23068672,4703.834,episode/policy_dist_max_std,1.4600273287296295
23068672,4703.834,episode/policy_dist_mean_loc,-0.091649961322546
23068672,4703.834,episode/policy_dist_mean_std,0.747635360956192
23068672,4703.834,episode/policy_dist_min_loc,-1.8806469643115997
23068672,4703.834,episode/policy_dist_min_std,0.18434295788407326
23068672,4703.834,episode/policy_loss,-0.0018395433954719919
23068672,4703.834,episode/total_loss,1.4546115857362747
23068672,4703.834,episode/v_loss,1.5687498235702515
23068672,4737.318,eval/walltime,1511.046538591385
23068672,4737.318,training/sps,7804.497161909892
23068672,4737.318,training/walltime,3213.2621083259583
23068672,4737.318,training/entropy_loss,-0.11180324852466583
23068672,4737.318,training/kl_mean,0.0031520079355686903
23068672,4737.318,training/learning_rate,0.0003000000142492354
23068672,4737.318,training/policy_dist_max_loc,2.001206159591675
23068672,4737.318,training/policy_dist_max_std,1.5018441677093506
23068672,4737.318,training/policy_dist_mean_loc,-0.09325924515724182
23068672,4737.318,training/policy_dist_mean_std,0.7488763332366943
23068672,4737.318,training/policy_dist_min_loc,-1.9256386756896973
23068672,4737.318,training/policy_dist_min_std,0.16212692856788635
23068672,4737.318,training/policy_loss,-0.0017184350872412324
23068672,4737.318,training/total_loss,1.582082986831665
23068672,4737.318,training/v_loss,1.6956048011779785
23068672,4737.318,eval/episode_reward,433.7235107421875
23068672,4737.318,eval/episode_reward/ctrl,-0.2478848695755005
23068672,4737.318,eval/episode_reward/forward,438.52703857421875
23068672,4737.318,eval/episode_reward/joint,-0.08614145219326019
23068672,4737.318,eval/episode_reward/orient,-4.469436168670654
23068672,4737.318,eval/episode_reward/total,433.7235107421875
23068672,4737.318,eval/episode_state/forward_vel,63.70866394042969
23068672,4737.318,eval/episode_state/up_z,959.1297607421875
23068672,4737.318,eval/episode_reward_std,51.323307037353516
23068672,4737.318,eval/episode_reward/ctrl_std,0.002637172117829323
23068672,4737.318,eval/episode_reward/forward_std,51.280975341796875
23068672,4737.318,eval/episode_reward/joint_std,0.005184190813452005
23068672,4737.318,eval/episode_reward/orient_std,4.643253803253174
23068672,4737.318,eval/episode_reward/total_std,51.323307037353516
23068672,4737.318,eval/episode_state/forward_vel_std,33.30619430541992
23068672,4737.318,eval/episode_state/up_z_std,11.378764152526855
23068672,4737.318,eval/avg_episode_length,1000.0
23068672,4737.318,eval/std_episode_length,0.0
23068672,4737.318,eval/epoch_eval_time,33.45885920524597
23068672,4737.318,eval/sps,956.3984176418891
23592960,4810.478,episode/sps,4916.220002425978
23592960,4810.478,episode/length,1000.0
23592960,4810.478,episode/reward/ctrl,-0.24756939023733138
23592960,4810.478,episode/reward/forward,441.44284088134765
23592960,4810.478,episode/reward/joint,-0.0865540362149477
23592960,4810.478,episode/reward/orient,-3.9844018131494523
23592960,4810.478,episode/reward/total,437.1243095397949
23592960,4810.478,episode/state/forward_vel,64.68630658149719
23592960,4810.478,episode/state/up_z,961.9502575683593
23592960,4810.478,episode/sum_reward,437.1243095397949
23592960,4810.478,episode/entropy_loss,-0.11183091640472412
23592960,4810.478,episode/kl_mean,0.0033682681765640154
23592960,4810.478,episode/learning_rate,0.0003000000142492354
23592960,4810.478,episode/policy_dist_max_loc,1.9449111580848695
23592960,4810.478,episode/policy_dist_max_std,1.4880729854106902
23592960,4810.478,episode/policy_dist_mean_loc,-0.09555378213524818
23592960,4810.478,episode/policy_dist_mean_std,0.7492732787132264
23592960,4810.478,episode/policy_dist_min_loc,-1.88248251080513
23592960,4810.478,episode/policy_dist_min_std,0.18264790013432503
23592960,4810.478,episode/policy_loss,-0.0017673360397748184
23592960,4810.478,episode/total_loss,1.5684723025560379
23592960,4810.478,episode/v_loss,1.682070564031601
23592960,4845.016,eval/walltime,1545.5577509403229
23592960,4845.016,training/sps,7165.482118832748
23592960,4845.016,training/walltime,3286.4306671619415
23592960,4845.016,training/entropy_loss,-0.11137059330940247
23592960,4845.016,training/kl_mean,0.003047958016395569
23592960,4845.016,training/learning_rate,0.0003000000142492354
23592960,4845.016,training/policy_dist_max_loc,2.018986463546753
23592960,4845.016,training/policy_dist_max_std,1.5086581707000732
23592960,4845.016,training/policy_dist_mean_loc,-0.10142339766025543
23592960,4845.016,training/policy_dist_mean_std,0.7512842416763306
23592960,4845.016,training/policy_dist_min_loc,-1.887617826461792
23592960,4845.016,training/policy_dist_min_std,0.1823156327009201
23592960,4845.016,training/policy_loss,-0.0019348657224327326
23592960,4845.016,training/total_loss,1.5478774309158325
23592960,4845.016,training/v_loss,1.6611828804016113
23592960,4845.016,eval/episode_reward,448.2989196777344
23592960,4845.016,eval/episode_reward/ctrl,-0.24946439266204834
23592960,4845.016,eval/episode_reward/forward,453.6302490234375
23592960,4845.016,eval/episode_reward/joint,-0.08458161354064941
23592960,4845.016,eval/episode_reward/orient,-4.997244834899902
23592960,4845.016,eval/episode_reward/total,448.2989196777344
23592960,4845.016,eval/episode_state/forward_vel,75.25093078613281
23592960,4845.016,eval/episode_state/up_z,963.0350341796875
23592960,4845.016,eval/episode_reward_std,49.79814910888672
23592960,4845.016,eval/episode_reward/ctrl_std,0.0017369252163916826
23592960,4845.016,eval/episode_reward/forward_std,48.03731918334961
23592960,4845.016,eval/episode_reward/joint_std,0.005686030723154545
23592960,4845.016,eval/episode_reward/orient_std,7.828979015350342
23592960,4845.016,eval/episode_reward/total_std,49.79814910888672
23592960,4845.016,eval/episode_state/forward_vel_std,30.988237380981445
23592960,4845.016,eval/episode_state/up_z_std,12.769200325012207
23592960,4845.016,eval/avg_episode_length,1000.0
23592960,4845.016,eval/std_episode_length,0.0
23592960,4845.016,eval/epoch_eval_time,34.51121234893799
23592960,4845.016,eval/sps,927.2348846065598
24117248,4918.832,episode/sps,4838.660031855852
24117248,4918.832,episode/length,1000.0
24117248,4918.832,episode/reward/ctrl,-0.24887206941843032
24117248,4918.832,episode/reward/forward,450.4411749267578
24117248,4918.832,episode/reward/joint,-0.08451498113572598
24117248,4918.832,episode/reward/orient,-4.755676031112671
24117248,4918.832,episode/reward/total,445.35215454101564
24117248,4918.832,episode/state/forward_vel,72.6794211435318
24117248,4918.832,episode/state/up_z,964.2366552734375
24117248,4918.832,episode/sum_reward,445.35215454101564
24117248,4918.832,episode/entropy_loss,-0.11142681762576104
24117248,4918.832,episode/kl_mean,0.0032590763925691136
24117248,4918.832,episode/learning_rate,0.0003000000142492354
24117248,4918.832,episode/policy_dist_max_loc,1.9697916567325593
24117248,4918.832,episode/policy_dist_max_std,1.503241194486618
24117248,4918.832,episode/policy_dist_mean_loc,-0.09854317359626293
24117248,4918.832,episode/policy_dist_mean_std,0.7510070008039474
24117248,4918.832,episode/policy_dist_min_loc,-1.9154691064357758
24117248,4918.832,episode/policy_dist_min_std,0.18171481534838677
24117248,4918.832,episode/policy_loss,-0.001998977316834498
24117248,4918.832,episode/total_loss,1.6766637116670609
24117248,4918.832,episode/v_loss,1.790089510679245
24117248,4953.755,eval/walltime,1580.4570136070251
24117248,4953.755,training/sps,7102.059024526974
24117248,4953.755,training/walltime,3360.2526388168335
24117248,4953.755,training/entropy_loss,-0.11100740730762482
24117248,4953.755,training/kl_mean,0.003419314743950963
24117248,4953.755,training/learning_rate,0.0003000000142492354
24117248,4953.755,training/policy_dist_max_loc,1.9171860218048096
24117248,4953.755,training/policy_dist_max_std,1.5067917108535767
24117248,4953.755,training/policy_dist_mean_loc,-0.10135743021965027
24117248,4953.755,training/policy_dist_mean_std,0.7532511949539185
24117248,4953.755,training/policy_dist_min_loc,-1.952643871307373
24117248,4953.755,training/policy_dist_min_std,0.19398431479930878
24117248,4953.755,training/policy_loss,-0.002241781447082758
24117248,4953.755,training/total_loss,1.9078534841537476
24117248,4953.755,training/v_loss,2.0211029052734375
24117248,4953.755,eval/episode_reward,458.0222473144531
24117248,4953.755,eval/episode_reward/ctrl,-0.24972912669181824
24117248,4953.755,eval/episode_reward/forward,460.7317810058594
24117248,4953.755,eval/episode_reward/joint,-0.08992111682891846
24117248,4953.755,eval/episode_reward/orient,-2.369964361190796
24117248,4953.755,eval/episode_reward/total,458.0222473144531
24117248,4953.755,eval/episode_state/forward_vel,78.88404846191406
24117248,4953.755,eval/episode_state/up_z,967.9530639648438
24117248,4953.755,eval/episode_reward_std,55.15807342529297
24117248,4953.755,eval/episode_reward/ctrl_std,0.002300951397046447
24117248,4953.755,eval/episode_reward/forward_std,55.60686492919922
24117248,4953.755,eval/episode_reward/joint_std,0.007030997425317764
24117248,4953.755,eval/episode_reward/orient_std,1.700600266456604
24117248,4953.755,eval/episode_reward/total_std,55.15807342529297
24117248,4953.755,eval/episode_state/forward_vel_std,37.80936050415039
24117248,4953.755,eval/episode_state/up_z_std,8.005077362060547
24117248,4953.755,eval/avg_episode_length,1000.0
24117248,4953.755,eval/std_episode_length,0.0
24117248,4953.755,eval/epoch_eval_time,34.89926266670227
24117248,4953.755,eval/sps,916.9248160228759
24641536,5027.589,episode/sps,4820.7202954424565
24641536,5027.589,episode/length,1000.0
24641536,5027.589,episode/reward/ctrl,-0.2488556332886219
24641536,5027.589,episode/reward/forward,457.7919973754883
24641536,5027.589,episode/reward/joint,-0.08950411133468152
24641536,5027.589,episode/reward/orient,-7.774662334918975
24641536,5027.589,episode/reward/total,449.6789189910889
24641536,5027.589,episode/state/forward_vel,76.55769563406706
24641536,5027.589,episode/state/up_z,963.6149896240235
24641536,5027.589,episode/sum_reward,449.6789189910889
24641536,5027.589,episode/entropy_loss,-0.110982596129179
24641536,5027.589,episode/kl_mean,0.003458385001576971
24641536,5027.589,episode/learning_rate,0.0003000000142492354
24641536,5027.589,episode/policy_dist_max_loc,1.9938760578632355
24641536,5027.589,episode/policy_dist_max_std,1.517624053955078
24641536,5027.589,episode/policy_dist_mean_loc,-0.10250399895012378
24641536,5027.589,episode/policy_dist_mean_std,0.7524176532030106
24641536,5027.589,episode/policy_dist_min_loc,-1.9477089619636536
24641536,5027.589,episode/policy_dist_min_std,0.18282163366675377
24641536,5027.589,episode/policy_loss,-0.002076963733707089
24641536,5027.589,episode/total_loss,1.7063976168632506
24641536,5027.589,episode/v_loss,1.819457174539566
24641536,5061.473,eval/walltime,1614.3171944618225
24641536,5061.473,training/sps,7100.219646481639
24641536,5061.473,training/walltime,3434.093734741211
24641536,5061.473,training/entropy_loss,-0.11047062277793884
24641536,5061.473,training/kl_mean,0.0037090322002768517
24641536,5061.473,training/learning_rate,0.0003000000142492354
24641536,5061.473,training/policy_dist_max_loc,2.0482711791992188
24641536,5061.473,training/policy_dist_max_std,1.5342013835906982
24641536,5061.473,training/policy_dist_mean_loc,-0.10572874546051025
24641536,5061.473,training/policy_dist_mean_std,0.7531342506408691
24641536,5061.473,training/policy_dist_min_loc,-1.996964931488037
24641536,5061.473,training/policy_dist_min_std,0.17748498916625977
24641536,5061.473,training/policy_loss,-0.0019081801874563098
24641536,5061.473,training/total_loss,1.7001641988754272
24641536,5061.473,training/v_loss,1.8125429153442383
24641536,5061.473,eval/episode_reward,478.6414489746094
24641536,5061.473,eval/episode_reward/ctrl,-0.2502034306526184
24641536,5061.473,eval/episode_reward/forward,482.18145751953125
24641536,5061.473,eval/episode_reward/joint,-0.0915457233786583
24641536,5061.473,eval/episode_reward/orient,-3.1983559131622314
24641536,5061.473,eval/episode_reward/total,478.6414489746094
24641536,5061.473,eval/episode_state/forward_vel,93.27798461914062
24641536,5061.473,eval/episode_state/up_z,965.8599853515625
24641536,5061.473,eval/episode_reward_std,38.14236831665039
24641536,5061.473,eval/episode_reward/ctrl_std,0.002389186294749379
24641536,5061.473,eval/episode_reward/forward_std,37.67879104614258
24641536,5061.473,eval/episode_reward/joint_std,0.006069055292755365
24641536,5061.473,eval/episode_reward/orient_std,3.1404101848602295
24641536,5061.473,eval/episode_reward/total_std,38.14236831665039
24641536,5061.473,eval/episode_state/forward_vel_std,27.269550323486328
24641536,5061.473,eval/episode_state/up_z_std,9.336568832397461
24641536,5061.473,eval/avg_episode_length,1000.0
24641536,5061.473,eval/std_episode_length,0.0
24641536,5061.473,eval/epoch_eval_time,33.86018085479736
24641536,5061.473,eval/sps,945.0628789381138
25165824,5134.743,episode/sps,4892.869367011107
25165824,5134.743,episode/length,1000.0
25165824,5134.743,episode/reward/ctrl,-0.24921475276350974
25165824,5134.743,episode/reward/forward,460.4080630493164
25165824,5134.743,episode/reward/joint,-0.08841985799372196
25165824,5134.743,episode/reward/orient,-3.0359092432260515
25165824,5134.743,episode/reward/total,457.0345162963867
25165824,5134.743,episode/state/forward_vel,79.07711131095886
25165824,5134.743,episode/state/up_z,963.6628546142579
25165824,5134.743,episode/sum_reward,457.0345162963867
25165824,5134.743,episode/entropy_loss,-0.11055255621671677
25165824,5134.743,episode/kl_mean,0.0033297472933190874
25165824,5134.743,episode/learning_rate,0.0003000000142492354
25165824,5134.743,episode/policy_dist_max_loc,1.9636738753318788
25165824,5134.743,episode/policy_dist_max_std,1.5100766968727113
25165824,5134.743,episode/policy_dist_mean_loc,-0.10339821144938469
25165824,5134.743,episode/policy_dist_mean_std,0.7526142656803131
25165824,5134.743,episode/policy_dist_min_loc,-1.9586561012268067
25165824,5134.743,episode/policy_dist_min_std,0.19712958686053753
25165824,5134.743,episode/policy_loss,-0.0019645073093124666
25165824,5134.743,episode/total_loss,1.774817146062851
25165824,5134.743,episode/v_loss,1.8873342216014861
25165824,5169.321,eval/walltime,1648.8697974681854
25165824,5169.321,training/sps,7154.9006049441905
25165824,5169.321,training/walltime,3507.3705039024353
25165824,5169.321,training/entropy_loss,-0.11008580029010773
25165824,5169.321,training/kl_mean,0.0027430513873696327
25165824,5169.321,training/learning_rate,0.0003000000142492354
25165824,5169.321,training/policy_dist_max_loc,1.928110122680664
25165824,5169.321,training/policy_dist_max_std,1.48167085647583
25165824,5169.321,training/policy_dist_mean_loc,-0.10324320942163467
25165824,5169.321,training/policy_dist_mean_std,0.7516477108001709
25165824,5169.321,training/policy_dist_min_loc,-1.937534213066101
25165824,5169.321,training/policy_dist_min_std,0.22431230545043945
25165824,5169.321,training/policy_loss,-0.0015918407589197159
25165824,5169.321,training/total_loss,1.7540369033813477
25165824,5169.321,training/v_loss,1.8657145500183105
25165824,5169.321,eval/episode_reward,456.4665832519531
25165824,5169.321,eval/episode_reward/ctrl,-0.25073009729385376
25165824,5169.321,eval/episode_reward/forward,459.87017822265625
25165824,5169.321,eval/episode_reward/joint,-0.08879056572914124
25165824,5169.321,eval/episode_reward/orient,-3.064049243927002
25165824,5169.321,eval/episode_reward/total,456.4665832519531
25165824,5169.321,eval/episode_state/forward_vel,79.17083740234375
25165824,5169.321,eval/episode_state/up_z,964.4248657226562
25165824,5169.321,eval/episode_reward_std,50.20395278930664
25165824,5169.321,eval/episode_reward/ctrl_std,0.0021129713859409094
25165824,5169.321,eval/episode_reward/forward_std,49.95745849609375
25165824,5169.321,eval/episode_reward/joint_std,0.008307219482958317
25165824,5169.321,eval/episode_reward/orient_std,2.070650100708008
25165824,5169.321,eval/episode_reward/total_std,50.20395278930664
25165824,5169.321,eval/episode_state/forward_vel_std,33.66097640991211
25165824,5169.321,eval/episode_state/up_z_std,7.452974319458008
25165824,5169.321,eval/avg_episode_length,1000.0
25165824,5169.321,eval/std_episode_length,0.0
25165824,5169.321,eval/epoch_eval_time,34.552603006362915
25165824,5169.321,eval/sps,926.1241474081461
25690112,5243.482,episode/sps,4821.5375752071495
25690112,5243.482,episode/length,1000.0
25690112,5243.482,episode/reward/ctrl,-0.2508327983319759
25690112,5243.482,episode/reward/forward,477.69280563354494
25690112,5243.482,episode/reward/joint,-0.08985177896916867
25690112,5243.482,episode/reward/orient,-11.6956769952178
25690112,5243.482,episode/reward/total,465.65642341613767
25690112,5243.482,episode/state/forward_vel,92.33159431695938
25690112,5243.482,episode/state/up_z,960.6232989501954
25690112,5243.482,episode/sum_reward,465.65642341613767
25690112,5243.482,episode/entropy_loss,-0.11003827154636384
25690112,5243.482,episode/kl_mean,0.0033767433316097594
25690112,5243.482,episode/learning_rate,0.0003000000142492354
25690112,5243.482,episode/policy_dist_max_loc,2.0176712238788603
25690112,5243.482,episode/policy_dist_max_std,1.5012557220458984
25690112,5243.482,episode/policy_dist_mean_loc,-0.10381188713014126
25690112,5243.482,episode/policy_dist_mean_std,0.7527599704265594
25690112,5243.482,episode/policy_dist_min_loc,-1.9743838119506836
25690112,5243.482,episode/policy_dist_min_std,0.20402185805141926
25690112,5243.482,episode/policy_loss,-0.002029832159751095
25690112,5243.482,episode/total_loss,1.7920819973945619
25690112,5243.482,episode/v_loss,1.9041501128673552
25690112,5277.467,eval/walltime,1682.8287589550018
25690112,5277.467,training/sps,7068.9342854998185
25690112,5277.467,training/walltime,3581.5384023189545
25690112,5277.467,training/entropy_loss,-0.10943707823753357
25690112,5277.467,training/kl_mean,0.0035443573724478483
25690112,5277.467,training/learning_rate,0.0003000000142492354
25690112,5277.467,training/policy_dist_max_loc,2.0910565853118896
25690112,5277.467,training/policy_dist_max_std,1.4918041229248047
25690112,5277.467,training/policy_dist_mean_loc,-0.10306622087955475
25690112,5277.467,training/policy_dist_mean_std,0.7535414695739746
25690112,5277.467,training/policy_dist_min_loc,-1.9994996786117554
25690112,5277.467,training/policy_dist_min_std,0.20547077059745789
25690112,5277.467,training/policy_loss,-0.002377916593104601
25690112,5277.467,training/total_loss,1.9632315635681152
25690112,5277.467,training/v_loss,2.0750465393066406
25690112,5277.467,eval/episode_reward,470.7321472167969
25690112,5277.467,eval/episode_reward/ctrl,-0.25243473052978516
25690112,5277.467,eval/episode_reward/forward,495.8366394042969
25690112,5277.467,eval/episode_reward/joint,-0.09132921695709229
25690112,5277.467,eval/episode_reward/orient,-24.760786056518555
25690112,5277.467,eval/episode_reward/total,470.7321472167969
25690112,5277.467,eval/episode_state/forward_vel,105.65640258789062
25690112,5277.467,eval/episode_state/up_z,955.671630859375
25690112,5277.467,eval/episode_reward_std,155.45516967773438
25690112,5277.467,eval/episode_reward/ctrl_std,0.0025213793851435184
25690112,5277.467,eval/episode_reward/forward_std,57.23648452758789
25690112,5277.467,eval/episode_reward/joint_std,0.005590794142335653
25690112,5277.467,eval/episode_reward/orient_std,118.31893157958984
25690112,5277.467,eval/episode_reward/total_std,155.45516967773438
25690112,5277.467,eval/episode_state/forward_vel_std,41.01667785644531
25690112,5277.467,eval/episode_state/up_z_std,67.49458312988281
25690112,5277.467,eval/avg_episode_length,1000.0
25690112,5277.467,eval/std_episode_length,0.0
25690112,5277.467,eval/epoch_eval_time,33.958961486816406
25690112,5277.467,eval/sps,942.3138576373451
26214400,5351.439,episode/sps,4856.436027576426
26214400,5351.439,episode/length,1000.0
26214400,5351.439,episode/reward/ctrl,-0.2519880896806717
26214400,5351.439,episode/reward/forward,485.50714233398435
26214400,5351.439,episode/reward/joint,-0.09022773660719395
26214400,5351.439,episode/reward/orient,-3.7246200042963027
26214400,5351.439,episode/reward/total,481.4403015136719
26214400,5351.439,episode/state/forward_vel,97.6809544658661
26214400,5351.439,episode/state/up_z,966.503642578125
26214400,5351.439,episode/sum_reward,481.4403015136719
26214400,5351.439,episode/entropy_loss,-0.10949540607631207
26214400,5351.439,episode/kl_mean,0.0034898870502365754
26214400,5351.439,episode/learning_rate,0.0003000000142492354
26214400,5351.439,episode/policy_dist_max_loc,2.081871064901352
26214400,5351.439,episode/policy_dist_max_std,1.5005835330486297
26214400,5351.439,episode/policy_dist_mean_loc,-0.1033177600800991
26214400,5351.439,episode/policy_dist_mean_std,0.7529402041435241
26214400,5351.439,episode/policy_dist_min_loc,-1.9672097623348237
26214400,5351.439,episode/policy_dist_min_std,0.2123079553246498
26214400,5351.439,episode/policy_loss,-0.002133983449311927
26214400,5351.439,episode/total_loss,1.8769402587413788
26214400,5351.439,episode/v_loss,1.9885696578025818
26214400,5385.705,eval/walltime,1717.0710604190826
26214400,5385.705,training/sps,7087.015083499834
26214400,5385.705,training/walltime,3655.5170793533325
26214400,5385.705,training/entropy_loss,-0.10885036736726761
26214400,5385.705,training/kl_mean,0.0040242718532681465
26214400,5385.705,training/learning_rate,0.0003000000142492354
26214400,5385.705,training/policy_dist_max_loc,2.2326507568359375
26214400,5385.705,training/policy_dist_max_std,1.5306360721588135
26214400,5385.705,training/policy_dist_mean_loc,-0.10336728394031525
26214400,5385.705,training/policy_dist_mean_std,0.7536534070968628
26214400,5385.705,training/policy_dist_min_loc,-1.9685778617858887
26214400,5385.705,training/policy_dist_min_std,0.21196718513965607
26214400,5385.705,training/policy_loss,-0.002355707809329033
26214400,5385.705,training/total_loss,1.9040335416793823
26214400,5385.705,training/v_loss,2.015239715576172
26214400,5385.705,eval/episode_reward,501.36572265625
26214400,5385.705,eval/episode_reward/ctrl,-0.25355827808380127
26214400,5385.705,eval/episode_reward/forward,504.905517578125
26214400,5385.705,eval/episode_reward/joint,-0.08816581964492798
26214400,5385.705,eval/episode_reward/orient,-3.1981077194213867
26214400,5385.705,eval/episode_reward/total,501.36572265625
26214400,5385.705,eval/episode_state/forward_vel,112.37677001953125
26214400,5385.705,eval/episode_state/up_z,964.1568603515625
26214400,5385.705,eval/episode_reward_std,49.81245422363281
26214400,5385.705,eval/episode_reward/ctrl_std,0.002590553369373083
26214400,5385.705,eval/episode_reward/forward_std,48.294708251953125
26214400,5385.705,eval/episode_reward/joint_std,0.005105423741042614
26214400,5385.705,eval/episode_reward/orient_std,3.0071027278900146
26214400,5385.705,eval/episode_reward/total_std,49.81245422363281
26214400,5385.705,eval/episode_state/forward_vel_std,33.94294357299805
26214400,5385.705,eval/episode_state/up_z_std,9.256267547607422
26214400,5385.705,eval/avg_episode_length,1000.0
26214400,5385.705,eval/std_episode_length,0.0
26214400,5385.705,eval/epoch_eval_time,34.24230146408081
26214400,5385.705,eval/sps,934.5166251038085
26738688,5458.816,episode/sps,4882.703536807644
26738688,5458.816,episode/length,1000.0
26738688,5458.816,episode/reward/ctrl,-0.25270965188741684
26738688,5458.816,episode/reward/forward,493.4521203613281
26738688,5458.816,episode/reward/joint,-0.0871163222938776
26738688,5458.816,episode/reward/orient,-4.072183510065079
26738688,5458.816,episode/reward/total,489.040104675293
26738688,5458.816,episode/state/forward_vel,105.0604143333435
26738688,5458.816,episode/state/up_z,963.7060754394531
26738688,5458.816,episode/sum_reward,489.040104675293
26738688,5458.816,episode/entropy_loss,-0.10889325320720672
26738688,5458.816,episode/kl_mean,0.003686915294965729
26738688,5458.816,episode/learning_rate,0.0003000000142492354
26738688,5458.816,episode/policy_dist_max_loc,2.203973124027252
26738688,5458.816,episode/policy_dist_max_std,1.5090328025817872
26738688,5458.816,episode/policy_dist_mean_loc,-0.1018791688233614
26738688,5458.816,episode/policy_dist_mean_std,0.7532623219490051
26738688,5458.816,episode/policy_dist_min_loc,-1.9743206000328064
26738688,5458.816,episode/policy_dist_min_std,0.20580502681434154
26738688,5458.816,episode/policy_loss,-0.0024064905793056823
26738688,5458.816,episode/total_loss,1.938281067609787
26738688,5458.816,episode/v_loss,2.0495808041095733
26738688,5492.701,eval/walltime,1750.934158563614
26738688,5492.701,training/sps,7170.536873456796
26738688,5492.701,training/walltime,3728.63405919075
26738688,5492.701,training/entropy_loss,-0.10825341939926147
26738688,5492.701,training/kl_mean,0.0034482053015381098
26738688,5492.701,training/learning_rate,0.0003000000142492354
26738688,5492.701,training/policy_dist_max_loc,2.320225715637207
26738688,5492.701,training/policy_dist_max_std,1.5051424503326416
26738688,5492.701,training/policy_dist_mean_loc,-0.09887769818305969
26738688,5492.701,training/policy_dist_mean_std,0.7527962923049927
26738688,5492.701,training/policy_dist_min_loc,-1.952081322669983
26738688,5492.701,training/policy_dist_min_std,0.19711709022521973
26738688,5492.701,training/policy_loss,-0.002421002835035324
26738688,5492.701,training/total_loss,1.945863962173462
26738688,5492.701,training/v_loss,2.0565385818481445
26738688,5492.701,eval/episode_reward,503.0869445800781
26738688,5492.701,eval/episode_reward/ctrl,-0.25295713543891907
26738688,5492.701,eval/episode_reward/forward,506.62109375
26738688,5492.701,eval/episode_reward/joint,-0.09019997715950012
26738688,5492.701,eval/episode_reward/orient,-3.1910297870635986
26738688,5492.701,eval/episode_reward/total,503.0869445800781
26738688,5492.701,eval/episode_state/forward_vel,114.42584228515625
26738688,5492.701,eval/episode_state/up_z,964.225341796875
26738688,5492.701,eval/episode_reward_std,53.44080352783203
26738688,5492.701,eval/episode_reward/ctrl_std,0.0024004739243537188
26738688,5492.701,eval/episode_reward/forward_std,53.07877731323242
26738688,5492.701,eval/episode_reward/joint_std,0.00695166876539588
26738688,5492.701,eval/episode_reward/orient_std,2.654632329940796
26738688,5492.701,eval/episode_reward/total_std,53.44080352783203
26738688,5492.701,eval/episode_state/forward_vel_std,38.77702713012695
26738688,5492.701,eval/episode_state/up_z_std,8.56375789642334
26738688,5492.701,eval/avg_episode_length,1000.0
26738688,5492.701,eval/std_episode_length,0.0
26738688,5492.701,eval/epoch_eval_time,33.86309814453125
26738688,5492.701,eval/sps,944.9814622224064
27262976,5566.667,episode/sps,4861.199231391531
27262976,5566.667,episode/length,1000.0
27262976,5566.667,episode/reward/ctrl,-0.2532060167193413
27262976,5566.667,episode/reward/forward,491.52399505615233
27262976,5566.667,episode/reward/joint,-0.08817369893193244
27262976,5566.667,episode/reward/orient,-3.666223168373108
27262976,5566.667,episode/reward/total,487.5164138793945
27262976,5566.667,episode/state/forward_vel,104.83562204271556
27262976,5566.667,episode/state/up_z,965.4443310546875
27262976,5566.667,episode/sum_reward,487.5164138793945
27262976,5566.667,episode/entropy_loss,-0.10830799527466298
27262976,5566.667,episode/kl_mean,0.003942283420474269
27262976,5566.667,episode/learning_rate,0.0003000000142492354
27262976,5566.667,episode/policy_dist_max_loc,2.261549003124237
27262976,5566.667,episode/policy_dist_max_std,1.5228597116470337
27262976,5566.667,episode/policy_dist_mean_loc,-0.10082723326981068
27262976,5566.667,episode/policy_dist_mean_std,0.7527529263496399
27262976,5566.667,episode/policy_dist_min_loc,-1.9962955176830293
27262976,5566.667,episode/policy_dist_min_std,0.19812063328921795
27262976,5566.667,episode/policy_loss,-0.002093695716612274
27262976,5566.667,episode/total_loss,1.9115719997882843
27262976,5566.667,episode/v_loss,2.0219736886024475
27262976,5602.179,eval/walltime,1786.4215879440308
27262976,5602.179,training/sps,7087.565388511521
27262976,5602.179,training/walltime,3802.6069922447205
27262976,5602.179,training/entropy_loss,-0.10768970847129822
27262976,5602.179,training/kl_mean,0.004299817606806755
27262976,5602.179,training/learning_rate,0.0003000000142492354
27262976,5602.179,training/policy_dist_max_loc,2.2473626136779785
27262976,5602.179,training/policy_dist_max_std,1.5341217517852783
27262976,5602.179,training/policy_dist_mean_loc,-0.09961891919374466
27262976,5602.179,training/policy_dist_mean_std,0.7516432404518127
27262976,5602.179,training/policy_dist_min_loc,-2.0660953521728516
27262976,5602.179,training/policy_dist_min_std,0.18428844213485718
27262976,5602.179,training/policy_loss,-0.0013333535753190517
27262976,5602.179,training/total_loss,1.8841975927352905
27262976,5602.179,training/v_loss,1.993220567703247
27262976,5602.179,eval/episode_reward,504.88848876953125
27262976,5602.179,eval/episode_reward/ctrl,-0.2525097727775574
27262976,5602.179,eval/episode_reward/forward,508.16497802734375
27262976,5602.179,eval/episode_reward/joint,-0.09335023164749146
27262976,5602.179,eval/episode_reward/orient,-2.9306769371032715
27262976,5602.179,eval/episode_reward/total,504.88848876953125
27262976,5602.179,eval/episode_state/forward_vel,114.95620727539062
27262976,5602.179,eval/episode_state/up_z,970.49169921875
27262976,5602.179,eval/episode_reward_std,61.825008392333984
27262976,5602.179,eval/episode_reward/ctrl_std,0.0024734768085181713
27262976,5602.179,eval/episode_reward/forward_std,60.76707458496094
27262976,5602.179,eval/episode_reward/joint_std,0.004644347820430994
27262976,5602.179,eval/episode_reward/orient_std,4.469006061553955
27262976,5602.179,eval/episode_reward/total_std,61.825008392333984
27262976,5602.179,eval/episode_state/forward_vel_std,42.63483428955078
27262976,5602.179,eval/episode_state/up_z_std,9.098163604736328
27262976,5602.179,eval/avg_episode_length,1000.0
27262976,5602.179,eval/std_episode_length,0.0
27262976,5602.179,eval/epoch_eval_time,35.48742938041687
27262976,5602.179,eval/sps,901.727754269478
27787264,5675.743,episode/sps,4806.619071900582
27787264,5675.743,episode/length,1000.0
27787264,5675.743,episode/reward/ctrl,-0.2527416743338108
27787264,5675.743,episode/reward/forward,501.8184368896484
27787264,5675.743,episode/reward/joint,-0.09156617157161236
27787264,5675.743,episode/reward/orient,-3.5999509358406065
27787264,5675.743,episode/reward/total,497.8741529846191
27787264,5675.743,episode/state/forward_vel,110.83982011318207
27787264,5675.743,episode/state/up_z,969.3014862060547
27787264,5675.743,episode/sum_reward,497.8741529846191
27787264,5675.743,episode/entropy_loss,-0.10793468430638313
27787264,5675.743,episode/kl_mean,0.0037929933387204073
27787264,5675.743,episode/learning_rate,0.0003000000142492354
27787264,5675.743,episode/policy_dist_max_loc,2.1919710028171537
27787264,5675.743,episode/policy_dist_max_std,1.513473265171051
27787264,5675.743,episode/policy_dist_mean_loc,-0.10185326620936394
27787264,5675.743,episode/policy_dist_mean_std,0.7518840551376342
27787264,5675.743,episode/policy_dist_min_loc,-2.0078307390213013
27787264,5675.743,episode/policy_dist_min_std,0.20449558407068252
27787264,5675.743,episode/policy_loss,-0.002223855335250846
27787264,5675.743,episode/total_loss,1.8855483078956603
27787264,5675.743,episode/v_loss,1.995706856250763
27787264,5709.529,eval/walltime,1820.182895898819
27787264,5709.529,training/sps,7126.209030246954
27787264,5709.529,training/walltime,3876.178788661957
27787264,5709.529,training/entropy_loss,-0.10777351260185242
27787264,5709.529,training/kl_mean,0.0033079716376960278
27787264,5709.529,training/learning_rate,0.0003000000142492354
27787264,5709.529,training/policy_dist_max_loc,2.0183959007263184
27787264,5709.529,training/policy_dist_max_std,1.4909791946411133
27787264,5709.529,training/policy_dist_mean_loc,-0.1066908910870552
27787264,5709.529,training/policy_dist_mean_std,0.7509225010871887
27787264,5709.529,training/policy_dist_min_loc,-2.0094826221466064
27787264,5709.529,training/policy_dist_min_std,0.22853952646255493
27787264,5709.529,training/policy_loss,-0.0027469401247799397
27787264,5709.529,training/total_loss,1.8066356182098389
27787264,5709.529,training/v_loss,1.9171562194824219
27787264,5709.529,eval/episode_reward,516.5023193359375
27787264,5709.529,eval/episode_reward/ctrl,-0.2536904215812683
27787264,5709.529,eval/episode_reward/forward,521.4261474609375
27787264,5709.529,eval/episode_reward/joint,-0.09138566255569458
27787264,5709.529,eval/episode_reward/orient,-4.578722953796387
27787264,5709.529,eval/episode_reward/total,516.5023193359375
27787264,5709.529,eval/episode_state/forward_vel,127.9826431274414
27787264,5709.529,eval/episode_state/up_z,969.0870971679688
27787264,5709.529,eval/episode_reward_std,73.9864501953125
27787264,5709.529,eval/episode_reward/ctrl_std,0.0032159422989934683
27787264,5709.529,eval/episode_reward/forward_std,75.59278106689453
27787264,5709.529,eval/episode_reward/joint_std,0.0069708372466266155
27787264,5709.529,eval/episode_reward/orient_std,7.350636005401611
27787264,5709.529,eval/episode_reward/total_std,73.9864501953125
27787264,5709.529,eval/episode_state/forward_vel_std,54.081478118896484
27787264,5709.529,eval/episode_state/up_z_std,10.697257995605469
27787264,5709.529,eval/avg_episode_length,1000.0
27787264,5709.529,eval/std_episode_length,0.0
27787264,5709.529,eval/epoch_eval_time,33.76130795478821
27787264,5709.529,eval/sps,947.8305770277952
28311552,5783.012,episode/sps,4887.635319908624
28311552,5783.012,episode/length,1000.0
28311552,5783.012,episode/reward/ctrl,-0.25365968599915506
28311552,5783.012,episode/reward/forward,506.57544982910156
28311552,5783.012,episode/reward/joint,-0.09131081394851208
28311552,5783.012,episode/reward/orient,-2.6921561831235885
28311552,5783.012,episode/reward/total,503.5383560180664
28311552,5783.012,episode/state/forward_vel,115.68570188045501
28311552,5783.012,episode/state/up_z,969.7304718017579
28311552,5783.012,episode/sum_reward,503.5383560180664
28311552,5783.012,episode/entropy_loss,-0.10755596794188023
28311552,5783.012,episode/kl_mean,0.0036785310745472088
28311552,5783.012,episode/learning_rate,0.0003000000142492354
28311552,5783.012,episode/policy_dist_max_loc,2.1415957021713257
28311552,5783.012,episode/policy_dist_max_std,1.5218890726566314
28311552,5783.012,episode/policy_dist_mean_loc,-0.10462902680039406
28311552,5783.012,episode/policy_dist_mean_std,0.7508209347724915
28311552,5783.012,episode/policy_dist_min_loc,-2.0637872898578644
28311552,5783.012,episode/policy_dist_min_std,0.21994710333645343
28311552,5783.012,episode/policy_loss,-0.002288873162397067
28311552,5783.012,episode/total_loss,2.1349977827072144
28311552,5783.012,episode/v_loss,2.2448426449298857
28311552,5817.566,eval/walltime,1854.7140340805054
28311552,5817.566,training/sps,7134.2520961729315
28311552,5817.566,training/walltime,3949.6676411628723
28311552,5817.566,training/entropy_loss,-0.10712992399930954
28311552,5817.566,training/kl_mean,0.003342150943353772
28311552,5817.566,training/learning_rate,0.0003000000142492354
28311552,5817.566,training/policy_dist_max_loc,2.1288259029388428
28311552,5817.566,training/policy_dist_max_std,1.54268479347229
28311552,5817.566,training/policy_dist_mean_loc,-0.10802628844976425
28311552,5817.566,training/policy_dist_mean_std,0.7497667670249939
28311552,5817.566,training/policy_dist_min_loc,-2.1344776153564453
28311552,5817.566,training/policy_dist_min_std,0.25367313623428345
28311552,5817.566,training/policy_loss,-0.002568249823525548
28311552,5817.566,training/total_loss,2.732105255126953
28311552,5817.566,training/v_loss,2.841803550720215
28311552,5817.566,eval/episode_reward,507.9473876953125
28311552,5817.566,eval/episode_reward/ctrl,-0.25478535890579224
28311552,5817.566,eval/episode_reward/forward,512.6224975585938
28311552,5817.566,eval/episode_reward/joint,-0.08928248286247253
28311552,5817.566,eval/episode_reward/orient,-4.331071853637695
28311552,5817.566,eval/episode_reward/total,507.9473876953125
28311552,5817.566,eval/episode_state/forward_vel,122.33927154541016
28311552,5817.566,eval/episode_state/up_z,965.1190185546875
28311552,5817.566,eval/episode_reward_std,91.22330474853516
28311552,5817.566,eval/episode_reward/ctrl_std,0.0025243181735277176
28311552,5817.566,eval/episode_reward/forward_std,86.98502349853516
28311552,5817.566,eval/episode_reward/joint_std,0.006489930208772421
28311552,5817.566,eval/episode_reward/orient_std,6.840624809265137
28311552,5817.566,eval/episode_reward/total_std,91.22330474853516
28311552,5817.566,eval/episode_state/forward_vel_std,60.279396057128906
28311552,5817.566,eval/episode_state/up_z_std,12.58032512664795
28311552,5817.566,eval/avg_episode_length,1000.0
28311552,5817.566,eval/std_episode_length,0.0
28311552,5817.566,eval/epoch_eval_time,34.5311381816864
28311552,5817.566,eval/sps,926.6998333976494
