step,wall_time_s,metric,value
0,60.927,eval/walltime,49.32049751281738
0,60.927,eval/episode_reward,36.730133056640625
0,60.927,eval/episode_reward/ctrl,-0.23837026953697205
0,60.927,eval/episode_reward/forward,342.56439208984375
0,60.927,eval/episode_reward/joint,-0.11738517135381699
0,60.927,eval/episode_reward/orient,-305.47857666015625
0,60.927,eval/episode_reward/total,36.730133056640625
0,60.927,eval/episode_state/forward_vel,1.6048328876495361
0,60.927,eval/episode_state/up_z,630.2447509765625
0,60.927,eval/episode_reward_std,850.8289794921875
0,60.927,eval/episode_reward/ctrl_std,0.0036140107549726963
0,60.927,eval/episode_reward/forward_std,27.44900894165039
0,60.927,eval/episode_reward/joint_std,0.004383007995784283
0,60.927,eval/episode_reward/orient_std,854.2405395507812
0,60.927,eval/episode_reward/total_std,850.8289794921875
0,60.927,eval/episode_state/forward_vel_std,16.536548614501953
0,60.927,eval/episode_state/up_z_std,381.7674255371094
0,60.927,eval/avg_episode_length,1000.0
0,60.927,eval/std_episode_length,0.0
0,60.927,eval/epoch_eval_time,49.32049751281738
0,60.927,eval/sps,648.8174615773869
524288,150.604,episode/sps,3625.365777073754
524288,150.604,episode/length,1000.0
524288,150.604,episode/reward/ctrl,-0.2375764286518097
524288,150.604,episode/reward/forward,348.6362335205078
524288,150.604,episode/reward/joint,-0.11491585180163383
524288,150.604,episode/reward/orient,-454.67383632659914
524288,150.604,episode/reward/total,-106.39004318237305
524288,150.604,episode/state/forward_vel,5.451813605129718
524288,150.604,episode/state/up_z,563.6802639770508
524288,150.604,episode/sum_reward,-106.39004318237305
524288,150.604,episode/entropy_loss,-0.11497140116989613
524288,150.604,episode/kl_mean,3.117026522755623
524288,150.604,episode/learning_rate,0.0003000000142492354
524288,150.604,episode/policy_dist_max_loc,1.1195981297641993
524288,150.604,episode/policy_dist_max_std,1.314858891069889
524288,150.604,episode/policy_dist_mean_loc,0.00645120679109823
524288,150.604,episode/policy_dist_mean_std,0.6926049198955297
524288,150.604,episode/policy_dist_min_loc,-1.1203693114221096
524288,150.604,episode/policy_dist_min_std,0.2705545914359391
524288,150.604,episode/policy_loss,0.27091187285259366
524288,150.604,episode/total_loss,69.0130306482315
524288,150.604,episode/v_loss,68.85708963871002
524288,195.706,eval/walltime,94.40005373954773
524288,195.706,training/sps,5846.5186547064095
524288,195.706,training/walltime,89.6752462387085
524288,195.706,training/entropy_loss,-0.11497139930725098
524288,195.706,training/kl_mean,3.1170263290405273
524288,195.706,training/learning_rate,0.0003000000142492354
524288,195.706,training/policy_dist_max_loc,1.119598150253296
524288,195.706,training/policy_dist_max_std,1.3148589134216309
524288,195.706,training/policy_dist_mean_loc,0.006451206747442484
524288,195.706,training/policy_dist_mean_std,0.6926048994064331
524288,195.706,training/policy_dist_min_loc,-1.1203693151474
524288,195.706,training/policy_dist_min_std,0.2705546021461487
524288,195.706,training/policy_loss,0.2709118723869324
524288,195.706,training/total_loss,69.01303100585938
524288,195.706,training/v_loss,68.85708618164062
524288,195.706,eval/episode_reward,-228.0525665283203
524288,195.706,eval/episode_reward/ctrl,-0.22396209836006165
524288,195.706,eval/episode_reward/forward,341.509765625
524288,195.706,eval/episode_reward/joint,-0.0711631029844284
524288,195.706,eval/episode_reward/orient,-569.267333984375
524288,195.706,eval/episode_reward/total,-228.0525665283203
524288,195.706,eval/episode_state/forward_vel,1.3700201511383057
524288,195.706,eval/episode_state/up_z,482.35003662109375
524288,195.706,eval/episode_reward_std,1004.565185546875
524288,195.706,eval/episode_reward/ctrl_std,0.0031683319248259068
524288,195.706,eval/episode_reward/forward_std,27.52932357788086
524288,195.706,eval/episode_reward/joint_std,0.008118483237922192
524288,195.706,eval/episode_reward/orient_std,999.5167236328125
524288,195.706,eval/episode_reward/total_std,1004.565185546875
524288,195.706,eval/episode_state/forward_vel_std,16.99919891357422
524288,195.706,eval/episode_state/up_z_std,464.653564453125
524288,195.706,eval/avg_episode_length,1000.0
524288,195.706,eval/std_episode_length,0.0
524288,195.706,eval/epoch_eval_time,45.07955622673035
524288,195.706,eval/sps,709.8561449685545
1048576,280.080,episode/sps,4049.2946365975945
1048576,280.080,episode/length,1000.0
1048576,280.080,episode/reward/ctrl,-0.2241964827477932
1048576,280.080,episode/reward/forward,343.26893920898436
1048576,280.080,episode/reward/joint,-0.07090152330696582
1048576,280.080,episode/reward/orient,-660.9814105606079
1048576,280.080,episode/reward/total,-318.0076552963257
1048576,280.080,episode/state/forward_vel,2.130922620892525
1048576,280.080,episode/state/up_z,417.90401964187623
1048576,280.080,episode/sum_reward,-318.0076552963257
1048576,280.080,episode/entropy_loss,-0.1146759761031717
1048576,280.080,episode/kl_mean,1.702616621274501
1048576,280.080,episode/learning_rate,0.0003000000142492354
1048576,280.080,episode/policy_dist_max_loc,0.9871728140860796
1048576,280.080,episode/policy_dist_max_std,1.2912386860698462
1048576,280.080,episode/policy_dist_mean_loc,0.006484075071057305
1048576,280.080,episode/policy_dist_mean_std,0.6936320383101702
1048576,280.080,episode/policy_dist_min_loc,-0.9945346927270293
1048576,280.080,episode/policy_dist_min_std,0.3119026350323111
1048576,280.080,episode/policy_loss,0.19620190595742315
1048576,280.080,episode/total_loss,90.33863800764084
1048576,280.080,episode/v_loss,90.25711184740067
1048576,312.679,eval/walltime,126.9750452041626
1048576,312.679,training/sps,6213.364000915409
1048576,312.679,training/walltime,174.05594563484192
1048576,312.679,training/entropy_loss,-0.11438055336475372
1048576,312.679,training/kl_mean,0.28820672631263733
1048576,312.679,training/learning_rate,0.0003000000142492354
1048576,312.679,training/policy_dist_max_loc,0.8547475337982178
1048576,312.679,training/policy_dist_max_std,1.2676184177398682
1048576,312.679,training/policy_dist_mean_loc,0.006516943220049143
1048576,312.679,training/policy_dist_mean_std,0.6946591138839722
1048576,312.679,training/policy_dist_min_loc,-0.8687000274658203
1048576,312.679,training/policy_dist_min_std,0.3532506823539734
1048576,312.679,training/policy_loss,0.121491938829422
1048576,312.679,training/total_loss,111.66424560546875
1048576,312.679,training/v_loss,111.65713500976562
1048576,312.679,eval/episode_reward,-240.4991455078125
1048576,312.679,eval/episode_reward/ctrl,-0.22020405530929565
1048576,312.679,eval/episode_reward/forward,336.34033203125
1048576,312.679,eval/episode_reward/joint,-0.057221319526433945
1048576,312.679,eval/episode_reward/orient,-576.5618896484375
1048576,312.679,eval/episode_reward/total,-240.4991455078125
1048576,312.679,eval/episode_state/forward_vel,-0.7711149454116821
1048576,312.679,eval/episode_state/up_z,475.45477294921875
1048576,312.679,eval/episode_reward_std,1010.6450805664062
1048576,312.679,eval/episode_reward/ctrl_std,0.002679588505998254
1048576,312.679,eval/episode_reward/forward_std,31.0931396484375
1048576,312.679,eval/episode_reward/joint_std,0.01194678246974945
1048576,312.679,eval/episode_reward/orient_std,1020.6436157226562
1048576,312.679,eval/episode_reward/total_std,1010.6450805664062
1048576,312.679,eval/episode_state/forward_vel_std,19.1821346282959
1048576,312.679,eval/episode_state/up_z_std,471.9743347167969
1048576,312.679,eval/avg_episode_length,1000.0
1048576,312.679,eval/std_episode_length,0.0
1048576,312.679,eval/epoch_eval_time,32.57499146461487
1048576,312.679,eval/sps,982.3486841051221
1572864,385.560,episode/sps,4970.504740837227
1572864,385.560,episode/length,1000.0
1572864,385.560,episode/reward/ctrl,-0.22016199231147765
1572864,385.560,episode/reward/forward,338.12975814819333
1572864,385.560,episode/reward/joint,-0.05702111586928368
1572864,385.560,episode/reward/orient,-758.5960232543945
1572864,385.560,episode/reward/total,-420.74350227355956
1572864,385.560,episode/state/forward_vel,0.14246995598077775
1572864,385.560,episode/state/up_z,399.5336839294434
1572864,385.560,episode/sum_reward,-420.74350227355956
1572864,385.560,episode/entropy_loss,-0.11439916289721926
1572864,385.560,episode/kl_mean,1.1484237508460258
1572864,385.560,episode/learning_rate,0.0003000000142492354
1572864,385.560,episode/policy_dist_max_loc,0.980857772131761
1572864,385.560,episode/policy_dist_max_std,1.3286102538307507
1572864,385.560,episode/policy_dist_mean_loc,0.006975480520244067
1572864,385.560,episode/policy_dist_mean_std,0.6938733924180269
1572864,385.560,episode/policy_dist_min_loc,-0.9801731786380211
1572864,385.560,episode/policy_dist_min_std,0.3167542220714192
1572864,385.560,episode/policy_loss,0.1388549124239944
1572864,385.560,episode/total_loss,92.26642111937205
1572864,385.560,episode/v_loss,92.24196517467499
1572864,418.927,eval/walltime,160.32032370567322
1572864,418.927,training/sps,7193.1059866986125
1572864,418.927,training/walltime,246.9435133934021
1572864,418.927,training/entropy_loss,-0.11384553462266922
1572864,418.927,training/kl_mean,0.040038008242845535
1572864,418.927,training/learning_rate,0.0003000000142492354
1572864,418.927,training/policy_dist_max_loc,0.9682276844978333
1572864,418.927,training/policy_dist_max_std,1.4033534526824951
1572864,418.927,training/policy_dist_mean_loc,0.00795829202979803
1572864,418.927,training/policy_dist_mean_std,0.6943560838699341
1572864,418.927,training/policy_dist_min_loc,-0.9514501094818115
1572864,418.927,training/policy_dist_min_std,0.3264573812484741
1572864,418.927,training/policy_loss,0.024160925298929214
1572864,418.927,training/total_loss,96.12199401855469
1572864,418.927,training/v_loss,96.211669921875
1572864,418.927,eval/episode_reward,-792.389892578125
1572864,418.927,eval/episode_reward/ctrl,-0.2188778519630432
1572864,418.927,eval/episode_reward/forward,335.0915832519531
1572864,418.927,eval/episode_reward/joint,-0.046252429485321045
1572864,418.927,eval/episode_reward/orient,-1127.21630859375
1572864,418.927,eval/episode_reward/total,-792.389892578125
1572864,418.927,eval/episode_state/forward_vel,-2.4600672721862793
1572864,418.927,eval/episode_state/up_z,197.6132354736328
1572864,418.927,eval/episode_reward_std,1227.635986328125
1572864,418.927,eval/episode_reward/ctrl_std,0.0019265012815594673
1572864,418.927,eval/episode_reward/forward_std,38.792755126953125
1572864,418.927,eval/episode_reward/joint_std,0.009103811345994473
1572864,418.927,eval/episode_reward/orient_std,1218.983154296875
1572864,418.927,eval/episode_reward/total_std,1227.635986328125
1572864,418.927,eval/episode_state/forward_vel_std,24.020923614501953
1572864,418.927,eval/episode_state/up_z_std,558.7034912109375
1572864,418.927,eval/avg_episode_length,1000.0
1572864,418.927,eval/std_episode_length,0.0
1572864,418.927,eval/epoch_eval_time,33.34527850151062
1572864,418.927,eval/sps,959.6561023939363
2097152,490.106,episode/sps,5014.913257790898
2097152,490.106,episode/length,1000.0
2097152,490.106,episode/reward/ctrl,-0.2189079052209854
2097152,490.106,episode/reward/forward,340.23356201171873
2097152,490.106,episode/reward/joint,-0.04752146294340491
2097152,490.106,episode/reward/orient,-1219.4723001480102
2097152,490.106,episode/reward/total,-879.5052436542511
2097152,490.106,episode/state/forward_vel,-0.20231432601809501
2097152,490.106,episode/state/up_z,168.1443534088135
2097152,490.106,episode/sum_reward,-879.5052436542511
2097152,490.106,episode/entropy_loss,-0.1141066324710846
2097152,490.106,episode/kl_mean,0.22798645929899067
2097152,490.106,episode/learning_rate,0.0003000000142492354
2097152,490.106,episode/policy_dist_max_loc,0.9535697853565216
2097152,490.106,episode/policy_dist_max_std,1.3845574402809142
2097152,490.106,episode/policy_dist_mean_loc,0.007292914167046547
2097152,490.106,episode/policy_dist_mean_std,0.6948327696323395
2097152,490.106,episode/policy_dist_min_loc,-0.9704824966192246
2097152,490.106,episode/policy_dist_min_std,0.32916570097208026
2097152,490.106,episode/policy_loss,0.056981039784732276
2097152,490.106,episode/total_loss,110.87089084625244
2097152,490.106,episode/v_loss,110.92801635742188
2097152,516.883,eval/walltime,187.07530760765076
2097152,516.883,training/sps,7365.093307969814
2097152,516.883,training/walltime,318.1290338039398
2097152,516.883,training/entropy_loss,-0.11399691551923752
2097152,516.883,training/kl_mean,0.00450570834800601
2097152,516.883,training/learning_rate,0.0003000000142492354
2097152,516.883,training/policy_dist_max_loc,1.0153924226760864
2097152,516.883,training/policy_dist_max_std,1.4922064542770386
2097152,516.883,training/policy_dist_mean_loc,0.0074612535536289215
2097152,516.883,training/policy_dist_mean_std,0.6957283020019531
2097152,516.883,training/policy_dist_min_loc,-1.0761208534240723
2097152,516.883,training/policy_dist_min_std,0.31366121768951416
2097152,516.883,training/policy_loss,-0.0004051349242217839
2097152,516.883,training/total_loss,130.6180419921875
2097152,516.883,training/v_loss,130.73243713378906
2097152,516.883,eval/episode_reward,-1051.628662109375
2097152,516.883,eval/episode_reward/ctrl,-0.21804796159267426
2097152,516.883,eval/episode_reward/forward,338.1151123046875
2097152,516.883,eval/episode_reward/joint,-0.04224792495369911
2097152,516.883,eval/episode_reward/orient,-1389.4837646484375
2097152,516.883,eval/episode_reward/total,-1051.628662109375
2097152,516.883,eval/episode_state/forward_vel,-2.4104533195495605
2097152,516.883,eval/episode_state/up_z,98.04288482666016
2097152,516.883,eval/episode_reward_std,1221.65478515625
2097152,516.883,eval/episode_reward/ctrl_std,0.002421749522909522
2097152,516.883,eval/episode_reward/forward_std,33.7166633605957
2097152,516.883,eval/episode_reward/joint_std,0.009383185766637325
2097152,516.883,eval/episode_reward/orient_std,1227.563232421875
2097152,516.883,eval/episode_reward/total_std,1221.65478515625
2097152,516.883,eval/episode_state/forward_vel_std,21.03114128112793
2097152,516.883,eval/episode_state/up_z_std,557.2213745117188
2097152,516.883,eval/avg_episode_length,1000.0
2097152,516.883,eval/std_episode_length,0.0
2097152,516.883,eval/epoch_eval_time,26.75498390197754
2097152,516.883,eval/sps,1196.0388433511555
2621440,584.051,episode/sps,5580.785409601537
2621440,584.051,episode/length,1000.0
2621440,584.051,episode/reward/ctrl,-0.21816474631428717
2621440,584.051,episode/reward/forward,338.8487368774414
2621440,584.051,episode/reward/joint,-0.046526067778468135
2621440,584.051,episode/reward/orient,-1070.9709635162353
2621440,584.051,episode/reward/total,-732.386932926178
2621440,584.051,episode/state/forward_vel,-0.2529574900865555
2621440,584.051,episode/state/up_z,235.36495676279068
2621440,584.051,episode/sum_reward,-732.386932926178
2621440,584.051,episode/entropy_loss,-0.11406652234494687
2621440,584.051,episode/kl_mean,0.025660111100878565
2621440,584.051,episode/learning_rate,0.0003000000142492354
2621440,584.051,episode/policy_dist_max_loc,0.9905008733272552
2621440,584.051,episode/policy_dist_max_std,1.429939546585083
2621440,584.051,episode/policy_dist_mean_loc,0.007090258146636188
2621440,584.051,episode/policy_dist_mean_std,0.6953132349252701
2621440,584.051,episode/policy_dist_min_loc,-0.9974855035543442
2621440,584.051,episode/policy_dist_min_std,0.3241217905282974
2621440,584.051,episode/policy_loss,0.01183113841456361
2621440,584.051,episode/total_loss,119.15046295166016
2621440,584.051,episode/v_loss,119.2526985168457
2621440,615.708,eval/walltime,218.7097520828247
2621440,615.708,training/sps,7804.83695716114
2621440,615.708,training/walltime,385.3037874698639
2621440,615.708,training/entropy_loss,-0.11432552337646484
2621440,615.708,training/kl_mean,0.0015132769476622343
2621440,615.708,training/learning_rate,0.0003000000142492354
2621440,615.708,training/policy_dist_max_loc,1.0024161338806152
2621440,615.708,training/policy_dist_max_std,1.413439154624939
2621440,615.708,training/policy_dist_mean_loc,0.005938515067100525
2621440,615.708,training/policy_dist_mean_std,0.6959218978881836
2621440,615.708,training/policy_dist_min_loc,-0.9752424955368042
2621440,615.708,training/policy_dist_min_std,0.3295706808567047
2621440,615.708,training/policy_loss,-0.0014010865706950426
2621440,615.708,training/total_loss,131.96533203125
2621440,615.708,training/v_loss,132.08103942871094
2621440,615.708,eval/episode_reward,-850.8082275390625
2621440,615.708,eval/episode_reward/ctrl,-0.21816416084766388
2621440,615.708,eval/episode_reward/forward,344.71649169921875
2621440,615.708,eval/episode_reward/joint,-0.04239923134446144
2621440,615.708,eval/episode_reward/orient,-1195.2642822265625
2621440,615.708,eval/episode_reward/total,-850.8082275390625
2621440,615.708,eval/episode_state/forward_vel,2.334935188293457
2621440,615.708,eval/episode_state/up_z,220.32418823242188
2621440,615.708,eval/episode_reward_std,1296.1917724609375
2621440,615.708,eval/episode_reward/ctrl_std,0.002544788643717766
2621440,615.708,eval/episode_reward/forward_std,28.40607261657715
2621440,615.708,eval/episode_reward/joint_std,0.010139694437384605
2621440,615.708,eval/episode_reward/orient_std,1292.3829345703125
2621440,615.708,eval/episode_reward/total_std,1296.1917724609375
2621440,615.708,eval/episode_state/forward_vel_std,18.37201690673828
2621440,615.708,eval/episode_state/up_z_std,610.6038208007812
2621440,615.708,eval/avg_episode_length,1000.0
2621440,615.708,eval/std_episode_length,0.0
2621440,615.708,eval/epoch_eval_time,31.63444447517395
2621440,615.708,eval/sps,1011.5556170146415
3145728,686.423,episode/sps,5121.426313876072
3145728,686.423,episode/length,1000.0
3145728,686.423,episode/reward/ctrl,-0.21778194412589072
3145728,686.423,episode/reward/forward,338.2367269897461
3145728,686.423,episode/reward/joint,-0.04407962223514914
3145728,686.423,episode/reward/orient,-893.0070636558532
3145728,686.423,episode/reward/total,-555.0321002101898
3145728,686.423,episode/state/forward_vel,-1.1772750520706177
3145728,686.423,episode/state/up_z,327.54109565734865
3145728,686.423,episode/sum_reward,-555.0321002101898
3145728,686.423,episode/entropy_loss,-0.11422586135566234
3145728,686.423,episode/kl_mean,0.0034235043270746247
3145728,686.423,episode/learning_rate,0.0003000000142492354
3145728,686.423,episode/policy_dist_max_loc,0.9996020376682282
3145728,686.423,episode/policy_dist_max_std,1.4651057422161102
3145728,686.423,episode/policy_dist_mean_loc,0.006107640776317567
3145728,686.423,episode/policy_dist_mean_std,0.6956895047426224
3145728,686.423,episode/policy_dist_min_loc,-1.0277261239290238
3145728,686.423,episode/policy_dist_min_std,0.32399163246154783
3145728,686.423,episode/policy_loss,-0.00026751237164717167
3145728,686.423,episode/total_loss,128.20004638671875
3145728,686.423,episode/v_loss,128.31454010009764
3145728,719.831,eval/walltime,252.0928032398224
3145728,719.831,training/sps,7413.4028819094965
3145728,719.831,training/walltime,456.0254261493683
3145728,719.831,training/entropy_loss,-0.11443179845809937
3145728,719.831,training/kl_mean,0.0009216783801093698
3145728,719.831,training/learning_rate,0.0003000000142492354
3145728,719.831,training/policy_dist_max_loc,0.980701744556427
3145728,719.831,training/policy_dist_max_std,1.4902839660644531
3145728,719.831,training/policy_dist_mean_loc,0.004749198444187641
3145728,719.831,training/policy_dist_mean_std,0.6955370903015137
3145728,719.831,training/policy_dist_min_loc,-1.0347063541412354
3145728,719.831,training/policy_dist_min_std,0.3298247456550598
3145728,719.831,training/policy_loss,-0.001167867798358202
3145728,719.831,training/total_loss,125.88526916503906
3145728,719.831,training/v_loss,126.00086975097656
3145728,719.831,eval/episode_reward,-646.5526123046875
3145728,719.831,eval/episode_reward/ctrl,-0.21720808744430542
3145728,719.831,eval/episode_reward/forward,343.0889892578125
3145728,719.831,eval/episode_reward/joint,-0.042781680822372437
3145728,719.831,eval/episode_reward/orient,-989.3817138671875
3145728,719.831,eval/episode_reward/total,-646.5526123046875
3145728,719.831,eval/episode_state/forward_vel,2.085819721221924
3145728,719.831,eval/episode_state/up_z,303.358642578125
3145728,719.831,eval/episode_reward_std,1196.089599609375
3145728,719.831,eval/episode_reward/ctrl_std,0.002329710405319929
3145728,719.831,eval/episode_reward/forward_std,28.97589111328125
3145728,719.831,eval/episode_reward/joint_std,0.011800272390246391
3145728,719.831,eval/episode_reward/orient_std,1193.1552734375
3145728,719.831,eval/episode_reward/total_std,1196.089599609375
3145728,719.831,eval/episode_state/forward_vel_std,18.00565528869629
3145728,719.831,eval/episode_state/up_z_std,570.1082763671875
3145728,719.831,eval/avg_episode_length,1000.0
3145728,719.831,eval/std_episode_length,0.0
3145728,719.831,eval/epoch_eval_time,33.38305115699768
3145728,719.831,eval/sps,958.5702591865163
3670016,790.176,episode/sps,5053.194838516063
3670016,790.176,episode/length,1000.0
3670016,790.176,episode/reward/ctrl,-0.2173059493303299
3670016,790.176,episode/reward/forward,337.67069946289064
3670016,790.176,episode/reward/joint,-0.04516371889039874
3670016,790.176,episode/reward/orient,-857.1968764352798
3670016,790.176,episode/reward/total,-519.7887601470948
3670016,790.176,episode/state/forward_vel,-1.2222429287433625
3670016,790.176,episode/state/up_z,346.7101603770256
3670016,790.176,episode/sum_reward,-519.7887601470948
3670016,790.176,episode/entropy_loss,-0.1143487887084484
3670016,790.176,episode/kl_mean,0.0011005793223739602
3670016,790.176,episode/learning_rate,0.0003000000142492354
3670016,790.176,episode/policy_dist_max_loc,0.9846056121587753
3670016,790.176,episode/policy_dist_max_std,1.4448513174057007
3670016,790.176,episode/policy_dist_mean_loc,0.004722989759175107
3670016,790.176,episode/policy_dist_mean_std,0.6953304535150528
3670016,790.176,episode/policy_dist_min_loc,-1.0127172487974168
3670016,790.176,episode/policy_dist_min_std,0.328314728140831
3670016,790.176,episode/policy_loss,-0.0012417921170708723
3670016,790.176,episode/total_loss,124.00033599853515
3670016,790.176,episode/v_loss,124.11592681884765
3670016,822.983,eval/walltime,284.874568939209
3670016,822.983,training/sps,7452.372087153915
3670016,822.983,training/walltime,526.3772542476654
3670016,822.983,training/entropy_loss,-0.11433663964271545
3670016,822.983,training/kl_mean,0.0005074555519968271
3670016,822.983,training/learning_rate,0.0003000000142492354
3670016,822.983,training/policy_dist_max_loc,0.9642448425292969
3670016,822.983,training/policy_dist_max_std,1.4211235046386719
3670016,822.983,training/policy_dist_mean_loc,0.0032231956720352173
3670016,822.983,training/policy_dist_mean_std,0.6944663524627686
3670016,822.983,training/policy_dist_min_loc,-1.0185203552246094
3670016,822.983,training/policy_dist_min_std,0.3276742696762085
3670016,822.983,training/policy_loss,-0.0011305813677608967
3670016,822.983,training/total_loss,113.8677978515625
3670016,822.983,training/v_loss,113.98326873779297
3670016,822.983,eval/episode_reward,-410.6956787109375
3670016,822.983,eval/episode_reward/ctrl,-0.2173825204372406
3670016,822.983,eval/episode_reward/forward,338.7592468261719
3670016,822.983,eval/episode_reward/joint,-0.04659310728311539
3670016,822.983,eval/episode_reward/orient,-749.19091796875
3670016,822.983,eval/episode_reward/total,-410.6956787109375
3670016,822.983,eval/episode_state/forward_vel,0.4474110007286072
3670016,822.983,eval/episode_state/up_z,398.3605041503906
3670016,822.983,eval/episode_reward_std,1115.666015625
3670016,822.983,eval/episode_reward/ctrl_std,0.002723422134295106
3670016,822.983,eval/episode_reward/forward_std,33.33037567138672
3670016,822.983,eval/episode_reward/joint_std,0.01222299411892891
3670016,822.983,eval/episode_reward/orient_std,1124.1201171875
3670016,822.983,eval/episode_reward/total_std,1115.666015625
3670016,822.983,eval/episode_state/forward_vel_std,20.93191146850586
3670016,822.983,eval/episode_state/up_z_std,522.6054077148438
3670016,822.983,eval/avg_episode_length,1000.0
3670016,822.983,eval/std_episode_length,0.0
3670016,822.983,eval/epoch_eval_time,32.7817656993866
3670016,822.983,eval/sps,976.1524224608431
4194304,893.362,episode/sps,5081.03862516859
4194304,893.362,episode/length,1000.0
4194304,893.362,episode/reward/ctrl,-0.2171086147427559
4194304,893.362,episode/reward/forward,334.34324127197266
4194304,893.362,episode/reward/joint,-0.04541179403662682
4194304,893.362,episode/reward/orient,-741.8094780158997
4194304,893.362,episode/reward/total,-407.72873386383054
4194304,893.362,episode/state/forward_vel,-2.4892466570809484
4194304,893.362,episode/state/up_z,394.0315515136719
4194304,893.362,episode/sum_reward,-407.72873386383054
4194304,893.362,episode/entropy_loss,-0.1143758662045002
4194304,893.362,episode/kl_mean,0.0006617382302647457
4194304,893.362,episode/learning_rate,0.0003000000142492354
4194304,893.362,episode/policy_dist_max_loc,0.9636376839876175
4194304,893.362,episode/policy_dist_max_std,1.4412435102462768
4194304,893.362,episode/policy_dist_mean_loc,0.0030365767987359502
4194304,893.362,episode/policy_dist_mean_std,0.6947660058736801
4194304,893.362,episode/policy_dist_min_loc,-0.9898831516504287
4194304,893.362,episode/policy_dist_min_std,0.3338573062419891
4194304,893.362,episode/policy_loss,-0.001160015749046579
4194304,893.362,episode/total_loss,119.56850517272949
4194304,893.362,episode/v_loss,119.6840412902832
4194304,925.877,eval/walltime,317.3644621372223
4194304,925.877,training/sps,7448.739842369463
4194304,925.877,training/walltime,596.7633881568909
4194304,925.877,training/entropy_loss,-0.11437191069126129
4194304,925.877,training/kl_mean,0.0004394444986246526
4194304,925.877,training/learning_rate,0.0003000000142492354
4194304,925.877,training/policy_dist_max_loc,0.9393400549888611
4194304,925.877,training/policy_dist_max_std,1.415921688079834
4194304,925.877,training/policy_dist_mean_loc,0.0008623252506367862
4194304,925.877,training/policy_dist_mean_std,0.6941642165184021
4194304,925.877,training/policy_dist_min_loc,-0.9174419641494751
4194304,925.877,training/policy_dist_min_std,0.34569668769836426
4194304,925.877,training/policy_loss,-0.0010900754714384675
4194304,925.877,training/total_loss,116.93170166015625
4194304,925.877,training/v_loss,117.04715728759766
4194304,925.877,eval/episode_reward,-472.7337341308594
4194304,925.877,eval/episode_reward/ctrl,-0.21750634908676147
4194304,925.877,eval/episode_reward/forward,344.3848876953125
4194304,925.877,eval/episode_reward/joint,-0.04691902920603752
4194304,925.877,eval/episode_reward/orient,-816.8543090820312
4194304,925.877,eval/episode_reward/total,-472.7337341308594
4194304,925.877,eval/episode_state/forward_vel,2.5007505416870117
4194304,925.877,eval/episode_state/up_z,366.0732727050781
4194304,925.877,eval/episode_reward_std,1132.11181640625
4194304,925.877,eval/episode_reward/ctrl_std,0.002351888455450535
4194304,925.877,eval/episode_reward/forward_std,30.356552124023438
4194304,925.877,eval/episode_reward/joint_std,0.011950702406466007
4194304,925.877,eval/episode_reward/orient_std,1137.1092529296875
4194304,925.877,eval/episode_reward/total_std,1132.11181640625
4194304,925.877,eval/episode_state/forward_vel_std,18.921812057495117
4194304,925.877,eval/episode_state/up_z_std,529.264892578125
4194304,925.877,eval/avg_episode_length,1000.0
4194304,925.877,eval/std_episode_length,0.0
4194304,925.877,eval/epoch_eval_time,32.489893198013306
4194304,925.877,eval/sps,984.9216741025402
4718592,996.473,episode/sps,5084.651383093986
4718592,996.473,episode/length,1000.0
4718592,996.473,episode/reward/ctrl,-0.2172331264615059
4718592,996.473,episode/reward/forward,339.8296185302734
4718592,996.473,episode/reward/joint,-0.045205555763095616
4718592,996.473,episode/reward/orient,-797.2686298656464
4718592,996.473,episode/reward/total,-457.70138936042787
4718592,996.473,episode/state/forward_vel,-0.22487126190215348
4718592,996.473,episode/state/up_z,378.42980319976806
4718592,996.473,episode/sum_reward,-457.70138936042787
4718592,996.473,episode/entropy_loss,-0.11430533319711685
4718592,996.473,episode/kl_mean,0.00046393560856813567
4718592,996.473,episode/learning_rate,0.0003000000142492354
4718592,996.473,episode/policy_dist_max_loc,0.9554101490974426
4718592,996.473,episode/policy_dist_max_std,1.430217959880829
4718592,996.473,episode/policy_dist_mean_loc,0.000778197502918374
4718592,996.473,episode/policy_dist_mean_std,0.6942384952306747
4718592,996.473,episode/policy_dist_min_loc,-0.998905371427536
4718592,996.473,episode/policy_dist_min_std,0.3312510350346565
4718592,996.473,episode/policy_loss,-0.0010852116130990908
4718592,996.473,episode/total_loss,113.10774017333985
4718592,996.473,episode/v_loss,113.2231307220459
4718592,1027.937,eval/walltime,348.80285573005676
4718592,1027.937,training/sps,7425.8104730605255
4718592,1027.937,training/walltime,667.3668599128723
4718592,1027.937,training/entropy_loss,-0.11419116705656052
4718592,1027.937,training/kl_mean,0.00037159305065870285
4718592,1027.937,training/learning_rate,0.0003000000142492354
4718592,1027.937,training/policy_dist_max_loc,0.9596182107925415
4718592,1027.937,training/policy_dist_max_std,1.4417985677719116
4718592,1027.937,training/policy_dist_mean_loc,-0.002106796484440565
4718592,1027.937,training/policy_dist_mean_std,0.6939293146133423
4718592,1027.937,training/policy_dist_min_loc,-1.0547481775283813
4718592,1027.937,training/policy_dist_min_std,0.320782870054245
4718592,1027.937,training/policy_loss,-0.000949468812905252
4718592,1027.937,training/total_loss,106.95721435546875
4718592,1027.937,training/v_loss,107.07235717773438
4718592,1027.937,eval/episode_reward,-858.7476806640625
4718592,1027.937,eval/episode_reward/ctrl,-0.2176264226436615
4718592,1027.937,eval/episode_reward/forward,345.06585693359375
4718592,1027.937,eval/episode_reward/joint,-0.04790155589580536
4718592,1027.937,eval/episode_reward/orient,-1203.5478515625
4718592,1027.937,eval/episode_reward/total,-858.7476806640625
4718592,1027.937,eval/episode_state/forward_vel,3.093740224838257
4718592,1027.937,eval/episode_state/up_z,210.70455932617188
4718592,1027.937,eval/episode_reward_std,1391.7730712890625
4718592,1027.937,eval/episode_reward/ctrl_std,0.0021293528843671083
4718592,1027.937,eval/episode_reward/forward_std,24.739267349243164
4718592,1027.937,eval/episode_reward/joint_std,0.013381974771618843
4718592,1027.937,eval/episode_reward/orient_std,1395.2618408203125
4718592,1027.937,eval/episode_reward/total_std,1391.7730712890625
4718592,1027.937,eval/episode_state/forward_vel_std,15.084880828857422
4718592,1027.937,eval/episode_state/up_z_std,657.4072265625
4718592,1027.937,eval/avg_episode_length,1000.0
4718592,1027.937,eval/std_episode_length,0.0
4718592,1027.937,eval/epoch_eval_time,31.438393592834473
4718592,1027.937,eval/sps,1017.8637119453053
5242880,1099.048,episode/sps,5111.2757363117935
5242880,1099.048,episode/length,1000.0
5242880,1099.048,episode/reward/ctrl,-0.21721028298139572
5242880,1099.048,episode/reward/forward,342.3840698242187
5242880,1099.048,episode/reward/joint,-0.04635981073603034
5242880,1099.048,episode/reward/orient,-759.8184004330635
5242880,1099.048,episode/reward/total,-417.6981832027435
5242880,1099.048,episode/state/forward_vel,1.7446322292089462
5242880,1099.048,episode/state/up_z,395.9416230392456
5242880,1099.048,episode/sum_reward,-417.6981832027435
5242880,1099.048,episode/entropy_loss,-0.11419427342712879
5242880,1099.048,episode/kl_mean,0.00039200574232381766
5242880,1099.048,episode/learning_rate,0.0003000000142492354
5242880,1099.048,episode/policy_dist_max_loc,0.9455157309770584
5242880,1099.048,episode/policy_dist_max_std,1.4461793792247772
5242880,1099.048,episode/policy_dist_mean_loc,-0.00181653719282167
5242880,1099.048,episode/policy_dist_mean_std,0.6939287275075913
5242880,1099.048,episode/policy_dist_min_loc,-1.01886013507843
5242880,1099.048,episode/policy_dist_min_std,0.32679768741130827
5242880,1099.048,episode/policy_loss,-0.001000353669951437
5242880,1099.048,episode/total_loss,107.58832267761231
5242880,1099.048,episode/v_loss,107.70351722717285
5242880,1130.444,eval/walltime,380.17572712898254
5242880,1130.444,training/sps,7372.1059683533085
5242880,1130.444,training/walltime,738.4846656322479
5242880,1130.444,training/entropy_loss,-0.11400638520717621
5242880,1130.444,training/kl_mean,0.0003341476549394429
5242880,1130.444,training/learning_rate,0.0003000000142492354
5242880,1130.444,training/policy_dist_max_loc,0.9409111738204956
5242880,1130.444,training/policy_dist_max_std,1.4850058555603027
5242880,1130.444,training/policy_dist_mean_loc,-0.004718932323157787
5242880,1130.444,training/policy_dist_mean_std,0.693655252456665
5242880,1130.444,training/policy_dist_min_loc,-1.0862782001495361
5242880,1130.444,training/policy_dist_min_std,0.3118594288825989
5242880,1130.444,training/policy_loss,-0.0008634598925709724
5242880,1130.444,training/total_loss,98.99394226074219
5242880,1130.444,training/v_loss,99.10881042480469
5242880,1130.444,eval/episode_reward,-338.6221923828125
5242880,1130.444,eval/episode_reward/ctrl,-0.21655014157295227
5242880,1130.444,eval/episode_reward/forward,337.09893798828125
5242880,1130.444,eval/episode_reward/joint,-0.047965917736291885
5242880,1130.444,eval/episode_reward/orient,-675.4566650390625
5242880,1130.444,eval/episode_reward/total,-338.6221923828125
5242880,1130.444,eval/episode_state/forward_vel,-2.223001003265381
5242880,1130.444,eval/episode_state/up_z,446.4004821777344
5242880,1130.444,eval/episode_reward_std,1078.6097412109375
5242880,1130.444,eval/episode_reward/ctrl_std,0.0020341789349913597
5242880,1130.444,eval/episode_reward/forward_std,31.931018829345703
5242880,1130.444,eval/episode_reward/joint_std,0.010383563116192818
5242880,1130.444,eval/episode_reward/orient_std,1079.0997314453125
5242880,1130.444,eval/episode_reward/total_std,1078.6097412109375
5242880,1130.444,eval/episode_state/forward_vel_std,19.56745719909668
5242880,1130.444,eval/episode_state/up_z_std,518.5663452148438
5242880,1130.444,eval/avg_episode_length,1000.0
5242880,1130.444,eval/std_episode_length,0.0
5242880,1130.444,eval/epoch_eval_time,31.37287139892578
5242880,1130.444,eval/sps,1019.9895187501292
5767168,1201.501,episode/sps,5117.343804994474
5767168,1201.501,episode/length,1000.0
5767168,1201.501,episode/reward/ctrl,-0.21729309901595115
5767168,1201.501,episode/reward/forward,338.38454864501955
5767168,1201.501,episode/reward/joint,-0.04827422576025128
5767168,1201.501,episode/reward/orient,-493.36405984401705
5767168,1201.501,episode/reward/total,-155.24506723165513
5767168,1201.501,episode/state/forward_vel,-0.42444213390350344
5767168,1201.501,episode/state/up_z,522.5729757237434
5767168,1201.501,episode/sum_reward,-155.24506723165513
5767168,1201.501,episode/entropy_loss,-0.11405140824615956
5767168,1201.501,episode/kl_mean,0.0003568223361799028
5767168,1201.501,episode/learning_rate,0.0003000000142492354
5767168,1201.501,episode/policy_dist_max_loc,0.9464700907468796
5767168,1201.501,episode/policy_dist_max_std,1.4670923888683318
5767168,1201.501,episode/policy_dist_mean_loc,-0.004511881147077474
5767168,1201.501,episode/policy_dist_mean_std,0.6936432391405105
5767168,1201.501,episode/policy_dist_min_loc,-1.0787103724479676
5767168,1201.501,episode/policy_dist_min_std,0.31585164785385134
5767168,1201.501,episode/policy_loss,-0.000892346603795886
5767168,1201.501,episode/total_loss,98.18616378784179
5767168,1201.501,episode/v_loss,98.3011075592041
5767168,1234.033,eval/walltime,412.684232711792
5767168,1234.033,training/sps,7377.71089736732
5767168,1234.033,training/walltime,809.548442363739
5767168,1234.033,training/entropy_loss,-0.11392462253570557
5767168,1234.033,training/kl_mean,0.0003342922718729824
5767168,1234.033,training/learning_rate,0.0003000000142492354
5767168,1234.033,training/policy_dist_max_loc,0.9442452192306519
5767168,1234.033,training/policy_dist_max_std,1.4811623096466064
5767168,1234.033,training/policy_dist_mean_loc,-0.007300581783056259
5767168,1234.033,training/policy_dist_mean_std,0.6932918429374695
5767168,1234.033,training/policy_dist_min_loc,-1.112056016921997
5767168,1234.033,training/policy_dist_min_std,0.3114311695098877
5767168,1234.033,training/policy_loss,-0.000725495396181941
5767168,1234.033,training/total_loss,86.40384674072266
5767168,1234.033,training/v_loss,86.51849365234375
5767168,1234.033,eval/episode_reward,-94.97846984863281
5767168,1234.033,eval/episode_reward/ctrl,-0.21703830361366272
5767168,1234.033,eval/episode_reward/forward,339.792236328125
5767168,1234.033,eval/episode_reward/joint,-0.04968779906630516
5767168,1234.033,eval/episode_reward/orient,-434.5039367675781
5767168,1234.033,eval/episode_reward/total,-94.97846984863281
5767168,1234.033,eval/episode_state/forward_vel,-0.1002964973449707
5767168,1234.033,eval/episode_state/up_z,548.159423828125
5767168,1234.033,eval/episode_reward_std,748.759033203125
5767168,1234.033,eval/episode_reward/ctrl_std,0.002645097440108657
5767168,1234.033,eval/episode_reward/forward_std,27.837228775024414
5767168,1234.033,eval/episode_reward/joint_std,0.015230194665491581
5767168,1234.033,eval/episode_reward/orient_std,742.1488647460938
5767168,1234.033,eval/episode_reward/total_std,748.759033203125
5767168,1234.033,eval/episode_state/forward_vel_std,16.9688777923584
5767168,1234.033,eval/episode_state/up_z_std,380.32244873046875
5767168,1234.033,eval/avg_episode_length,1000.0
5767168,1234.033,eval/std_episode_length,0.0
5767168,1234.033,eval/epoch_eval_time,32.50850558280945
5767168,1234.033,eval/sps,984.3577681073612
6291456,1304.751,episode/sps,5077.868334384062
6291456,1304.751,episode/length,1000.0
6291456,1304.751,episode/reward/ctrl,-0.21722705215215682
6291456,1304.751,episode/reward/forward,342.1226220703125
6291456,1304.751,episode/reward/joint,-0.04848428199067712
6291456,1304.751,episode/reward/orient,-575.1532950115204
6291456,1304.751,episode/reward/total,-233.29644839763642
6291456,1304.751,episode/state/forward_vel,1.24921187274158
6291456,1304.751,episode/state/up_z,497.0205603027344
6291456,1304.751,episode/sum_reward,-233.29644839763642
6291456,1304.751,episode/entropy_loss,-0.11396969012916087
6291456,1304.751,episode/kl_mean,0.00033944506008992903
6291456,1304.751,episode/learning_rate,0.0003000000142492354
6291456,1304.751,episode/policy_dist_max_loc,0.9404149174690246
6291456,1304.751,episode/policy_dist_max_std,1.4804724061489105
6291456,1304.751,episode/policy_dist_mean_loc,-0.007038514793384821
6291456,1304.751,episode/policy_dist_mean_std,0.6934850609302521
6291456,1304.751,episode/policy_dist_min_loc,-1.0813171029090882
6291456,1304.751,episode/policy_dist_min_std,0.3154994648694992
6291456,1304.751,episode/policy_loss,-0.0008245043311035261
6291456,1304.751,episode/total_loss,89.23268962860108
6291456,1304.751,episode/v_loss,89.34748405456543
6291456,1336.949,eval/walltime,444.85928893089294
6291456,1336.949,training/sps,7412.945626888534
6291456,1336.949,training/walltime,880.2744433879852
6291456,1336.949,training/entropy_loss,-0.11394228041172028
6291456,1336.949,training/kl_mean,0.0003255580668337643
6291456,1336.949,training/learning_rate,0.0003000000142492354
6291456,1336.949,training/policy_dist_max_loc,0.9290831089019775
6291456,1336.949,training/policy_dist_max_std,1.482965111732483
6291456,1336.949,training/policy_dist_mean_loc,-0.009589124470949173
6291456,1336.949,training/policy_dist_mean_std,0.6934415102005005
6291456,1336.949,training/policy_dist_min_loc,-1.046067476272583
6291456,1336.949,training/policy_dist_min_std,0.3216742277145386
6291456,1336.949,training/policy_loss,-0.0007691341452300549
6291456,1336.949,training/total_loss,80.11695098876953
6291456,1336.949,training/v_loss,80.2316665649414
6291456,1336.949,eval/episode_reward,-170.8382568359375
6291456,1336.949,eval/episode_reward/ctrl,-0.2171315848827362
6291456,1336.949,eval/episode_reward/forward,353.82989501953125
6291456,1336.949,eval/episode_reward/joint,-0.050956375896930695
6291456,1336.949,eval/episode_reward/orient,-524.4002685546875
6291456,1336.949,eval/episode_reward/total,-170.8382568359375
6291456,1336.949,eval/episode_state/forward_vel,8.957736015319824
6291456,1336.949,eval/episode_state/up_z,516.0458984375
6291456,1336.949,eval/episode_reward_std,959.8192749023438
6291456,1336.949,eval/episode_reward/ctrl_std,0.0021832813508808613
6291456,1336.949,eval/episode_reward/forward_std,18.46099281311035
6291456,1336.949,eval/episode_reward/joint_std,0.011818761005997658
6291456,1336.949,eval/episode_reward/orient_std,962.8565063476562
6291456,1336.949,eval/episode_reward/total_std,959.8192749023438
6291456,1336.949,eval/episode_state/forward_vel_std,12.3607759475708
6291456,1336.949,eval/episode_state/up_z_std,464.5736999511719
6291456,1336.949,eval/avg_episode_length,1000.0
6291456,1336.949,eval/std_episode_length,0.0
6291456,1336.949,eval/epoch_eval_time,32.17505621910095
6291456,1336.949,eval/sps,994.5592567761536
6815744,1407.959,episode/sps,5079.897288887104
6815744,1407.959,episode/length,1000.0
6815744,1407.959,episode/reward/ctrl,-0.21781837120652198
6815744,1407.959,episode/reward/forward,340.93143188476563
6815744,1407.959,episode/reward/joint,-0.04828296041116118
6815744,1407.959,episode/reward/orient,-701.4681124210358
6815744,1407.959,episode/reward/total,-360.8028519839048
6815744,1407.959,episode/state/forward_vel,0.13936516396701337
6815744,1407.959,episode/state/up_z,409.3039246749878
6815744,1407.959,episode/sum_reward,-360.8028519839048
6815744,1407.959,episode/entropy_loss,-0.11388227552175521
6815744,1407.959,episode/kl_mean,0.00034228745673317465
6815744,1407.959,episode/learning_rate,0.0003000000142492354
6815744,1407.959,episode/policy_dist_max_loc,0.9329259276390076
6815744,1407.959,episode/policy_dist_max_std,1.4979189121723175
6815744,1407.959,episode/policy_dist_mean_loc,-0.009648933140560985
6815744,1407.959,episode/policy_dist_mean_std,0.693367651104927
6815744,1407.959,episode/policy_dist_min_loc,-1.09571146607399
6815744,1407.959,episode/policy_dist_min_std,0.31296913921833036
6815744,1407.959,episode/policy_loss,-0.0007661839739012067
6815744,1407.959,episode/total_loss,80.10603546142578
6815744,1407.959,episode/v_loss,80.22068439483643
6815744,1440.876,eval/walltime,477.7520112991333
6815744,1440.876,training/sps,7382.551240824705
6815744,1440.876,training/walltime,951.291627407074
6815744,1440.876,training/entropy_loss,-0.11376187205314636
6815744,1440.876,training/kl_mean,0.00034940766636282206
6815744,1440.876,training/learning_rate,0.0003000000142492354
6815744,1440.876,training/policy_dist_max_loc,0.9285745620727539
6815744,1440.876,training/policy_dist_max_std,1.5318474769592285
6815744,1440.876,training/policy_dist_mean_loc,-0.012521445751190186
6815744,1440.876,training/policy_dist_mean_std,0.6933165788650513
6815744,1440.876,training/policy_dist_min_loc,-1.130502700805664
6815744,1440.876,training/policy_dist_min_std,0.30829674005508423
6815744,1440.876,training/policy_loss,-0.000710959080606699
6815744,1440.876,training/total_loss,72.19197082519531
6815744,1440.876,training/v_loss,72.30644226074219
6815744,1440.876,eval/episode_reward,-15.65626335144043
6815744,1440.876,eval/episode_reward/ctrl,-0.2175247073173523
6815744,1440.876,eval/episode_reward/forward,337.58795166015625
6815744,1440.876,eval/episode_reward/joint,-0.05087345466017723
6815744,1440.876,eval/episode_reward/orient,-352.9757385253906
6815744,1440.876,eval/episode_reward/total,-15.65626335144043
6815744,1440.876,eval/episode_state/forward_vel,-1.1431934833526611
6815744,1440.876,eval/episode_state/up_z,578.6812744140625
6815744,1440.876,eval/episode_reward_std,658.361328125
6815744,1440.876,eval/episode_reward/ctrl_std,0.0014561413554474711
6815744,1440.876,eval/episode_reward/forward_std,32.11861801147461
6815744,1440.876,eval/episode_reward/joint_std,0.014180926606059074
6815744,1440.876,eval/episode_reward/orient_std,661.74072265625
6815744,1440.876,eval/episode_reward/total_std,658.361328125
6815744,1440.876,eval/episode_state/forward_vel_std,19.72698211669922
6815744,1440.876,eval/episode_state/up_z_std,342.4130554199219
6815744,1440.876,eval/avg_episode_length,1000.0
6815744,1440.876,eval/std_episode_length,0.0
6815744,1440.876,eval/epoch_eval_time,32.892722368240356
6815744,1440.876,eval/sps,972.8595779258962
7340032,1512.418,episode/sps,5019.103135244187
7340032,1512.418,episode/length,1000.0
7340032,1512.418,episode/reward/ctrl,-0.21751555904746056
7340032,1512.418,episode/reward/forward,339.971325378418
7340032,1512.418,episode/reward/joint,-0.050065667312592266
7340032,1512.418,episode/reward/orient,-593.1034232330322
7340032,1512.418,episode/reward/total,-253.39971143245697
7340032,1512.418,episode/state/forward_vel,-0.17757260195910932
7340032,1512.418,episode/state/up_z,484.46078050613403
7340032,1512.418,episode/sum_reward,-253.39971143245697
7340032,1512.418,episode/entropy_loss,-0.11383627451956273
7340032,1512.418,episode/kl_mean,0.0003595751104876399
7340032,1512.418,episode/learning_rate,0.0003000000142492354
7340032,1512.418,episode/policy_dist_max_loc,0.9229811108112336
7340032,1512.418,episode/policy_dist_max_std,1.500756504535675
7340032,1512.418,episode/policy_dist_mean_loc,-0.01231915749143809
7340032,1512.418,episode/policy_dist_mean_std,0.6933773750066757
7340032,1512.418,episode/policy_dist_min_loc,-1.092579235434532
7340032,1512.418,episode/policy_dist_min_std,0.3126041305065155
7340032,1512.418,episode/policy_loss,-0.0007654860756883863
7340032,1512.418,episode/total_loss,74.01794811248779
7340032,1512.418,episode/v_loss,74.13255027770997
7340032,1544.941,eval/walltime,510.2499077320099
7340032,1544.941,training/sps,7327.759796934628
7340032,1544.941,training/walltime,1022.8398241996765
7340032,1544.941,training/entropy_loss,-0.11378531157970428
7340032,1544.941,training/kl_mean,0.00038913305616006255
7340032,1544.941,training/learning_rate,0.0003000000142492354
7340032,1544.941,training/policy_dist_max_loc,0.9120746850967407
7340032,1544.941,training/policy_dist_max_std,1.4937100410461426
7340032,1544.941,training/policy_dist_mean_loc,-0.015380984172224998
7340032,1544.941,training/policy_dist_mean_std,0.6933697462081909
7340032,1544.941,training/policy_dist_min_loc,-1.106071949005127
7340032,1544.941,training/policy_dist_min_std,0.30789613723754883
7340032,1544.941,training/policy_loss,-0.0007273643277585506
7340032,1544.941,training/total_loss,67.99358367919922
7340032,1544.941,training/v_loss,68.10809326171875
7340032,1544.941,eval/episode_reward,19.879676818847656
7340032,1544.941,eval/episode_reward/ctrl,-0.21844029426574707
7340032,1544.941,eval/episode_reward/forward,346.2589416503906
7340032,1544.941,eval/episode_reward/joint,-0.05419075861573219
7340032,1544.941,eval/episode_reward/orient,-326.106689453125
7340032,1544.941,eval/episode_reward/total,19.879676818847656
7340032,1544.941,eval/episode_state/forward_vel,4.147823333740234
7340032,1544.941,eval/episode_state/up_z,631.5404052734375
7340032,1544.941,eval/episode_reward_std,665.8261108398438
7340032,1544.941,eval/episode_reward/ctrl_std,0.0022267946042120457
7340032,1544.941,eval/episode_reward/forward_std,27.322046279907227
7340032,1544.941,eval/episode_reward/joint_std,0.012493874877691269
7340032,1544.941,eval/episode_reward/orient_std,664.726806640625
7340032,1544.941,eval/episode_reward/total_std,665.8261108398438
7340032,1544.941,eval/episode_state/forward_vel_std,17.1961612701416
7340032,1544.941,eval/episode_state/up_z_std,350.66644287109375
7340032,1544.941,eval/avg_episode_length,1000.0
7340032,1544.941,eval/std_episode_length,0.0
7340032,1544.941,eval/epoch_eval_time,32.49789643287659
7340032,1544.941,eval/sps,984.6791181113837
7864320,1616.301,episode/sps,5046.924507281974
7864320,1616.301,episode/length,1000.0
7864320,1616.301,episode/reward/ctrl,-0.217824090719223
7864320,1616.301,episode/reward/forward,341.2356234741211
7864320,1616.301,episode/reward/joint,-0.05009860888123512
7864320,1616.301,episode/reward/orient,-666.8967015981674
7864320,1616.301,episode/reward/total,-325.92895098686216
7864320,1616.301,episode/state/forward_vel,0.6109019203856587
7864320,1616.301,episode/state/up_z,452.1586328125
7864320,1616.301,episode/sum_reward,-325.92895098686216
7864320,1616.301,episode/entropy_loss,-0.11376556873321533
7864320,1616.301,episode/kl_mean,0.0003848687862046063
7864320,1616.301,episode/learning_rate,0.0003000000142492354
7864320,1616.301,episode/policy_dist_max_loc,0.8991186648607254
7864320,1616.301,episode/policy_dist_max_std,1.4990644299983977
7864320,1616.301,episode/policy_dist_mean_loc,-0.015030397502705455
7864320,1616.301,episode/policy_dist_mean_std,0.6932863825559616
7864320,1616.301,episode/policy_dist_min_loc,-1.1086250990629196
7864320,1616.301,episode/policy_dist_min_std,0.3134489104151726
7864320,1616.301,episode/policy_loss,-0.0007738433084159623
7864320,1616.301,episode/total_loss,69.26904781341553
7864320,1616.301,episode/v_loss,69.38358722686768
7864320,1648.283,eval/walltime,542.207307100296
7864320,1648.283,training/sps,7346.429544219569
7864320,1648.283,training/walltime,1094.2061929702759
7864320,1648.283,training/entropy_loss,-0.11373218894004822
7864320,1648.283,training/kl_mean,0.0004067382833454758
7864320,1648.283,training/learning_rate,0.0003000000142492354
7864320,1648.283,training/policy_dist_max_loc,0.8564384579658508
7864320,1648.283,training/policy_dist_max_std,1.4708871841430664
7864320,1648.283,training/policy_dist_mean_loc,-0.017765045166015625
7864320,1648.283,training/policy_dist_mean_std,0.6931596994400024
7864320,1648.283,training/policy_dist_min_loc,-1.1006360054016113
7864320,1648.283,training/policy_dist_min_std,0.3225517272949219
7864320,1648.283,training/policy_loss,-0.0007979458896443248
7864320,1648.283,training/total_loss,66.3367691040039
7864320,1648.283,training/v_loss,66.4512939453125
7864320,1648.283,eval/episode_reward,-18.26026153564453
7864320,1648.283,eval/episode_reward/ctrl,-0.21757352352142334
7864320,1648.283,eval/episode_reward/forward,340.8254699707031
7864320,1648.283,eval/episode_reward/joint,-0.04754587262868881
7864320,1648.283,eval/episode_reward/orient,-358.8204345703125
7864320,1648.283,eval/episode_reward/total,-18.26026153564453
7864320,1648.283,eval/episode_state/forward_vel,-0.6416337490081787
7864320,1648.283,eval/episode_state/up_z,588.7734375
7864320,1648.283,eval/episode_reward_std,626.72412109375
7864320,1648.283,eval/episode_reward/ctrl_std,0.0020327449310570955
7864320,1648.283,eval/episode_reward/forward_std,25.642498016357422
7864320,1648.283,eval/episode_reward/joint_std,0.013496269471943378
7864320,1648.283,eval/episode_reward/orient_std,629.2734375
7864320,1648.283,eval/episode_reward/total_std,626.72412109375
7864320,1648.283,eval/episode_state/forward_vel_std,16.677066802978516
7864320,1648.283,eval/episode_state/up_z_std,351.4510192871094
7864320,1648.283,eval/avg_episode_length,1000.0
7864320,1648.283,eval/std_episode_length,0.0
7864320,1648.283,eval/epoch_eval_time,31.957399368286133
7864320,1648.283,eval/sps,1001.3330443827085
8388608,1719.637,episode/sps,5073.6217654862885
8388608,1719.637,episode/length,1000.0
8388608,1719.637,episode/reward/ctrl,-0.21737937837839127
8388608,1719.637,episode/reward/forward,339.302971496582
8388608,1719.637,episode/reward/joint,-0.05209622416645288
8388608,1719.637,episode/reward/orient,-433.5724876093864
8388608,1719.637,episode/reward/total,-94.53891832351684
8388608,1719.637,episode/state/forward_vel,-0.8168966811895371
8388608,1719.637,episode/state/up_z,571.7900819396973
8388608,1719.637,episode/sum_reward,-94.53891832351684
8388608,1719.637,episode/entropy_loss,-0.11370583087205886
8388608,1719.637,episode/kl_mean,0.0004768419949687086
8388608,1719.637,episode/learning_rate,0.0003000000142492354
8388608,1719.637,episode/policy_dist_max_loc,0.8707642197608948
8388608,1719.637,episode/policy_dist_max_std,1.4834209716320037
8388608,1719.637,episode/policy_dist_mean_loc,-0.01844955316744745
8388608,1719.637,episode/policy_dist_mean_std,0.6932820522785187
8388608,1719.637,episode/policy_dist_min_loc,-1.104781436920166
8388608,1719.637,episode/policy_dist_min_std,0.31536205917596816
8388608,1719.637,episode/policy_loss,-0.0008628634420165326
8388608,1719.637,episode/total_loss,60.3360876083374
8388608,1719.637,episode/v_loss,60.45065605163574
8388608,1752.235,eval/walltime,574.7815937995911
8388608,1752.235,training/sps,7347.032583972111
8388608,1752.235,training/walltime,1165.5667040348053
8388608,1752.235,training/entropy_loss,-0.11358381062746048
8388608,1752.235,training/kl_mean,0.000629825284704566
8388608,1752.235,training/learning_rate,0.0003000000142492354
8388608,1752.235,training/policy_dist_max_loc,0.8362628221511841
8388608,1752.235,training/policy_dist_max_std,1.4784588813781738
8388608,1752.235,training/policy_dist_mean_loc,-0.022829513996839523
8388608,1752.235,training/policy_dist_mean_std,0.6933057308197021
8388608,1752.235,training/policy_dist_min_loc,-1.099026083946228
8388608,1752.235,training/policy_dist_min_std,0.31755757331848145
8388608,1752.235,training/policy_loss,-0.0010050972923636436
8388608,1752.235,training/total_loss,45.76667785644531
8388608,1752.235,training/v_loss,45.881263732910156
8388608,1752.235,eval/episode_reward,144.55715942382812
8388608,1752.235,eval/episode_reward/ctrl,-0.2185528576374054
8388608,1752.235,eval/episode_reward/forward,344.27825927734375
8388608,1752.235,eval/episode_reward/joint,-0.05597011372447014
8388608,1752.235,eval/episode_reward/orient,-199.44656372070312
8388608,1752.235,eval/episode_reward/total,144.55715942382812
8388608,1752.235,eval/episode_state/forward_vel,2.231940746307373
8388608,1752.235,eval/episode_state/up_z,697.3653564453125
8388608,1752.235,eval/episode_reward_std,510.88458251953125
8388608,1752.235,eval/episode_reward/ctrl_std,0.002579438965767622
8388608,1752.235,eval/episode_reward/forward_std,20.6724853515625
8388608,1752.235,eval/episode_reward/joint_std,0.011844966560602188
8388608,1752.235,eval/episode_reward/orient_std,513.9789428710938
8388608,1752.235,eval/episode_reward/total_std,510.88458251953125
8388608,1752.235,eval/episode_state/forward_vel_std,13.718990325927734
8388608,1752.235,eval/episode_state/up_z_std,277.1634216308594
8388608,1752.235,eval/avg_episode_length,1000.0
8388608,1752.235,eval/std_episode_length,0.0
8388608,1752.235,eval/epoch_eval_time,32.574286699295044
8388608,1752.235,eval/sps,982.3699378409575
8912896,1824.103,episode/sps,5018.74238616219
8912896,1824.103,episode/length,1000.0
8912896,1824.103,episode/reward/ctrl,-0.2176924967765808
8912896,1824.103,episode/reward/forward,342.3231857299805
8912896,1824.103,episode/reward/joint,-0.052858393415808676
8912896,1824.103,episode/reward/orient,-487.9382446062565
8912896,1824.103,episode/reward/total,-145.88557554244994
8912896,1824.103,episode/state/forward_vel,1.4102324564754962
8912896,1824.103,episode/state/up_z,540.8384264755249
8912896,1824.103,episode/sum_reward,-145.88557554244994
8912896,1824.103,episode/entropy_loss,-0.1136417156457901
8912896,1824.103,episode/kl_mean,0.0005426509564858861
8912896,1824.103,episode/learning_rate,0.0003000000142492354
8912896,1824.103,episode/policy_dist_max_loc,0.8426962631940842
8912896,1824.103,episode/policy_dist_max_std,1.4930767011642456
8912896,1824.103,episode/policy_dist_mean_loc,-0.022434693574905396
8912896,1824.103,episode/policy_dist_mean_std,0.6934000462293625
8912896,1824.103,episode/policy_dist_min_loc,-1.123801020383835
8912896,1824.103,episode/policy_dist_min_std,0.3139443784952164
8912896,1824.103,episode/policy_loss,-0.0008805214871244971
8912896,1824.103,episode/total_loss,53.31073402404785
8912896,1824.103,episode/v_loss,53.42525608062744
8912896,1850.900,eval/walltime,601.5561890602112
8912896,1850.900,training/sps,7294.517620449092
8912896,1850.900,training/walltime,1237.4409563541412
8912896,1850.900,training/entropy_loss,-0.11358535289764404
8912896,1850.900,training/kl_mean,0.000587262911722064
8912896,1850.900,training/learning_rate,0.0003000000142492354
8912896,1850.900,training/policy_dist_max_loc,0.8285238146781921
8912896,1850.900,training/policy_dist_max_std,1.5258662700653076
8912896,1850.900,training/policy_dist_mean_loc,-0.02747284807264805
8912896,1850.900,training/policy_dist_mean_std,0.6937167048454285
8912896,1850.900,training/policy_dist_min_loc,-1.1714022159576416
8912896,1850.900,training/policy_dist_min_std,0.30196279287338257
8912896,1850.900,training/policy_loss,-0.0007654993096366525
8912896,1850.900,training/total_loss,45.49050521850586
8912896,1850.900,training/v_loss,45.6048583984375
8912896,1850.900,eval/episode_reward,133.80067443847656
8912896,1850.900,eval/episode_reward/ctrl,-0.21809838712215424
8912896,1850.900,eval/episode_reward/forward,338.810791015625
8912896,1850.900,eval/episode_reward/joint,-0.04799845069646835
8912896,1850.900,eval/episode_reward/orient,-204.74404907226562
8912896,1850.900,eval/episode_reward/total,133.80067443847656
8912896,1850.900,eval/episode_state/forward_vel,-1.518969178199768
8912896,1850.900,eval/episode_state/up_z,725.8942260742188
8912896,1850.900,eval/episode_reward_std,562.557861328125
8912896,1850.900,eval/episode_reward/ctrl_std,0.0026337341405451298
8912896,1850.900,eval/episode_reward/forward_std,27.491832733154297
8912896,1850.900,eval/episode_reward/joint_std,0.01552041620016098
8912896,1850.900,eval/episode_reward/orient_std,558.349853515625
8912896,1850.900,eval/episode_reward/total_std,562.557861328125
8912896,1850.900,eval/episode_state/forward_vel_std,15.882408142089844
8912896,1850.900,eval/episode_state/up_z_std,305.06396484375
8912896,1850.900,eval/avg_episode_length,1000.0
8912896,1850.900,eval/std_episode_length,0.0
8912896,1850.900,eval/epoch_eval_time,26.774595260620117
8912896,1850.900,eval/sps,1195.162791015757
9437184,1918.918,episode/sps,5529.574874485191
9437184,1918.918,episode/length,1000.0
9437184,1918.918,episode/reward/ctrl,-0.2181893914937973
9437184,1918.918,episode/reward/forward,334.7402360534668
9437184,1918.918,episode/reward/joint,-0.05080339476466179
9437184,1918.918,episode/reward/orient,-372.280819838047
9437184,1918.918,episode/reward/total,-37.80965680122375
9437184,1918.918,episode/state/forward_vel,-4.086536176204682
9437184,1918.918,episode/state/up_z,636.571166381836
9437184,1918.918,episode/sum_reward,-37.80965680122375
9437184,1918.918,episode/entropy_loss,-0.11362971559166908
9437184,1918.918,episode/kl_mean,0.0005915970294154249
9437184,1918.918,episode/learning_rate,0.0003000000142492354
9437184,1918.918,episode/policy_dist_max_loc,0.8126665472984314
9437184,1918.918,episode/policy_dist_max_std,1.5026184368133544
9437184,1918.918,episode/policy_dist_mean_loc,-0.026633755173534154
9437184,1918.918,episode/policy_dist_mean_std,0.6936944335699081
9437184,1918.918,episode/policy_dist_min_loc,-1.1299121850728988
9437184,1918.918,episode/policy_dist_min_std,0.3081174129247665
9437184,1918.918,episode/policy_loss,-0.0008955551170220133
9437184,1918.918,episode/total_loss,46.33951688766479
9437184,1918.918,episode/v_loss,46.45404224395752
9437184,1951.288,eval/walltime,633.8998441696167
9437184,1951.288,training/sps,7707.24379974653
9437184,1951.288,training/walltime,1305.46631193161
9437184,1951.288,training/entropy_loss,-0.1137174740433693
9437184,1951.288,training/kl_mean,0.0005506963934749365
9437184,1951.288,training/learning_rate,0.0003000000142492354
9437184,1951.288,training/policy_dist_max_loc,0.769538164138794
9437184,1951.288,training/policy_dist_max_std,1.5056560039520264
9437184,1951.288,training/policy_dist_mean_loc,-0.030548017472028732
9437184,1951.288,training/policy_dist_mean_std,0.6941273808479309
9437184,1951.288,training/policy_dist_min_loc,-1.1164956092834473
9437184,1951.288,training/policy_dist_min_std,0.30372342467308044
9437184,1951.288,training/policy_loss,-0.0008190845837816596
9437184,1951.288,training/total_loss,45.582000732421875
9437184,1951.288,training/v_loss,45.69654083251953
9437184,1951.288,eval/episode_reward,249.3007354736328
9437184,1951.288,eval/episode_reward/ctrl,-0.21701037883758545
9437184,1951.288,eval/episode_reward/forward,342.8304138183594
9437184,1951.288,eval/episode_reward/joint,-0.04677369445562363
9437184,1951.288,eval/episode_reward/orient,-93.26588439941406
9437184,1951.288,eval/episode_reward/total,249.3007354736328
9437184,1951.288,eval/episode_state/forward_vel,-0.1783551573753357
9437184,1951.288,eval/episode_state/up_z,810.632568359375
9437184,1951.288,eval/episode_reward_std,183.36923217773438
9437184,1951.288,eval/episode_reward/ctrl_std,0.0026237638667225838
9437184,1951.288,eval/episode_reward/forward_std,19.87723159790039
9437184,1951.288,eval/episode_reward/joint_std,0.010809763334691525
9437184,1951.288,eval/episode_reward/orient_std,191.06468200683594
9437184,1951.288,eval/episode_reward/total_std,183.36923217773438
9437184,1951.288,eval/episode_state/forward_vel_std,12.397117614746094
9437184,1951.288,eval/episode_state/up_z_std,194.40850830078125
9437184,1951.288,eval/avg_episode_length,1000.0
9437184,1951.288,eval/std_episode_length,0.0
9437184,1951.288,eval/epoch_eval_time,32.34365510940552
9437184,1951.288,eval/sps,989.3748833196782
9961472,2022.729,episode/sps,5050.38633873361
9961472,2022.729,episode/length,1000.0
9961472,2022.729,episode/reward/ctrl,-0.21790302246809007
9961472,2022.729,episode/reward/forward,346.5690121459961
9961472,2022.729,episode/reward/joint,-0.05070236982777715
9961472,2022.729,episode/reward/orient,-208.00167208075524
9961472,2022.729,episode/reward/total,138.29872014522553
9961472,2022.729,episode/state/forward_vel,3.1630136198550463
9961472,2022.729,episode/state/up_z,718.7938994979859
9961472,2022.729,episode/sum_reward,138.29872014522553
9961472,2022.729,episode/entropy_loss,-0.11377613261342048
9961472,2022.729,episode/kl_mean,0.000640750065795146
9961472,2022.729,episode/learning_rate,0.0003000000142492354
9961472,2022.729,episode/policy_dist_max_loc,0.7751829659938813
9961472,2022.729,episode/policy_dist_max_std,1.5061664640903474
9961472,2022.729,episode/policy_dist_mean_loc,-0.030474598351866007
9961472,2022.729,episode/policy_dist_mean_std,0.6942394602298737
9961472,2022.729,episode/policy_dist_min_loc,-1.135574899315834
9961472,2022.729,episode/policy_dist_min_std,0.30470113396644594
9961472,2022.729,episode/policy_loss,-0.0009029769207700156
9961472,2022.729,episode/total_loss,43.25875665664673
9961472,2022.729,episode/v_loss,43.373435974121094
9961472,2055.569,eval/walltime,666.717387676239
9961472,2055.569,training/sps,7338.046441260637
9961472,2055.569,training/walltime,1376.9142107963562
9961472,2055.569,training/entropy_loss,-0.11403553932905197
9961472,2055.569,training/kl_mean,0.0007268651970662177
9961472,2055.569,training/learning_rate,0.0003000000142492354
9961472,2055.569,training/policy_dist_max_loc,0.7241606712341309
9961472,2055.569,training/policy_dist_max_std,1.4925954341888428
9961472,2055.569,training/policy_dist_mean_loc,-0.03421790897846222
9961472,2055.569,training/policy_dist_mean_std,0.6949551105499268
9961472,2055.569,training/policy_dist_min_loc,-1.1200381517410278
9961472,2055.569,training/policy_dist_min_std,0.30744561553001404
9961472,2055.569,training/policy_loss,-0.0009863905142992735
9961472,2055.569,training/total_loss,38.52170944213867
9961472,2055.569,training/v_loss,38.63673400878906
9961472,2055.569,eval/episode_reward,112.35710144042969
9961472,2055.569,eval/episode_reward/ctrl,-0.21840935945510864
9961472,2055.569,eval/episode_reward/forward,339.19134521484375
9961472,2055.569,eval/episode_reward/joint,-0.045030854642391205
9961472,2055.569,eval/episode_reward/orient,-226.57080078125
9961472,2055.569,eval/episode_reward/total,112.35710144042969
9961472,2055.569,eval/episode_state/forward_vel,-2.7306861877441406
9961472,2055.569,eval/episode_state/up_z,769.8975219726562
9961472,2055.569,eval/episode_reward_std,639.6209106445312
9961472,2055.569,eval/episode_reward/ctrl_std,0.0021067671477794647
9961472,2055.569,eval/episode_reward/forward_std,22.235212326049805
9961472,2055.569,eval/episode_reward/joint_std,0.00969004351645708
9961472,2055.569,eval/episode_reward/orient_std,638.2863159179688
9961472,2055.569,eval/episode_reward/total_std,639.6209106445312
9961472,2055.569,eval/episode_state/forward_vel_std,13.582079887390137
9961472,2055.569,eval/episode_state/up_z_std,370.1153259277344
9961472,2055.569,eval/avg_episode_length,1000.0
9961472,2055.569,eval/std_episode_length,0.0
9961472,2055.569,eval/epoch_eval_time,32.817543506622314
9961472,2055.569,eval/sps,975.0882174816851
10485760,2126.659,episode/sps,5044.633188367417
10485760,2126.659,episode/length,1000.0
10485760,2126.659,episode/reward/ctrl,-0.21795167088508605
10485760,2126.659,episode/reward/forward,343.36434173583984
10485760,2126.659,episode/reward/joint,-0.04723390953615308
10485760,2126.659,episode/reward/orient,-192.23153029799462
10485760,2126.659,episode/reward/total,150.86757442474365
10485760,2126.659,episode/state/forward_vel,0.08016825050115585
10485760,2126.659,episode/state/up_z,788.5874069213867
10485760,2126.659,episode/sum_reward,150.86757442474365
10485760,2126.659,episode/entropy_loss,-0.11402979962527753
10485760,2126.659,episode/kl_mean,0.0007387384495814331
10485760,2126.659,episode/learning_rate,0.0003000000142492354
10485760,2126.659,episode/policy_dist_max_loc,0.7299510091543198
10485760,2126.659,episode/policy_dist_max_std,1.493569860458374
10485760,2126.659,episode/policy_dist_mean_loc,-0.034181552026420835
10485760,2126.659,episode/policy_dist_mean_std,0.6948214310407639
10485760,2126.659,episode/policy_dist_min_loc,-1.0995406407117843
10485760,2126.659,episode/policy_dist_min_std,0.31286938309669493
10485760,2126.659,episode/policy_loss,-0.0010047838914033491
10485760,2126.659,episode/total_loss,39.65578327178955
10485760,2126.659,episode/v_loss,39.77081802368164
10485760,2159.358,eval/walltime,699.3930470943451
10485760,2159.358,training/sps,7374.183320104376
10485760,2159.358,training/walltime,1448.01198220253
10485760,2159.358,training/entropy_loss,-0.11438364535570145
10485760,2159.358,training/kl_mean,0.0009148828685283661
10485760,2159.358,training/learning_rate,0.0003000000142492354
10485760,2159.358,training/policy_dist_max_loc,0.6828786134719849
10485760,2159.358,training/policy_dist_max_std,1.4796960353851318
10485760,2159.358,training/policy_dist_mean_loc,-0.03844807296991348
10485760,2159.358,training/policy_dist_mean_std,0.6954889297485352
10485760,2159.358,training/policy_dist_min_loc,-1.056110143661499
10485760,2159.358,training/policy_dist_min_std,0.3292374610900879
10485760,2159.358,training/policy_loss,-0.001139443600550294
10485760,2159.358,training/total_loss,34.03257751464844
10485760,2159.358,training/v_loss,34.14809799194336
10485760,2159.358,eval/episode_reward,237.890380859375
10485760,2159.358,eval/episode_reward/ctrl,-0.2177145928144455
10485760,2159.358,eval/episode_reward/forward,341.09326171875
10485760,2159.358,eval/episode_reward/joint,-0.0455181784927845
10485760,2159.358,eval/episode_reward/orient,-102.9398422241211
10485760,2159.358,eval/episode_reward/total,237.890380859375
10485760,2159.358,eval/episode_state/forward_vel,-1.4157474040985107
10485760,2159.358,eval/episode_state/up_z,863.307373046875
10485760,2159.358,eval/episode_reward_std,447.98870849609375
10485760,2159.358,eval/episode_reward/ctrl_std,0.0020725317299365997
10485760,2159.358,eval/episode_reward/forward_std,21.800561904907227
10485760,2159.358,eval/episode_reward/joint_std,0.009113674983382225
10485760,2159.358,eval/episode_reward/orient_std,441.9682922363281
10485760,2159.358,eval/episode_reward/total_std,447.98870849609375
10485760,2159.358,eval/episode_state/forward_vel_std,13.040887832641602
10485760,2159.358,eval/episode_state/up_z_std,248.2369842529297
10485760,2159.358,eval/avg_episode_length,1000.0
10485760,2159.358,eval/std_episode_length,0.0
10485760,2159.358,eval/epoch_eval_time,32.67565941810608
10485760,2159.358,eval/sps,979.3222407707038
11010048,2230.933,episode/sps,5027.977001496978
11010048,2230.933,episode/length,1000.0
11010048,2230.933,episode/reward/ctrl,-0.21777278929948807
11010048,2230.933,episode/reward/forward,340.35922668457033
11010048,2230.933,episode/reward/joint,-0.044675505626946686
11010048,2230.933,episode/reward/orient,-198.4110482740402
11010048,2230.933,episode/reward/total,141.68573627471923
11010048,2230.933,episode/state/forward_vel,-2.122434166520834
11010048,2230.933,episode/state/up_z,808.4205221557618
11010048,2230.933,episode/sum_reward,141.68573627471923
11010048,2230.933,episode/entropy_loss,-0.11435698412358761
11010048,2230.933,episode/kl_mean,0.0009370030937134288
11010048,2230.933,episode/learning_rate,0.0003000000142492354
11010048,2230.933,episode/policy_dist_max_loc,0.6890310961008071
11010048,2230.933,episode/policy_dist_max_std,1.45923259973526
11010048,2230.933,episode/policy_dist_mean_loc,-0.03800050508230925
11010048,2230.933,episode/policy_dist_mean_std,0.6955150699615479
11010048,2230.933,episode/policy_dist_min_loc,-1.080473574399948
11010048,2230.933,episode/policy_dist_min_std,0.319174539744854
11010048,2230.933,episode/policy_loss,-0.00106837893705233
11010048,2230.933,episode/total_loss,33.81026290893555
11010048,2230.933,episode/v_loss,33.92568845748902
11010048,2262.885,eval/walltime,731.3185288906097
11010048,2262.885,training/sps,7324.170550543751
11010048,2262.885,training/walltime,1519.5952415466309
11010048,2262.885,training/entropy_loss,-0.11472988873720169
11010048,2262.885,training/kl_mean,0.0011719432659447193
11010048,2262.885,training/learning_rate,0.0003000000142492354
11010048,2262.885,training/policy_dist_max_loc,0.6507848501205444
11010048,2262.885,training/policy_dist_max_std,1.3958193063735962
11010048,2262.885,training/policy_dist_mean_loc,-0.042082738131284714
11010048,2262.885,training/policy_dist_mean_std,0.696273148059845
11010048,2262.885,training/policy_dist_min_loc,-1.0558571815490723
11010048,2262.885,training/policy_dist_min_std,0.32385730743408203
11010048,2262.885,training/policy_loss,-0.001012118300423026
11010048,2262.885,training/total_loss,27.414348602294922
11010048,2262.885,training/v_loss,27.53009033203125
11010048,2262.885,eval/episode_reward,315.47265625
11010048,2262.885,eval/episode_reward/ctrl,-0.21792544424533844
11010048,2262.885,eval/episode_reward/forward,340.3161315917969
11010048,2262.885,eval/episode_reward/joint,-0.04017342999577522
11010048,2262.885,eval/episode_reward/orient,-24.58538055419922
11010048,2262.885,eval/episode_reward/total,315.47265625
11010048,2262.885,eval/episode_state/forward_vel,-2.6020987033843994
11010048,2262.885,eval/episode_state/up_z,913.0894775390625
11010048,2262.885,eval/episode_reward_std,58.245079040527344
11010048,2262.885,eval/episode_reward/ctrl_std,0.001817028969526291
11010048,2262.885,eval/episode_reward/forward_std,22.286256790161133
11010048,2262.885,eval/episode_reward/joint_std,0.007320623379200697
11010048,2262.885,eval/episode_reward/orient_std,49.133094787597656
11010048,2262.885,eval/episode_reward/total_std,58.245079040527344
11010048,2262.885,eval/episode_state/forward_vel_std,13.172297477722168
11010048,2262.885,eval/episode_state/up_z_std,78.12882995605469
11010048,2262.885,eval/avg_episode_length,1000.0
11010048,2262.885,eval/std_episode_length,0.0
11010048,2262.885,eval/epoch_eval_time,31.92548179626465
11010048,2262.885,eval/sps,1002.3341293394066
11534336,2333.958,episode/sps,5088.931752830183
11534336,2333.958,episode/length,1000.0
11534336,2333.958,episode/reward/ctrl,-0.21769078746438025
11534336,2333.958,episode/reward/forward,342.9358462524414
11534336,2333.958,episode/reward/joint,-0.043711036592721936
11534336,2333.958,episode/reward/orient,-149.67543575167656
11534336,2333.958,episode/reward/total,192.99905021667482
11534336,2333.958,episode/state/forward_vel,-0.7980041316151619
11534336,2333.958,episode/state/up_z,848.0380685424805
11534336,2333.958,episode/sum_reward,192.99905021667482
11534336,2333.958,episode/entropy_loss,-0.11469710573554039
11534336,2333.958,episode/kl_mean,0.0011464205288211815
11534336,2333.958,episode/learning_rate,0.0003000000142492354
11534336,2333.958,episode/policy_dist_max_loc,0.6513320857286453
11534336,2333.958,episode/policy_dist_max_std,1.411595152616501
11534336,2333.958,episode/policy_dist_mean_loc,-0.041499533616006376
11534336,2333.958,episode/policy_dist_mean_std,0.6962696325778961
11534336,2333.958,episode/policy_dist_min_loc,-1.0468920439481735
11534336,2333.958,episode/policy_dist_min_std,0.32525235816836356
11534336,2333.958,episode/policy_loss,-0.0010593460549716837
11534336,2333.958,episode/total_loss,28.836661567687987
11534336,2333.958,episode/v_loss,28.95241813659668
11534336,2365.925,eval/walltime,763.2619342803955
11534336,2365.925,training/sps,7375.944410855388
11534336,2365.925,training/walltime,1590.6760375499725
11534336,2365.925,training/entropy_loss,-0.11505886912345886
11534336,2365.925,training/kl_mean,0.001327364705502987
11534336,2365.925,training/learning_rate,0.0003000000142492354
11534336,2365.925,training/policy_dist_max_loc,0.609127938747406
11534336,2365.925,training/policy_dist_max_std,1.3519724607467651
11534336,2365.925,training/policy_dist_mean_loc,-0.044700875878334045
11534336,2365.925,training/policy_dist_mean_std,0.6971901655197144
11534336,2365.925,training/policy_dist_min_loc,-1.0238202810287476
11534336,2365.925,training/policy_dist_min_std,0.32516735792160034
11534336,2365.925,training/policy_loss,-0.0008969840127974749
11534336,2365.925,training/total_loss,24.057010650634766
11534336,2365.925,training/v_loss,24.17296600341797
11534336,2365.925,eval/episode_reward,258.17047119140625
11534336,2365.925,eval/episode_reward/ctrl,-0.2181166708469391
11534336,2365.925,eval/episode_reward/forward,344.6156921386719
11534336,2365.925,eval/episode_reward/joint,-0.041891179978847504
11534336,2365.925,eval/episode_reward/orient,-86.18525695800781
11534336,2365.925,eval/episode_reward/total,258.17047119140625
11534336,2365.925,eval/episode_state/forward_vel,0.6765581369400024
11534336,2365.925,eval/episode_state/up_z,901.125244140625
11534336,2365.925,eval/episode_reward_std,418.3463439941406
11534336,2365.925,eval/episode_reward/ctrl_std,0.0015162803465500474
11534336,2365.925,eval/episode_reward/forward_std,20.219711303710938
11534336,2365.925,eval/episode_reward/joint_std,0.007379314862191677
11534336,2365.925,eval/episode_reward/orient_std,427.2698059082031
11534336,2365.925,eval/episode_reward/total_std,418.3463439941406
11534336,2365.925,eval/episode_state/forward_vel_std,13.074013710021973
11534336,2365.925,eval/episode_state/up_z_std,225.1074676513672
11534336,2365.925,eval/avg_episode_length,1000.0
11534336,2365.925,eval/std_episode_length,0.0
11534336,2365.925,eval/epoch_eval_time,31.943405389785767
11534336,2365.925,eval/sps,1001.7717149916749
12058624,2436.674,episode/sps,5104.29078147191
12058624,2436.674,episode/length,1000.0
12058624,2436.674,episode/reward/ctrl,-0.21810435578227044
12058624,2436.674,episode/reward/forward,345.6217059326172
12058624,2436.674,episode/reward/joint,-0.042453768774867055
12058624,2436.674,episode/reward/orient,-139.2446235781908
12058624,2436.674,episode/reward/total,206.11655279159547
12058624,2436.674,episode/state/forward_vel,0.9848014599084854
12058624,2436.674,episode/state/up_z,866.2514790344238
12058624,2436.674,episode/sum_reward,206.11655279159547
12058624,2436.674,episode/entropy_loss,-0.11503063067793846
12058624,2436.674,episode/kl_mean,0.0012636750790989027
12058624,2436.674,episode/learning_rate,0.0003000000142492354
12058624,2436.674,episode/policy_dist_max_loc,0.6030951020121574
12058624,2436.674,episode/policy_dist_max_std,1.3504685926437379
12058624,2436.674,episode/policy_dist_mean_loc,-0.044131047166883944
12058624,2436.674,episode/policy_dist_mean_std,0.6971825343370438
12058624,2436.674,episode/policy_dist_min_loc,-1.0124357944726945
12058624,2436.674,episode/policy_dist_min_std,0.334671818614006
12058624,2436.674,episode/policy_loss,-0.0008830043254420162
12058624,2436.674,episode/total_loss,25.646402378082275
12058624,2436.674,episode/v_loss,25.762316131591795
12058624,2467.936,eval/walltime,794.5032360553741
12058624,2467.936,training/sps,7409.788765741457
12058624,2467.936,training/walltime,1661.4321706295013
12058624,2467.936,training/entropy_loss,-0.1153830736875534
12058624,2467.936,training/kl_mean,0.001235473551787436
12058624,2467.936,training/learning_rate,0.0003000000142492354
12058624,2467.936,training/policy_dist_max_loc,0.5431689620018005
12058624,2467.936,training/policy_dist_max_std,1.289475440979004
12058624,2467.936,training/policy_dist_mean_loc,-0.04610835015773773
12058624,2467.936,training/policy_dist_mean_std,0.6983172297477722
12058624,2467.936,training/policy_dist_min_loc,-0.9544099569320679
12058624,2467.936,training/policy_dist_min_std,0.3550962805747986
12058624,2467.936,training/policy_loss,-0.0005700666224583983
12058624,2467.936,training/total_loss,24.41839027404785
12058624,2467.936,training/v_loss,24.534343719482422
12058624,2467.936,eval/episode_reward,284.355712890625
12058624,2467.936,eval/episode_reward/ctrl,-0.21806594729423523
12058624,2467.936,eval/episode_reward/forward,346.5909423828125
12058624,2467.936,eval/episode_reward/joint,-0.041369955986738205
12058624,2467.936,eval/episode_reward/orient,-61.97584915161133
12058624,2467.936,eval/episode_reward/total,284.355712890625
12058624,2467.936,eval/episode_state/forward_vel,1.280820369720459
12058624,2467.936,eval/episode_state/up_z,920.4681396484375
12058624,2467.936,eval/episode_reward_std,297.1264343261719
12058624,2467.936,eval/episode_reward/ctrl_std,0.0018374142237007618
12058624,2467.936,eval/episode_reward/forward_std,26.16129493713379
12058624,2467.936,eval/episode_reward/joint_std,0.006000075023621321
12058624,2467.936,eval/episode_reward/orient_std,307.3905334472656
12058624,2467.936,eval/episode_reward/total_std,297.1264343261719
12058624,2467.936,eval/episode_state/forward_vel_std,16.956815719604492
12058624,2467.936,eval/episode_state/up_z_std,165.7816162109375
12058624,2467.936,eval/avg_episode_length,1000.0
12058624,2467.936,eval/std_episode_length,0.0
12058624,2467.936,eval/epoch_eval_time,31.241301774978638
12058624,2467.936,eval/sps,1024.2851027939241
12582912,2538.469,episode/sps,5150.402096436417
12582912,2538.469,episode/length,1000.0
12582912,2538.469,episode/reward/ctrl,-0.21845386907458306
12582912,2538.469,episode/reward/forward,348.29942932128904
12582912,2538.469,episode/reward/joint,-0.04207958886399865
12582912,2538.469,episode/reward/orient,-123.45756402820349
12582912,2538.469,episode/reward/total,224.58129760742187
12582912,2538.469,episode/state/forward_vel,2.3228772641718387
12582912,2538.469,episode/state/up_z,879.7573554229737
12582912,2538.469,episode/sum_reward,224.58129760742187
12582912,2538.469,episode/entropy_loss,-0.11530273862183094
12582912,2538.469,episode/kl_mean,0.0012926920573227108
12582912,2538.469,episode/learning_rate,0.0003000000142492354
12582912,2538.469,episode/policy_dist_max_loc,0.5547608402371407
12582912,2538.469,episode/policy_dist_max_std,1.301634031534195
12582912,2538.469,episode/policy_dist_mean_loc,-0.04605297982692719
12582912,2538.469,episode/policy_dist_mean_std,0.6983325296640396
12582912,2538.469,episode/policy_dist_min_loc,-0.9653515475988388
12582912,2538.469,episode/policy_dist_min_std,0.3446763226389885
12582912,2538.469,episode/policy_loss,-0.0007120929227676242
12582912,2538.469,episode/total_loss,22.63525237083435
12582912,2538.469,episode/v_loss,22.75126735687256
12582912,2570.244,eval/walltime,826.2542698383331
12582912,2570.244,training/sps,7432.501150156405
12582912,2570.244,training/walltime,1731.9720857143402
12582912,2570.244,training/entropy_loss,-0.11552854627370834
12582912,2570.244,training/kl_mean,0.0011833508033305407
12582912,2570.244,training/learning_rate,0.0003000000142492354
12582912,2570.244,training/policy_dist_max_loc,0.5026946663856506
12582912,2570.244,training/policy_dist_max_std,1.2516520023345947
12582912,2570.244,training/policy_dist_mean_loc,-0.047730762511491776
12582912,2570.244,training/policy_dist_mean_std,0.69969642162323
12582912,2570.244,training/policy_dist_min_loc,-0.9138870239257812
12582912,2570.244,training/policy_dist_min_std,0.354451447725296
12582912,2570.244,training/policy_loss,-0.0004934529424645007
12582912,2570.244,training/total_loss,18.816370010375977
12582912,2570.244,training/v_loss,18.932392120361328
12582912,2570.244,eval/episode_reward,340.7677001953125
12582912,2570.244,eval/episode_reward/ctrl,-0.21870426833629608
12582912,2570.244,eval/episode_reward/forward,347.221923828125
12582912,2570.244,eval/episode_reward/joint,-0.04175657033920288
12582912,2570.244,eval/episode_reward/orient,-6.1938157081604
12582912,2570.244,eval/episode_reward/total,340.7677001953125
12582912,2570.244,eval/episode_state/forward_vel,1.205685019493103
12582912,2570.244,eval/episode_state/up_z,950.1964111328125
12582912,2570.244,eval/episode_reward_std,22.54659080505371
12582912,2570.244,eval/episode_reward/ctrl_std,0.0022449223324656487
12582912,2570.244,eval/episode_reward/forward_std,22.190446853637695
12582912,2570.244,eval/episode_reward/joint_std,0.0058480375446379185
12582912,2570.244,eval/episode_reward/orient_std,5.741034984588623
12582912,2570.244,eval/episode_reward/total_std,22.54659080505371
12582912,2570.244,eval/episode_state/forward_vel_std,13.62943172454834
12582912,2570.244,eval/episode_state/up_z_std,25.687240600585938
12582912,2570.244,eval/avg_episode_length,1000.0
12582912,2570.244,eval/std_episode_length,0.0
12582912,2570.244,eval/epoch_eval_time,31.751033782958984
12582912,2570.244,eval/sps,1007.8412003446211
13107200,2641.243,episode/sps,5101.378313672146
13107200,2641.243,episode/length,1000.0
13107200,2641.243,episode/reward/ctrl,-0.21842047542333604
13107200,2641.243,episode/reward/forward,344.75294006347656
13107200,2641.243,episode/reward/joint,-0.04208773260936141
13107200,2641.243,episode/reward/orient,-71.2789295616746
13107200,2641.243,episode/reward/total,273.2135375976562
13107200,2641.243,episode/state/forward_vel,-0.0392814065515995
13107200,2641.243,episode/state/up_z,916.4237770080566
13107200,2641.243,episode/sum_reward,273.2135375976562
13107200,2641.243,episode/entropy_loss,-0.11550947599112987
13107200,2641.243,episode/kl_mean,0.001234315313049592
13107200,2641.243,episode/learning_rate,0.0003000000142492354
13107200,2641.243,episode/policy_dist_max_loc,0.5112748041749
13107200,2641.243,episode/policy_dist_max_std,1.2692989528179168
13107200,2641.243,episode/policy_dist_mean_loc,-0.047401847466826436
13107200,2641.243,episode/policy_dist_mean_std,0.6996291440725326
13107200,2641.243,episode/policy_dist_min_loc,-0.9133105236291885
13107200,2641.243,episode/policy_dist_min_std,0.35774416863918307
13107200,2641.243,episode/policy_loss,-0.0005888337777287234
13107200,2641.243,episode/total_loss,19.24060139656067
13107200,2641.243,episode/v_loss,19.35669976234436
13107200,2673.426,eval/walltime,858.4134485721588
13107200,2673.426,training/sps,7383.63188661612
13107200,2673.426,training/walltime,1802.978875875473
13107200,2673.426,training/entropy_loss,-0.11567293852567673
13107200,2673.426,training/kl_mean,0.0011539706028997898
13107200,2673.426,training/learning_rate,0.0003000000142492354
13107200,2673.426,training/policy_dist_max_loc,0.4812965393066406
13107200,2673.426,training/policy_dist_max_std,1.261283278465271
13107200,2673.426,training/policy_dist_mean_loc,-0.04857831448316574
13107200,2673.426,training/policy_dist_mean_std,0.7011672258377075
13107200,2673.426,training/policy_dist_min_loc,-0.8604856729507446
13107200,2673.426,training/policy_dist_min_std,0.3666720390319824
13107200,2673.426,training/policy_loss,-0.0005394379841163754
13107200,2673.426,training/total_loss,13.861326217651367
13107200,2673.426,training/v_loss,13.977538108825684
13107200,2673.426,eval/episode_reward,278.0904235839844
13107200,2673.426,eval/episode_reward/ctrl,-0.21975861489772797
13107200,2673.426,eval/episode_reward/forward,339.7248229980469
13107200,2673.426,eval/episode_reward/joint,-0.04195646196603775
13107200,2673.426,eval/episode_reward/orient,-61.37266159057617
13107200,2673.426,eval/episode_reward/total,278.0904235839844
13107200,2673.426,eval/episode_state/forward_vel,-3.2749123573303223
13107200,2673.426,eval/episode_state/up_z,928.1328735351562
13107200,2673.426,eval/episode_reward_std,320.8675842285156
13107200,2673.426,eval/episode_reward/ctrl_std,0.0018365194555372
13107200,2673.426,eval/episode_reward/forward_std,17.334638595581055
13107200,2673.426,eval/episode_reward/joint_std,0.006430666893720627
13107200,2673.426,eval/episode_reward/orient_std,313.60467529296875
13107200,2673.426,eval/episode_reward/total_std,320.8675842285156
13107200,2673.426,eval/episode_state/forward_vel_std,10.445996284484863
13107200,2673.426,eval/episode_state/up_z_std,167.70468139648438
13107200,2673.426,eval/avg_episode_length,1000.0
13107200,2673.426,eval/std_episode_length,0.0
13107200,2673.426,eval/epoch_eval_time,32.159178733825684
13107200,2673.426,eval/sps,995.0502861051531
13631488,2743.963,episode/sps,5104.070218845617
13631488,2743.963,episode/length,1000.0
13631488,2743.963,episode/reward/ctrl,-0.21909544453024865
13631488,2743.963,episode/reward/forward,350.09141845703124
13631488,2743.963,episode/reward/joint,-0.042408126313239335
13631488,2743.963,episode/reward/orient,-104.99682390213013
13631488,2743.963,episode/reward/total,244.83305603027344
13631488,2743.963,episode/state/forward_vel,3.339197397530079
13631488,2743.963,episode/state/up_z,892.7986785125732
13631488,2743.963,episode/sum_reward,244.83305603027344
13631488,2743.963,episode/entropy_loss,-0.11566045768558979
13631488,2743.963,episode/kl_mean,0.0012135469069471582
13631488,2743.963,episode/learning_rate,0.0003000000142492354
13631488,2743.963,episode/policy_dist_max_loc,0.47456355273723605
13631488,2743.963,episode/policy_dist_max_std,1.2533497607707977
13631488,2743.963,episode/policy_dist_mean_loc,-0.04825992498546839
13631488,2743.963,episode/policy_dist_mean_std,0.7011584526300431
13631488,2743.963,episode/policy_dist_min_loc,-0.8713671660423279
13631488,2743.963,episode/policy_dist_min_std,0.36508181363344194
13631488,2743.963,episode/policy_loss,-0.0005669667274923996
13631488,2743.963,episode/total_loss,16.34422290802002
13631488,2743.963,episode/v_loss,16.46045036315918
13631488,2776.854,eval/walltime,891.2758848667145
13631488,2776.854,training/sps,7432.0768021815775
13631488,2776.854,training/walltime,1873.5228185653687
13631488,2776.854,training/entropy_loss,-0.1158115565776825
13631488,2776.854,training/kl_mean,0.0012182591017335653
13631488,2776.854,training/learning_rate,0.0003000000142492354
13631488,2776.854,training/policy_dist_max_loc,0.4302769899368286
13631488,2776.854,training/policy_dist_max_std,1.245168685913086
13631488,2776.854,training/policy_dist_mean_loc,-0.0487329326570034
13631488,2776.854,training/policy_dist_mean_std,0.7029074430465698
13631488,2776.854,training/policy_dist_min_loc,-0.8300591111183167
13631488,2776.854,training/policy_dist_min_std,0.3756391406059265
13631488,2776.854,training/policy_loss,-0.0006140748737379909
13631488,2776.854,training/total_loss,15.052085876464844
13631488,2776.854,training/v_loss,15.168510437011719
13631488,2776.854,eval/episode_reward,314.54693603515625
13631488,2776.854,eval/episode_reward/ctrl,-0.22020593285560608
13631488,2776.854,eval/episode_reward/forward,346.5283203125
13631488,2776.854,eval/episode_reward/joint,-0.044183939695358276
13631488,2776.854,eval/episode_reward/orient,-31.716957092285156
13631488,2776.854,eval/episode_reward/total,314.54693603515625
13631488,2776.854,eval/episode_state/forward_vel,2.0086076259613037
13631488,2776.854,eval/episode_state/up_z,936.3572998046875
13631488,2776.854,eval/episode_reward_std,140.2064208984375
13631488,2776.854,eval/episode_reward/ctrl_std,0.001737346057780087
13631488,2776.854,eval/episode_reward/forward_std,22.32960319519043
13631488,2776.854,eval/episode_reward/joint_std,0.006286207120865583
13631488,2776.854,eval/episode_reward/orient_std,129.61349487304688
13631488,2776.854,eval/episode_reward/total_std,140.2064208984375
13631488,2776.854,eval/episode_state/forward_vel_std,14.66319751739502
13631488,2776.854,eval/episode_state/up_z_std,89.83426666259766
13631488,2776.854,eval/avg_episode_length,1000.0
13631488,2776.854,eval/std_episode_length,0.0
13631488,2776.854,eval/epoch_eval_time,32.862436294555664
13631488,2776.854,eval/sps,973.756166864033
14155776,2847.854,episode/sps,5046.5201282729095
14155776,2847.854,episode/length,1000.0
14155776,2847.854,episode/reward/ctrl,-0.21968522921204567
14155776,2847.854,episode/reward/forward,343.26409790039065
14155776,2847.854,episode/reward/joint,-0.043051062375307085
14155776,2847.854,episode/reward/orient,-88.58657784610986
14155776,2847.854,episode/reward/total,254.41472747802734
14155776,2847.854,episode/state/forward_vel,-0.8519653051719069
14155776,2847.854,episode/state/up_z,915.715399017334
14155776,2847.854,episode/sum_reward,254.41472747802734
14155776,2847.854,episode/entropy_loss,-0.1157832170277834
14155776,2847.854,episode/kl_mean,0.0011535877190181054
14155776,2847.854,episode/learning_rate,0.0003000000142492354
14155776,2847.854,episode/policy_dist_max_loc,0.4577028876543045
14155776,2847.854,episode/policy_dist_max_std,1.2641872668266296
14155776,2847.854,episode/policy_dist_mean_loc,-0.049314166121184826
14155776,2847.854,episode/policy_dist_mean_std,0.7027751874923706
14155776,2847.854,episode/policy_dist_min_loc,-0.8692733567953109
14155776,2847.854,episode/policy_dist_min_std,0.3693232309818268
14155776,2847.854,episode/policy_loss,-0.0005830433015944436
14155776,2847.854,episode/total_loss,15.848663892745972
14155776,2847.854,episode/v_loss,15.965030145645141
14155776,2880.814,eval/walltime,924.2131986618042
14155776,2880.814,training/sps,7383.699717946325
14155776,2880.814,training/walltime,1944.528956413269
14155776,2880.814,training/entropy_loss,-0.11588972061872482
14155776,2880.814,training/kl_mean,0.001015816698782146
14155776,2880.814,training/learning_rate,0.0003000000142492354
14155776,2880.814,training/policy_dist_max_loc,0.45565879344940186
14155776,2880.814,training/policy_dist_max_std,1.2881602048873901
14155776,2880.814,training/policy_dist_mean_loc,-0.050778746604919434
14155776,2880.814,training/policy_dist_mean_std,0.7045663595199585
14155776,2880.814,training/policy_dist_min_loc,-0.9145578145980835
14155776,2880.814,training/policy_dist_min_std,0.36884239315986633
14155776,2880.814,training/policy_loss,-0.0005415386403910816
14155776,2880.814,training/total_loss,18.047874450683594
14155776,2880.814,training/v_loss,18.164304733276367
14155776,2880.814,eval/episode_reward,196.5765380859375
14155776,2880.814,eval/episode_reward/ctrl,-0.2202608585357666
14155776,2880.814,eval/episode_reward/forward,345.9392395019531
14155776,2880.814,eval/episode_reward/joint,-0.042706605046987534
14155776,2880.814,eval/episode_reward/orient,-149.09983825683594
14155776,2880.814,eval/episode_reward/total,196.5765380859375
14155776,2880.814,eval/episode_state/forward_vel,1.688718557357788
14155776,2880.814,eval/episode_state/up_z,890.816650390625
14155776,2880.814,eval/episode_reward_std,626.7344360351562
14155776,2880.814,eval/episode_reward/ctrl_std,0.0016065184026956558
14155776,2880.814,eval/episode_reward/forward_std,23.598711013793945
14155776,2880.814,eval/episode_reward/joint_std,0.00723087415099144
14155776,2880.814,eval/episode_reward/orient_std,621.6605834960938
14155776,2880.814,eval/episode_reward/total_std,626.7344360351562
14155776,2880.814,eval/episode_state/forward_vel_std,14.901044845581055
14155776,2880.814,eval/episode_state/up_z_std,326.24749755859375
14155776,2880.814,eval/avg_episode_length,1000.0
14155776,2880.814,eval/std_episode_length,0.0
14155776,2880.814,eval/epoch_eval_time,32.93731379508972
14155776,2880.814,eval/sps,971.5424942992936
14680064,2951.828,episode/sps,5042.4638966739585
14680064,2951.828,episode/length,1000.0
14680064,2951.828,episode/reward/ctrl,-0.22001990258693696
14680064,2951.828,episode/reward/forward,345.1778894042969
14680064,2951.828,episode/reward/joint,-0.04254580775275826
14680064,2951.828,episode/reward/orient,-106.5795299770683
14680064,2951.828,episode/reward/total,238.33568817138672
14680064,2951.828,episode/state/forward_vel,0.7826008901000023
14680064,2951.828,episode/state/up_z,904.7271577262878
14680064,2951.828,episode/sum_reward,238.33568817138672
14680064,2951.828,episode/entropy_loss,-0.11583170697093009
14680064,2951.828,episode/kl_mean,0.0009669671906158328
14680064,2951.828,episode/learning_rate,0.0003000000142492354
14680064,2951.828,episode/policy_dist_max_loc,0.4482011780142784
14680064,2951.828,episode/policy_dist_max_std,1.274866716861725
14680064,2951.828,episode/policy_dist_mean_loc,-0.051413808465003964
14680064,2951.828,episode/policy_dist_mean_std,0.7041223984956742
14680064,2951.828,episode/policy_dist_min_loc,-0.8820627850294113
14680064,2951.828,episode/policy_dist_min_std,0.3683101737499237
14680064,2951.828,episode/policy_loss,-0.0005384974762273487
14680064,2951.828,episode/total_loss,17.820634756088257
14680064,2951.828,episode/v_loss,17.93700487136841
14680064,2985.260,eval/walltime,957.6211748123169
14680064,2985.260,training/sps,7382.156789114673
14680064,2985.260,training/walltime,2015.5499351024628
14680064,2985.260,training/entropy_loss,-0.1158064752817154
14680064,2985.260,training/kl_mean,0.0005301738856360316
14680064,2985.260,training/learning_rate,0.0003000000142492354
14680064,2985.260,training/policy_dist_max_loc,0.4621238112449646
14680064,2985.260,training/policy_dist_max_std,1.2933964729309082
14680064,2985.260,training/policy_dist_mean_loc,-0.05510251596570015
14680064,2985.260,training/policy_dist_mean_std,0.705187976360321
14680064,2985.260,training/policy_dist_min_loc,-0.9036118388175964
14680064,2985.260,training/policy_dist_min_std,0.3611469864845276
14680064,2985.260,training/policy_loss,-0.00036113878013566136
14680064,2985.260,training/total_loss,20.88385009765625
14680064,2985.260,training/v_loss,21.000019073486328
14680064,2985.260,eval/episode_reward,343.3074645996094
14680064,2985.260,eval/episode_reward/ctrl,-0.22086462378501892
14680064,2985.260,eval/episode_reward/forward,346.5740966796875
14680064,2985.260,eval/episode_reward/joint,-0.041910067200660706
14680064,2985.260,eval/episode_reward/orient,-3.0038304328918457
14680064,2985.260,eval/episode_reward/total,343.3074645996094
14680064,2985.260,eval/episode_state/forward_vel,1.9797828197479248
14680064,2985.260,eval/episode_state/up_z,966.3856201171875
14680064,2985.260,eval/episode_reward_std,14.376399993896484
14680064,2985.260,eval/episode_reward/ctrl_std,0.0018135231221094728
14680064,2985.260,eval/episode_reward/forward_std,15.35347843170166
14680064,2985.260,eval/episode_reward/joint_std,0.0063425153493881226
14680064,2985.260,eval/episode_reward/orient_std,2.4936273097991943
14680064,2985.260,eval/episode_reward/total_std,14.376399993896484
14680064,2985.260,eval/episode_state/forward_vel_std,9.676192283630371
14680064,2985.260,eval/episode_state/up_z_std,16.574798583984375
14680064,2985.260,eval/avg_episode_length,1000.0
14680064,2985.260,eval/std_episode_length,0.0
14680064,2985.260,eval/epoch_eval_time,33.407976150512695
14680064,2985.260,eval/sps,957.8550899291429
15204352,3057.285,episode/sps,4971.594286709413
15204352,3057.285,episode/length,1000.0
15204352,3057.285,episode/reward/ctrl,-0.2207638581097126
15204352,3057.285,episode/reward/forward,348.6487158203125
15204352,3057.285,episode/reward/joint,-0.043194547016173604
15204352,3057.285,episode/reward/orient,-98.06348546266555
15204352,3057.285,episode/reward/total,250.32117156982423
15204352,3057.285,episode/state/forward_vel,2.8096040089428427
15204352,3057.285,episode/state/up_z,916.3155833435059
15204352,3057.285,episode/sum_reward,250.32117156982423
15204352,3057.285,episode/entropy_loss,-0.11580331645905971
15204352,3057.285,episode/kl_mean,0.0007610865859896876
15204352,3057.285,episode/learning_rate,0.0003000000142492354
15204352,3057.285,episode/policy_dist_max_loc,0.4557452508807182
15204352,3057.285,episode/policy_dist_max_std,1.2855483412742614
15204352,3057.285,episode/policy_dist_mean_loc,-0.054573280923068526
15204352,3057.285,episode/policy_dist_mean_std,0.7048554700613022
15204352,3057.285,episode/policy_dist_min_loc,-0.9154104369878769
15204352,3057.285,episode/policy_dist_min_std,0.36280974924564363
15204352,3057.285,episode/policy_loss,-0.00047876818658551204
15204352,3057.285,episode/total_loss,20.36592661857605
15204352,3057.285,episode/v_loss,20.48220866203308
15204352,3091.137,eval/walltime,991.44824385643
15204352,3091.137,training/sps,7278.5264330975715
15204352,3091.137,training/walltime,2087.5820977687836
15204352,3091.137,training/entropy_loss,-0.11571358889341354
15204352,3091.137,training/kl_mean,0.0005541093414649367
15204352,3091.137,training/learning_rate,0.0003000000142492354
15204352,3091.137,training/policy_dist_max_loc,0.45180511474609375
15204352,3091.137,training/policy_dist_max_std,1.2763781547546387
15204352,3091.137,training/policy_dist_mean_loc,-0.058509957045316696
15204352,3091.137,training/policy_dist_mean_std,0.7049552202224731
15204352,3091.137,training/policy_dist_min_loc,-0.938602089881897
15204352,3091.137,training/policy_dist_min_std,0.35699403285980225
15204352,3091.137,training/policy_loss,-0.000456797715742141
15204352,3091.137,training/total_loss,22.809513092041016
15204352,3091.137,training/v_loss,22.925682067871094
15204352,3091.137,eval/episode_reward,301.55889892578125
15204352,3091.137,eval/episode_reward/ctrl,-0.22053900361061096
15204352,3091.137,eval/episode_reward/forward,347.5948181152344
15204352,3091.137,eval/episode_reward/joint,-0.044107649475336075
15204352,3091.137,eval/episode_reward/orient,-45.77117156982422
15204352,3091.137,eval/episode_reward/total,301.55889892578125
15204352,3091.137,eval/episode_state/forward_vel,1.8915941715240479
15204352,3091.137,eval/episode_state/up_z,949.9208984375
15204352,3091.137,eval/episode_reward_std,243.0865936279297
15204352,3091.137,eval/episode_reward/ctrl_std,0.002437268616631627
15204352,3091.137,eval/episode_reward/forward_std,18.864093780517578
15204352,3091.137,eval/episode_reward/joint_std,0.007857110351324081
15204352,3091.137,eval/episode_reward/orient_std,238.79397583007812
15204352,3091.137,eval/episode_reward/total_std,243.0865936279297
15204352,3091.137,eval/episode_state/forward_vel_std,11.488409042358398
15204352,3091.137,eval/episode_state/up_z_std,128.4397735595703
15204352,3091.137,eval/avg_episode_length,1000.0
15204352,3091.137,eval/std_episode_length,0.0
15204352,3091.137,eval/epoch_eval_time,33.82706904411316
15204352,3091.137,eval/sps,945.9879588819676
15728640,3162.804,episode/sps,4968.644008606811
15728640,3162.804,episode/length,1000.0
15728640,3162.804,episode/reward/ctrl,-0.22017558857798578
15728640,3162.804,episode/reward/forward,348.03463073730467
15728640,3162.804,episode/reward/joint,-0.043301807325333355
15728640,3162.804,episode/reward/orient,-105.17242890879511
15728640,3162.804,episode/reward/total,242.5986489868164
15728640,3162.804,episode/state/forward_vel,2.591930469572544
15728640,3162.804,episode/state/up_z,914.7712857055664
15728640,3162.804,episode/sum_reward,242.5986489868164
15728640,3162.804,episode/entropy_loss,-0.11574412062764168
15728640,3162.804,episode/kl_mean,0.0007760484764003195
15728640,3162.804,episode/learning_rate,0.0003000000142492354
15728640,3162.804,episode/policy_dist_max_loc,0.4700692963600159
15728640,3162.804,episode/policy_dist_max_std,1.289304519891739
15728640,3162.804,episode/policy_dist_mean_loc,-0.05829643659293651
15728640,3162.804,episode/policy_dist_mean_std,0.7052632206678391
15728640,3162.804,episode/policy_dist_min_loc,-0.9171171033382416
15728640,3162.804,episode/policy_dist_min_std,0.36040339261293414
15728640,3162.804,episode/policy_loss,-0.0004967245891748462
15728640,3162.804,episode/total_loss,19.776406478881835
15728640,3162.804,episode/v_loss,19.892647275924684
15728640,3190.116,eval/walltime,1018.7368273735046
15728640,3190.116,training/sps,7314.915308353817
15728640,3190.116,training/walltime,2159.2559282779694
15728640,3190.116,training/entropy_loss,-0.11570091545581818
15728640,3190.116,training/kl_mean,0.0010867597302421927
15728640,3190.116,training/learning_rate,0.0003000000142492354
15728640,3190.116,training/policy_dist_max_loc,0.49825575947761536
15728640,3190.116,training/policy_dist_max_std,1.3017457723617554
15728640,3190.116,training/policy_dist_mean_loc,-0.06205916404724121
15728640,3190.116,training/policy_dist_mean_std,0.7056418657302856
15728640,3190.116,training/policy_dist_min_loc,-0.9153125286102295
15728640,3190.116,training/policy_dist_min_std,0.3613673448562622
15728640,3190.116,training/policy_loss,-0.0005974716623313725
15728640,3190.116,training/total_loss,15.665200233459473
15728640,3190.116,training/v_loss,15.781497955322266
15728640,3190.116,eval/episode_reward,347.617919921875
15728640,3190.116,eval/episode_reward/ctrl,-0.22180992364883423
15728640,3190.116,eval/episode_reward/forward,350.280029296875
15728640,3190.116,eval/episode_reward/joint,-0.048119787126779556
15728640,3190.116,eval/episode_reward/orient,-2.3922104835510254
15728640,3190.116,eval/episode_reward/total,347.617919921875
15728640,3190.116,eval/episode_state/forward_vel,3.758624315261841
15728640,3190.116,eval/episode_state/up_z,973.5904541015625
15728640,3190.116,eval/episode_reward_std,21.668527603149414
15728640,3190.116,eval/episode_reward/ctrl_std,0.0025382735766470432
15728640,3190.116,eval/episode_reward/forward_std,21.218358993530273
15728640,3190.116,eval/episode_reward/joint_std,0.0066458312794566154
15728640,3190.116,eval/episode_reward/orient_std,2.0054776668548584
15728640,3190.116,eval/episode_reward/total_std,21.668527603149414
15728640,3190.116,eval/episode_state/forward_vel_std,13.227181434631348
15728640,3190.116,eval/episode_state/up_z_std,12.217439651489258
15728640,3190.116,eval/avg_episode_length,1000.0
15728640,3190.116,eval/std_episode_length,0.0
15728640,3190.116,eval/epoch_eval_time,27.288583517074585
15728640,3190.116,eval/sps,1172.6515588461182
16252928,3255.088,episode/sps,5681.277588559847
16252928,3255.088,episode/length,1000.0
16252928,3255.088,episode/reward/ctrl,-0.22152651146054267
16252928,3255.088,episode/reward/forward,346.1067776489258
16252928,3255.088,episode/reward/joint,-0.04624946903437376
16252928,3255.088,episode/reward/orient,-20.66327101185918
16252928,3255.088,episode/reward/total,325.17571228027344
16252928,3255.088,episode/state/forward_vel,1.5611847043782472
16252928,3255.088,episode/state/up_z,958.5205091857911
16252928,3255.088,episode/sum_reward,325.17571228027344
16252928,3255.088,episode/entropy_loss,-0.11565723262727261
16252928,3255.088,episode/kl_mean,0.0010710740403737872
16252928,3255.088,episode/learning_rate,0.0003000000142492354
16252928,3255.088,episode/policy_dist_max_loc,0.48255837738513946
16252928,3255.088,episode/policy_dist_max_std,1.2812844073772431
16252928,3255.088,episode/policy_dist_mean_loc,-0.06378687899559736
16252928,3255.088,episode/policy_dist_mean_std,0.7056786358356476
16252928,3255.088,episode/policy_dist_min_loc,-0.9068880987167358
16252928,3255.088,episode/policy_dist_min_std,0.36449375420808794
16252928,3255.088,episode/policy_loss,-0.0006865035941882525
16252928,3255.088,episode/total_loss,17.85805040359497
16252928,3255.088,episode/v_loss,17.97439414024353
16252928,3286.071,eval/walltime,1049.6963703632355
16252928,3286.071,training/sps,8068.652993253859
16252928,3286.071,training/walltime,2224.234308242798
16252928,3286.071,training/entropy_loss,-0.1155419796705246
16252928,3286.071,training/kl_mean,0.0016045286320149899
16252928,3286.071,training/learning_rate,0.0003000000142492354
16252928,3286.071,training/policy_dist_max_loc,0.5016680955886841
16252928,3286.071,training/policy_dist_max_std,1.269241452217102
16252928,3286.071,training/policy_dist_mean_loc,-0.07166852056980133
16252928,3286.071,training/policy_dist_mean_std,0.7064751386642456
16252928,3286.071,training/policy_dist_min_loc,-0.8671729564666748
16252928,3286.071,training/policy_dist_min_std,0.37306174635887146
16252928,3286.071,training/policy_loss,-0.0009942471515387297
16252928,3286.071,training/total_loss,14.696374893188477
16252928,3286.071,training/v_loss,14.812911033630371
16252928,3286.071,eval/episode_reward,231.87176513671875
16252928,3286.071,eval/episode_reward/ctrl,-0.2214794158935547
16252928,3286.071,eval/episode_reward/forward,348.0731201171875
16252928,3286.071,eval/episode_reward/joint,-0.05305537208914757
16252928,3286.071,eval/episode_reward/orient,-115.92682647705078
16252928,3286.071,eval/episode_reward/total,231.87176513671875
16252928,3286.071,eval/episode_state/forward_vel,2.8379836082458496
16252928,3286.071,eval/episode_state/up_z,922.0643310546875
16252928,3286.071,eval/episode_reward_std,645.984375
16252928,3286.071,eval/episode_reward/ctrl_std,0.0023787629324942827
16252928,3286.071,eval/episode_reward/forward_std,22.332517623901367
16252928,3286.071,eval/episode_reward/joint_std,0.008472919464111328
16252928,3286.071,eval/episode_reward/orient_std,633.264404296875
16252928,3286.071,eval/episode_reward/total_std,645.984375
16252928,3286.071,eval/episode_state/forward_vel_std,13.216997146606445
16252928,3286.071,eval/episode_state/up_z_std,321.1749572753906
16252928,3286.071,eval/avg_episode_length,1000.0
16252928,3286.071,eval/std_episode_length,0.0
16252928,3286.071,eval/epoch_eval_time,30.959542989730835
16252928,3286.071,eval/sps,1033.6069886630523
16777216,3353.001,episode/sps,5354.613139580101
16777216,3353.001,episode/length,1000.0
16777216,3353.001,episode/reward/ctrl,-0.22207346677780151
16777216,3353.001,episode/reward/forward,347.12211059570313
16777216,3353.001,episode/reward/joint,-0.050607158429920675
16777216,3353.001,episode/reward/orient,-74.52789540737868
16777216,3353.001,episode/reward/total,272.3214697265625
16777216,3353.001,episode/state/forward_vel,2.0856033724546434
16777216,3353.001,episode/state/up_z,936.8655714416504
16777216,3353.001,episode/sum_reward,272.3214697265625
16777216,3353.001,episode/entropy_loss,-0.11556745767593384
16777216,3353.001,episode/kl_mean,0.0013181610833271407
16777216,3353.001,episode/learning_rate,0.0003000000142492354
16777216,3353.001,episode/policy_dist_max_loc,0.5037029886245727
16777216,3353.001,episode/policy_dist_max_std,1.265291053056717
16777216,3353.001,episode/policy_dist_mean_loc,-0.06898325629532337
16777216,3353.001,episode/policy_dist_mean_std,0.7060868728160858
16777216,3353.001,episode/policy_dist_min_loc,-0.8844909292459487
16777216,3353.001,episode/policy_dist_min_std,0.37060399502515795
16777216,3353.001,episode/policy_loss,-0.0007950973360857461
16777216,3353.001,episode/total_loss,14.733319745063781
16777216,3353.001,episode/v_loss,14.84968225479126
16777216,3383.106,eval/walltime,1079.7800323963165
16777216,3383.106,training/sps,7832.499685713143
16777216,3383.106,training/walltime,2291.171814918518
16777216,3383.106,training/entropy_loss,-0.11545462161302567
16777216,3383.106,training/kl_mean,0.001287170685827732
16777216,3383.106,training/learning_rate,0.0003000000142492354
16777216,3383.106,training/policy_dist_max_loc,0.5171928405761719
16777216,3383.106,training/policy_dist_max_std,1.2192864418029785
16777216,3383.106,training/policy_dist_mean_loc,-0.07412993907928467
16777216,3383.106,training/policy_dist_mean_std,0.7062681913375854
16777216,3383.106,training/policy_dist_min_loc,-0.8610328435897827
16777216,3383.106,training/policy_dist_min_std,0.3800349831581116
16777216,3383.106,training/policy_loss,-0.0007347041391767561
16777216,3383.106,training/total_loss,12.883727073669434
16777216,3383.106,training/v_loss,12.999916076660156
16777216,3383.106,eval/episode_reward,344.1814880371094
16777216,3383.106,eval/episode_reward/ctrl,-0.22127321362495422
16777216,3383.106,eval/episode_reward/forward,346.8974914550781
16777216,3383.106,eval/episode_reward/joint,-0.05082951858639717
16777216,3383.106,eval/episode_reward/orient,-2.443958282470703
16777216,3383.106,eval/episode_reward/total,344.1814880371094
16777216,3383.106,eval/episode_state/forward_vel,1.3845655918121338
16777216,3383.106,eval/episode_state/up_z,974.93701171875
16777216,3383.106,eval/episode_reward_std,20.8924617767334
16777216,3383.106,eval/episode_reward/ctrl_std,0.002156318398192525
16777216,3383.106,eval/episode_reward/forward_std,20.386022567749023
16777216,3383.106,eval/episode_reward/joint_std,0.007802431937307119
16777216,3383.106,eval/episode_reward/orient_std,2.852576732635498
16777216,3383.106,eval/episode_reward/total_std,20.8924617767334
16777216,3383.106,eval/episode_state/forward_vel_std,12.34023666381836
16777216,3383.106,eval/episode_state/up_z_std,14.633713722229004
16777216,3383.106,eval/avg_episode_length,1000.0
16777216,3383.106,eval/std_episode_length,0.0
16777216,3383.106,eval/epoch_eval_time,30.083662033081055
16777216,3383.106,eval/sps,1063.7002890409974
17301504,3449.693,episode/sps,5422.239811321106
17301504,3449.693,episode/length,1000.0
17301504,3449.693,episode/reward/ctrl,-0.2213497678935528
17301504,3449.693,episode/reward/forward,348.42208221435544
17301504,3449.693,episode/reward/joint,-0.05126903688535094
17301504,3449.693,episode/reward/orient,-65.96283082306385
17301504,3449.693,episode/reward/total,282.18666763305663
17301504,3449.693,episode/state/forward_vel,3.173740243315697
17301504,3449.693,episode/state/up_z,943.3334269714355
17301504,3449.693,episode/sum_reward,282.18666763305663
17301504,3449.693,episode/entropy_loss,-0.11554066486656665
17301504,3449.693,episode/kl_mean,0.0014004446048056706
17301504,3449.693,episode/learning_rate,0.0003000000142492354
17301504,3449.693,episode/policy_dist_max_loc,0.5332987815141678
17301504,3449.693,episode/policy_dist_max_std,1.2725131976604462
17301504,3449.693,episode/policy_dist_mean_loc,-0.07205898240208626
17301504,3449.693,episode/policy_dist_mean_std,0.7067150157690049
17301504,3449.693,episode/policy_dist_min_loc,-0.8622707158327103
17301504,3449.693,episode/policy_dist_min_std,0.3712607130408287
17301504,3449.693,episode/policy_loss,-0.0007034156355075538
17301504,3449.693,episode/total_loss,14.411984786987304
17301504,3449.693,episode/v_loss,14.528228807449342
17301504,3479.918,eval/walltime,1109.9787979125977
17301504,3479.918,training/sps,7872.928876118386
17301504,3479.918,training/walltime,2357.76558303833
17301504,3479.918,training/entropy_loss,-0.1156022846698761
17301504,3479.918,training/kl_mean,0.0011744870571419597
17301504,3479.918,training/learning_rate,0.0003000000142492354
17301504,3479.918,training/policy_dist_max_loc,0.5829856991767883
17301504,3479.918,training/policy_dist_max_std,1.3228142261505127
17301504,3479.918,training/policy_dist_mean_loc,-0.07134547084569931
17301504,3479.918,training/policy_dist_mean_std,0.7074596881866455
17301504,3479.918,training/policy_dist_min_loc,-0.8560866117477417
17301504,3479.918,training/policy_dist_min_std,0.36162593960762024
17301504,3479.918,training/policy_loss,-0.00032212515361607075
17301504,3479.918,training/total_loss,15.055418968200684
17301504,3479.918,training/v_loss,15.171342849731445
17301504,3479.918,eval/episode_reward,150.28375244140625
17301504,3479.918,eval/episode_reward/ctrl,-0.22383545339107513
17301504,3479.918,eval/episode_reward/forward,349.76080322265625
17301504,3479.918,eval/episode_reward/joint,-0.05586643144488335
17301504,3479.918,eval/episode_reward/orient,-199.1973876953125
17301504,3479.918,eval/episode_reward/total,150.28375244140625
17301504,3479.918,eval/episode_state/forward_vel,3.0734519958496094
17301504,3479.918,eval/episode_state/up_z,878.5375366210938
17301504,3479.918,eval/episode_reward_std,772.77880859375
17301504,3479.918,eval/episode_reward/ctrl_std,0.002798184985294938
17301504,3479.918,eval/episode_reward/forward_std,18.75717544555664
17301504,3479.918,eval/episode_reward/joint_std,0.008818225003778934
17301504,3479.918,eval/episode_reward/orient_std,774.9297485351562
17301504,3479.918,eval/episode_reward/total_std,772.77880859375
17301504,3479.918,eval/episode_state/forward_vel_std,12.123560905456543
17301504,3479.918,eval/episode_state/up_z_std,392.42266845703125
17301504,3479.918,eval/avg_episode_length,1000.0
17301504,3479.918,eval/std_episode_length,0.0
17301504,3479.918,eval/epoch_eval_time,30.198765516281128
17301504,3479.918,eval/sps,1059.64596409571
17825792,3547.520,episode/sps,5359.340152850257
17825792,3547.520,episode/length,1000.0
17825792,3547.520,episode/reward/ctrl,-0.22174930199980736
17825792,3547.520,episode/reward/forward,351.24388610839844
17825792,3547.520,episode/reward/joint,-0.051123919039964674
17825792,3547.520,episode/reward/orient,-71.24236520081759
17825792,3547.520,episode/reward/total,279.7286428833008
17825792,3547.520,episode/state/forward_vel,4.527321816980839
17825792,3547.520,episode/state/up_z,940.6780197143555
17825792,3547.520,episode/sum_reward,279.7286428833008
17825792,3547.520,episode/entropy_loss,-0.11552785500884057
17825792,3547.520,episode/kl_mean,0.0012584413349395619
17825792,3547.520,episode/learning_rate,0.0003000000142492354
17825792,3547.520,episode/policy_dist_max_loc,0.556333364546299
17825792,3547.520,episode/policy_dist_max_std,1.2634082818031311
17825792,3547.520,episode/policy_dist_mean_loc,-0.0744901604950428
17825792,3547.520,episode/policy_dist_mean_std,0.7078742998838424
17825792,3547.520,episode/policy_dist_min_loc,-0.87099276304245
17825792,3547.520,episode/policy_dist_min_std,0.37358999371528623
17825792,3547.520,episode/policy_loss,-0.0006148064247099682
17825792,3547.520,episode/total_loss,13.638498640060424
17825792,3547.520,episode/v_loss,13.754641246795654
17825792,3578.691,eval/walltime,1141.1263766288757
17825792,3578.691,training/sps,7754.571663262496
17825792,3578.691,training/walltime,2425.3757648468018
17825792,3578.691,training/entropy_loss,-0.11552391946315765
17825792,3578.691,training/kl_mean,0.0010412067640572786
17825792,3578.691,training/learning_rate,0.0003000000142492354
17825792,3578.691,training/policy_dist_max_loc,0.5726197957992554
17825792,3578.691,training/policy_dist_max_std,1.250236988067627
17825792,3578.691,training/policy_dist_mean_loc,-0.0779101550579071
17825792,3578.691,training/policy_dist_mean_std,0.7100523710250854
17825792,3578.691,training/policy_dist_min_loc,-0.8868141174316406
17825792,3578.691,training/policy_dist_min_std,0.38065826892852783
17825792,3578.691,training/policy_loss,-0.0006199717172421515
17825792,3578.691,training/total_loss,12.665721893310547
17825792,3578.691,training/v_loss,12.781866073608398
17825792,3578.691,eval/episode_reward,192.00506591796875
17825792,3578.691,eval/episode_reward/ctrl,-0.22422713041305542
17825792,3578.691,eval/episode_reward/forward,348.4717712402344
17825792,3578.691,eval/episode_reward/joint,-0.057251960039138794
17825792,3578.691,eval/episode_reward/orient,-156.18515014648438
17825792,3578.691,eval/episode_reward/total,192.00506591796875
17825792,3578.691,eval/episode_state/forward_vel,2.932203769683838
17825792,3578.691,eval/episode_state/up_z,898.63037109375
17825792,3578.691,eval/episode_reward_std,666.5628662109375
17825792,3578.691,eval/episode_reward/ctrl_std,0.0022541319485753775
17825792,3578.691,eval/episode_reward/forward_std,21.769865036010742
17825792,3578.691,eval/episode_reward/joint_std,0.007290308363735676
17825792,3578.691,eval/episode_reward/orient_std,658.3112182617188
17825792,3578.691,eval/episode_reward/total_std,666.5628662109375
17825792,3578.691,eval/episode_state/forward_vel_std,13.31433391571045
17825792,3578.691,eval/episode_state/up_z_std,338.23236083984375
17825792,3578.691,eval/avg_episode_length,1000.0
17825792,3578.691,eval/std_episode_length,0.0
17825792,3578.691,eval/epoch_eval_time,31.147578716278076
17825792,3578.691,eval/sps,1027.3671764822104
18350080,3645.845,episode/sps,5332.172554990812
18350080,3645.845,episode/length,1000.0
18350080,3645.845,episode/reward/ctrl,-0.22324878856539726
18350080,3645.845,episode/reward/forward,349.1415826416016
18350080,3645.845,episode/reward/joint,-0.05647453047335148
18350080,3645.845,episode/reward/orient,-55.83726873509586
18350080,3645.845,episode/reward/total,293.0245806884766
18350080,3645.845,episode/state/forward_vel,3.4449605917185546
18350080,3645.845,episode/state/up_z,949.5111708068848
18350080,3645.845,episode/sum_reward,293.0245806884766
18350080,3645.845,episode/entropy_loss,-0.11557216763496399
18350080,3645.845,episode/kl_mean,0.0010859178376267664
18350080,3645.845,episode/learning_rate,0.0003000000142492354
18350080,3645.845,episode/policy_dist_max_loc,0.5709630686044693
18350080,3645.845,episode/policy_dist_max_std,1.2781547594070435
18350080,3645.845,episode/policy_dist_mean_loc,-0.07616305753588676
18350080,3645.845,episode/policy_dist_mean_std,0.7096171516180039
18350080,3645.845,episode/policy_dist_min_loc,-0.8904571264982224
18350080,3645.845,episode/policy_dist_min_std,0.36896295338869095
18350080,3645.845,episode/policy_loss,-0.0004805779272282962
18350080,3645.845,episode/total_loss,14.831437649726867
18350080,3645.845,episode/v_loss,14.94749032974243
18350080,3676.155,eval/walltime,1171.415804862976
18350080,3676.155,training/sps,7806.477792035622
18350080,3676.155,training/walltime,2492.536399126053
18350080,3676.155,training/entropy_loss,-0.11561457067728043
18350080,3676.155,training/kl_mean,0.000890839786734432
18350080,3676.155,training/learning_rate,0.0003000000142492354
18350080,3676.155,training/policy_dist_max_loc,0.5624441504478455
18350080,3676.155,training/policy_dist_max_std,1.269310474395752
18350080,3676.155,training/policy_dist_mean_loc,-0.07937921583652496
18350080,3676.155,training/policy_dist_mean_std,0.71169513463974
18350080,3676.155,training/policy_dist_min_loc,-0.9207406044006348
18350080,3676.155,training/policy_dist_min_std,0.3645375370979309
18350080,3676.155,training/policy_loss,-0.00038983175181783736
18350080,3676.155,training/total_loss,16.776866912841797
18350080,3676.155,training/v_loss,16.892871856689453
18350080,3676.155,eval/episode_reward,351.98492431640625
18350080,3676.155,eval/episode_reward/ctrl,-0.22477971017360687
18350080,3676.155,eval/episode_reward/forward,354.3231201171875
18350080,3676.155,eval/episode_reward/joint,-0.05853966623544693
18350080,3676.155,eval/episode_reward/orient,-2.0548574924468994
18350080,3676.155,eval/episode_reward/total,351.98492431640625
18350080,3676.155,eval/episode_state/forward_vel,6.38313102722168
18350080,3676.155,eval/episode_state/up_z,979.885009765625
18350080,3676.155,eval/episode_reward_std,19.881223678588867
18350080,3676.155,eval/episode_reward/ctrl_std,0.002524440409615636
18350080,3676.155,eval/episode_reward/forward_std,18.90871810913086
18350080,3676.155,eval/episode_reward/joint_std,0.010166402906179428
18350080,3676.155,eval/episode_reward/orient_std,3.5376570224761963
18350080,3676.155,eval/episode_reward/total_std,19.881223678588867
18350080,3676.155,eval/episode_state/forward_vel_std,12.430670738220215
18350080,3676.155,eval/episode_state/up_z_std,9.827407836914062
18350080,3676.155,eval/avg_episode_length,1000.0
18350080,3676.155,eval/std_episode_length,0.0
18350080,3676.155,eval/epoch_eval_time,30.289428234100342
18350080,3676.155,eval/sps,1056.4742177593787
18874368,3743.422,episode/sps,5373.076094916658
18874368,3743.422,episode/length,1000.0
18874368,3743.422,episode/reward/ctrl,-0.22415101632475853
18874368,3743.422,episode/reward/forward,348.82572570800784
18874368,3743.422,episode/reward/joint,-0.05675800148397684
18874368,3743.422,episode/reward/orient,-52.66202921383083
18874368,3743.422,episode/reward/total,295.8827392578125
18874368,3743.422,episode/state/forward_vel,2.7951377406716347
18874368,3743.422,episode/state/up_z,951.384478149414
18874368,3743.422,episode/sum_reward,295.8827392578125
18874368,3743.422,episode/entropy_loss,-0.11550677664577962
18874368,3743.422,episode/kl_mean,0.0015344066655961796
18874368,3743.422,episode/learning_rate,0.0003000000142492354
18874368,3743.422,episode/policy_dist_max_loc,0.5753561836481095
18874368,3743.422,episode/policy_dist_max_std,1.2590072393417358
18874368,3743.422,episode/policy_dist_mean_loc,-0.08140498444437981
18874368,3743.422,episode/policy_dist_mean_std,0.7115596199035644
18874368,3743.422,episode/policy_dist_min_loc,-0.9027085304260254
18874368,3743.422,episode/policy_dist_min_std,0.36772970110177994
18874368,3743.422,episode/policy_loss,-0.0006586468422028702
18874368,3743.422,episode/total_loss,13.156184222698212
18874368,3743.422,episode/v_loss,13.272349638938904
18874368,3774.054,eval/walltime,1202.0237271785736
18874368,3774.054,training/sps,7793.218934101
18874368,3774.054,training/walltime,2559.8112959861755
18874368,3774.054,training/entropy_loss,-0.11536078155040741
18874368,3774.054,training/kl_mean,0.0025528427213430405
18874368,3774.054,training/learning_rate,0.0003000000142492354
18874368,3774.054,training/policy_dist_max_loc,0.5921615958213806
18874368,3774.054,training/policy_dist_max_std,1.257718801498413
18874368,3774.054,training/policy_dist_mean_loc,-0.0880771204829216
18874368,3774.054,training/policy_dist_mean_std,0.7132744193077087
18874368,3774.054,training/policy_dist_min_loc,-0.9104496240615845
18874368,3774.054,training/policy_dist_min_std,0.3596295118331909
18874368,3774.054,training/policy_loss,-0.0009224796667695045
18874368,3774.054,training/total_loss,9.746794700622559
18874368,3774.054,training/v_loss,9.863079071044922
18874368,3774.054,eval/episode_reward,339.1180419921875
18874368,3774.054,eval/episode_reward/ctrl,-0.22616223990917206
18874368,3774.054,eval/episode_reward/forward,341.20050048828125
18874368,3774.054,eval/episode_reward/joint,-0.06543852388858795
18874368,3774.054,eval/episode_reward/orient,-1.7908577919006348
18874368,3774.054,eval/episode_reward/total,339.1180419921875
18874368,3774.054,eval/episode_state/forward_vel,-1.5841248035430908
18874368,3774.054,eval/episode_state/up_z,983.0181884765625
18874368,3774.054,eval/episode_reward_std,21.80206298828125
18874368,3774.054,eval/episode_reward/ctrl_std,0.0023123121354728937
18874368,3774.054,eval/episode_reward/forward_std,21.17605209350586
18874368,3774.054,eval/episode_reward/joint_std,0.00680603738874197
18874368,3774.054,eval/episode_reward/orient_std,2.6574206352233887
18874368,3774.054,eval/episode_reward/total_std,21.80206298828125
18874368,3774.054,eval/episode_state/forward_vel_std,12.121057510375977
18874368,3774.054,eval/episode_state/up_z_std,7.580158710479736
18874368,3774.054,eval/avg_episode_length,1000.0
18874368,3774.054,eval/std_episode_length,0.0
18874368,3774.054,eval/epoch_eval_time,30.607922315597534
18874368,3774.054,eval/sps,1045.4809598001716
19398656,3843.398,episode/sps,5244.130435135349
19398656,3843.398,episode/length,1000.0
19398656,3843.398,episode/reward/ctrl,-0.2249148178100586
19398656,3843.398,episode/reward/forward,348.9659106445313
19398656,3843.398,episode/reward/joint,-0.05886613201349974
19398656,3843.398,episode/reward/orient,-29.08987852461636
19398656,3843.398,episode/reward/total,319.5922225952148
19398656,3843.398,episode/state/forward_vel,3.5894830261170863
19398656,3843.398,episode/state/up_z,966.0019158935547
19398656,3843.398,episode/sum_reward,319.5922225952148
19398656,3843.398,episode/entropy_loss,-0.11540611304342746
19398656,3843.398,episode/kl_mean,0.0017645572125911712
19398656,3843.398,episode/learning_rate,0.0003000000142492354
19398656,3843.398,episode/policy_dist_max_loc,0.574022170305252
19398656,3843.398,episode/policy_dist_max_std,1.2750253248214722
19398656,3843.398,episode/policy_dist_mean_loc,-0.08639543451368809
19398656,3843.398,episode/policy_dist_mean_std,0.7133742427825928
19398656,3843.398,episode/policy_dist_min_loc,-0.9162604278326034
19398656,3843.398,episode/policy_dist_min_std,0.3631855344772339
19398656,3843.398,episode/policy_loss,-0.0006403006560867652
19398656,3843.398,episode/total_loss,12.44032212972641
19398656,3843.398,episode/v_loss,12.556368527412415
19398656,3877.152,eval/walltime,1235.7519056797028
19398656,3877.152,training/sps,7559.902797083574
19398656,3877.152,training/walltime,2629.1624522209167
19398656,3877.152,training/entropy_loss,-0.1152341440320015
19398656,3877.152,training/kl_mean,0.0017924760468304157
19398656,3877.152,training/learning_rate,0.0003000000142492354
19398656,3877.152,training/policy_dist_max_loc,0.568274736404419
19398656,3877.152,training/policy_dist_max_std,1.2948975563049316
19398656,3877.152,training/policy_dist_mean_loc,-0.09245546162128448
19398656,3877.152,training/policy_dist_mean_std,0.7154552936553955
19398656,3877.152,training/policy_dist_min_loc,-0.9239120483398438
19398656,3877.152,training/policy_dist_min_std,0.3637123703956604
19398656,3877.152,training/policy_loss,-0.0005329365376383066
19398656,3877.152,training/total_loss,10.788237571716309
19398656,3877.152,training/v_loss,10.90400505065918
19398656,3877.152,eval/episode_reward,326.7105712890625
19398656,3877.152,eval/episode_reward/ctrl,-0.22928893566131592
19398656,3877.152,eval/episode_reward/forward,345.20703125
19398656,3877.152,eval/episode_reward/joint,-0.07336615025997162
19398656,3877.152,eval/episode_reward/orient,-18.193737030029297
19398656,3877.152,eval/episode_reward/total,326.7105712890625
19398656,3877.152,eval/episode_state/forward_vel,0.5287964344024658
19398656,3877.152,eval/episode_state/up_z,971.4749755859375
19398656,3877.152,eval/episode_reward_std,98.4337387084961
19398656,3877.152,eval/episode_reward/ctrl_std,0.0025782708544284105
19398656,3877.152,eval/episode_reward/forward_std,20.027050018310547
19398656,3877.152,eval/episode_reward/joint_std,0.007861772552132607
19398656,3877.152,eval/episode_reward/orient_std,94.15077209472656
19398656,3877.152,eval/episode_reward/total_std,98.4337387084961
19398656,3877.152,eval/episode_state/forward_vel_std,11.729450225830078
19398656,3877.152,eval/episode_state/up_z_std,63.027008056640625
19398656,3877.152,eval/avg_episode_length,1000.0
19398656,3877.152,eval/std_episode_length,0.0
19398656,3877.152,eval/epoch_eval_time,33.72817850112915
19398656,3877.152,eval/sps,948.7615822161492
19922944,3948.145,episode/sps,5005.301432981165
19922944,3948.145,episode/length,1000.0
19922944,3948.145,episode/reward/ctrl,-0.22628479942679405
19922944,3948.145,episode/reward/forward,343.7728744506836
19922944,3948.145,episode/reward/joint,-0.0643412084877491
19922944,3948.145,episode/reward/orient,-13.12870599374175
19922944,3948.145,episode/reward/total,330.3535186767578
19922944,3948.145,episode/state/forward_vel,0.04726698338985443
19922944,3948.145,episode/state/up_z,976.5252767944336
19922944,3948.145,episode/sum_reward,330.3535186767578
19922944,3948.145,episode/entropy_loss,-0.11504077389836312
19922944,3948.145,episode/kl_mean,0.002297013567003887
19922944,3948.145,episode/learning_rate,0.0003000000142492354
19922944,3948.145,episode/policy_dist_max_loc,0.5821214529871941
19922944,3948.145,episode/policy_dist_max_std,1.2890792036056518
19922944,3948.145,episode/policy_dist_mean_loc,-0.09640160247683525
19922944,3948.145,episode/policy_dist_mean_std,0.7164514154195786
19922944,3948.145,episode/policy_dist_min_loc,-0.9367797416448593
19922944,3948.145,episode/policy_dist_min_std,0.3583614259958267
19922944,3948.145,episode/policy_loss,-0.0007580884032358881
19922944,3948.145,episode/total_loss,10.662232390642167
19922944,3948.145,episode/v_loss,10.77803128838539
19922944,3981.774,eval/walltime,1269.3603699207306
19922944,3981.774,training/sps,7384.420081252947
19922944,3981.774,training/walltime,2700.1616632938385
19922944,3981.774,training/entropy_loss,-0.11445349454879761
19922944,3981.774,training/kl_mean,0.002603561617434025
19922944,3981.774,training/learning_rate,0.0003000000142492354
19922944,3981.774,training/policy_dist_max_loc,0.5896545052528381
19922944,3981.774,training/policy_dist_max_std,1.3200035095214844
19922944,3981.774,training/policy_dist_mean_loc,-0.11058077216148376
19922944,3981.774,training/policy_dist_mean_std,0.7211061716079712
19922944,3981.774,training/policy_dist_min_loc,-0.9815528988838196
19922944,3981.774,training/policy_dist_min_std,0.34836703538894653
19922944,3981.774,training/policy_loss,-0.0007666361634619534
19922944,3981.774,training/total_loss,10.740012168884277
19922944,3981.774,training/v_loss,10.855232238769531
19922944,3981.774,eval/episode_reward,278.8785400390625
19922944,3981.774,eval/episode_reward/ctrl,-0.23276415467262268
19922944,3981.774,eval/episode_reward/forward,342.67364501953125
19922944,3981.774,eval/episode_reward/joint,-0.0807623416185379
19922944,3981.774,eval/episode_reward/orient,-63.481536865234375
19922944,3981.774,eval/episode_reward/total,278.8785400390625
19922944,3981.774,eval/episode_state/forward_vel,-0.9138256311416626
19922944,3981.774,eval/episode_state/up_z,948.5993041992188
19922944,3981.774,eval/episode_reward_std,335.4696044921875
19922944,3981.774,eval/episode_reward/ctrl_std,0.0018850937485694885
19922944,3981.774,eval/episode_reward/forward_std,14.982566833496094
19922944,3981.774,eval/episode_reward/joint_std,0.0050988891161978245
19922944,3981.774,eval/episode_reward/orient_std,333.2511291503906
19922944,3981.774,eval/episode_reward/total_std,335.4696044921875
19922944,3981.774,eval/episode_state/forward_vel_std,9.663762092590332
19922944,3981.774,eval/episode_state/up_z_std,175.14569091796875
19922944,3981.774,eval/avg_episode_length,1000.0
19922944,3981.774,eval/std_episode_length,0.0
19922944,3981.774,eval/epoch_eval_time,33.60846424102783
19922944,3981.774,eval/sps,952.1410966745608
20447232,4053.235,episode/sps,4988.964636604648
20447232,4053.235,episode/length,1000.0
20447232,4053.235,episode/reward/ctrl,-0.22969477385282516
20447232,4053.235,episode/reward/forward,342.7541452026367
20447232,4053.235,episode/reward/joint,-0.07415390007197857
20447232,4053.235,episode/reward/orient,-17.05140304714441
20447232,4053.235,episode/reward/total,325.3988362121582
20447232,4053.235,episode/state/forward_vel,-0.9053929316997528
20447232,4053.235,episode/state/up_z,973.2550144958497
20447232,4053.235,episode/sum_reward,325.3988362121582
20447232,4053.235,episode/entropy_loss,-0.11459308214485646
20447232,4053.235,episode/kl_mean,0.0025740208744537084
20447232,4053.235,episode/learning_rate,0.0003000000142492354
20447232,4053.235,episode/policy_dist_max_loc,0.5921669235825539
20447232,4053.235,episode/policy_dist_max_std,1.318203775882721
20447232,4053.235,episode/policy_dist_mean_loc,-0.10627396926283836
20447232,4053.235,episode/policy_dist_mean_std,0.7198369771242141
20447232,4053.235,episode/policy_dist_min_loc,-0.9711662393808365
20447232,4053.235,episode/policy_dist_min_std,0.35113348081707957
20447232,4053.235,episode/policy_loss,-0.0008042013391968794
20447232,4053.235,episode/total_loss,8.461989187598228
20447232,4053.235,episode/v_loss,8.577386485934257
20447232,4086.436,eval/walltime,1302.533887386322
20447232,4086.436,training/sps,7335.921484732906
20447232,4086.436,training/walltime,2771.6302580833435
20447232,4086.436,training/entropy_loss,-0.11399433761835098
20447232,4086.436,training/kl_mean,0.0031677070073783398
20447232,4086.436,training/learning_rate,0.0003000000142492354
20447232,4086.436,training/policy_dist_max_loc,0.6195780038833618
20447232,4086.436,training/policy_dist_max_std,1.3482195138931274
20447232,4086.436,training/policy_dist_mean_loc,-0.11810082197189331
20447232,4086.436,training/policy_dist_mean_std,0.7236858606338501
20447232,4086.436,training/policy_dist_min_loc,-1.0142326354980469
20447232,4086.436,training/policy_dist_min_std,0.3381844758987427
20447232,4086.436,training/policy_loss,-0.0010444954968988895
20447232,4086.436,training/total_loss,3.5304770469665527
20447232,4086.436,training/v_loss,3.6455156803131104
20447232,4086.436,eval/episode_reward,290.1195373535156
20447232,4086.436,eval/episode_reward/ctrl,-0.23248952627182007
20447232,4086.436,eval/episode_reward/forward,349.44097900390625
20447232,4086.436,eval/episode_reward/joint,-0.0823049396276474
20447232,4086.436,eval/episode_reward/orient,-59.006629943847656
20447232,4086.436,eval/episode_reward/total,290.1195373535156
20447232,4086.436,eval/episode_state/forward_vel,3.7308175563812256
20447232,4086.436,eval/episode_state/up_z,951.260009765625
20447232,4086.436,eval/episode_reward_std,326.8415222167969
20447232,4086.436,eval/episode_reward/ctrl_std,0.002453313674777746
20447232,4086.436,eval/episode_reward/forward_std,19.57160758972168
20447232,4086.436,eval/episode_reward/joint_std,0.006124340929090977
20447232,4086.436,eval/episode_reward/orient_std,320.1983947753906
20447232,4086.436,eval/episode_reward/total_std,326.8415222167969
20447232,4086.436,eval/episode_state/forward_vel_std,13.461997985839844
20447232,4086.436,eval/episode_state/up_z_std,165.46607971191406
20447232,4086.436,eval/avg_episode_length,1000.0
20447232,4086.436,eval/std_episode_length,0.0
20447232,4086.436,eval/epoch_eval_time,33.17351746559143
20447232,4086.436,eval/sps,964.6248708232813
20971520,4157.985,episode/sps,5005.121330612729
20971520,4157.985,episode/length,1000.0
20971520,4157.985,episode/reward/ctrl,-0.23211108922958373
20971520,4157.985,episode/reward/forward,343.55265625
20971520,4157.985,episode/reward/joint,-0.08102947972714901
20971520,4157.985,episode/reward/orient,-2.383787909001112
20971520,4157.985,episode/reward/total,340.8557168579102
20971520,4157.985,episode/state/forward_vel,-0.2911192238330841
20971520,4157.985,episode/state/up_z,979.8660125732422
20971520,4157.985,episode/sum_reward,340.8557168579102
20971520,4157.985,episode/entropy_loss,-0.11407824330031872
20971520,4157.985,episode/kl_mean,0.0028055573196616025
20971520,4157.985,episode/learning_rate,0.0003000000142492354
20971520,4157.985,episode/policy_dist_max_loc,0.601311192214489
20971520,4157.985,episode/policy_dist_max_std,1.3601969063282013
20971520,4157.985,episode/policy_dist_mean_loc,-0.11655773833394051
20971520,4157.985,episode/policy_dist_mean_std,0.7229280996322632
20971520,4157.985,episode/policy_dist_min_loc,-0.9952989757061005
20971520,4157.985,episode/policy_dist_min_std,0.3481589610874653
20971520,4157.985,episode/policy_loss,-0.0008125395663955714
20971520,4157.985,episode/total_loss,8.274032062888146
20971520,4157.985,episode/v_loss,8.38892282664776
20971520,4190.961,eval/walltime,1335.4858281612396
20971520,4190.961,training/sps,7327.073735781525
20971520,4190.961,training/walltime,2843.1851541996
20971520,4190.961,training/entropy_loss,-0.11364501714706421
20971520,4190.961,training/kl_mean,0.002575160237029195
20971520,4190.961,training/learning_rate,0.0003000000142492354
20971520,4190.961,training/policy_dist_max_loc,0.5976608395576477
20971520,4190.961,training/policy_dist_max_std,1.4188348054885864
20971520,4190.961,training/policy_dist_mean_loc,-0.12379847466945648
20971520,4190.961,training/policy_dist_mean_std,0.7247507572174072
20971520,4190.961,training/policy_dist_min_loc,-0.9935195446014404
20971520,4190.961,training/policy_dist_min_std,0.35609084367752075
20971520,4190.961,training/policy_loss,-0.000539042754098773
20971520,4190.961,training/total_loss,10.07836627960205
20971520,4190.961,training/v_loss,10.192550659179688
20971520,4190.961,eval/episode_reward,347.490234375
20971520,4190.961,eval/episode_reward/ctrl,-0.23510277271270752
20971520,4190.961,eval/episode_reward/forward,349.00714111328125
20971520,4190.961,eval/episode_reward/joint,-0.08863822370767593
20971520,4190.961,eval/episode_reward/orient,-1.1932058334350586
20971520,4190.961,eval/episode_reward/total,347.490234375
20971520,4190.961,eval/episode_state/forward_vel,3.155627489089966
20971520,4190.961,eval/episode_state/up_z,981.1392822265625
20971520,4190.961,eval/episode_reward_std,15.546835899353027
20971520,4190.961,eval/episode_reward/ctrl_std,0.002351305214688182
20971520,4190.961,eval/episode_reward/forward_std,15.447759628295898
20971520,4190.961,eval/episode_reward/joint_std,0.004940064158290625
20971520,4190.961,eval/episode_reward/orient_std,0.8942264914512634
20971520,4190.961,eval/episode_reward/total_std,15.546835899353027
20971520,4190.961,eval/episode_state/forward_vel_std,9.739096641540527
20971520,4190.961,eval/episode_state/up_z_std,5.30191707611084
20971520,4190.961,eval/avg_episode_length,1000.0
20971520,4190.961,eval/std_episode_length,0.0
20971520,4190.961,eval/epoch_eval_time,32.9519407749176
20971520,4190.961,eval/sps,971.1112379868623
21495808,4263.936,episode/sps,4948.399796790675
21495808,4263.936,episode/length,1000.0
21495808,4263.936,episode/reward/ctrl,-0.23260055020451545
21495808,4263.936,episode/reward/forward,348.3006872558594
21495808,4263.936,episode/reward/joint,-0.08356333963572979
21495808,4263.936,episode/reward/orient,-48.23573519647121
21495808,4263.936,episode/reward/total,299.74870727539064
21495808,4263.936,episode/state/forward_vel,3.405701675415039
21495808,4263.936,episode/state/up_z,955.6940389347077
21495808,4263.936,episode/sum_reward,299.74870727539064
21495808,4263.936,episode/entropy_loss,-0.11363506086170673
21495808,4263.936,episode/kl_mean,0.0028423033183207734
21495808,4263.936,episode/learning_rate,0.0003000000142492354
21495808,4263.936,episode/policy_dist_max_loc,0.6093013814091682
21495808,4263.936,episode/policy_dist_max_std,1.391731435060501
21495808,4263.936,episode/policy_dist_mean_loc,-0.1252461238205433
21495808,4263.936,episode/policy_dist_mean_std,0.7251183748245239
21495808,4263.936,episode/policy_dist_min_loc,-1.0067330884933472
21495808,4263.936,episode/policy_dist_min_std,0.3464545711874962
21495808,4263.936,episode/policy_loss,-0.0007758380900486372
21495808,4263.936,episode/total_loss,8.129007249474526
21495808,4263.936,episode/v_loss,8.243418155312538
21495808,4296.300,eval/walltime,1367.8230786323547
21495808,4296.300,training/sps,7183.6637007356685
21495808,4296.300,training/walltime,2916.168526172638
21495808,4296.300,training/entropy_loss,-0.11315980553627014
21495808,4296.300,training/kl_mean,0.0027738818898797035
21495808,4296.300,training/learning_rate,0.0003000000142492354
21495808,4296.300,training/policy_dist_max_loc,0.6137052774429321
21495808,4296.300,training/policy_dist_max_std,1.4158879518508911
21495808,4296.300,training/policy_dist_mean_loc,-0.1355799436569214
21495808,4296.300,training/policy_dist_mean_std,0.7273035645484924
21495808,4296.300,training/policy_dist_min_loc,-1.0126886367797852
21495808,4296.300,training/policy_dist_min_std,0.3450533151626587
21495808,4296.300,training/policy_loss,-0.0006818687543272972
21495808,4296.300,training/total_loss,10.623442649841309
21495808,4296.300,training/v_loss,10.737284660339355
21495808,4296.300,eval/episode_reward,350.06573486328125
21495808,4296.300,eval/episode_reward/ctrl,-0.23595216870307922
21495808,4296.300,eval/episode_reward/forward,351.78411865234375
21495808,4296.300,eval/episode_reward/joint,-0.08891323208808899
21495808,4296.300,eval/episode_reward/orient,-1.3935431241989136
21495808,4296.300,eval/episode_reward/total,350.06573486328125
21495808,4296.300,eval/episode_state/forward_vel,5.266638278961182
21495808,4296.300,eval/episode_state/up_z,979.48583984375
21495808,4296.300,eval/episode_reward_std,16.261205673217773
21495808,4296.300,eval/episode_reward/ctrl_std,0.0017512255581095815
21495808,4296.300,eval/episode_reward/forward_std,16.47566032409668
21495808,4296.300,eval/episode_reward/joint_std,0.004159074742347002
21495808,4296.300,eval/episode_reward/orient_std,1.123867154121399
21495808,4296.300,eval/episode_reward/total_std,16.261205673217773
21495808,4296.300,eval/episode_state/forward_vel_std,11.165692329406738
21495808,4296.300,eval/episode_state/up_z_std,6.489278316497803
21495808,4296.300,eval/avg_episode_length,1000.0
21495808,4296.300,eval/std_episode_length,0.0
21495808,4296.300,eval/epoch_eval_time,32.33725047111511
21495808,4296.300,eval/sps,989.5708365367564
22020096,4366.449,episode/sps,5114.363054466186
22020096,4366.449,episode/length,1000.0
22020096,4366.449,episode/reward/ctrl,-0.23584304615855217
22020096,4366.449,episode/reward/forward,348.84946807861326
22020096,4366.449,episode/reward/joint,-0.08907408423721791
22020096,4366.449,episode/reward/orient,-43.73871148630977
22020096,4366.449,episode/reward/total,304.78580657958986
22020096,4366.449,episode/state/forward_vel,3.0105953230708837
22020096,4366.449,episode/state/up_z,957.5511483383178
22020096,4366.449,episode/sum_reward,304.78580657958986
22020096,4366.449,episode/entropy_loss,-0.11338922530412673
22020096,4366.449,episode/kl_mean,0.0027082270494429394
22020096,4366.449,episode/learning_rate,0.0003000000142492354
22020096,4366.449,episode/policy_dist_max_loc,0.6123341777920723
22020096,4366.449,episode/policy_dist_max_std,1.4092198288440705
22020096,4366.449,episode/policy_dist_mean_loc,-0.1324760328233242
22020096,4366.449,episode/policy_dist_mean_std,0.7271099108457565
22020096,4366.449,episode/policy_dist_min_loc,-1.0743808680772782
22020096,4366.449,episode/policy_dist_min_std,0.34463875576853753
22020096,4366.449,episode/policy_loss,-0.0006293256697244942
22020096,4366.449,episode/total_loss,10.477202363014221
22020096,4366.449,episode/v_loss,10.591220934391021
22020096,4398.401,eval/walltime,1399.7530624866486
22020096,4398.401,training/sps,7473.195184852744
22020096,4398.401,training/walltime,2986.3243279457092
22020096,4398.401,training/entropy_loss,-0.11328019201755524
22020096,4398.401,training/kl_mean,0.0025160417426377535
22020096,4398.401,training/learning_rate,0.0003000000142492354
22020096,4398.401,training/policy_dist_max_loc,0.6179989576339722
22020096,4398.401,training/policy_dist_max_std,1.3972543478012085
22020096,4398.401,training/policy_dist_mean_loc,-0.14003261923789978
22020096,4398.401,training/policy_dist_mean_std,0.7297466993331909
22020096,4398.401,training/policy_dist_min_loc,-1.230797290802002
22020096,4398.401,training/policy_dist_min_std,0.336061954498291
22020096,4398.401,training/policy_loss,-0.0005453788908198476
22020096,4398.401,training/total_loss,11.496879577636719
22020096,4398.401,training/v_loss,11.610705375671387
22020096,4398.401,eval/episode_reward,333.2254638671875
22020096,4398.401,eval/episode_reward/ctrl,-0.2374037206172943
22020096,4398.401,eval/episode_reward/forward,335.22235107421875
22020096,4398.401,eval/episode_reward/joint,-0.09116463363170624
22020096,4398.401,eval/episode_reward/orient,-1.6684179306030273
22020096,4398.401,eval/episode_reward/total,333.2254638671875
22020096,4398.401,eval/episode_state/forward_vel,-5.113341808319092
22020096,4398.401,eval/episode_state/up_z,979.340087890625
22020096,4398.401,eval/episode_reward_std,22.790773391723633
22020096,4398.401,eval/episode_reward/ctrl_std,0.0017394099850207567
22020096,4398.401,eval/episode_reward/forward_std,21.9405517578125
22020096,4398.401,eval/episode_reward/joint_std,0.005556122399866581
22020096,4398.401,eval/episode_reward/orient_std,1.7805304527282715
22020096,4398.401,eval/episode_reward/total_std,22.790773391723633
22020096,4398.401,eval/episode_state/forward_vel_std,13.085658073425293
22020096,4398.401,eval/episode_state/up_z_std,6.206334114074707
22020096,4398.401,eval/avg_episode_length,1000.0
22020096,4398.401,eval/std_episode_length,0.0
22020096,4398.401,eval/epoch_eval_time,31.929983854293823
22020096,4398.401,eval/sps,1002.1928024149865
22544384,4465.772,episode/sps,5278.626142519657
22544384,4465.772,episode/length,1000.0
22544384,4465.772,episode/reward/ctrl,-0.23711773708462716
22544384,4465.772,episode/reward/forward,347.31231018066404
22544384,4465.772,episode/reward/joint,-0.09203927300870418
22544384,4465.772,episode/reward/orient,-14.958744773566723
22544384,4465.772,episode/reward/total,332.02438743591307
22544384,4465.772,episode/state/forward_vel,1.5409661602973939
22544384,4465.772,episode/state/up_z,973.6031658935547
22544384,4465.772,episode/sum_reward,332.02438743591307
22544384,4465.772,episode/entropy_loss,-0.11324878059327602
22544384,4465.772,episode/kl_mean,0.0028161176462890582
22544384,4465.772,episode/learning_rate,0.0003000000142492354
22544384,4465.772,episode/policy_dist_max_loc,0.6231298783421516
22544384,4465.772,episode/policy_dist_max_std,1.4289286458492279
22544384,4465.772,episode/policy_dist_mean_loc,-0.13854123875498772
22544384,4465.772,episode/policy_dist_mean_std,0.7296851217746735
22544384,4465.772,episode/policy_dist_min_loc,-1.1026177144050597
22544384,4465.772,episode/policy_dist_min_std,0.34404838845133784
22544384,4465.772,episode/policy_loss,-0.00063316178318928
22544384,4465.772,episode/total_loss,9.371792085170746
22544384,4465.772,episode/v_loss,9.485674049854278
22544384,4500.529,eval/walltime,1434.486140012741
22544384,4500.529,training/sps,7781.177567152559
22544384,4500.529,training/walltime,3053.7033326625824
22544384,4500.529,training/entropy_loss,-0.11326958239078522
22544384,4500.529,training/kl_mean,0.0030243736691772938
22544384,4500.529,training/learning_rate,0.0003000000142492354
22544384,4500.529,training/policy_dist_max_loc,0.6412396430969238
22544384,4500.529,training/policy_dist_max_std,1.4742552042007446
22544384,4500.529,training/policy_dist_mean_loc,-0.141561359167099
22544384,4500.529,training/policy_dist_mean_std,0.7324686050415039
22544384,4500.529,training/policy_dist_min_loc,-1.0833659172058105
22544384,4500.529,training/policy_dist_min_std,0.35002025961875916
22544384,4500.529,training/policy_loss,-0.0006000276771374047
22544384,4500.529,training/total_loss,6.172962188720703
22544384,4500.529,training/v_loss,6.286831855773926
22544384,4500.529,eval/episode_reward,350.7301025390625
22544384,4500.529,eval/episode_reward/ctrl,-0.23755547404289246
22544384,4500.529,eval/episode_reward/forward,353.18902587890625
22544384,4500.529,eval/episode_reward/joint,-0.09603308141231537
22544384,4500.529,eval/episode_reward/orient,-2.125342607498169
22544384,4500.529,eval/episode_reward/total,350.7301025390625
22544384,4500.529,eval/episode_state/forward_vel,5.371386528015137
22544384,4500.529,eval/episode_state/up_z,980.026611328125
22544384,4500.529,eval/episode_reward_std,13.74986743927002
22544384,4500.529,eval/episode_reward/ctrl_std,0.0021306064445525408
22544384,4500.529,eval/episode_reward/forward_std,14.857708930969238
22544384,4500.529,eval/episode_reward/joint_std,0.0060340906493365765
22544384,4500.529,eval/episode_reward/orient_std,5.256226539611816
22544384,4500.529,eval/episode_reward/total_std,13.74986743927002
22544384,4500.529,eval/episode_state/forward_vel_std,10.014299392700195
22544384,4500.529,eval/episode_state/up_z_std,10.294455528259277
22544384,4500.529,eval/avg_episode_length,1000.0
22544384,4500.529,eval/std_episode_length,0.0
22544384,4500.529,eval/epoch_eval_time,34.73307752609253
22544384,4500.529,eval/sps,921.311967704579
23068672,4577.222,episode/sps,4704.213762198663
23068672,4577.222,episode/length,1000.0
23068672,4577.222,episode/reward/ctrl,-0.23797688081860544
23068672,4577.222,episode/reward/forward,341.3524142456055
23068672,4577.222,episode/reward/joint,-0.09420397780835628
23068672,4577.222,episode/reward/orient,-44.29091552987695
23068672,4577.222,episode/reward/total,296.7292744445801
23068672,4577.222,episode/state/forward_vel,-1.6643743422627448
23068672,4577.222,episode/state/up_z,958.4624685668946
23068672,4577.222,episode/sum_reward,296.7292744445801
23068672,4577.222,episode/entropy_loss,-0.11330513522028923
23068672,4577.222,episode/kl_mean,0.0029121965312515386
23068672,4577.222,episode/learning_rate,0.0003000000142492354
23068672,4577.222,episode/policy_dist_max_loc,0.6509135609865189
23068672,4577.222,episode/policy_dist_max_std,1.4138975656032562
23068672,4577.222,episode/policy_dist_mean_loc,-0.1404893882572651
23068672,4577.222,episode/policy_dist_mean_std,0.7318780195713043
23068672,4577.222,episode/policy_dist_min_loc,-1.124852882027626
23068672,4577.222,episode/policy_dist_min_std,0.3477748066186905
23068672,4577.222,episode/policy_loss,-0.0006789953525731107
23068672,4577.222,episode/total_loss,8.411211841106415
23068672,4577.222,episode/v_loss,8.525196039676667
23068672,4611.699,eval/walltime,1468.9384589195251
23068672,4611.699,training/sps,6835.574577299175
23068672,4611.699,training/walltime,3130.4032492637634
23068672,4611.699,training/entropy_loss,-0.11338873207569122
23068672,4611.699,training/kl_mean,0.0029886807315051556
23068672,4611.699,training/learning_rate,0.0003000000142492354
23068672,4611.699,training/policy_dist_max_loc,0.6963011026382446
23068672,4611.699,training/policy_dist_max_std,1.3703279495239258
23068672,4611.699,training/policy_dist_mean_loc,-0.14017897844314575
23068672,4611.699,training/policy_dist_mean_std,0.7339158058166504
23068672,4611.699,training/policy_dist_min_loc,-1.0780668258666992
23068672,4611.699,training/policy_dist_min_std,0.35786402225494385
23068672,4611.699,training/policy_loss,-0.0007849492831155658
23068672,4611.699,training/total_loss,7.036314010620117
23068672,4611.699,training/v_loss,7.150487422943115
23068672,4611.699,eval/episode_reward,308.3966064453125
23068672,4611.699,eval/episode_reward/ctrl,-0.2390662431716919
23068672,4611.699,eval/episode_reward/forward,339.11822509765625
23068672,4611.699,eval/episode_reward/joint,-0.09555460512638092
23068672,4611.699,eval/episode_reward/orient,-30.387102127075195
23068672,4611.699,eval/episode_reward/total,308.3966064453125
23068672,4611.699,eval/episode_state/forward_vel,-2.772634506225586
23068672,4611.699,eval/episode_state/up_z,965.509521484375
23068672,4611.699,eval/episode_reward_std,156.260009765625
23068672,4611.699,eval/episode_reward/ctrl_std,0.0014161994913592935
23068672,4611.699,eval/episode_reward/forward_std,22.582351684570312
23068672,4611.699,eval/episode_reward/joint_std,0.005417534150183201
23068672,4611.699,eval/episode_reward/orient_std,162.0613555908203
23068672,4611.699,eval/episode_reward/total_std,156.260009765625
23068672,4611.699,eval/episode_state/forward_vel_std,14.494270324707031
23068672,4611.699,eval/episode_state/up_z_std,88.47925567626953
23068672,4611.699,eval/avg_episode_length,1000.0
23068672,4611.699,eval/std_episode_length,0.0
23068672,4611.699,eval/epoch_eval_time,34.45231890678406
23068672,4611.699,eval/sps,928.8199173640771
23592960,4689.334,episode/sps,4676.4748142624
23592960,4689.334,episode/length,1000.0
23592960,4689.334,episode/reward/ctrl,-0.23927001371979714
23592960,4689.334,episode/reward/forward,347.0364779663086
23592960,4689.334,episode/reward/joint,-0.09665407992899418
23592960,4689.334,episode/reward/orient,-41.63322073668242
23592960,4689.334,episode/reward/total,305.0672894287109
23592960,4689.334,episode/state/forward_vel,2.0950090220570563
23592960,4689.334,episode/state/up_z,958.2531491088868
23592960,4689.334,episode/sum_reward,305.0672894287109
23592960,4689.334,episode/entropy_loss,-0.11334852084517479
23592960,4689.334,episode/kl_mean,0.0029230000128154642
23592960,4689.334,episode/learning_rate,0.0003000000142492354
23592960,4689.334,episode/policy_dist_max_loc,0.6959356582164764
23592960,4689.334,episode/policy_dist_max_std,1.4141666996479034
23592960,4689.334,episode/policy_dist_mean_loc,-0.1408896516263485
23592960,4689.334,episode/policy_dist_mean_std,0.7341958403587341
23592960,4689.334,episode/policy_dist_min_loc,-1.085144128203392
23592960,4689.334,episode/policy_dist_min_std,0.3434139174222946
23592960,4689.334,episode/policy_loss,-0.0006456644353602315
23592960,4689.334,episode/total_loss,7.584368140697479
23592960,4689.334,episode/v_loss,7.698362357616425
23592960,4724.416,eval/walltime,1503.9936151504517
23592960,4724.416,training/sps,6752.597268337059
23592960,4724.416,training/walltime,3208.04567027092
23592960,4724.416,training/entropy_loss,-0.11340083926916122
23592960,4724.416,training/kl_mean,0.0026800725609064102
23592960,4724.416,training/learning_rate,0.0003000000142492354
23592960,4724.416,training/policy_dist_max_loc,0.7573182582855225
23592960,4724.416,training/policy_dist_max_std,1.3944916725158691
23592960,4724.416,training/policy_dist_mean_loc,-0.14073467254638672
23592960,4724.416,training/policy_dist_mean_std,0.7366229891777039
23592960,4724.416,training/policy_dist_min_loc,-1.0855518579483032
23592960,4724.416,training/policy_dist_min_std,0.3228570222854614
23592960,4724.416,training/policy_loss,-0.00047106968122534454
23592960,4724.416,training/total_loss,9.016884803771973
23592960,4724.416,training/v_loss,9.130757331848145
23592960,4724.416,eval/episode_reward,342.3960266113281
23592960,4724.416,eval/episode_reward/ctrl,-0.2406120002269745
23592960,4724.416,eval/episode_reward/forward,344.119384765625
23592960,4724.416,eval/episode_reward/joint,-0.09526453167200089
23592960,4724.416,eval/episode_reward/orient,-1.3874752521514893
23592960,4724.416,eval/episode_reward/total,342.3960266113281
23592960,4724.416,eval/episode_state/forward_vel,0.25166642665863037
23592960,4724.416,eval/episode_state/up_z,979.6390380859375
23592960,4724.416,eval/episode_reward_std,18.013652801513672
23592960,4724.416,eval/episode_reward/ctrl_std,0.0019231366459280252
23592960,4724.416,eval/episode_reward/forward_std,17.959455490112305
23592960,4724.416,eval/episode_reward/joint_std,0.0046386378817260265
23592960,4724.416,eval/episode_reward/orient_std,1.2874923944473267
23592960,4724.416,eval/episode_reward/total_std,18.013652801513672
23592960,4724.416,eval/episode_state/forward_vel_std,11.042661666870117
23592960,4724.416,eval/episode_state/up_z_std,6.2124176025390625
23592960,4724.416,eval/avg_episode_length,1000.0
23592960,4724.416,eval/std_episode_length,0.0
23592960,4724.416,eval/epoch_eval_time,35.055156230926514
23592960,4724.416,eval/sps,912.8471654554721
24117248,4802.332,episode/sps,4639.813779123851
24117248,4802.332,episode/length,1000.0
24117248,4802.332,episode/reward/ctrl,-0.2408978621661663
24117248,4802.332,episode/reward/forward,348.00303161621093
24117248,4802.332,episode/reward/joint,-0.09738909490406514
24117248,4802.332,episode/reward/orient,-55.120458572506905
24117248,4802.332,episode/reward/total,292.54425979614257
24117248,4802.332,episode/state/forward_vel,2.601645641028881
24117248,4802.332,episode/state/up_z,950.2146417236328
24117248,4802.332,episode/sum_reward,292.54425979614257
24117248,4802.332,episode/entropy_loss,-0.11350332096219062
24117248,4802.332,episode/kl_mean,0.002904599843895994
24117248,4802.332,episode/learning_rate,0.0003000000142492354
24117248,4802.332,episode/policy_dist_max_loc,0.7363334155082703
24117248,4802.332,episode/policy_dist_max_std,1.3837224304676057
24117248,4802.332,episode/policy_dist_mean_loc,-0.14035153210163118
24117248,4802.332,episode/policy_dist_mean_std,0.7369487726688385
24117248,4802.332,episode/policy_dist_min_loc,-1.0660222029685975
24117248,4802.332,episode/policy_dist_min_std,0.33166854113340377
24117248,4802.332,episode/policy_loss,-0.0005863902720011538
24117248,4802.332,episode/total_loss,8.878035407066346
24117248,4802.332,episode/v_loss,8.992125129699707
24117248,4837.897,eval/walltime,1539.5342991352081
24117248,4837.897,training/sps,6728.294465677427
24117248,4837.897,training/walltime,3285.968538045883
24117248,4837.897,training/entropy_loss,-0.11372841894626617
24117248,4837.897,training/kl_mean,0.002942718332633376
24117248,4837.897,training/learning_rate,0.0003000000142492354
24117248,4837.897,training/policy_dist_max_loc,0.7617817521095276
24117248,4837.897,training/policy_dist_max_std,1.3883562088012695
24117248,4837.897,training/policy_dist_mean_loc,-0.14016735553741455
24117248,4837.897,training/policy_dist_mean_std,0.7409056425094604
24117248,4837.897,training/policy_dist_min_loc,-1.0327422618865967
24117248,4837.897,training/policy_dist_min_std,0.31282487511634827
24117248,4837.897,training/policy_loss,-0.0004360536695457995
24117248,4837.897,training/total_loss,11.060222625732422
24117248,4837.897,training/v_loss,11.174386978149414
24117248,4837.897,eval/episode_reward,292.8367614746094
24117248,4837.897,eval/episode_reward/ctrl,-0.24028386175632477
24117248,4837.897,eval/episode_reward/forward,348.5165710449219
24117248,4837.897,eval/episode_reward/joint,-0.09156935662031174
24117248,4837.897,eval/episode_reward/orient,-55.34791564941406
24117248,4837.897,eval/episode_reward/total,292.8367614746094
24117248,4837.897,eval/episode_state/forward_vel,3.3170642852783203
24117248,4837.897,eval/episode_state/up_z,950.46484375
24117248,4837.897,eval/episode_reward_std,229.1739959716797
24117248,4837.897,eval/episode_reward/ctrl_std,0.0019589599687606096
24117248,4837.897,eval/episode_reward/forward_std,17.605701446533203
24117248,4837.897,eval/episode_reward/joint_std,0.006045394577085972
24117248,4837.897,eval/episode_reward/orient_std,225.2617950439453
24117248,4837.897,eval/episode_reward/total_std,229.1739959716797
24117248,4837.897,eval/episode_state/forward_vel_std,11.155627250671387
24117248,4837.897,eval/episode_state/up_z_std,122.27951049804688
24117248,4837.897,eval/avg_episode_length,1000.0
24117248,4837.897,eval/std_episode_length,0.0
24117248,4837.897,eval/epoch_eval_time,35.54068398475647
24117248,4837.897,eval/sps,900.3765941512245
24641536,4915.093,episode/sps,4649.53981229117
24641536,4915.093,episode/length,1000.0
24641536,4915.093,episode/reward/ctrl,-0.24032705575227736
24641536,4915.093,episode/reward/forward,344.3597988891602
24641536,4915.093,episode/reward/joint,-0.09143514975905419
24641536,4915.093,episode/reward/orient,-59.363082636594775
24641536,4915.093,episode/reward/total,284.66487796783446
24641536,4915.093,episode/state/forward_vel,0.5490258202701807
24641536,4915.093,episode/state/up_z,948.9755274963379
24641536,4915.093,episode/sum_reward,284.66487796783446
24641536,4915.093,episode/entropy_loss,-0.11377496890723705
24641536,4915.093,episode/kl_mean,0.002757108065416105
24641536,4915.093,episode/learning_rate,0.0003000000142492354
24641536,4915.093,episode/policy_dist_max_loc,0.7560772162675857
24641536,4915.093,episode/policy_dist_max_std,1.3826228296756744
24641536,4915.093,episode/policy_dist_mean_loc,-0.13900525271892547
24641536,4915.093,episode/policy_dist_mean_std,0.7397654408216476
24641536,4915.093,episode/policy_dist_min_loc,-1.0372209531068801
24641536,4915.093,episode/policy_dist_min_std,0.3243674758076668
24641536,4915.093,episode/policy_loss,-0.0005314582437858917
24641536,4915.093,episode/total_loss,9.177159659862518
24641536,4915.093,episode/v_loss,9.29146607041359
24641536,4950.778,eval/walltime,1575.193746805191
24641536,4950.778,training/sps,6791.006977196398
24641536,4950.778,training/walltime,3363.171816110611
24641536,4950.778,training/entropy_loss,-0.11424034833908081
24641536,4950.778,training/kl_mean,0.0023806318640708923
24641536,4950.778,training/learning_rate,0.0003000000142492354
24641536,4950.778,training/policy_dist_max_loc,0.7457058429718018
24641536,4950.778,training/policy_dist_max_std,1.364047884941101
24641536,4950.778,training/policy_dist_mean_loc,-0.13606593012809753
24641536,4950.778,training/policy_dist_mean_std,0.7423686981201172
24641536,4950.778,training/policy_dist_min_loc,-0.9812307357788086
24641536,4950.778,training/policy_dist_min_std,0.3341602087020874
24641536,4950.778,training/policy_loss,-0.0005551193607971072
24641536,4950.778,training/total_loss,7.713595390319824
24641536,4950.778,training/v_loss,7.828391075134277
24641536,4950.778,eval/episode_reward,315.8087158203125
24641536,4950.778,eval/episode_reward/ctrl,-0.2402791529893875
24641536,4950.778,eval/episode_reward/forward,352.1221923828125
24641536,4950.778,eval/episode_reward/joint,-0.08805382996797562
24641536,4950.778,eval/episode_reward/orient,-35.985015869140625
24641536,4950.778,eval/episode_reward/total,315.8087158203125
24641536,4950.778,eval/episode_state/forward_vel,4.9170050621032715
24641536,4950.778,eval/episode_state/up_z,962.1292114257812
24641536,4950.778,eval/episode_reward_std,200.98460388183594
24641536,4950.778,eval/episode_reward/ctrl_std,0.0019973115995526314
24641536,4950.778,eval/episode_reward/forward_std,16.569955825805664
24641536,4950.778,eval/episode_reward/joint_std,0.005488272290676832
24641536,4950.778,eval/episode_reward/orient_std,193.52296447753906
24641536,4950.778,eval/episode_reward/total_std,200.98460388183594
24641536,4950.778,eval/episode_state/forward_vel_std,10.684207916259766
24641536,4950.778,eval/episode_state/up_z_std,105.26945495605469
24641536,4950.778,eval/avg_episode_length,1000.0
24641536,4950.778,eval/std_episode_length,0.0
24641536,4950.778,eval/epoch_eval_time,35.65944766998291
24641536,4950.778,eval/sps,897.3778925616022
25165824,5027.348,episode/sps,4670.501157880402
25165824,5027.348,episode/length,1000.0
25165824,5027.348,episode/reward/ctrl,-0.24019795089960097
25165824,5027.348,episode/reward/forward,347.4529067993164
25165824,5027.348,episode/reward/joint,-0.08778753340244293
25165824,5027.348,episode/reward/orient,-14.910563389062881
25165824,5027.348,episode/reward/total,332.2143295288086
25165824,5027.348,episode/state/forward_vel,2.4181866016983986
25165824,5027.348,episode/state/up_z,972.3345266723633
25165824,5027.348,episode/sum_reward,332.2143295288086
25165824,5027.348,episode/entropy_loss,-0.11415387354791165
25165824,5027.348,episode/kl_mean,0.002608394218259491
25165824,5027.348,episode/learning_rate,0.0003000000142492354
25165824,5027.348,episode/policy_dist_max_loc,0.7702587425708771
25165824,5027.348,episode/policy_dist_max_std,1.3724647641181946
25165824,5027.348,episode/policy_dist_mean_loc,-0.13649922013282775
25165824,5027.348,episode/policy_dist_mean_std,0.7420871704816818
25165824,5027.348,episode/policy_dist_min_loc,-1.044273594021797
25165824,5027.348,episode/policy_dist_min_std,0.3245668920874596
25165824,5027.348,episode/policy_loss,-0.0005980613469728269
25165824,5027.348,episode/total_loss,7.815562821030617
25165824,5027.348,episode/v_loss,7.930314716100693
25165824,5062.718,eval/walltime,1610.5390801429749
25165824,5062.718,training/sps,6846.498383296987
25165824,5062.718,training/walltime,3439.7493555545807
25165824,5062.718,training/entropy_loss,-0.11458957195281982
25165824,5062.718,training/kl_mean,0.002332238480448723
25165824,5062.718,training/learning_rate,0.0003000000142492354
25165824,5062.718,training/policy_dist_max_loc,0.8019297122955322
25165824,5062.718,training/policy_dist_max_std,1.358994960784912
25165824,5062.718,training/policy_dist_mean_loc,-0.13262370228767395
25165824,5062.718,training/policy_dist_mean_std,0.7433618307113647
25165824,5062.718,training/policy_dist_min_loc,-1.1084812879562378
25165824,5062.718,training/policy_dist_min_std,0.32933858036994934
25165824,5062.718,training/policy_loss,-0.000723233912140131
25165824,5062.718,training/total_loss,4.301333427429199
25165824,5062.718,training/v_loss,4.4166460037231445
25165824,5062.718,eval/episode_reward,241.5494842529297
25165824,5062.718,eval/episode_reward/ctrl,-0.2394537776708603
25165824,5062.718,eval/episode_reward/forward,344.57623291015625
25165824,5062.718,eval/episode_reward/joint,-0.08328530192375183
25165824,5062.718,eval/episode_reward/orient,-102.70372772216797
25165824,5062.718,eval/episode_reward/total,241.5494842529297
25165824,5062.718,eval/episode_state/forward_vel,0.211264967918396
25165824,5062.718,eval/episode_state/up_z,926.4522705078125
25165824,5062.718,eval/episode_reward_std,326.4350891113281
25165824,5062.718,eval/episode_reward/ctrl_std,0.0015725592384114861
25165824,5062.718,eval/episode_reward/forward_std,19.146509170532227
25165824,5062.718,eval/episode_reward/joint_std,0.004717420786619186
25165824,5062.718,eval/episode_reward/orient_std,318.5447998046875
25165824,5062.718,eval/episode_reward/total_std,326.4350891113281
25165824,5062.718,eval/episode_state/forward_vel_std,11.030771255493164
25165824,5062.718,eval/episode_state/up_z_std,174.09828186035156
25165824,5062.718,eval/avg_episode_length,1000.0
25165824,5062.718,eval/std_episode_length,0.0
25165824,5062.718,eval/epoch_eval_time,35.34533333778381
25165824,5062.718,eval/sps,905.3528989014319
25690112,5139.307,episode/sps,4682.876887294339
25690112,5139.307,episode/length,1000.0
25690112,5139.307,episode/reward/ctrl,-0.23943391010165216
25690112,5139.307,episode/reward/forward,349.08280059814456
25690112,5139.307,episode/reward/joint,-0.08227827772498131
25690112,5139.307,episode/reward/orient,-21.207483193576337
25690112,5139.307,episode/reward/total,327.55355072021484
25690112,5139.307,episode/state/forward_vel,3.446897932216525
25690112,5139.307,episode/state/up_z,969.1956170654297
25690112,5139.307,episode/sum_reward,327.55355072021484
25690112,5139.307,episode/entropy_loss,-0.11467624895274639
25690112,5139.307,episode/kl_mean,0.0024231565769878218
25690112,5139.307,episode/learning_rate,0.0003000000142492354
25690112,5139.307,episode/policy_dist_max_loc,0.7750125247240066
25690112,5139.307,episode/policy_dist_max_std,1.3545850241184234
25690112,5139.307,episode/policy_dist_mean_loc,-0.1310665688663721
25690112,5139.307,episode/policy_dist_mean_std,0.7434862852096558
25690112,5139.307,episode/policy_dist_min_loc,-1.057793030142784
25690112,5139.307,episode/policy_dist_min_std,0.33202547758817674
25690112,5139.307,episode/policy_loss,-0.000606459576447378
25690112,5139.307,episode/total_loss,6.092784817814827
25690112,5139.307,episode/v_loss,6.2080674850940705
25690112,5175.235,eval/walltime,1646.4405455589294
25690112,5175.235,training/sps,6844.783125050767
25690112,5175.235,training/walltime,3516.346084833145
25690112,5175.235,training/entropy_loss,-0.11530321836471558
25690112,5175.235,training/kl_mean,0.002340145641937852
25690112,5175.235,training/learning_rate,0.0003000000142492354
25690112,5175.235,training/policy_dist_max_loc,0.7791683077812195
25690112,5175.235,training/policy_dist_max_std,1.3387036323547363
25690112,5175.235,training/policy_dist_mean_loc,-0.12344395369291306
25690112,5175.235,training/policy_dist_mean_std,0.7449314594268799
25690112,5175.235,training/policy_dist_min_loc,-1.0911991596221924
25690112,5175.235,training/policy_dist_min_std,0.3349683880805969
25690112,5175.235,training/policy_loss,-0.0005013123154640198
25690112,5175.235,training/total_loss,5.638945579528809
25690112,5175.235,training/v_loss,5.754749774932861
25690112,5175.235,eval/episode_reward,347.0260925292969
25690112,5175.235,eval/episode_reward/ctrl,-0.23941849172115326
25690112,5175.235,eval/episode_reward/forward,349.4661865234375
25690112,5175.235,eval/episode_reward/joint,-0.07520277053117752
25690112,5175.235,eval/episode_reward/orient,-2.1254119873046875
25690112,5175.235,eval/episode_reward/total,347.0260925292969
25690112,5175.235,eval/episode_state/forward_vel,3.5918664932250977
25690112,5175.235,eval/episode_state/up_z,978.1004638671875
25690112,5175.235,eval/episode_reward_std,20.208328247070312
25690112,5175.235,eval/episode_reward/ctrl_std,0.002254922641441226
25690112,5175.235,eval/episode_reward/forward_std,20.109825134277344
25690112,5175.235,eval/episode_reward/joint_std,0.007498185150325298
25690112,5175.235,eval/episode_reward/orient_std,2.553551197052002
25690112,5175.235,eval/episode_reward/total_std,20.208328247070312
25690112,5175.235,eval/episode_state/forward_vel_std,12.804105758666992
25690112,5175.235,eval/episode_state/up_z_std,7.58917236328125
25690112,5175.235,eval/avg_episode_length,1000.0
25690112,5175.235,eval/std_episode_length,0.0
25690112,5175.235,eval/epoch_eval_time,35.90146541595459
25690112,5175.235,eval/sps,891.3285190241627
26214400,5251.889,episode/sps,4656.911932146209
26214400,5251.889,episode/length,1000.0
26214400,5251.889,episode/reward/ctrl,-0.2395572279393673
26214400,5251.889,episode/reward/forward,349.8466616821289
26214400,5251.889,episode/reward/joint,-0.0760850615799427
26214400,5251.889,episode/reward/orient,-15.350764516592026
26214400,5251.889,episode/reward/total,334.1802346801758
26214400,5251.889,episode/state/forward_vel,4.242745644152165
26214400,5251.889,episode/state/up_z,971.5407034301758
26214400,5251.889,episode/sum_reward,334.1802346801758
26214400,5251.889,episode/entropy_loss,-0.11520624168217182
26214400,5251.889,episode/kl_mean,0.002322145996149629
26214400,5251.889,episode/learning_rate,0.0003000000142492354
26214400,5251.889,episode/policy_dist_max_loc,0.8094655442237854
26214400,5251.889,episode/policy_dist_max_std,1.3321478044986725
26214400,5251.889,episode/policy_dist_mean_loc,-0.12509785510599614
26214400,5251.889,episode/policy_dist_mean_std,0.7449211168289185
26214400,5251.889,episode/policy_dist_min_loc,-1.054999396800995
26214400,5251.889,episode/policy_dist_min_std,0.32984301060438154
26214400,5251.889,episode/policy_loss,-0.0005362019668245921
26214400,5251.889,episode/total_loss,7.465955865979194
26214400,5251.889,episode/v_loss,7.581698236465454
26214400,5287.019,eval/walltime,1681.5459167957306
26214400,5287.019,training/sps,6839.004041528743
26214400,5287.019,training/walltime,3593.0075397491455
26214400,5287.019,training/entropy_loss,-0.1158391535282135
26214400,5287.019,training/kl_mean,0.002172089647501707
26214400,5287.019,training/learning_rate,0.0003000000142492354
26214400,5287.019,training/policy_dist_max_loc,0.8563402891159058
26214400,5287.019,training/policy_dist_max_std,1.2966300249099731
26214400,5287.019,training/policy_dist_mean_loc,-0.11783899366855621
26214400,5287.019,training/policy_dist_mean_std,0.7467709183692932
26214400,5287.019,training/policy_dist_min_loc,-0.9769740104675293
26214400,5287.019,training/policy_dist_min_std,0.32521310448646545
26214400,5287.019,training/policy_loss,-0.0002974586677737534
26214400,5287.019,training/total_loss,12.206208229064941
26214400,5287.019,training/v_loss,12.322345733642578
26214400,5287.019,eval/episode_reward,354.74835205078125
26214400,5287.019,eval/episode_reward/ctrl,-0.24128498136997223
26214400,5287.019,eval/episode_reward/forward,356.13079833984375
26214400,5287.019,eval/episode_reward/joint,-0.07458096742630005
26214400,5287.019,eval/episode_reward/orient,-1.0665624141693115
26214400,5287.019,eval/episode_reward/total,354.74835205078125
26214400,5287.019,eval/episode_state/forward_vel,7.968676567077637
26214400,5287.019,eval/episode_state/up_z,981.24365234375
26214400,5287.019,eval/episode_reward_std,21.66121482849121
26214400,5287.019,eval/episode_reward/ctrl_std,0.0020717589650303125
26214400,5287.019,eval/episode_reward/forward_std,21.61475944519043
26214400,5287.019,eval/episode_reward/joint_std,0.005627162288874388
26214400,5287.019,eval/episode_reward/orient_std,0.8032509088516235
26214400,5287.019,eval/episode_reward/total_std,21.66121482849121
26214400,5287.019,eval/episode_state/forward_vel_std,13.701228141784668
26214400,5287.019,eval/episode_state/up_z_std,4.776676654815674
26214400,5287.019,eval/avg_episode_length,1000.0
26214400,5287.019,eval/std_episode_length,0.0
26214400,5287.019,eval/epoch_eval_time,35.10537123680115
26214400,5287.019,eval/sps,911.541421514843
26738688,5363.346,episode/sps,4703.990023442587
26738688,5363.346,episode/length,1000.0
26738688,5363.346,episode/reward/ctrl,-0.24038748010993005
26738688,5363.346,episode/reward/forward,348.3141879272461
26738688,5363.346,episode/reward/joint,-0.0737672308832407
26738688,5363.346,episode/reward/orient,-38.52614434868097
26738688,5363.346,episode/reward/total,309.47386627197267
26738688,5363.346,episode/state/forward_vel,3.032481755167246
26738688,5363.346,episode/state/up_z,960.2479119873046
26738688,5363.346,episode/sum_reward,309.47386627197267
26738688,5363.346,episode/entropy_loss,-0.11557794503867626
26738688,5363.346,episode/kl_mean,0.0021949011590913867
26738688,5363.346,episode/learning_rate,0.0003000000142492354
26738688,5363.346,episode/policy_dist_max_loc,0.8420245552062988
26738688,5363.346,episode/policy_dist_max_std,1.311449909210205
26738688,5363.346,episode/policy_dist_mean_loc,-0.12239277005195617
26738688,5363.346,episode/policy_dist_mean_std,0.7476439887285232
26738688,5363.346,episode/policy_dist_min_loc,-1.0337715065479278
26738688,5363.346,episode/policy_dist_min_std,0.33012412279844283
26738688,5363.346,episode/policy_loss,-0.0005128849947504933
26738688,5363.346,episode/total_loss,8.867929251194
26738688,5363.346,episode/v_loss,8.984020020961761
26738688,5398.535,eval/walltime,1716.7075142860413
26738688,5398.535,training/sps,6868.328064709898
26738688,5398.535,training/walltime,3669.341691970825
26738688,5398.535,training/entropy_loss,-0.11569288372993469
26738688,5398.535,training/kl_mean,0.0018556874711066484
26738688,5398.535,training/learning_rate,0.0003000000142492354
26738688,5398.535,training/policy_dist_max_loc,0.8916492462158203
26738688,5398.535,training/policy_dist_max_std,1.293285608291626
26738688,5398.535,training/policy_dist_mean_loc,-0.12464176118373871
26738688,5398.535,training/policy_dist_mean_std,0.7516665458679199
26738688,5398.535,training/policy_dist_min_loc,-1.0227200984954834
26738688,5398.535,training/policy_dist_min_std,0.33028125762939453
26738688,5398.535,training/policy_loss,-0.0006051391828805208
26738688,5398.535,training/total_loss,9.227622985839844
26738688,5398.535,training/v_loss,9.34391975402832
26738688,5398.535,eval/episode_reward,353.1357727050781
26738688,5398.535,eval/episode_reward/ctrl,-0.24158714711666107
26738688,5398.535,eval/episode_reward/forward,354.6414794921875
26738688,5398.535,eval/episode_reward/joint,-0.07433874160051346
26738688,5398.535,eval/episode_reward/orient,-1.189779281616211
26738688,5398.535,eval/episode_reward/total,353.1357727050781
26738688,5398.535,eval/episode_state/forward_vel,6.918417930603027
26738688,5398.535,eval/episode_state/up_z,981.6102294921875
26738688,5398.535,eval/episode_reward_std,18.456253051757812
26738688,5398.535,eval/episode_reward/ctrl_std,0.0022136482875794172
26738688,5398.535,eval/episode_reward/forward_std,18.3695125579834
26738688,5398.535,eval/episode_reward/joint_std,0.004413538612425327
26738688,5398.535,eval/episode_reward/orient_std,1.3087676763534546
26738688,5398.535,eval/episode_reward/total_std,18.456253051757812
26738688,5398.535,eval/episode_state/forward_vel_std,11.842341423034668
26738688,5398.535,eval/episode_state/up_z_std,5.164307594299316
26738688,5398.535,eval/avg_episode_length,1000.0
26738688,5398.535,eval/std_episode_length,0.0
26738688,5398.535,eval/epoch_eval_time,35.16159749031067
26738688,5398.535,eval/sps,910.0837926609593
27262976,5474.440,episode/sps,4719.308166255262
27262976,5474.440,episode/length,1000.0
27262976,5474.440,episode/reward/ctrl,-0.24142011374235153
27262976,5474.440,episode/reward/forward,352.4522360229492
27262976,5474.440,episode/reward/joint,-0.07472457505762577
27262976,5474.440,episode/reward/orient,-14.578538290560246
27262976,5474.440,episode/reward/total,337.55751739501954
27262976,5474.440,episode/state/forward_vel,5.72732629776001
27262976,5474.440,episode/state/up_z,973.4198162841797
27262976,5474.440,episode/sum_reward,337.55751739501954
27262976,5474.440,episode/entropy_loss,-0.11580582775175571
27262976,5474.440,episode/kl_mean,0.0021688762385747395
27262976,5474.440,episode/learning_rate,0.0003000000142492354
27262976,5474.440,episode/policy_dist_max_loc,0.8826145458221436
27262976,5474.440,episode/policy_dist_max_std,1.292578126192093
27262976,5474.440,episode/policy_dist_mean_loc,-0.12132469832897186
27262976,5474.440,episode/policy_dist_mean_std,0.7498589414358139
27262976,5474.440,episode/policy_dist_min_loc,-1.033858711719513
27262976,5474.440,episode/policy_dist_min_std,0.32853177964687347
27262976,5474.440,episode/policy_loss,-0.0005503714369842782
27262976,5474.440,episode/total_loss,9.354350180625916
27262976,5474.440,episode/v_loss,9.47070635318756
27262976,5509.085,eval/walltime,1751.3239197731018
27262976,5509.085,training/sps,6906.462092006676
27262976,5509.085,training/walltime,3745.2543652057648
27262976,5509.085,training/entropy_loss,-0.11594754457473755
27262976,5509.085,training/kl_mean,0.0023166374303400517
27262976,5509.085,training/learning_rate,0.0003000000142492354
27262976,5509.085,training/policy_dist_max_loc,0.9132099747657776
27262976,5509.085,training/policy_dist_max_std,1.2810213565826416
27262976,5509.085,training/policy_dist_mean_loc,-0.12089253962039948
27262976,5509.085,training/policy_dist_mean_std,0.7515604496002197
27262976,5509.085,training/policy_dist_min_loc,-1.0765116214752197
27262976,5509.085,training/policy_dist_min_std,0.3264567255973816
27262976,5509.085,training/policy_loss,-0.0006239296635612845
27262976,5509.085,training/total_loss,6.97807502746582
27262976,5509.085,training/v_loss,7.094646453857422
27262976,5509.085,eval/episode_reward,354.14141845703125
27262976,5509.085,eval/episode_reward/ctrl,-0.241815447807312
27262976,5509.085,eval/episode_reward/forward,355.96685791015625
27262976,5509.085,eval/episode_reward/joint,-0.07232285290956497
27262976,5509.085,eval/episode_reward/orient,-1.511297583580017
27262976,5509.085,eval/episode_reward/total,354.14141845703125
27262976,5509.085,eval/episode_state/forward_vel,7.741492748260498
27262976,5509.085,eval/episode_state/up_z,982.9391479492188
27262976,5509.085,eval/episode_reward_std,17.448108673095703
27262976,5509.085,eval/episode_reward/ctrl_std,0.0017025490524247289
27262976,5509.085,eval/episode_reward/forward_std,17.408653259277344
27262976,5509.085,eval/episode_reward/joint_std,0.00431597838178277
27262976,5509.085,eval/episode_reward/orient_std,1.8130637407302856
27262976,5509.085,eval/episode_reward/total_std,17.448108673095703
27262976,5509.085,eval/episode_state/forward_vel_std,11.714134216308594
27262976,5509.085,eval/episode_state/up_z_std,5.354972839355469
27262976,5509.085,eval/avg_episode_length,1000.0
27262976,5509.085,eval/std_episode_length,0.0
27262976,5509.085,eval/epoch_eval_time,34.61640548706055
27262976,5509.085,eval/sps,924.4171816730495
27787264,5584.812,episode/sps,4750.163782473823
27787264,5584.812,episode/length,1000.0
27787264,5584.812,episode/reward/ctrl,-0.2419190602004528
27787264,5584.812,episode/reward/forward,348.0588647460938
27787264,5584.812,episode/reward/joint,-0.0730384373292327
27787264,5584.812,episode/reward/orient,-4.4059603698551655
27787264,5584.812,episode/reward/total,343.3379328918457
27787264,5584.812,episode/state/forward_vel,2.6301546421647073
27787264,5584.812,episode/state/up_z,979.9570654296875
27787264,5584.812,episode/sum_reward,343.3379328918457
27787264,5584.812,episode/entropy_loss,-0.11585004396736621
27787264,5584.812,episode/kl_mean,0.0019833425345132127
27787264,5584.812,episode/learning_rate,0.0003000000142492354
27787264,5584.812,episode/policy_dist_max_loc,0.9190168154239654
27787264,5584.812,episode/policy_dist_max_std,1.283425874710083
27787264,5584.812,episode/policy_dist_mean_loc,-0.12249853700399399
27787264,5584.812,episode/policy_dist_mean_std,0.7517727160453797
27787264,5584.812,episode/policy_dist_min_loc,-1.067433522939682
27787264,5584.812,episode/policy_dist_min_std,0.32547430604696276
27787264,5584.812,episode/policy_loss,-0.000593198256319738
27787264,5584.812,episode/total_loss,8.242286348342896
27787264,5584.812,episode/v_loss,8.358729627132416
27787264,5619.909,eval/walltime,1786.3979704380035
27787264,5619.909,training/sps,6922.667026234395
27787264,5619.909,training/walltime,3820.989338159561
27787264,5619.909,training/entropy_loss,-0.11591315269470215
27787264,5619.909,training/kl_mean,0.0016734650125727057
27787264,5619.909,training/learning_rate,0.0003000000142492354
27787264,5619.909,training/policy_dist_max_loc,0.9629641771316528
27787264,5619.909,training/policy_dist_max_std,1.272202968597412
27787264,5619.909,training/policy_dist_mean_loc,-0.12215835601091385
27787264,5619.909,training/policy_dist_mean_std,0.7524269819259644
27787264,5619.909,training/policy_dist_min_loc,-1.1122819185256958
27787264,5619.909,training/policy_dist_min_std,0.315671443939209
27787264,5619.909,training/policy_loss,-0.0005136991385370493
27787264,5619.909,training/total_loss,7.8932342529296875
27787264,5619.909,training/v_loss,8.009660720825195
27787264,5619.909,eval/episode_reward,293.36016845703125
27787264,5619.909,eval/episode_reward/ctrl,-0.2422766536474228
27787264,5619.909,eval/episode_reward/forward,350.4277038574219
27787264,5619.909,eval/episode_reward/joint,-0.07316411286592484
27787264,5619.909,eval/episode_reward/orient,-56.752044677734375
27787264,5619.909,eval/episode_reward/total,293.36016845703125
27787264,5619.909,eval/episode_state/forward_vel,4.593635559082031
27787264,5619.909,eval/episode_state/up_z,951.72802734375
27787264,5619.909,eval/episode_reward_std,322.4614562988281
27787264,5619.909,eval/episode_reward/ctrl_std,0.0022296439856290817
27787264,5619.909,eval/episode_reward/forward_std,25.48309326171875
27787264,5619.909,eval/episode_reward/joint_std,0.005844061262905598
27787264,5619.909,eval/episode_reward/orient_std,308.6489562988281
27787264,5619.909,eval/episode_reward/total_std,322.4614562988281
27787264,5619.909,eval/episode_state/forward_vel_std,15.774304389953613
27787264,5619.909,eval/episode_state/up_z_std,164.9242706298828
27787264,5619.909,eval/avg_episode_length,1000.0
27787264,5619.909,eval/std_episode_length,0.0
27787264,5619.909,eval/epoch_eval_time,35.07405066490173
27787264,5619.909,eval/sps,912.3554135713813
28311552,5696.069,episode/sps,4712.407239214622
28311552,5696.069,episode/length,1000.0
28311552,5696.069,episode/reward/ctrl,-0.2422155646979809
28311552,5696.069,episode/reward/forward,348.90352294921877
28311552,5696.069,episode/reward/joint,-0.0737771214544773
28311552,5696.069,episode/reward/orient,-42.7302526140213
28311552,5696.069,episode/reward/total,305.85723205566404
28311552,5696.069,episode/state/forward_vel,3.4962662017345427
28311552,5696.069,episode/state/up_z,960.4695616149902
28311552,5696.069,episode/sum_reward,305.85723205566404
28311552,5696.069,episode/entropy_loss,-0.11607727579772473
28311552,5696.069,episode/kl_mean,0.0020854148489888756
28311552,5696.069,episode/learning_rate,0.0003000000142492354
28311552,5696.069,episode/policy_dist_max_loc,0.9725355750322342
28311552,5696.069,episode/policy_dist_max_std,1.2623721849918366
28311552,5696.069,episode/policy_dist_mean_loc,-0.11871144965291024
28311552,5696.069,episode/policy_dist_mean_std,0.752705112695694
28311552,5696.069,episode/policy_dist_min_loc,-1.0448808443546296
28311552,5696.069,episode/policy_dist_min_std,0.31970485001802446
28311552,5696.069,episode/policy_loss,-0.000558475439393078
28311552,5696.069,episode/total_loss,7.493493115901947
28311552,5696.069,episode/v_loss,7.610128886699677
28311552,5731.306,eval/walltime,1821.609678030014
28311552,5731.306,training/sps,6883.390105056388
28311552,5731.306,training/walltime,3897.1564581394196
28311552,5731.306,training/entropy_loss,-0.11640733480453491
28311552,5731.306,training/kl_mean,0.0021863505244255066
28311552,5731.306,training/learning_rate,0.0003000000142492354
28311552,5731.306,training/policy_dist_max_loc,1.0419175624847412
28311552,5731.306,training/policy_dist_max_std,1.2290645837783813
28311552,5731.306,training/policy_dist_mean_loc,-0.1124446839094162
28311552,5731.306,training/policy_dist_mean_std,0.7542253136634827
28311552,5731.306,training/policy_dist_min_loc,-0.9428693056106567
28311552,5731.306,training/policy_dist_min_std,0.3160019516944885
28311552,5731.306,training/policy_loss,-0.00044759782031178474
28311552,5731.306,training/total_loss,7.466042518615723
28311552,5731.306,training/v_loss,7.582897186279297
28311552,5731.306,eval/episode_reward,346.35638427734375
28311552,5731.306,eval/episode_reward/ctrl,-0.24295446276664734
28311552,5731.306,eval/episode_reward/forward,351.38525390625
28311552,5731.306,eval/episode_reward/joint,-0.07245413959026337
28311552,5731.306,eval/episode_reward/orient,-4.713522911071777
28311552,5731.306,eval/episode_reward/total,346.35638427734375
28311552,5731.306,eval/episode_state/forward_vel,5.028486251831055
28311552,5731.306,eval/episode_state/up_z,978.7702026367188
28311552,5731.306,eval/episode_reward_std,27.24427032470703
28311552,5731.306,eval/episode_reward/ctrl_std,0.0023130690678954124
28311552,5731.306,eval/episode_reward/forward_std,22.13957405090332
28311552,5731.306,eval/episode_reward/joint_std,0.0046081580221652985
28311552,5731.306,eval/episode_reward/orient_std,17.11172103881836
28311552,5731.306,eval/episode_reward/total_std,27.24427032470703
28311552,5731.306,eval/episode_state/forward_vel_std,13.67813777923584
28311552,5731.306,eval/episode_state/up_z_std,17.04921531677246
28311552,5731.306,eval/avg_episode_length,1000.0
28311552,5731.306,eval/std_episode_length,0.0
28311552,5731.306,eval/epoch_eval_time,35.2117075920105
28311552,5731.306,eval/sps,908.788644128715
28835840,5800.091,episode/sps,5040.159274088596
28835840,5800.091,episode/length,1000.0
28835840,5800.091,episode/reward/ctrl,-0.24212128937244415
28835840,5800.091,episode/reward/forward,350.7055551147461
28835840,5800.091,episode/reward/joint,-0.07120901234447956
28835840,5800.091,episode/reward/orient,-22.38184382878244
28835840,5800.091,episode/reward/total,328.010373840332
28835840,5800.091,episode/state/forward_vel,4.8627836336195465
28835840,5800.091,episode/state/up_z,969.9568829345703
28835840,5800.091,episode/sum_reward,328.010373840332
28835840,5800.091,episode/entropy_loss,-0.11624459266662597
28835840,5800.091,episode/kl_mean,0.0019406550067651552
28835840,5800.091,episode/learning_rate,0.0003000000142492354
28835840,5800.091,episode/policy_dist_max_loc,1.0177859461307526
28835840,5800.091,episode/policy_dist_max_std,1.2571901857852936
28835840,5800.091,episode/policy_dist_mean_loc,-0.1161138368397951
28835840,5800.091,episode/policy_dist_mean_std,0.7545874375104904
28835840,5800.091,episode/policy_dist_min_loc,-1.0300710892677307
28835840,5800.091,episode/policy_dist_min_std,0.3159582218527794
28835840,5800.091,episode/policy_loss,-0.0006165543168754084
28835840,5800.091,episode/total_loss,6.725562303066254
28835840,5800.091,episode/v_loss,6.842423458099365
28835840,5834.029,eval/walltime,1855.5254509449005
28835840,5834.029,training/sps,7621.325296093674
28835840,5834.029,training/walltime,3965.948693037033
28835840,5834.029,training/entropy_loss,-0.11645279079675674
28835840,5834.029,training/kl_mean,0.0018111167009919882
28835840,5834.029,training/learning_rate,0.0003000000142492354
28835840,5834.029,training/policy_dist_max_loc,1.0619252920150757
28835840,5834.029,training/policy_dist_max_std,1.2689738273620605
28835840,5834.029,training/policy_dist_mean_loc,-0.11280984431505203
28835840,5834.029,training/policy_dist_mean_std,0.7573765516281128
28835840,5834.029,training/policy_dist_min_loc,-1.028175711631775
28835840,5834.029,training/policy_dist_min_std,0.31630638241767883
28835840,5834.029,training/policy_loss,-0.0007691088248975575
28835840,5834.029,training/total_loss,4.734029769897461
28835840,5834.029,training/v_loss,4.851251602172852
28835840,5834.029,eval/episode_reward,310.3387145996094
28835840,5834.029,eval/episode_reward/ctrl,-0.24254675209522247
28835840,5834.029,eval/episode_reward/forward,348.77459716796875
28835840,5834.029,eval/episode_reward/joint,-0.06998861581087112
28835840,5834.029,eval/episode_reward/orient,-38.12331008911133
28835840,5834.029,eval/episode_reward/total,310.3387145996094
28835840,5834.029,eval/episode_state/forward_vel,3.7819910049438477
28835840,5834.029,eval/episode_state/up_z,959.0338134765625
28835840,5834.029,eval/episode_reward_std,147.22068786621094
28835840,5834.029,eval/episode_reward/ctrl_std,0.0025168333668261766
28835840,5834.029,eval/episode_reward/forward_std,19.703514099121094
28835840,5834.029,eval/episode_reward/joint_std,0.004548175726085901
28835840,5834.029,eval/episode_reward/orient_std,140.70123291015625
28835840,5834.029,eval/episode_reward/total_std,147.22068786621094
28835840,5834.029,eval/episode_state/forward_vel_std,12.748891830444336
28835840,5834.029,eval/episode_state/up_z_std,82.17198181152344
28835840,5834.029,eval/avg_episode_length,1000.0
28835840,5834.029,eval/std_episode_length,0.0
28835840,5834.029,eval/epoch_eval_time,33.915772914886475
28835840,5834.029,eval/sps,943.5138064022833
29360128,5910.504,episode/sps,4748.450638084037
29360128,5910.504,episode/length,1000.0
29360128,5910.504,episode/reward/ctrl,-0.24241204112768172
29360128,5910.504,episode/reward/forward,350.1784457397461
29360128,5910.504,episode/reward/joint,-0.07087546400725842
29360128,5910.504,episode/reward/orient,-11.373094271421433
29360128,5910.504,episode/reward/total,338.4920150756836
29360128,5910.504,episode/state/forward_vel,4.3645480410754685
29360128,5910.504,episode/state/up_z,976.2736224365234
29360128,5910.504,episode/sum_reward,338.4920150756836
29360128,5910.504,episode/entropy_loss,-0.1164991394430399
29360128,5910.504,episode/kl_mean,0.002085046542051714
29360128,5910.504,episode/learning_rate,0.0003000000142492354
29360128,5910.504,episode/policy_dist_max_loc,1.0535615396499634
29360128,5910.504,episode/policy_dist_max_std,1.261573522090912
29360128,5910.504,episode/policy_dist_mean_loc,-0.11090831480920314
29360128,5910.504,episode/policy_dist_mean_std,0.7559640592336655
29360128,5910.504,episode/policy_dist_min_loc,-1.0120269131660462
29360128,5910.504,episode/policy_dist_min_std,0.3174171459674835
29360128,5910.504,episode/policy_loss,-0.0006464478492853231
29360128,5910.504,episode/total_loss,5.904734669923783
29360128,5910.504,episode/v_loss,6.021880235671997
29360128,5945.180,eval/walltime,1890.1795437335968
29360128,5945.180,training/sps,6854.944797055598
29360128,5945.180,training/walltime,4042.4318764209747
29360128,5945.180,training/entropy_loss,-0.11668040603399277
29360128,5945.180,training/kl_mean,0.0020720725879073143
29360128,5945.180,training/learning_rate,0.0003000000142492354
29360128,5945.180,training/policy_dist_max_loc,1.068668246269226
29360128,5945.180,training/policy_dist_max_std,1.2868585586547852
29360128,5945.180,training/policy_dist_mean_loc,-0.10640445351600647
29360128,5945.180,training/policy_dist_mean_std,0.7565896511077881
29360128,5945.180,training/policy_dist_min_loc,-1.068446159362793
29360128,5945.180,training/policy_dist_min_std,0.318913996219635
29360128,5945.180,training/policy_loss,-0.0007089976570568979
29360128,5945.180,training/total_loss,5.219195365905762
29360128,5945.180,training/v_loss,5.336584091186523
29360128,5945.180,eval/episode_reward,336.74566650390625
29360128,5945.180,eval/episode_reward/ctrl,-0.24276961386203766
29360128,5945.180,eval/episode_reward/forward,343.2140808105469
29360128,5945.180,eval/episode_reward/joint,-0.0703912079334259
29360128,5945.180,eval/episode_reward/orient,-6.15521764755249
29360128,5945.180,eval/episode_reward/total,336.74566650390625
29360128,5945.180,eval/episode_state/forward_vel,0.3575986623764038
29360128,5945.180,eval/episode_state/up_z,978.3800048828125
29360128,5945.180,eval/episode_reward_std,42.23344802856445
29360128,5945.180,eval/episode_reward/ctrl_std,0.0021791255567222834
29360128,5945.180,eval/episode_reward/forward_std,24.803251266479492
29360128,5945.180,eval/episode_reward/joint_std,0.005335046909749508
29360128,5945.180,eval/episode_reward/orient_std,27.003511428833008
29360128,5945.180,eval/episode_reward/total_std,42.23344802856445
29360128,5945.180,eval/episode_state/forward_vel_std,15.24022102355957
29360128,5945.180,eval/episode_state/up_z_std,21.935056686401367
29360128,5945.180,eval/avg_episode_length,1000.0
29360128,5945.180,eval/std_episode_length,0.0
29360128,5945.180,eval/epoch_eval_time,34.65409278869629
29360128,5945.180,eval/sps,923.4118519598926
29884416,6020.580,episode/sps,4762.945356569049
29884416,6020.580,episode/length,1000.0
29884416,6020.580,episode/reward/ctrl,-0.24255653858184814
29884416,6020.580,episode/reward/forward,349.3236233520508
29884416,6020.580,episode/reward/joint,-0.07032949209213257
29884416,6020.580,episode/reward/orient,-14.947957105189563
29884416,6020.580,episode/reward/total,334.0627264404297
29884416,6020.580,episode/state/forward_vel,4.118197922855615
29884416,6020.580,episode/state/up_z,975.0781414794922
29884416,6020.580,episode/sum_reward,334.0627264404297
29884416,6020.580,episode/entropy_loss,-0.11659367248415947
29884416,6020.580,episode/kl_mean,0.0019703557522734627
29884416,6020.580,episode/learning_rate,0.0003000000142492354
29884416,6020.580,episode/policy_dist_max_loc,1.1061648404598237
29884416,6020.580,episode/policy_dist_max_std,1.2669862759113313
29884416,6020.580,episode/policy_dist_mean_loc,-0.10897324539721012
29884416,6020.580,episode/policy_dist_mean_std,0.7570908063650131
29884416,6020.580,episode/policy_dist_min_loc,-1.0563272160291672
29884416,6020.580,episode/policy_dist_min_std,0.3072213001549244
29884416,6020.580,episode/policy_loss,-0.0007423141672916244
29884416,6020.580,episode/total_loss,5.405689373016357
29884416,6020.580,episode/v_loss,5.523025352954864
29884416,6056.169,eval/walltime,1925.742491722107
29884416,6056.169,training/sps,6952.673338658411
29884416,6056.169,training/walltime,4117.839992761612
29884416,6056.169,training/entropy_loss,-0.11666236817836761
29884416,6056.169,training/kl_mean,0.0018318546935915947
29884416,6056.169,training/learning_rate,0.0003000000142492354
29884416,6056.169,training/policy_dist_max_loc,1.1917097568511963
29884416,6056.169,training/policy_dist_max_std,1.2469061613082886
29884416,6056.169,training/policy_dist_mean_loc,-0.10743556916713715
29884416,6056.169,training/policy_dist_mean_std,0.7574502825737
29884416,6056.169,training/policy_dist_min_loc,-1.0861462354660034
29884416,6056.169,training/policy_dist_min_std,0.28487321734428406
29884416,6056.169,training/policy_loss,-0.0007045193924568594
29884416,6056.169,training/total_loss,6.066909313201904
29884416,6056.169,training/v_loss,6.184276580810547
29884416,6056.169,eval/episode_reward,257.280517578125
29884416,6056.169,eval/episode_reward/ctrl,-0.24285024404525757
29884416,6056.169,eval/episode_reward/forward,348.92254638671875
29884416,6056.169,eval/episode_reward/joint,-0.07047715783119202
29884416,6056.169,eval/episode_reward/orient,-91.32836151123047
29884416,6056.169,eval/episode_reward/total,257.280517578125
29884416,6056.169,eval/episode_state/forward_vel,4.27210807800293
29884416,6056.169,eval/episode_state/up_z,936.6419677734375
29884416,6056.169,eval/episode_reward_std,503.91290283203125
29884416,6056.169,eval/episode_reward/ctrl_std,0.0024674581363797188
29884416,6056.169,eval/episode_reward/forward_std,19.878530502319336
29884416,6056.169,eval/episode_reward/joint_std,0.0059340232983231544
29884416,6056.169,eval/episode_reward/orient_std,501.5434875488281
29884416,6056.169,eval/episode_reward/total_std,503.91290283203125
29884416,6056.169,eval/episode_state/forward_vel_std,12.666674613952637
29884416,6056.169,eval/episode_state/up_z_std,257.6996154785156
29884416,6056.169,eval/avg_episode_length,1000.0
29884416,6056.169,eval/std_episode_length,0.0
29884416,6056.169,eval/epoch_eval_time,35.56294798851013
29884416,6056.169,eval/sps,899.8129179374762
30408704,6131.575,episode/sps,4723.536289434744
30408704,6131.575,episode/length,1000.0
30408704,6131.575,episode/reward/ctrl,-0.24315036565065384
30408704,6131.575,episode/reward/forward,348.15540618896483
30408704,6131.575,episode/reward/joint,-0.0709042291343212
30408704,6131.575,episode/reward/orient,-13.514151055514812
30408704,6131.575,episode/reward/total,334.3271795654297
30408704,6131.575,episode/state/forward_vel,3.423752697855234
30408704,6131.575,episode/state/up_z,975.0372467041016
30408704,6131.575,episode/sum_reward,334.3271795654297
30408704,6131.575,episode/entropy_loss,-0.11665386483073234
30408704,6131.575,episode/kl_mean,0.0021049887072877027
30408704,6131.575,episode/learning_rate,0.0003000000142492354
30408704,6131.575,episode/policy_dist_max_loc,1.1353567886352538
30408704,6131.575,episode/policy_dist_max_std,1.2680239844322205
30408704,6131.575,episode/policy_dist_mean_loc,-0.10759238556027412
30408704,6131.575,episode/policy_dist_mean_std,0.757571210861206
30408704,6131.575,episode/policy_dist_min_loc,-1.0543421304225922
30408704,6131.575,episode/policy_dist_min_std,0.30166377291083335
30408704,6131.575,episode/policy_loss,-0.0007599847043456976
30408704,6131.575,episode/total_loss,5.886148607730865
30408704,6131.575,episode/v_loss,6.003562471866608
30408704,6166.773,eval/walltime,1960.9146800041199
30408704,6166.773,training/sps,6952.202311108282
30408704,6166.773,training/walltime,4193.253218173981
30408704,6166.773,training/entropy_loss,-0.116630919277668
30408704,6166.773,training/kl_mean,0.002258752938359976
30408704,6166.773,training/learning_rate,0.0003000000142492354
30408704,6166.773,training/policy_dist_max_loc,1.1545343399047852
30408704,6166.773,training/policy_dist_max_std,1.2682955265045166
30408704,6166.773,training/policy_dist_mean_loc,-0.10861852765083313
30408704,6166.773,training/policy_dist_mean_std,0.7586487531661987
30408704,6166.773,training/policy_dist_min_loc,-1.01338529586792
30408704,6166.773,training/policy_dist_min_std,0.30060750246047974
30408704,6166.773,training/policy_loss,-0.0008135996758937836
30408704,6166.773,training/total_loss,6.600709438323975
30408704,6166.773,training/v_loss,6.7181549072265625
30408704,6166.773,eval/episode_reward,311.8853759765625
30408704,6166.773,eval/episode_reward/ctrl,-0.2433474361896515
30408704,6166.773,eval/episode_reward/forward,350.41778564453125
30408704,6166.773,eval/episode_reward/joint,-0.07277500629425049
30408704,6166.773,eval/episode_reward/orient,-38.21620559692383
30408704,6166.773,eval/episode_reward/total,311.8853759765625
30408704,6166.773,eval/episode_state/forward_vel,4.718242645263672
30408704,6166.773,eval/episode_state/up_z,959.1767578125
30408704,6166.773,eval/episode_reward_std,166.03817749023438
30408704,6166.773,eval/episode_reward/ctrl_std,0.0023262714967131615
30408704,6166.773,eval/episode_reward/forward_std,22.816585540771484
30408704,6166.773,eval/episode_reward/joint_std,0.0037921287585049868
30408704,6166.773,eval/episode_reward/orient_std,169.50120544433594
30408704,6166.773,eval/episode_reward/total_std,166.03817749023438
30408704,6166.773,eval/episode_state/forward_vel_std,13.82226848602295
30408704,6166.773,eval/episode_state/up_z_std,92.91950225830078
30408704,6166.773,eval/avg_episode_length,1000.0
30408704,6166.773,eval/std_episode_length,0.0
30408704,6166.773,eval/epoch_eval_time,35.17218828201294
30408704,6166.773,eval/sps,909.8097548955975
30932992,6242.911,episode/sps,4709.080092376756
30932992,6242.911,episode/length,1000.0
30932992,6242.911,episode/reward/ctrl,-0.24321183770895005
30932992,6242.911,episode/reward/forward,351.3882699584961
30932992,6242.911,episode/reward/joint,-0.07077944871038198
30932992,6242.911,episode/reward/orient,-11.028162150979043
30932992,6242.911,episode/reward/total,340.04611236572265
30932992,6242.911,episode/state/forward_vel,5.469918730854988
30932992,6242.911,episode/state/up_z,976.2301553344727
30932992,6242.911,episode/sum_reward,340.04611236572265
30932992,6242.911,episode/entropy_loss,-0.1166386654227972
30932992,6242.911,episode/kl_mean,0.002133376672572922
30932992,6242.911,episode/learning_rate,0.0003000000142492354
30932992,6242.911,episode/policy_dist_max_loc,1.1723668140172958
30932992,6242.911,episode/policy_dist_max_std,1.2521808624267579
30932992,6242.911,episode/policy_dist_mean_loc,-0.1076186615228653
30932992,6242.911,episode/policy_dist_mean_std,0.7583640909194946
30932992,6242.911,episode/policy_dist_min_loc,-1.0668211734294892
30932992,6242.911,episode/policy_dist_min_std,0.29771060779690744
30932992,6242.911,episode/policy_loss,-0.000801550626201788
30932992,6242.911,episode/total_loss,5.942462694644928
30932992,6242.911,episode/v_loss,6.0599029099941255
30932992,6277.341,eval/walltime,1995.3201122283936
30932992,6277.341,training/sps,6885.454870419301
30932992,6277.341,training/walltime,4269.397497653961
30932992,6277.341,training/entropy_loss,-0.11662565171718597
30932992,6277.341,training/kl_mean,0.0022183360997587442
30932992,6277.341,training/learning_rate,0.0003000000142492354
30932992,6277.341,training/policy_dist_max_loc,1.1816301345825195
30932992,6277.341,training/policy_dist_max_std,1.2378641366958618
30932992,6277.341,training/policy_dist_mean_loc,-0.10663697123527527
30932992,6277.341,training/policy_dist_mean_std,0.7590606212615967
30932992,6277.341,training/policy_dist_min_loc,-1.0906115770339966
30932992,6277.341,training/policy_dist_min_std,0.3057156205177307
30932992,6277.341,training/policy_loss,-0.0007826270302757621
30932992,6277.341,training/total_loss,5.2936296463012695
30932992,6277.341,training/v_loss,5.411037445068359
30932992,6277.341,eval/episode_reward,304.67340087890625
30932992,6277.341,eval/episode_reward/ctrl,-0.24296551942825317
30932992,6277.341,eval/episode_reward/forward,345.02166748046875
30932992,6277.341,eval/episode_reward/joint,-0.07271948456764221
30932992,6277.341,eval/episode_reward/orient,-40.032554626464844
30932992,6277.341,eval/episode_reward/total,304.67340087890625
30932992,6277.341,eval/episode_state/forward_vel,1.9805124998092651
30932992,6277.341,eval/episode_state/up_z,959.21240234375
30932992,6277.341,eval/episode_reward_std,178.98057556152344
30932992,6277.341,eval/episode_reward/ctrl_std,0.002146050799638033
30932992,6277.341,eval/episode_reward/forward_std,23.74039077758789
30932992,6277.341,eval/episode_reward/joint_std,0.005544966086745262
30932992,6277.341,eval/episode_reward/orient_std,175.3009033203125
30932992,6277.341,eval/episode_reward/total_std,178.98057556152344
30932992,6277.341,eval/episode_state/forward_vel_std,14.3889741897583
30932992,6277.341,eval/episode_state/up_z_std,95.35354614257812
30932992,6277.341,eval/avg_episode_length,1000.0
30932992,6277.341,eval/std_episode_length,0.0
30932992,6277.341,eval/epoch_eval_time,34.40543222427368
30932992,6277.341,eval/sps,930.085685057123
0,53.605,eval/walltime,32.38439869880676
0,53.605,eval/episode_reward,43.08245086669922
0,53.605,eval/episode_reward/ctrl,-0.23867809772491455
0,53.605,eval/episode_reward/forward,348.9355163574219
0,53.605,eval/episode_reward/joint,-0.11681356281042099
0,53.605,eval/episode_reward/orient,-305.49761962890625
0,53.605,eval/episode_reward/total,43.08245086669922
0,53.605,eval/episode_state/forward_vel,5.815804481506348
0,53.605,eval/episode_state/up_z,630.941650390625
0,53.605,eval/episode_reward_std,853.501953125
0,53.605,eval/episode_reward/ctrl_std,0.003281794721260667
0,53.605,eval/episode_reward/forward_std,26.9409122467041
0,53.605,eval/episode_reward/joint_std,0.00411795312538743
0,53.605,eval/episode_reward/orient_std,855.2772216796875
0,53.605,eval/episode_reward/total_std,853.501953125
0,53.605,eval/episode_state/forward_vel_std,16.128095626831055
0,53.605,eval/episode_state/up_z_std,383.0001220703125
0,53.605,eval/avg_episode_length,1000.0
0,53.605,eval/std_episode_length,0.0
0,53.605,eval/epoch_eval_time,32.38439869880676
0,53.605,eval/sps,988.1301270287003
524288,92.240,episode/sps,6401.704413456596
524288,92.240,episode/length,1000.0
524288,92.240,episode/reward/ctrl,-0.23803703144192695
524288,92.240,episode/reward/forward,341.7454467773438
524288,92.240,episode/reward/joint,-0.116073077917099
524288,92.240,episode/reward/orient,-439.6541357421875
524288,92.240,episode/reward/total,-98.26281997680664
524288,92.240,episode/state/forward_vel,1.298378645926714
524288,92.240,episode/state/up_z,570.649368133545
524288,92.240,episode/sum_reward,-98.26281997680664
524288,92.240,episode/entropy_loss,-0.11493551847524941
524288,92.240,episode/kl_mean,3.183025062084198
524288,92.240,episode/learning_rate,0.0003000000142492354
524288,92.240,episode/policy_dist_max_loc,1.1187831573188305
524288,92.240,episode/policy_dist_max_std,1.3297130763530731
524288,92.240,episode/policy_dist_mean_loc,0.006437940799514763
524288,92.240,episode/policy_dist_mean_std,0.6918559148907661
524288,92.240,episode/policy_dist_min_loc,-1.0885454136878252
524288,92.240,episode/policy_dist_min_std,0.2648478806950152
524288,92.240,episode/policy_loss,0.2660171207971871
524288,92.240,episode/total_loss,68.23634839057922
524288,92.240,episode/v_loss,68.0852667093277
524288,125.412,eval/walltime,65.52578258514404
524288,125.412,training/sps,13567.792021065185
524288,125.412,training/walltime,38.642101764678955
524288,125.412,training/entropy_loss,-0.11493551731109619
524288,125.412,training/kl_mean,3.1830251216888428
524288,125.412,training/learning_rate,0.0003000000142492354
524288,125.412,training/policy_dist_max_loc,1.1187832355499268
524288,125.412,training/policy_dist_max_std,1.3297131061553955
524288,125.412,training/policy_dist_mean_loc,0.006437940988689661
524288,125.412,training/policy_dist_mean_std,0.6918559074401855
524288,125.412,training/policy_dist_min_loc,-1.0885454416275024
524288,125.412,training/policy_dist_min_std,0.26484787464141846
524288,125.412,training/policy_loss,0.2660171389579773
524288,125.412,training/total_loss,68.2363510131836
524288,125.412,training/v_loss,68.08526611328125
524288,125.412,eval/episode_reward,-340.48211669921875
524288,125.412,eval/episode_reward/ctrl,-0.2239953577518463
524288,125.412,eval/episode_reward/forward,338.4670104980469
524288,125.412,eval/episode_reward/joint,-0.07184678316116333
524288,125.412,eval/episode_reward/orient,-678.6534423828125
524288,125.412,eval/episode_reward/total,-340.48211669921875
524288,125.412,eval/episode_state/forward_vel,-0.36503350734710693
524288,125.412,eval/episode_state/up_z,429.19482421875
524288,125.412,eval/episode_reward_std,1030.689208984375
524288,125.412,eval/episode_reward/ctrl_std,0.003434816375374794
524288,125.412,eval/episode_reward/forward_std,29.952388763427734
524288,125.412,eval/episode_reward/joint_std,0.008703877218067646
524288,125.412,eval/episode_reward/orient_std,1029.9801025390625
524288,125.412,eval/episode_reward/total_std,1030.689208984375
524288,125.412,eval/episode_state/forward_vel_std,19.207908630371094
524288,125.412,eval/episode_state/up_z_std,480.944091796875
524288,125.412,eval/avg_episode_length,1000.0
524288,125.412,eval/std_episode_length,0.0
524288,125.412,eval/epoch_eval_time,33.14138388633728
524288,125.412,eval/sps,965.5601621751281
1048576,162.218,episode/sps,7492.194368422546
1048576,162.218,episode/length,1000.0
1048576,162.218,episode/reward/ctrl,-0.22476736292243005
1048576,162.218,episode/reward/forward,334.7022109985352
1048576,162.218,episode/reward/joint,-0.07214769590646028
1048576,162.218,episode/reward/orient,-625.4256685638428
1048576,162.218,episode/reward/total,-291.0203486442566
1048576,162.218,episode/state/forward_vel,-2.869429253935814
1048576,162.218,episode/state/up_z,437.363201020956
1048576,162.218,episode/sum_reward,-291.0203486442566
1048576,162.218,episode/entropy_loss,-0.11463806650135666
1048576,162.218,episode/kl_mean,1.7765006297267973
1048576,162.218,episode/learning_rate,0.0003000000142492354
1048576,162.218,episode/policy_dist_max_loc,0.9873430617153645
1048576,162.218,episode/policy_dist_max_std,1.2853909339755774
1048576,162.218,episode/policy_dist_mean_loc,0.005639036913635209
1048576,162.218,episode/policy_dist_mean_std,0.6926633613184094
1048576,162.218,episode/policy_dist_min_loc,-0.9625462451949716
1048576,162.218,episode/policy_dist_min_std,0.30227920855395496
1048576,162.218,episode/policy_loss,0.20325226220302284
1048576,162.218,episode/total_loss,88.62571573257446
1048576,162.218,episode/v_loss,88.53710216283798
1048576,169.882,eval/walltime,73.15875244140625
1048576,169.882,training/sps,14239.910316270762
1048576,169.882,training/walltime,75.4603111743927
1048576,169.882,training/entropy_loss,-0.11434061080217361
1048576,169.882,training/kl_mean,0.3699762225151062
1048576,169.882,training/learning_rate,0.0003000000142492354
1048576,169.882,training/policy_dist_max_loc,0.8559029698371887
1048576,169.882,training/policy_dist_max_std,1.241068720817566
1048576,169.882,training/policy_dist_mean_loc,0.004840133246034384
1048576,169.882,training/policy_dist_mean_std,0.6934707760810852
1048576,169.882,training/policy_dist_min_loc,-0.8365470170974731
1048576,169.882,training/policy_dist_min_std,0.339710533618927
1048576,169.882,training/policy_loss,0.140487402677536
1048576,169.882,training/total_loss,109.01509094238281
1048576,169.882,training/v_loss,108.98893737792969
1048576,169.882,eval/episode_reward,-757.8260498046875
1048576,169.882,eval/episode_reward/ctrl,-0.22043254971504211
1048576,169.882,eval/episode_reward/forward,332.8931884765625
1048576,169.882,eval/episode_reward/joint,-0.05844469368457794
1048576,169.882,eval/episode_reward/orient,-1090.440185546875
1048576,169.882,eval/episode_reward/total,-757.8260498046875
1048576,169.882,eval/episode_state/forward_vel,-3.9454758167266846
1048576,169.882,eval/episode_state/up_z,226.9079132080078
1048576,169.882,eval/episode_reward_std,1268.04052734375
1048576,169.882,eval/episode_reward/ctrl_std,0.0023779331240803003
1048576,169.882,eval/episode_reward/forward_std,26.95004653930664
1048576,169.882,eval/episode_reward/joint_std,0.011763864196836948
1048576,169.882,eval/episode_reward/orient_std,1267.13623046875
1048576,169.882,eval/episode_reward/total_std,1268.04052734375
1048576,169.882,eval/episode_state/forward_vel_std,17.345767974853516
1048576,169.882,eval/episode_state/up_z_std,590.66552734375
1048576,169.882,eval/avg_episode_length,1000.0
1048576,169.882,eval/std_episode_length,0.0
1048576,169.882,eval/epoch_eval_time,7.632969856262207
1048576,169.882,eval/sps,4192.339364965093
1572864,181.946,episode/sps,26576.892923559335
1572864,181.946,episode/length,1000.0
1572864,181.946,episode/reward/ctrl,-0.22041426047682763
1572864,181.946,episode/reward/forward,334.22908752441407
1572864,181.946,episode/reward/joint,-0.05909642960876226
1572864,181.946,episode/reward/orient,-861.7109892272949
1572864,181.946,episode/reward/total,-527.7613940048218
1572864,181.946,episode/state/forward_vel,-2.7489043681323526
1572864,181.946,episode/state/up_z,332.80223876953124
1572864,181.946,episode/sum_reward,-527.7613940048218
1572864,181.946,episode/entropy_loss,-0.11431227119949956
1572864,181.946,episode/kl_mean,1.2013242712322
1572864,181.946,episode/learning_rate,0.0003000000142492354
1572864,181.946,episode/policy_dist_max_loc,0.9873578449090322
1572864,181.946,episode/policy_dist_max_std,1.3381567882994811
1572864,181.946,episode/policy_dist_mean_loc,0.005357518408951971
1572864,181.946,episode/policy_dist_mean_std,0.6928931636114916
1572864,181.946,episode/policy_dist_min_loc,-0.961739738782247
1572864,181.946,episode/policy_dist_min_std,0.30976549116894603
1572864,181.946,episode/policy_loss,0.1454629598495861
1572864,181.946,episode/total_loss,90.97437882423401
1572864,181.946,episode/v_loss,90.94322860240936
1572864,189.369,eval/walltime,80.55372405052185
1572864,189.369,training/sps,43417.547918763645
1572864,189.369,training/walltime,87.5357973575592
1572864,189.369,training/entropy_loss,-0.11366067826747894
1572864,189.369,training/kl_mean,0.05097155645489693
1572864,189.369,training/learning_rate,0.0003000000142492354
1572864,189.369,training/policy_dist_max_loc,0.9873873591423035
1572864,189.369,training/policy_dist_max_std,1.4436885118484497
1572864,189.369,training/policy_dist_mean_loc,0.004794481676071882
1572864,189.369,training/policy_dist_mean_std,0.6933527588844299
1572864,189.369,training/policy_dist_min_loc,-0.9601266980171204
1572864,189.369,training/policy_dist_min_std,0.3247380554676056
1572864,189.369,training/policy_loss,0.029884355142712593
1572864,189.369,training/total_loss,95.67170715332031
1572864,189.369,training/v_loss,95.75548553466797
1572864,189.369,eval/episode_reward,-751.55078125
1572864,189.369,eval/episode_reward/ctrl,-0.21844089031219482
1572864,189.369,eval/episode_reward/forward,331.5758056640625
1572864,189.369,eval/episode_reward/joint,-0.045796528458595276
1572864,189.369,eval/episode_reward/orient,-1082.8623046875
1572864,189.369,eval/episode_reward/total,-751.55078125
1572864,189.369,eval/episode_state/forward_vel,-4.870781421661377
1572864,189.369,eval/episode_state/up_z,208.42205810546875
1572864,189.369,eval/episode_reward_std,1114.83984375
1572864,189.369,eval/episode_reward/ctrl_std,0.0018988160882145166
1572864,189.369,eval/episode_reward/forward_std,35.05653762817383
1572864,189.369,eval/episode_reward/joint_std,0.008908882737159729
1572864,189.369,eval/episode_reward/orient_std,1112.201416015625
1572864,189.369,eval/episode_reward/total_std,1114.83984375
1572864,189.369,eval/episode_state/forward_vel_std,21.477827072143555
1572864,189.369,eval/episode_state/up_z_std,524.8713989257812
1572864,189.369,eval/avg_episode_length,1000.0
1572864,189.369,eval/std_episode_length,0.0
1572864,189.369,eval/epoch_eval_time,7.394971609115601
1572864,189.369,eval/sps,4327.2647538706415
2097152,201.230,episode/sps,27186.82269765995
2097152,201.230,episode/length,1000.0
2097152,201.230,episode/reward/ctrl,-0.2185477802157402
2097152,201.230,episode/reward/forward,337.30152893066406
2097152,201.230,episode/reward/joint,-0.04767276171594858
2097152,201.230,episode/reward/orient,-1307.4498352432252
2097152,201.230,episode/reward/total,-970.4144952869415
2097152,201.230,episode/state/forward_vel,-2.1172996743023393
2097152,201.230,episode/state/up_z,112.63693516731263
2097152,201.230,episode/sum_reward,-970.4144952869415
2097152,201.230,episode/entropy_loss,-0.11396327376365661
2097152,201.230,episode/kl_mean,0.261163585674949
2097152,201.230,episode/learning_rate,0.0003000000142492354
2097152,201.230,episode/policy_dist_max_loc,0.9719877302646637
2097152,201.230,episode/policy_dist_max_std,1.4128322231769561
2097152,201.230,episode/policy_dist_mean_loc,0.00451560307526961
2097152,201.230,episode/policy_dist_mean_std,0.6937962675094604
2097152,201.230,episode/policy_dist_min_loc,-0.9797978860139847
2097152,201.230,episode/policy_dist_min_std,0.3236262765526772
2097152,201.230,episode/policy_loss,0.06431148695904994
2097152,201.230,episode/total_loss,108.24617599487304
2097152,201.230,episode/v_loss,108.2958281326294
2097152,208.574,eval/walltime,87.86977672576904
2097152,208.574,training/sps,44158.24532354769
2097152,208.574,training/walltime,99.40873289108276
2097152,208.574,training/entropy_loss,-0.11377812922000885
2097152,208.574,training/kl_mean,0.005278940312564373
2097152,208.574,training/learning_rate,0.0003000000142492354
2097152,208.574,training/policy_dist_max_loc,1.0606942176818848
2097152,208.574,training/policy_dist_max_std,1.5651503801345825
2097152,208.574,training/policy_dist_mean_loc,0.0036385501734912395
2097152,208.574,training/policy_dist_mean_std,0.694799542427063
2097152,208.574,training/policy_dist_min_loc,-1.1397321224212646
2097152,208.574,training/policy_dist_min_std,0.3105199933052063
2097152,208.574,training/policy_loss,-7.293271482922137e-05
2097152,208.574,training/total_loss,125.64810943603516
2097152,208.574,training/v_loss,125.761962890625
2097152,208.574,eval/episode_reward,-1032.643798828125
2097152,208.574,eval/episode_reward/ctrl,-0.217747300863266
2097152,208.574,eval/episode_reward/forward,338.63037109375
2097152,208.574,eval/episode_reward/joint,-0.04335079342126846
2097152,208.574,eval/episode_reward/orient,-1371.01318359375
2097152,208.574,eval/episode_reward/total,-1032.643798828125
2097152,208.574,eval/episode_state/forward_vel,-1.920662522315979
2097152,208.574,eval/episode_state/up_z,103.17854309082031
2097152,208.574,eval/episode_reward_std,1254.973876953125
2097152,208.574,eval/episode_reward/ctrl_std,0.002522057155147195
2097152,208.574,eval/episode_reward/forward_std,28.693593978881836
2097152,208.574,eval/episode_reward/joint_std,0.009447064250707626
2097152,208.574,eval/episode_reward/orient_std,1258.807861328125
2097152,208.574,eval/episode_reward/total_std,1254.973876953125
2097152,208.574,eval/episode_state/forward_vel_std,18.071496963500977
2097152,208.574,eval/episode_state/up_z_std,602.380859375
2097152,208.574,eval/avg_episode_length,1000.0
2097152,208.574,eval/std_episode_length,0.0
2097152,208.574,eval/epoch_eval_time,7.316052675247192
2097152,208.574,eval/sps,4373.943357224228
2621440,220.331,episode/sps,27448.5954581246
2621440,220.331,episode/length,1000.0
2621440,220.331,episode/reward/ctrl,-0.21781229570508004
2621440,220.331,episode/reward/forward,337.7334094238281
2621440,220.331,episode/reward/joint,-0.046023902967572215
2621440,220.331,episode/reward/orient,-965.3813586139679
2621440,220.331,episode/reward/total,-627.9118791007995
2621440,220.331,episode/state/forward_vel,-1.2454536933451892
2621440,220.331,episode/state/up_z,280.9349531555176
2621440,220.331,episode/sum_reward,-627.9118791007995
2621440,220.331,episode/entropy_loss,-0.1138769369572401
2621440,220.331,episode/kl_mean,0.03248227525386028
2621440,220.331,episode/learning_rate,0.0003000000142492354
2621440,220.331,episode/policy_dist_max_loc,1.012850087285042
2621440,220.331,episode/policy_dist_max_std,1.5090388202667235
2621440,220.331,episode/policy_dist_mean_loc,0.00373119568801485
2621440,220.331,episode/policy_dist_mean_std,0.694285933971405
2621440,220.331,episode/policy_dist_min_loc,-1.049604179263115
2621440,220.331,episode/policy_dist_min_std,0.31702644914388656
2621440,220.331,episode/policy_loss,0.014442802417615894
2621440,220.331,episode/total_loss,115.29335960388184
2621440,220.331,episode/v_loss,115.39279342651368
2621440,227.594,eval/walltime,95.10002326965332
2621440,227.594,training/sps,44530.439190875695
2621440,227.594,training/walltime,111.18243217468262
2621440,227.594,training/entropy_loss,-0.1141449362039566
2621440,227.594,training/kl_mean,0.0017801281064748764
2621440,227.594,training/learning_rate,0.0003000000142492354
2621440,227.594,training/policy_dist_max_loc,1.0080382823944092
2621440,227.594,training/policy_dist_max_std,1.5490400791168213
2621440,227.594,training/policy_dist_mean_loc,0.002679984550923109
2621440,227.594,training/policy_dist_mean_std,0.6947942972183228
2621440,227.594,training/policy_dist_min_loc,-1.0695409774780273
2621440,227.594,training/policy_dist_min_std,0.31258681416511536
2621440,227.594,training/policy_loss,-0.0014754245057702065
2621440,227.594,training/total_loss,125.91374206542969
2621440,227.594,training/v_loss,126.02936553955078
2621440,227.594,eval/episode_reward,-653.53662109375
2621440,227.594,eval/episode_reward/ctrl,-0.21758314967155457
2621440,227.594,eval/episode_reward/forward,351.923583984375
2621440,227.594,eval/episode_reward/joint,-0.04182347655296326
2621440,227.594,eval/episode_reward/orient,-1005.20068359375
2621440,227.594,eval/episode_reward/total,-653.53662109375
2621440,227.594,eval/episode_state/forward_vel,7.097969055175781
2621440,227.594,eval/episode_state/up_z,292.7823791503906
2621440,227.594,eval/episode_reward_std,1225.7677001953125
2621440,227.594,eval/episode_reward/ctrl_std,0.0024684362579137087
2621440,227.594,eval/episode_reward/forward_std,32.14384841918945
2621440,227.594,eval/episode_reward/joint_std,0.009548604488372803
2621440,227.594,eval/episode_reward/orient_std,1221.4483642578125
2621440,227.594,eval/episode_reward/total_std,1225.7677001953125
2621440,227.594,eval/episode_state/forward_vel_std,20.87799835205078
2621440,227.594,eval/episode_state/up_z_std,576.1649169921875
2621440,227.594,eval/avg_episode_length,1000.0
2621440,227.594,eval/std_episode_length,0.0
2621440,227.594,eval/epoch_eval_time,7.230246543884277
2621440,227.594,eval/sps,4425.851844162532
3145728,239.360,episode/sps,27552.153889047244
3145728,239.360,episode/length,1000.0
3145728,239.360,episode/reward/ctrl,-0.21731013283133507
3145728,239.360,episode/reward/forward,340.2074954223633
3145728,239.360,episode/reward/joint,-0.04327885204926133
3145728,239.360,episode/reward/orient,-1011.8677288913727
3145728,239.360,episode/reward/total,-671.9209402036666
3145728,239.360,episode/state/forward_vel,0.18120501220226287
3145728,239.360,episode/state/up_z,262.5093850326538
3145728,239.360,episode/sum_reward,-671.9209402036666
3145728,239.360,episode/entropy_loss,-0.11402985394001007
3145728,239.360,episode/kl_mean,0.004005629225866869
3145728,239.360,episode/learning_rate,0.0003000000142492354
3145728,239.360,episode/policy_dist_max_loc,1.0320566153526307
3145728,239.360,episode/policy_dist_max_std,1.538506281375885
3145728,239.360,episode/policy_dist_mean_loc,0.002663573996833293
3145728,239.360,episode/policy_dist_mean_std,0.6946036422252655
3145728,239.360,episode/policy_dist_min_loc,-1.083035117983818
3145728,239.360,episode/policy_dist_min_std,0.3086781303584576
3145728,239.360,episode/policy_loss,-7.948158017825335e-06
3145728,239.360,episode/total_loss,121.09844131469727
3145728,239.360,episode/v_loss,121.21247848510743
3145728,246.643,eval/walltime,102.35304856300354
3145728,246.643,training/sps,44507.25295703952
3145728,246.643,training/walltime,122.96226501464844
3145728,246.643,training/entropy_loss,-0.11424772441387177
3145728,246.643,training/kl_mean,0.0009778605308383703
3145728,246.643,training/learning_rate,0.0003000000142492354
3145728,246.643,training/policy_dist_max_loc,1.026108741760254
3145728,246.643,training/policy_dist_max_std,1.5037016868591309
3145728,246.643,training/policy_dist_mean_loc,0.001586263533681631
3145728,246.643,training/policy_dist_mean_std,0.6943277716636658
3145728,246.643,training/policy_dist_min_loc,-1.0484323501586914
3145728,246.643,training/policy_dist_min_std,0.3014478087425232
3145728,246.643,training/policy_loss,-0.001089755678549409
3145728,246.643,training/total_loss,115.18521118164062
3145728,246.643,training/v_loss,115.30055236816406
3145728,246.643,eval/episode_reward,-435.4620056152344
3145728,246.643,eval/episode_reward/ctrl,-0.21695473790168762
3145728,246.643,eval/episode_reward/forward,336.1397399902344
3145728,246.643,eval/episode_reward/joint,-0.043676674365997314
3145728,246.643,eval/episode_reward/orient,-771.3411865234375
3145728,246.643,eval/episode_reward/total,-435.4620056152344
3145728,246.643,eval/episode_state/forward_vel,-2.788325548171997
3145728,246.643,eval/episode_state/up_z,383.749267578125
3145728,246.643,eval/episode_reward_std,1064.03662109375
3145728,246.643,eval/episode_reward/ctrl_std,0.0023392890579998493
3145728,246.643,eval/episode_reward/forward_std,28.374820709228516
3145728,246.643,eval/episode_reward/joint_std,0.01165640540421009
3145728,246.643,eval/episode_reward/orient_std,1060.1441650390625
3145728,246.643,eval/episode_reward/total_std,1064.03662109375
3145728,246.643,eval/episode_state/forward_vel_std,17.197246551513672
3145728,246.643,eval/episode_state/up_z_std,513.2509765625
3145728,246.643,eval/avg_episode_length,1000.0
3145728,246.643,eval/std_episode_length,0.0
3145728,246.643,eval/epoch_eval_time,7.25302529335022
3145728,246.643,eval/sps,4411.952075961807
3670016,258.437,episode/sps,27482.794307985907
3670016,258.437,episode/length,1000.0
3670016,258.437,episode/reward/ctrl,-0.2169506873190403
3670016,258.437,episode/reward/forward,340.0834062194824
3670016,258.437,episode/reward/joint,-0.04491347260773182
3670016,258.437,episode/reward/orient,-880.4969371938705
3670016,258.437,episode/reward/total,-540.6753890419006
3670016,258.437,episode/state/forward_vel,0.25332074165344237
3670016,258.437,episode/state/up_z,331.01017181396486
3670016,258.437,episode/sum_reward,-540.6753890419006
3670016,258.437,episode/entropy_loss,-0.11415718100965024
3670016,258.437,episode/kl_mean,0.0012403689461643807
3670016,258.437,episode/learning_rate,0.0003000000142492354
3670016,258.437,episode/policy_dist_max_loc,1.0031550180912019
3670016,258.437,episode/policy_dist_max_std,1.5218219590187072
3670016,258.437,episode/policy_dist_mean_loc,0.0015339458307425957
3670016,258.437,episode/policy_dist_mean_std,0.6941514086723327
3670016,258.437,episode/policy_dist_min_loc,-1.0481735914945602
3670016,258.437,episode/policy_dist_min_std,0.3082996864616871
3670016,258.437,episode/policy_loss,-0.001216712158638984
3670016,258.437,episode/total_loss,116.17571708679199
3670016,258.437,episode/v_loss,116.2910905456543
3670016,265.723,eval/walltime,109.61041378974915
3670016,265.723,training/sps,44407.20771949449
3670016,265.723,training/walltime,134.7686367034912
3670016,265.723,training/entropy_loss,-0.11412739753723145
3670016,265.723,training/kl_mean,0.0005297169554978609
3670016,265.723,training/learning_rate,0.0003000000142492354
3670016,265.723,training/policy_dist_max_loc,0.968661904335022
3670016,265.723,training/policy_dist_max_std,1.507381558418274
3670016,265.723,training/policy_dist_mean_loc,0.00016020942712202668
3670016,265.723,training/policy_dist_mean_std,0.693240761756897
3670016,265.723,training/policy_dist_min_loc,-1.008095622062683
3670016,265.723,training/policy_dist_min_std,0.3105531334877014
3670016,265.723,training/policy_loss,-0.001089658122509718
3670016,265.723,training/total_loss,106.23503875732422
3670016,265.723,training/v_loss,106.35025787353516
3670016,265.723,eval/episode_reward,-243.06307983398438
3670016,265.723,eval/episode_reward/ctrl,-0.2168896198272705
3670016,265.723,eval/episode_reward/forward,335.31268310546875
3670016,265.723,eval/episode_reward/joint,-0.04515569657087326
3670016,265.723,eval/episode_reward/orient,-578.1135864257812
3670016,265.723,eval/episode_reward/total,-243.06307983398438
3670016,265.723,eval/episode_state/forward_vel,-2.256850242614746
3670016,265.723,eval/episode_state/up_z,480.9493408203125
3670016,265.723,eval/episode_reward_std,1002.8014526367188
3670016,265.723,eval/episode_reward/ctrl_std,0.0024364888668060303
3670016,265.723,eval/episode_reward/forward_std,30.82805824279785
3670016,265.723,eval/episode_reward/joint_std,0.01261521503329277
3670016,265.723,eval/episode_reward/orient_std,1000.9414672851562
3670016,265.723,eval/episode_reward/total_std,1002.8014526367188
3670016,265.723,eval/episode_state/forward_vel_std,20.934253692626953
3670016,265.723,eval/episode_state/up_z_std,464.920166015625
3670016,265.723,eval/avg_episode_length,1000.0
3670016,265.723,eval/std_episode_length,0.0
3670016,265.723,eval/epoch_eval_time,7.2573652267456055
3670016,265.723,eval/sps,4409.31371099669
4194304,277.512,episode/sps,27485.730624479256
4194304,277.512,episode/length,1000.0
4194304,277.512,episode/reward/ctrl,-0.216654462069273
4194304,277.512,episode/reward/forward,338.8262464904785
4194304,277.512,episode/reward/joint,-0.0456156549602747
4194304,277.512,episode/reward/orient,-699.2264309501647
4194304,277.512,episode/reward/total,-360.662524356842
4194304,277.512,episode/state/forward_vel,0.14489269018173218
4194304,277.512,episode/state/up_z,423.18497863769534
4194304,277.512,episode/sum_reward,-360.662524356842
4194304,277.512,episode/entropy_loss,-0.1141483137011528
4194304,277.512,episode/kl_mean,0.0007020709433709271
4194304,277.512,episode/learning_rate,0.0003000000142492354
4194304,277.512,episode/policy_dist_max_loc,0.9882727056741715
4194304,277.512,episode/policy_dist_max_std,1.5065977334976197
4194304,277.512,episode/policy_dist_mean_loc,-0.00028831818912294693
4194304,277.512,episode/policy_dist_mean_std,0.6935271275043488
4194304,277.512,episode/policy_dist_min_loc,-1.0273481601476668
4194304,277.512,episode/policy_dist_min_std,0.3111586733162403
4194304,277.512,episode/policy_loss,-0.0010906303736555856
4194304,277.512,episode/total_loss,110.44866401672363
4194304,277.512,episode/v_loss,110.56390289306641
4194304,284.873,eval/walltime,116.94297552108765
4194304,284.873,training/sps,44428.39664889381
4194304,284.873,training/walltime,146.56937766075134
4194304,284.873,training/entropy_loss,-0.11407884955406189
4194304,284.873,training/kl_mean,0.0004553267499431968
4194304,284.873,training/learning_rate,0.0003000000142492354
4194304,284.873,training/policy_dist_max_loc,0.9662860631942749
4194304,284.873,training/policy_dist_max_std,1.5064047574996948
4194304,284.873,training/policy_dist_mean_loc,-0.002860092790797353
4194304,284.873,training/policy_dist_mean_std,0.6928725242614746
4194304,284.873,training/policy_dist_min_loc,-1.0254793167114258
4194304,284.873,training/policy_dist_min_std,0.32153254747390747
4194304,284.873,training/policy_loss,-0.0009921418968588114
4194304,284.873,training/total_loss,107.65211486816406
4194304,284.873,training/v_loss,107.76718139648438
4194304,284.873,eval/episode_reward,-547.492919921875
4194304,284.873,eval/episode_reward/ctrl,-0.2170412838459015
4194304,284.873,eval/episode_reward/forward,347.43707275390625
4194304,284.873,eval/episode_reward/joint,-0.04707203060388565
4194304,284.873,eval/episode_reward/orient,-894.666015625
4194304,284.873,eval/episode_reward/total,-547.492919921875
4194304,284.873,eval/episode_state/forward_vel,4.623176574707031
4194304,284.873,eval/episode_state/up_z,314.459716796875
4194304,284.873,eval/episode_reward_std,1109.066650390625
4194304,284.873,eval/episode_reward/ctrl_std,0.002291163895279169
4194304,284.873,eval/episode_reward/forward_std,32.799705505371094
4194304,284.873,eval/episode_reward/joint_std,0.014208206906914711
4194304,284.873,eval/episode_reward/orient_std,1112.7520751953125
4194304,284.873,eval/episode_reward/total_std,1109.066650390625
4194304,284.873,eval/episode_state/forward_vel_std,20.324909210205078
4194304,284.873,eval/episode_state/up_z_std,514.6593017578125
4194304,284.873,eval/avg_episode_length,1000.0
4194304,284.873,eval/std_episode_length,0.0
4194304,284.873,eval/epoch_eval_time,7.332561731338501
4194304,284.873,eval/sps,4364.095547022234
4718592,296.633,episode/sps,27419.307190162217
4718592,296.633,episode/length,1000.0
4718592,296.633,episode/reward/ctrl,-0.21696564331650733
4718592,296.633,episode/reward/forward,340.08236602783205
4718592,296.633,episode/reward/joint,-0.04588407242670655
4718592,296.633,episode/reward/orient,-762.3028307652473
4718592,296.633,episode/reward/total,-422.4833302307129
4718592,296.633,episode/state/forward_vel,0.03432393334805965
4718592,296.633,episode/state/up_z,398.58805786132814
4718592,296.633,episode/sum_reward,-422.4833302307129
4718592,296.633,episode/entropy_loss,-0.11406338095664978
4718592,296.633,episode/kl_mean,0.00047920729441102593
4718592,296.633,episode/learning_rate,0.0003000000142492354
4718592,296.633,episode/policy_dist_max_loc,0.9926332688331604
4718592,296.633,episode/policy_dist_max_std,1.5310945045948028
4718592,296.633,episode/policy_dist_mean_loc,-0.002609622148593189
4718592,296.633,episode/policy_dist_mean_std,0.6930129426717758
4718592,296.633,episode/policy_dist_min_loc,-1.0571453750133515
4718592,296.633,episode/policy_dist_min_std,0.306998465359211
4718592,296.633,episode/policy_loss,-0.001023524765187176
4718592,296.633,episode/total_loss,106.7576626586914
4718592,296.633,episode/v_loss,106.87274955749511
4718592,303.960,eval/walltime,124.23836064338684
4718592,303.960,training/sps,44530.8368643308
4718592,303.960,training/walltime,158.3429718017578
4718592,303.960,training/entropy_loss,-0.11396384239196777
4718592,303.960,training/kl_mean,0.0003733246703632176
4718592,303.960,training/learning_rate,0.0003000000142492354
4718592,303.960,training/policy_dist_max_loc,1.0393320322036743
4718592,303.960,training/policy_dist_max_std,1.5800813436508179
4718592,303.960,training/policy_dist_mean_loc,-0.005505438894033432
4718592,303.960,training/policy_dist_mean_std,0.6927673816680908
4718592,303.960,training/policy_dist_min_loc,-1.135647177696228
4718592,303.960,training/policy_dist_min_std,0.2907029390335083
4718592,303.960,training/policy_loss,-0.0008954046061262488
4718592,303.960,training/total_loss,105.49337768554688
4718592,303.960,training/v_loss,105.60823059082031
4718592,303.960,eval/episode_reward,-680.835205078125
4718592,303.960,eval/episode_reward/ctrl,-0.21745741367340088
4718592,303.960,eval/episode_reward/forward,343.06805419921875
4718592,303.960,eval/episode_reward/joint,-0.04794763773679733
4718592,303.960,eval/episode_reward/orient,-1023.637939453125
4718592,303.960,eval/episode_reward/total,-680.835205078125
4718592,303.960,eval/episode_state/forward_vel,1.1282223463058472
4718592,303.960,eval/episode_state/up_z,294.1829833984375
4718592,303.960,eval/episode_reward_std,1368.2498779296875
4718592,303.960,eval/episode_reward/ctrl_std,0.0021084260661154985
4718592,303.960,eval/episode_reward/forward_std,26.04615592956543
4718592,303.960,eval/episode_reward/joint_std,0.011825558729469776
4718592,303.960,eval/episode_reward/orient_std,1367.27783203125
4718592,303.960,eval/episode_reward/total_std,1368.2498779296875
4718592,303.960,eval/episode_state/forward_vel_std,16.654603958129883
4718592,303.960,eval/episode_state/up_z_std,649.7952880859375
4718592,303.960,eval/avg_episode_length,1000.0
4718592,303.960,eval/std_episode_length,0.0
4718592,303.960,eval/epoch_eval_time,7.295385122299194
4718592,303.960,eval/sps,4386.334575016235
5242880,315.770,episode/sps,27396.056355134227
5242880,315.770,episode/length,1000.0
5242880,315.770,episode/reward/ctrl,-0.21672199696302413
5242880,315.770,episode/reward/forward,339.60527587890624
5242880,315.770,episode/reward/joint,-0.04605511903762818
5242880,315.770,episode/reward/orient,-670.8018250584603
5242880,315.770,episode/reward/total,-331.45934074401856
5242880,315.770,episode/state/forward_vel,0.42781017333269117
5242880,315.770,episode/state/up_z,433.6889529418945
5242880,315.770,episode/sum_reward,-331.45934074401856
5242880,315.770,episode/entropy_loss,-0.11394006632268429
5242880,315.770,episode/kl_mean,0.0004061112747876905
5242880,315.770,episode/learning_rate,0.0003000000142492354
5242880,315.770,episode/policy_dist_max_loc,0.9933868741989136
5242880,315.770,episode/policy_dist_max_std,1.5538908648490906
5242880,315.770,episode/policy_dist_mean_loc,-0.005512263038544915
5242880,315.770,episode/policy_dist_mean_std,0.6927554136514664
5242880,315.770,episode/policy_dist_min_loc,-1.0948530662059783
5242880,315.770,episode/policy_dist_min_std,0.30122180983424185
5242880,315.770,episode/policy_loss,-0.0009425839067262132
5242880,315.770,episode/total_loss,101.49133460998536
5242880,315.770,episode/v_loss,101.6062173461914
5242880,323.106,eval/walltime,131.54492330551147
5242880,323.106,training/sps,44344.642829599514
5242880,323.106,training/walltime,170.1660008430481
5242880,323.106,training/entropy_loss,-0.11375981569290161
5242880,323.106,training/kl_mean,0.00035535183269530535
5242880,323.106,training/learning_rate,0.0003000000142492354
5242880,323.106,training/policy_dist_max_loc,0.9763221740722656
5242880,323.106,training/policy_dist_max_std,1.5824766159057617
5242880,323.106,training/policy_dist_mean_loc,-0.008758246898651123
5242880,323.106,training/policy_dist_mean_std,0.6925917863845825
5242880,323.106,training/policy_dist_min_loc,-1.1384234428405762
5242880,323.106,training/policy_dist_min_std,0.2899363934993744
5242880,323.106,training/policy_loss,-0.0008388118003495038
5242880,323.106,training/total_loss,91.34912109375
5242880,323.106,training/v_loss,91.46371459960938
5242880,323.106,eval/episode_reward,-398.27813720703125
5242880,323.106,eval/episode_reward/ctrl,-0.21598494052886963
5242880,323.106,eval/episode_reward/forward,345.0981140136719
5242880,323.106,eval/episode_reward/joint,-0.046950507909059525
5242880,323.106,eval/episode_reward/orient,-743.1131591796875
5242880,323.106,eval/episode_reward/total,-398.27813720703125
5242880,323.106,eval/episode_state/forward_vel,3.670360803604126
5242880,323.106,eval/episode_state/up_z,402.3036193847656
5242880,323.106,eval/episode_reward_std,1051.007080078125
5242880,323.106,eval/episode_reward/ctrl_std,0.0019612449686974287
5242880,323.106,eval/episode_reward/forward_std,29.042940139770508
5242880,323.106,eval/episode_reward/joint_std,0.010754724033176899
5242880,323.106,eval/episode_reward/orient_std,1050.3973388671875
5242880,323.106,eval/episode_reward/total_std,1051.007080078125
5242880,323.106,eval/episode_state/forward_vel_std,18.332578659057617
5242880,323.106,eval/episode_state/up_z_std,505.7934265136719
5242880,323.106,eval/avg_episode_length,1000.0
5242880,323.106,eval/std_episode_length,0.0
5242880,323.106,eval/epoch_eval_time,7.306562662124634
5242880,323.106,eval/sps,4379.624384237458
5767168,334.942,episode/sps,27347.15996099977
5767168,334.942,episode/length,1000.0
5767168,334.942,episode/reward/ctrl,-0.21701843351125716
5767168,334.942,episode/reward/forward,338.1102133178711
5767168,334.942,episode/reward/joint,-0.04894262088462711
5767168,334.942,episode/reward/orient,-448.34725561141965
5767168,334.942,episode/reward/total,-110.50301183700562
5767168,334.942,episode/state/forward_vel,-0.6508732360601425
5767168,334.942,episode/state/up_z,535.5393944549561
5767168,334.942,episode/sum_reward,-110.50301183700562
5767168,334.942,episode/entropy_loss,-0.11379628755152225
5767168,334.942,episode/kl_mean,0.00037465832516318185
5767168,334.942,episode/learning_rate,0.0003000000142492354
5767168,334.942,episode/policy_dist_max_loc,0.9721946495771409
5767168,334.942,episode/policy_dist_max_std,1.5721376252174377
5767168,334.942,episode/policy_dist_mean_loc,-0.008493271118495613
5767168,334.942,episode/policy_dist_mean_std,0.692560338973999
5767168,334.942,episode/policy_dist_min_loc,-1.1248610979318618
5767168,334.942,episode/policy_dist_min_std,0.295229747146368
5767168,334.942,episode/policy_loss,-0.0008597983636718709
5767168,334.942,episode/total_loss,93.66091186523437
5767168,334.942,episode/v_loss,93.77556785583496
5767168,342.382,eval/walltime,138.9575390815735
5767168,342.382,training/sps,44255.16221351878
5767168,342.382,training/walltime,182.01293516159058
5767168,342.382,training/entropy_loss,-0.11363724619150162
5767168,342.382,training/kl_mean,0.0003658864588942379
5767168,342.382,training/learning_rate,0.0003000000142492354
5767168,342.382,training/policy_dist_max_loc,0.9045150279998779
5767168,342.382,training/policy_dist_max_std,1.5651302337646484
5767168,342.382,training/policy_dist_mean_loc,-0.011845485307276249
5767168,342.382,training/policy_dist_mean_std,0.6922912001609802
5767168,342.382,training/policy_dist_min_loc,-1.1096333265304565
5767168,342.382,training/policy_dist_min_std,0.3027389645576477
5767168,342.382,training/policy_loss,-0.0007268764893524349
5767168,342.382,training/total_loss,82.41024780273438
5767168,342.382,training/v_loss,82.52461242675781
5767168,342.382,eval/episode_reward,-211.37364196777344
5767168,342.382,eval/episode_reward/ctrl,-0.2170022577047348
5767168,342.382,eval/episode_reward/forward,344.1329650878906
5767168,342.382,eval/episode_reward/joint,-0.048852261155843735
5767168,342.382,eval/episode_reward/orient,-555.2407836914062
5767168,342.382,eval/episode_reward/total,-211.37364196777344
5767168,342.382,eval/episode_state/forward_vel,1.988006353378296
5767168,342.382,eval/episode_state/up_z,495.40399169921875
5767168,342.382,eval/episode_reward_std,853.9963989257812
5767168,342.382,eval/episode_reward/ctrl_std,0.0023856901098042727
5767168,342.382,eval/episode_reward/forward_std,32.04925537109375
5767168,342.382,eval/episode_reward/joint_std,0.014158719219267368
5767168,342.382,eval/episode_reward/orient_std,856.375
5767168,342.382,eval/episode_reward/total_std,853.9963989257812
5767168,342.382,eval/episode_state/forward_vel_std,19.517839431762695
5767168,342.382,eval/episode_state/up_z_std,447.3656311035156
5767168,342.382,eval/avg_episode_length,1000.0
5767168,342.382,eval/std_episode_length,0.0
5767168,342.382,eval/epoch_eval_time,7.412615776062012
5767168,342.382,eval/sps,4316.964613671121
6291456,354.183,episode/sps,27248.10341958634
6291456,354.183,episode/length,1000.0
6291456,354.183,episode/reward/ctrl,-0.21700718745589256
6291456,354.183,episode/reward/forward,340.02089416503907
6291456,354.183,episode/reward/joint,-0.047744775842875245
6291456,354.183,episode/reward/orient,-575.2019016218186
6291456,354.183,episode/reward/total,-235.44572383880615
6291456,354.183,episode/state/forward_vel,0.07849743068218232
6291456,354.183,episode/state/up_z,495.9537657546997
6291456,354.183,episode/sum_reward,-235.44572383880615
6291456,354.183,episode/entropy_loss,-0.11368228577077388
6291456,354.183,episode/kl_mean,0.0003778717262321152
6291456,354.183,episode/learning_rate,0.0003000000142492354
6291456,354.183,episode/policy_dist_max_loc,0.9343186432123184
6291456,354.183,episode/policy_dist_max_std,1.5621976518630982
6291456,354.183,episode/policy_dist_mean_loc,-0.01164707359392196
6291456,354.183,episode/policy_dist_mean_std,0.6924348640441894
6291456,354.183,episode/policy_dist_min_loc,-1.1192779797315597
6291456,354.183,episode/policy_dist_min_std,0.29860093250870706
6291456,354.183,episode/policy_loss,-0.0008320136262045708
6291456,354.183,episode/total_loss,84.77448562622071
6291456,354.183,episode/v_loss,84.88899974822998
6291456,361.630,eval/walltime,146.37569117546082
6291456,361.630,training/sps,44381.398678045705
6291456,361.630,training/walltime,193.82617259025574
6291456,361.630,training/entropy_loss,-0.1136084571480751
6291456,361.630,training/kl_mean,0.0003945739008486271
6291456,361.630,training/learning_rate,0.0003000000142492354
6291456,361.630,training/policy_dist_max_loc,0.9120145440101624
6291456,361.630,training/policy_dist_max_std,1.5371085405349731
6291456,361.630,training/policy_dist_mean_loc,-0.014983913861215115
6291456,361.630,training/policy_dist_mean_std,0.6923650503158569
6291456,361.630,training/policy_dist_min_loc,-1.1130913496017456
6291456,361.630,training/policy_dist_min_std,0.3010368347167969
6291456,361.630,training/policy_loss,-0.0008230026578530669
6291456,361.630,training/total_loss,78.06668090820312
6291456,361.630,training/v_loss,78.18110656738281
6291456,361.630,eval/episode_reward,-156.05999755859375
6291456,361.630,eval/episode_reward/ctrl,-0.21720165014266968
6291456,361.630,eval/episode_reward/forward,343.119384765625
6291456,361.630,eval/episode_reward/joint,-0.05135980620980263
6291456,361.630,eval/episode_reward/orient,-498.9104919433594
6291456,361.630,eval/episode_reward/total,-156.05999755859375
6291456,361.630,eval/episode_state/forward_vel,1.7649139165878296
6291456,361.630,eval/episode_state/up_z,523.392822265625
6291456,361.630,eval/episode_reward_std,967.8692626953125
6291456,361.630,eval/episode_reward/ctrl_std,0.001958562759682536
6291456,361.630,eval/episode_reward/forward_std,21.746700286865234
6291456,361.630,eval/episode_reward/joint_std,0.010931034572422504
6291456,361.630,eval/episode_reward/orient_std,966.1450805664062
6291456,361.630,eval/episode_reward/total_std,967.8692626953125
6291456,361.630,eval/episode_state/forward_vel_std,13.737164497375488
6291456,361.630,eval/episode_state/up_z_std,467.2164001464844
6291456,361.630,eval/avg_episode_length,1000.0
6291456,361.630,eval/std_episode_length,0.0
6291456,361.630,eval/epoch_eval_time,7.418152093887329
6291456,361.630,eval/sps,4313.742775154003
6815744,373.476,episode/sps,27175.425469634087
6815744,373.476,episode/length,1000.0
6815744,373.476,episode/reward/ctrl,-0.2176266959309578
6815744,373.476,episode/reward/forward,344.0546420288086
6815744,373.476,episode/reward/joint,-0.04901216566562652
6815744,373.476,episode/reward/orient,-732.0107495141029
6815744,373.476,episode/reward/total,-388.2228092575073
6815744,373.476,episode/state/forward_vel,2.194467660486698
6815744,373.476,episode/state/up_z,396.8483492469788
6815744,373.476,episode/sum_reward,-388.2228092575073
6815744,373.476,episode/entropy_loss,-0.11356690235435962
6815744,373.476,episode/kl_mean,0.000407462264993228
6815744,373.476,episode/learning_rate,0.0003000000142492354
6815744,373.476,episode/policy_dist_max_loc,0.903297192454338
6815744,373.476,episode/policy_dist_max_std,1.5747233748435974
6815744,373.476,episode/policy_dist_mean_loc,-0.01499725873582065
6815744,373.476,episode/policy_dist_mean_std,0.6923591935634613
6815744,373.476,episode/policy_dist_min_loc,-1.1340237003564835
6815744,373.476,episode/policy_dist_min_std,0.2966015538573265
6815744,373.476,episode/policy_loss,-0.0007988696238317061
6815744,373.476,episode/total_loss,77.38883525848388
6815744,373.476,episode/v_loss,77.5032010269165
6815744,380.912,eval/walltime,153.781391620636
6815744,380.912,training/sps,44210.580297275716
6815744,380.912,training/walltime,205.68505334854126
6815744,380.912,training/entropy_loss,-0.11342880129814148
6815744,380.912,training/kl_mean,0.0004480102797970176
6815744,380.912,training/learning_rate,0.0003000000142492354
6815744,380.912,training/policy_dist_max_loc,0.8894168734550476
6815744,380.912,training/policy_dist_max_std,1.6166846752166748
6815744,380.912,training/policy_dist_mean_loc,-0.018782543018460274
6815744,380.912,training/policy_dist_mean_std,0.6923756003379822
6815744,380.912,training/policy_dist_min_loc,-1.1696550846099854
6815744,380.912,training/policy_dist_min_std,0.28867238759994507
6815744,380.912,training/policy_loss,-0.0007462083012796938
6815744,380.912,training/total_loss,70.97621154785156
6815744,380.912,training/v_loss,71.09037780761719
6815744,380.912,eval/episode_reward,-7.19183349609375
6815744,380.912,eval/episode_reward/ctrl,-0.21721169352531433
6815744,380.912,eval/episode_reward/forward,341.1976318359375
6815744,380.912,eval/episode_reward/joint,-0.05027788504958153
6815744,380.912,eval/episode_reward/orient,-348.12213134765625
6815744,380.912,eval/episode_reward/total,-7.19183349609375
6815744,380.912,eval/episode_state/forward_vel,0.6150479316711426
6815744,380.912,eval/episode_state/up_z,592.531494140625
6815744,380.912,eval/episode_reward_std,650.048095703125
6815744,380.912,eval/episode_reward/ctrl_std,0.001648775883950293
6815744,380.912,eval/episode_reward/forward_std,24.58538055419922
6815744,380.912,eval/episode_reward/joint_std,0.01081275474280119
6815744,380.912,eval/episode_reward/orient_std,646.6320190429688
6815744,380.912,eval/episode_reward/total_std,650.048095703125
6815744,380.912,eval/episode_state/forward_vel_std,15.844710350036621
6815744,380.912,eval/episode_state/up_z_std,338.8584899902344
6815744,380.912,eval/avg_episode_length,1000.0
6815744,380.912,eval/std_episode_length,0.0
6815744,380.912,eval/epoch_eval_time,7.405700445175171
6815744,380.912,eval/sps,4320.995729829724
7340032,392.803,episode/sps,27127.404802834568
7340032,392.803,episode/length,1000.0
7340032,392.803,episode/reward/ctrl,-0.21766182243824006
7340032,392.803,episode/reward/forward,342.6727267456055
7340032,392.803,episode/reward/joint,-0.0517890845425427
7340032,392.803,episode/reward/orient,-535.3151979804039
7340032,392.803,episode/reward/total,-192.91191961288453
7340032,392.803,episode/state/forward_vel,0.8252406388521194
7340032,392.803,episode/state/up_z,512.1016884231567
7340032,392.803,episode/sum_reward,-192.91191961288453
7340032,392.803,episode/entropy_loss,-0.1135053876042366
7340032,392.803,episode/kl_mean,0.00046975392702734096
7340032,392.803,episode/learning_rate,0.0003000000142492354
7340032,392.803,episode/policy_dist_max_loc,0.8785598635673523
7340032,392.803,episode/policy_dist_max_std,1.581250296831131
7340032,392.803,episode/policy_dist_mean_loc,-0.018438904779031873
7340032,392.803,episode/policy_dist_mean_std,0.6924115872383118
7340032,392.803,episode/policy_dist_min_loc,-1.1500481009483337
7340032,392.803,episode/policy_dist_min_std,0.29788777202367783
7340032,392.803,episode/policy_loss,-0.0008056127195595763
7340032,392.803,episode/total_loss,69.02794059753418
7340032,392.803,episode/v_loss,69.14225196838379
7340032,400.325,eval/walltime,161.27190828323364
7340032,400.325,training/sps,44040.8618681888
7340032,400.325,training/walltime,217.58963418006897
7340032,400.325,training/entropy_loss,-0.11345626413822174
7340032,400.325,training/kl_mean,0.000562040600925684
7340032,400.325,training/learning_rate,0.0003000000142492354
7340032,400.325,training/policy_dist_max_loc,0.8347055912017822
7340032,400.325,training/policy_dist_max_std,1.5955946445465088
7340032,400.325,training/policy_dist_mean_loc,-0.022276658564805984
7340032,400.325,training/policy_dist_mean_std,0.6924949884414673
7340032,400.325,training/policy_dist_min_loc,-1.1693639755249023
7340032,400.325,training/policy_dist_min_std,0.3018893003463745
7340032,400.325,training/policy_loss,-0.0007635912043042481
7340032,400.325,training/total_loss,56.447509765625
7340032,400.325,training/v_loss,56.561729431152344
7340032,400.325,eval/episode_reward,-9.078954696655273
7340032,400.325,eval/episode_reward/ctrl,-0.2184428870677948
7340032,400.325,eval/episode_reward/forward,340.50390625
7340032,400.325,eval/episode_reward/joint,-0.05413585528731346
7340032,400.325,eval/episode_reward/orient,-349.3104248046875
7340032,400.325,eval/episode_reward/total,-9.078954696655273
7340032,400.325,eval/episode_state/forward_vel,-0.35386133193969727
7340032,400.325,eval/episode_state/up_z,608.755126953125
7340032,400.325,eval/episode_reward_std,749.170654296875
7340032,400.325,eval/episode_reward/ctrl_std,0.0022405837662518024
7340032,400.325,eval/episode_reward/forward_std,27.506927490234375
7340032,400.325,eval/episode_reward/joint_std,0.011269900016486645
7340032,400.325,eval/episode_reward/orient_std,747.8021850585938
7340032,400.325,eval/episode_reward/total_std,749.170654296875
7340032,400.325,eval/episode_state/forward_vel_std,17.29309844970703
7340032,400.325,eval/episode_state/up_z_std,377.7777404785156
7340032,400.325,eval/avg_episode_length,1000.0
7340032,400.325,eval/std_episode_length,0.0
7340032,400.325,eval/epoch_eval_time,7.490516662597656
7340032,400.325,eval/sps,4272.06846221775
7864320,412.248,episode/sps,26961.90016562862
7864320,412.248,episode/length,1000.0
7864320,412.248,episode/reward/ctrl,-0.2177087877690792
7864320,412.248,episode/reward/forward,340.5302603149414
7864320,412.248,episode/reward/joint,-0.05029078591614962
7864320,412.248,episode/reward/orient,-487.5485611331463
7864320,412.248,episode/reward/total,-147.2863436317444
7864320,412.248,episode/state/forward_vel,-0.0317371991276741
7864320,412.248,episode/state/up_z,537.8108567810059
7864320,412.248,episode/sum_reward,-147.2863436317444
7864320,412.248,episode/entropy_loss,-0.11346721068024636
7864320,412.248,episode/kl_mean,0.0005545385109144263
7864320,412.248,episode/learning_rate,0.0003000000142492354
7864320,412.248,episode/policy_dist_max_loc,0.8491701626777649
7864320,412.248,episode/policy_dist_max_std,1.5931067073345184
7864320,412.248,episode/policy_dist_mean_loc,-0.022384382877498867
7864320,412.248,episode/policy_dist_mean_std,0.6925617522001266
7864320,412.248,episode/policy_dist_min_loc,-1.1674643981456756
7864320,412.248,episode/policy_dist_min_std,0.29080142825841904
7864320,412.248,episode/policy_loss,-0.0008528681898314971
7864320,412.248,episode/total_loss,61.72515106201172
7864320,412.248,episode/v_loss,61.83947147369385
7864320,419.673,eval/walltime,168.66761350631714
7864320,419.673,training/sps,43925.503763710694
7864320,419.673,training/walltime,229.52547907829285
7864320,419.673,training/entropy_loss,-0.11350178718566895
7864320,419.673,training/kl_mean,0.0006502215983346105
7864320,419.673,training/learning_rate,0.0003000000142492354
7864320,419.673,training/policy_dist_max_loc,0.8174587488174438
7864320,419.673,training/policy_dist_max_std,1.5754681825637817
7864320,419.673,training/policy_dist_mean_loc,-0.026864752173423767
7864320,419.673,training/policy_dist_mean_std,0.6928313374519348
7864320,419.673,training/policy_dist_min_loc,-1.171637773513794
7864320,419.673,training/policy_dist_min_std,0.27945590019226074
7864320,419.673,training/policy_loss,-0.0009513897821307182
7864320,419.673,training/total_loss,55.70536804199219
7864320,419.673,training/v_loss,55.81982421875
7864320,419.673,eval/episode_reward,53.66682052612305
7864320,419.673,eval/episode_reward/ctrl,-0.21817445755004883
7864320,419.673,eval/episode_reward/forward,329.4360656738281
7864320,419.673,eval/episode_reward/joint,-0.048298198729753494
7864320,419.673,eval/episode_reward/orient,-275.502685546875
7864320,419.673,eval/episode_reward/total,53.66682052612305
7864320,419.673,eval/episode_state/forward_vel,-7.738012313842773
7864320,419.673,eval/episode_state/up_z,660.0166015625
7864320,419.673,eval/episode_reward_std,495.42718505859375
7864320,419.673,eval/episode_reward/ctrl_std,0.0020992679055780172
7864320,419.673,eval/episode_reward/forward_std,26.612327575683594
7864320,419.673,eval/episode_reward/joint_std,0.011539848521351814
7864320,419.673,eval/episode_reward/orient_std,498.6412658691406
7864320,419.673,eval/episode_reward/total_std,495.42718505859375
7864320,419.673,eval/episode_state/forward_vel_std,16.65690040588379
7864320,419.673,eval/episode_state/up_z_std,297.8486022949219
7864320,419.673,eval/avg_episode_length,1000.0
7864320,419.673,eval/std_episode_length,0.0
7864320,419.673,eval/epoch_eval_time,7.395705223083496
7864320,419.673,eval/sps,4326.835512605547
8388608,431.631,episode/sps,27049.563408395166
8388608,431.631,episode/length,1000.0
8388608,431.631,episode/reward/ctrl,-0.2176070086658001
8388608,431.631,episode/reward/forward,336.5972305297852
8388608,431.631,episode/reward/joint,-0.053338910695165394
8388608,431.631,episode/reward/orient,-372.609238011837
8388608,431.631,episode/reward/total,-36.28301434993744
8388608,431.631,episode/state/forward_vel,-2.425505044311285
8388608,431.631,episode/state/up_z,596.4820013427734
8388608,431.631,episode/sum_reward,-36.28301434993744
8388608,431.631,episode/entropy_loss,-0.11344746045768261
8388608,431.631,episode/kl_mean,0.0007261639245552942
8388608,431.631,episode/learning_rate,0.0003000000142492354
8388608,431.631,episode/policy_dist_max_loc,0.8031116926670074
8388608,431.631,episode/policy_dist_max_std,1.5987590277194976
8388608,431.631,episode/policy_dist_mean_loc,-0.027512496430426837
8388608,431.631,episode/policy_dist_mean_std,0.692807645201683
8388608,431.631,episode/policy_dist_min_loc,-1.1859721410274506
8388608,431.631,episode/policy_dist_min_std,0.289311435520649
8388608,431.631,episode/policy_loss,-0.0009894152932974976
8388608,431.631,episode/total_loss,52.14190101623535
8388608,431.631,episode/v_loss,52.256338119506836
8388608,439.164,eval/walltime,176.1726577281952
8388608,439.164,training/sps,43802.38825369015
8388608,439.164,training/walltime,241.49487209320068
8388608,439.164,training/entropy_loss,-0.11337338387966156
8388608,439.164,training/kl_mean,0.0009738183580338955
8388608,439.164,training/learning_rate,0.0003000000142492354
8388608,439.164,training/policy_dist_max_loc,0.7480538487434387
8388608,439.164,training/policy_dist_max_std,1.6264903545379639
8388608,439.164,training/policy_dist_mean_loc,-0.034367676824331284
8388608,439.164,training/policy_dist_mean_std,0.6931254863739014
8388608,439.164,training/policy_dist_min_loc,-1.2176437377929688
8388608,439.164,training/policy_dist_min_std,0.2856443524360657
8388608,439.164,training/policy_loss,-0.0012041125446557999
8388608,439.164,training/total_loss,42.466590881347656
8388608,439.164,training/v_loss,42.5811653137207
8388608,439.164,eval/episode_reward,167.26609802246094
8388608,439.164,eval/episode_reward/ctrl,-0.2186773419380188
8388608,439.164,eval/episode_reward/forward,340.9033203125
8388608,439.164,eval/episode_reward/joint,-0.054879166185855865
8388608,439.164,eval/episode_reward/orient,-173.3637237548828
8388608,439.164,eval/episode_reward/total,167.26609802246094
8388608,439.164,eval/episode_state/forward_vel,-0.43635058403015137
8388608,439.164,eval/episode_state/up_z,740.5667724609375
8388608,439.164,eval/episode_reward_std,493.2413024902344
8388608,439.164,eval/episode_reward/ctrl_std,0.002344368025660515
8388608,439.164,eval/episode_reward/forward_std,28.74708366394043
8388608,439.164,eval/episode_reward/joint_std,0.010040690191090107
8388608,439.164,eval/episode_reward/orient_std,495.2259521484375
8388608,439.164,eval/episode_reward/total_std,493.2413024902344
8388608,439.164,eval/episode_state/forward_vel_std,18.56900405883789
8388608,439.164,eval/episode_state/up_z_std,283.4364013671875
8388608,439.164,eval/avg_episode_length,1000.0
8388608,439.164,eval/std_episode_length,0.0
8388608,439.164,eval/epoch_eval_time,7.505044221878052
8388608,439.164,eval/sps,4263.7989935777305
8912896,451.165,episode/sps,26839.223855278397
8912896,451.165,episode/length,1000.0
8912896,451.165,episode/reward/ctrl,-0.21778942480683328
8912896,451.165,episode/reward/forward,339.1859452819824
8912896,451.165,episode/reward/joint,-0.05240151161327958
8912896,451.165,episode/reward/orient,-357.1842978489399
8912896,451.165,episode/reward/total,-18.268600311279297
8912896,451.165,episode/state/forward_vel,-1.4205419559776784
8912896,451.165,episode/state/up_z,625.9524475097656
8912896,451.165,episode/sum_reward,-18.268600311279297
8912896,451.165,episode/entropy_loss,-0.11345109857618808
8912896,451.165,episode/kl_mean,0.0009393087806529365
8912896,451.165,episode/learning_rate,0.0003000000142492354
8912896,451.165,episode/policy_dist_max_loc,0.7603082227706909
8912896,451.165,episode/policy_dist_max_std,1.5975040471553803
8912896,451.165,episode/policy_dist_mean_loc,-0.0341234546713531
8912896,451.165,episode/policy_dist_mean_std,0.693240562081337
8912896,451.165,episode/policy_dist_min_loc,-1.1963254201412201
8912896,451.165,episode/policy_dist_min_std,0.2824022950232029
8912896,451.165,episode/policy_loss,-0.0011252561687433626
8912896,451.165,episode/total_loss,45.91007131576538
8912896,451.165,episode/v_loss,46.02464771270752
8912896,458.684,eval/walltime,183.66255640983582
8912896,458.684,training/sps,43642.63705894684
8912896,458.684,training/walltime,253.5080783367157
8912896,458.684,training/entropy_loss,-0.11346490681171417
8912896,458.684,training/kl_mean,0.0012000249698758125
8912896,458.684,training/learning_rate,0.0003000000142492354
8912896,458.684,training/policy_dist_max_loc,0.7096182703971863
8912896,458.684,training/policy_dist_max_std,1.5888450145721436
8912896,458.684,training/policy_dist_mean_loc,-0.04249735176563263
8912896,458.684,training/policy_dist_mean_std,0.6938238143920898
8912896,458.684,training/policy_dist_min_loc,-1.1966686248779297
8912896,458.684,training/policy_dist_min_std,0.2791271209716797
8912896,458.684,training/policy_loss,-0.0011623695027083158
8912896,458.684,training/total_loss,38.01002502441406
8912896,458.684,training/v_loss,38.12465286254883
8912896,458.684,eval/episode_reward,192.76084899902344
8912896,458.684,eval/episode_reward/ctrl,-0.21844860911369324
8912896,458.684,eval/episode_reward/forward,342.5091552734375
8912896,458.684,eval/episode_reward/joint,-0.04909157380461693
8912896,458.684,eval/episode_reward/orient,-149.4805908203125
8912896,458.684,eval/episode_reward/total,192.76084899902344
8912896,458.684,eval/episode_state/forward_vel,-0.4462352991104126
8912896,458.684,eval/episode_state/up_z,815.3631591796875
8912896,458.684,eval/episode_reward_std,522.769775390625
8912896,458.684,eval/episode_reward/ctrl_std,0.002795332809910178
8912896,458.684,eval/episode_reward/forward_std,19.198348999023438
8912896,458.684,eval/episode_reward/joint_std,0.010602213442325592
8912896,458.684,eval/episode_reward/orient_std,524.4159545898438
8912896,458.684,eval/episode_reward/total_std,522.769775390625
8912896,458.684,eval/episode_state/forward_vel_std,10.915425300598145
8912896,458.684,eval/episode_state/up_z_std,292.3241271972656
8912896,458.684,eval/avg_episode_length,1000.0
8912896,458.684,eval/std_episode_length,0.0
8912896,458.684,eval/epoch_eval_time,7.489898681640625
8912896,458.684,eval/sps,4272.420944550155
9437184,470.662,episode/sps,26891.245048227687
9437184,470.662,episode/length,1000.0
9437184,470.662,episode/reward/ctrl,-0.2183479931950569
9437184,470.662,episode/reward/forward,346.8241125488281
9437184,470.662,episode/reward/joint,-0.05146653341129422
9437184,470.662,episode/reward/orient,-314.4887996339798
9437184,470.662,episode/reward/total,32.065573844909665
9437184,470.662,episode/state/forward_vel,2.407006425186992
9437184,470.662,episode/state/up_z,690.77870803833
9437184,470.662,episode/sum_reward,32.065573844909665
9437184,470.662,episode/entropy_loss,-0.11355686888098716
9437184,470.662,episode/kl_mean,0.00118844561628066
9437184,470.662,episode/learning_rate,0.0003000000142492354
9437184,470.662,episode/policy_dist_max_loc,0.7221347427368164
9437184,470.662,episode/policy_dist_max_std,1.5912742304801941
9437184,470.662,episode/policy_dist_mean_loc,-0.04120830809697509
9437184,470.662,episode/policy_dist_mean_std,0.693920042514801
9437184,470.662,episode/policy_dist_min_loc,-1.2009380888938903
9437184,470.662,episode/policy_dist_min_std,0.28134782269597053
9437184,470.662,episode/policy_loss,-0.0012232019528164528
9437184,470.662,episode/total_loss,39.324272804260254
9437184,470.662,episode/v_loss,39.43905281066895
9437184,478.124,eval/walltime,191.0950484275818
9437184,478.124,training/sps,43723.25345348412
9437184,478.124,training/walltime,265.49913477897644
9437184,478.124,training/entropy_loss,-0.11384411156177521
9437184,478.124,training/kl_mean,0.001403264468535781
9437184,478.124,training/learning_rate,0.0003000000142492354
9437184,478.124,training/policy_dist_max_loc,0.696153998374939
9437184,478.124,training/policy_dist_max_std,1.564988136291504
9437184,478.124,training/policy_dist_mean_loc,-0.048339735716581345
9437184,478.124,training/policy_dist_mean_std,0.694932758808136
9437184,478.124,training/policy_dist_min_loc,-1.1951477527618408
9437184,478.124,training/policy_dist_min_std,0.28008919954299927
9437184,478.124,training/policy_loss,-0.0011989023769274354
9437184,478.124,training/total_loss,35.5055046081543
9437184,478.124,training/v_loss,35.62054443359375
9437184,478.124,eval/episode_reward,300.47210693359375
9437184,478.124,eval/episode_reward/ctrl,-0.21757254004478455
9437184,478.124,eval/episode_reward/forward,339.8710632324219
9437184,478.124,eval/episode_reward/joint,-0.046062763780355453
9437184,478.124,eval/episode_reward/orient,-39.135353088378906
9437184,478.124,eval/episode_reward/total,300.47210693359375
9437184,478.124,eval/episode_state/forward_vel,-2.5751097202301025
9437184,478.124,eval/episode_state/up_z,899.2402954101562
9437184,478.124,eval/episode_reward_std,85.48931884765625
9437184,478.124,eval/episode_reward/ctrl_std,0.0023634557146579027
9437184,478.124,eval/episode_reward/forward_std,25.054637908935547
9437184,478.124,eval/episode_reward/joint_std,0.008297869935631752
9437184,478.124,eval/episode_reward/orient_std,81.36927795410156
9437184,478.124,eval/episode_reward/total_std,85.48931884765625
9437184,478.124,eval/episode_state/forward_vel_std,15.10168743133545
9437184,478.124,eval/episode_state/up_z_std,111.94554901123047
9437184,478.124,eval/avg_episode_length,1000.0
9437184,478.124,eval/std_episode_length,0.0
9437184,478.124,eval/epoch_eval_time,7.432492017745972
9437184,478.124,eval/sps,4305.420029190228
9961472,490.175,episode/sps,26868.551181239123
9961472,490.175,episode/length,1000.0
9961472,490.175,episode/reward/ctrl,-0.21826905027031898
9961472,490.175,episode/reward/forward,343.0749261474609
9961472,490.175,episode/reward/joint,-0.04903781343251467
9961472,490.175,episode/reward/orient,-140.73265143215656
9961472,490.175,episode/reward/total,202.0750203704834
9961472,490.175,episode/state/forward_vel,-0.4151550599932671
9961472,490.175,episode/state/up_z,829.7520690917969
9961472,490.175,episode/sum_reward,202.0750203704834
9961472,490.175,episode/entropy_loss,-0.11385735094547272
9961472,490.175,episode/kl_mean,0.0014169459068216384
9961472,490.175,episode/learning_rate,0.0003000000142492354
9961472,490.175,episode/policy_dist_max_loc,0.6814144897460938
9961472,490.175,episode/policy_dist_max_std,1.5395548844337463
9961472,490.175,episode/policy_dist_mean_loc,-0.047797243408858776
9961472,490.175,episode/policy_dist_mean_std,0.6950812608003616
9961472,490.175,episode/policy_dist_min_loc,-1.168750427365303
9961472,490.175,episode/policy_dist_min_std,0.28719144329428675
9961472,490.175,episode/policy_loss,-0.0011885649539181032
9961472,490.175,episode/total_loss,34.64130275726318
9961472,490.175,episode/v_loss,34.75634851455688
9961472,497.679,eval/walltime,198.56983041763306
9961472,497.679,training/sps,43461.46309564921
9961472,497.679,training/walltime,277.56241941452026
9961472,497.679,training/entropy_loss,-0.11431577801704407
9961472,497.679,training/kl_mean,0.001599057111889124
9961472,497.679,training/learning_rate,0.0003000000142492354
9961472,497.679,training/policy_dist_max_loc,0.631831169128418
9961472,497.679,training/policy_dist_max_std,1.453346848487854
9961472,497.679,training/policy_dist_mean_loc,-0.054020583629608154
9961472,497.679,training/policy_dist_mean_std,0.6967089176177979
9961472,497.679,training/policy_dist_min_loc,-1.1015487909317017
9961472,497.679,training/policy_dist_min_std,0.3038010597229004
9961472,497.679,training/policy_loss,-0.0010402535554021597
9961472,497.679,training/total_loss,29.360759735107422
9961472,497.679,training/v_loss,29.476116180419922
9961472,497.679,eval/episode_reward,318.8213195800781
9961472,497.679,eval/episode_reward/ctrl,-0.21931041777133942
9961472,497.679,eval/episode_reward/forward,334.9873046875
9961472,497.679,eval/episode_reward/joint,-0.0486798994243145
9961472,497.679,eval/episode_reward/orient,-15.898029327392578
9961472,497.679,eval/episode_reward/total,318.8213195800781
9961472,497.679,eval/episode_state/forward_vel,-5.637812614440918
9961472,497.679,eval/episode_state/up_z,942.60693359375
9961472,497.679,eval/episode_reward_std,36.364036560058594
9961472,497.679,eval/episode_reward/ctrl_std,0.0025661434046924114
9961472,497.679,eval/episode_reward/forward_std,24.592525482177734
9961472,497.679,eval/episode_reward/joint_std,0.009584344923496246
9961472,497.679,eval/episode_reward/orient_std,26.15878677368164
9961472,497.679,eval/episode_reward/total_std,36.364036560058594
9961472,497.679,eval/episode_state/forward_vel_std,14.818418502807617
9961472,497.679,eval/episode_state/up_z_std,49.018741607666016
9961472,497.679,eval/avg_episode_length,1000.0
9961472,497.679,eval/std_episode_length,0.0
9961472,497.679,eval/epoch_eval_time,7.4747819900512695
9961472,497.679,eval/sps,4281.061312903992
10485760,509.690,episode/sps,26864.79999807964
10485760,509.690,episode/length,1000.0
10485760,509.690,episode/reward/ctrl,-0.21866188690066338
10485760,509.690,episode/reward/forward,340.32398986816406
10485760,509.690,episode/reward/joint,-0.048009246904402975
10485760,509.690,episode/reward/orient,-121.31570124976336
10485760,509.690,episode/reward/total,218.74162273406984
10485760,509.690,episode/state/forward_vel,-2.264304500967264
10485760,509.690,episode/state/up_z,874.5182669067383
10485760,509.690,episode/sum_reward,218.74162273406984
10485760,509.690,episode/entropy_loss,-0.11421258524060249
10485760,509.690,episode/kl_mean,0.0016944286006037145
10485760,509.690,episode/learning_rate,0.0003000000142492354
10485760,509.690,episode/policy_dist_max_loc,0.6333885163068771
10485760,509.690,episode/policy_dist_max_std,1.513485062122345
10485760,509.690,episode/policy_dist_mean_loc,-0.05338280834257603
10485760,509.690,episode/policy_dist_mean_std,0.6964978259801865
10485760,509.690,episode/policy_dist_min_loc,-1.1421635717153549
10485760,509.690,episode/policy_dist_min_std,0.296025163680315
10485760,509.690,episode/policy_loss,-0.0011692770714580548
10485760,509.690,episode/total_loss,30.81681044578552
10485760,509.690,episode/v_loss,30.932192230224608
10485760,517.249,eval/walltime,206.10923719406128
10485760,517.249,training/sps,43622.5611903997
10485760,517.249,training/walltime,289.58115434646606
10485760,517.249,training/entropy_loss,-0.11456605792045593
10485760,517.249,training/kl_mean,0.002019710373133421
10485760,517.249,training/learning_rate,0.0003000000142492354
10485760,517.249,training/policy_dist_max_loc,0.5626544952392578
10485760,517.249,training/policy_dist_max_std,1.509639024734497
10485760,517.249,training/policy_dist_mean_loc,-0.05886208638548851
10485760,517.249,training/policy_dist_mean_std,0.6981623768806458
10485760,517.249,training/policy_dist_min_loc,-1.1190640926361084
10485760,517.249,training/policy_dist_min_std,0.30790841579437256
10485760,517.249,training/policy_loss,-0.0011006123386323452
10485760,517.249,training/total_loss,26.61761474609375
10485760,517.249,training/v_loss,26.733280181884766
10485760,517.249,eval/episode_reward,247.24636840820312
10485760,517.249,eval/episode_reward/ctrl,-0.21940451860427856
10485760,517.249,eval/episode_reward/forward,339.2082824707031
10485760,517.249,eval/episode_reward/joint,-0.049917202442884445
10485760,517.249,eval/episode_reward/orient,-91.69257354736328
10485760,517.249,eval/episode_reward/total,247.24636840820312
10485760,517.249,eval/episode_state/forward_vel,-2.8401782512664795
10485760,517.249,eval/episode_state/up_z,905.870361328125
10485760,517.249,eval/episode_reward_std,447.6355285644531
10485760,517.249,eval/episode_reward/ctrl_std,0.002416033996269107
10485760,517.249,eval/episode_reward/forward_std,21.94009780883789
10485760,517.249,eval/episode_reward/joint_std,0.008276878856122494
10485760,517.249,eval/episode_reward/orient_std,441.2403869628906
10485760,517.249,eval/episode_reward/total_std,447.6355285644531
10485760,517.249,eval/episode_state/forward_vel_std,12.463004112243652
10485760,517.249,eval/episode_state/up_z_std,232.89389038085938
10485760,517.249,eval/avg_episode_length,1000.0
10485760,517.249,eval/std_episode_length,0.0
10485760,517.249,eval/epoch_eval_time,7.539406776428223
10485760,517.249,eval/sps,4244.3657636363705
11010048,529.265,episode/sps,26784.48566461225
11010048,529.265,episode/length,1000.0
11010048,529.265,episode/reward/ctrl,-0.21924956113100053
11010048,529.265,episode/reward/forward,342.1150927734375
11010048,529.265,episode/reward/joint,-0.0493069826066494
11010048,529.265,episode/reward/orient,-117.82401989206672
11010048,529.265,episode/reward/total,224.02250247955322
11010048,529.265,episode/state/forward_vel,-1.2551266089081765
11010048,529.265,episode/state/up_z,889.2142077636719
11010048,529.265,episode/sum_reward,224.02250247955322
11010048,529.265,episode/entropy_loss,-0.11453016467392445
11010048,529.265,episode/kl_mean,0.002001702933339402
11010048,529.265,episode/learning_rate,0.0003000000142492354
11010048,529.265,episode/policy_dist_max_loc,0.5797704538702965
11010048,529.265,episode/policy_dist_max_std,1.457854905128479
11010048,529.265,episode/policy_dist_mean_loc,-0.057885666117072104
11010048,529.265,episode/policy_dist_mean_std,0.6979072552919388
11010048,529.265,episode/policy_dist_min_loc,-1.096895352602005
11010048,529.265,episode/policy_dist_min_std,0.3096942177414894
11010048,529.265,episode/policy_loss,-0.0011540056962985545
11010048,529.265,episode/total_loss,26.062246475219727
11010048,529.265,episode/v_loss,26.177930603027345
11010048,536.716,eval/walltime,213.54209637641907
11010048,536.716,training/sps,43608.70180036592
11010048,536.716,training/walltime,301.60370898246765
11010048,536.716,training/entropy_loss,-0.11479190737009048
11010048,536.716,training/kl_mean,0.0023099202662706375
11010048,536.716,training/learning_rate,0.0003000000142492354
11010048,536.716,training/policy_dist_max_loc,0.5291092395782471
11010048,536.716,training/policy_dist_max_std,1.400373935699463
11010048,536.716,training/policy_dist_mean_loc,-0.061692677438259125
11010048,536.716,training/policy_dist_mean_std,0.6992147564888
11010048,536.716,training/policy_dist_min_loc,-1.0704576969146729
11010048,536.716,training/policy_dist_min_std,0.32040664553642273
11010048,536.716,training/policy_loss,-0.0011669937521219254
11010048,536.716,training/total_loss,21.121179580688477
11010048,536.716,training/v_loss,21.237140655517578
11010048,536.716,eval/episode_reward,336.3061828613281
11010048,536.716,eval/episode_reward/ctrl,-0.2193996161222458
11010048,536.716,eval/episode_reward/forward,346.26220703125
11010048,536.716,eval/episode_reward/joint,-0.04578792303800583
11010048,536.716,eval/episode_reward/orient,-9.690898895263672
11010048,536.716,eval/episode_reward/total,336.3061828613281
11010048,536.716,eval/episode_state/forward_vel,1.2418984174728394
11010048,536.716,eval/episode_state/up_z,940.4100952148438
11010048,536.716,eval/episode_reward_std,26.85291290283203
11010048,536.716,eval/episode_reward/ctrl_std,0.0021316141355782747
11010048,536.716,eval/episode_reward/forward_std,21.993406295776367
11010048,536.716,eval/episode_reward/joint_std,0.00740511529147625
11010048,536.716,eval/episode_reward/orient_std,10.339284896850586
11010048,536.716,eval/episode_reward/total_std,26.85291290283203
11010048,536.716,eval/episode_state/forward_vel_std,12.913949966430664
11010048,536.716,eval/episode_state/up_z_std,31.52530288696289
11010048,536.716,eval/avg_episode_length,1000.0
11010048,536.716,eval/std_episode_length,0.0
11010048,536.716,eval/epoch_eval_time,7.432859182357788
11010048,536.716,eval/sps,4305.207352233092
11534336,548.696,episode/sps,26981.81851313176
11534336,548.696,episode/length,1000.0
11534336,548.696,episode/reward/ctrl,-0.21899737924337387
11534336,548.696,episode/reward/forward,343.7664169311523
11534336,548.696,episode/reward/joint,-0.047169861737638714
11534336,548.696,episode/reward/orient,-73.8645800319314
11534336,548.696,episode/reward/total,269.6355517578125
11534336,548.696,episode/state/forward_vel,-0.4195825669169426
11534336,548.696,episode/state/up_z,919.6604862213135
11534336,548.696,episode/sum_reward,269.6355517578125
11534336,548.696,episode/entropy_loss,-0.1147979125380516
11534336,548.696,episode/kl_mean,0.0021130313677713273
11534336,548.696,episode/learning_rate,0.0003000000142492354
11534336,548.696,episode/policy_dist_max_loc,0.531861369907856
11534336,548.696,episode/policy_dist_max_std,1.4291258907318116
11534336,548.696,episode/policy_dist_mean_loc,-0.06015382312238216
11534336,548.696,episode/policy_dist_mean_std,0.6991658693552018
11534336,548.696,episode/policy_dist_min_loc,-1.06459521651268
11534336,548.696,episode/policy_dist_min_std,0.3121336787939072
11534336,548.696,episode/policy_loss,-0.0010309685434913263
11534336,548.696,episode/total_loss,22.225495510101318
11534336,548.696,episode/v_loss,22.341324319839476
11534336,556.258,eval/walltime,221.08520030975342
11534336,556.258,training/sps,43738.22358401336
11534336,556.258,training/walltime,313.59066128730774
11534336,556.258,training/entropy_loss,-0.11509482562541962
11534336,556.258,training/kl_mean,0.0019415679853409529
11534336,556.258,training/learning_rate,0.0003000000142492354
11534336,556.258,training/policy_dist_max_loc,0.496264785528183
11534336,556.258,training/policy_dist_max_std,1.3746240139007568
11534336,556.258,training/policy_dist_mean_loc,-0.06044343486428261
11534336,556.258,training/policy_dist_mean_std,0.7003628015518188
11534336,556.258,training/policy_dist_min_loc,-1.0007195472717285
11534336,556.258,training/policy_dist_min_std,0.30795854330062866
11534336,556.258,training/policy_loss,-0.0006620076601393521
11534336,556.258,training/total_loss,17.894615173339844
11534336,556.258,training/v_loss,18.010372161865234
11534336,556.258,eval/episode_reward,276.137939453125
11534336,556.258,eval/episode_reward/ctrl,-0.2203349471092224
11534336,556.258,eval/episode_reward/forward,347.1243591308594
11534336,556.258,eval/episode_reward/joint,-0.050408411771059036
11534336,556.258,eval/episode_reward/orient,-70.71562957763672
11534336,556.258,eval/episode_reward/total,276.137939453125
11534336,556.258,eval/episode_state/forward_vel,2.0257859230041504
11534336,556.258,eval/episode_state/up_z,914.3129272460938
11534336,556.258,eval/episode_reward_std,331.7716064453125
11534336,556.258,eval/episode_reward/ctrl_std,0.0018181700725108385
11534336,556.258,eval/episode_reward/forward_std,21.077810287475586
11534336,556.258,eval/episode_reward/joint_std,0.008696450851857662
11534336,556.258,eval/episode_reward/orient_std,335.4749755859375
11534336,556.258,eval/episode_reward/total_std,331.7716064453125
11534336,556.258,eval/episode_state/forward_vel_std,14.005817413330078
11534336,556.258,eval/episode_state/up_z_std,185.54638671875
11534336,556.258,eval/avg_episode_length,1000.0
11534336,556.258,eval/std_episode_length,0.0
11534336,556.258,eval/epoch_eval_time,7.543103933334351
11534336,556.258,eval/sps,4242.285441485987
12058624,568.200,episode/sps,26881.005409192345
12058624,568.200,episode/length,1000.0
12058624,568.200,episode/reward/ctrl,-0.2196982727944851
12058624,568.200,episode/reward/forward,347.76398803710936
12058624,568.200,episode/reward/joint,-0.04710677234455943
12058624,568.200,episode/reward/orient,-127.1313689276576
12058624,568.200,episode/reward/total,220.36579467773439
12058624,568.200,episode/state/forward_vel,2.3472164943814278
12058624,568.200,episode/state/up_z,884.2607480621338
12058624,568.200,episode/sum_reward,220.36579467773439
12058624,568.200,episode/entropy_loss,-0.11505348928272724
12058624,568.200,episode/kl_mean,0.00195066430256702
12058624,568.200,episode/learning_rate,0.0003000000142492354
12058624,568.200,episode/policy_dist_max_loc,0.5022167980670929
12058624,568.200,episode/policy_dist_max_std,1.3809695720672608
12058624,568.200,episode/policy_dist_mean_loc,-0.060521740615367886
12058624,568.200,episode/policy_dist_mean_std,0.700346577167511
12058624,568.200,episode/policy_dist_min_loc,-1.0204829120635985
12058624,568.200,episode/policy_dist_min_std,0.3145239466428757
12058624,568.200,episode/policy_loss,-0.0008250554073310922
12058624,568.200,episode/total_loss,20.41722195625305
12058624,568.200,episode/v_loss,20.533100385665893
12058624,575.653,eval/walltime,228.50937128067017
12058624,575.653,training/sps,43859.06147451608
12058624,575.653,training/walltime,325.5445878505707
12058624,575.653,training/entropy_loss,-0.11534067988395691
12058624,575.653,training/kl_mean,0.0014352565631270409
12058624,575.653,training/learning_rate,0.0003000000142492354
12058624,575.653,training/policy_dist_max_loc,0.47204315662384033
12058624,575.653,training/policy_dist_max_std,1.3483572006225586
12058624,575.653,training/policy_dist_mean_loc,-0.059303902089595795
12058624,575.653,training/policy_dist_mean_std,0.7017273306846619
12058624,575.653,training/policy_dist_min_loc,-0.9764583110809326
12058624,575.653,training/policy_dist_min_std,0.31526651978492737
12058624,575.653,training/policy_loss,-0.0004248759360052645
12058624,575.653,training/total_loss,21.64663314819336
12058624,575.653,training/v_loss,21.76239776611328
12058624,575.653,eval/episode_reward,251.48455810546875
12058624,575.653,eval/episode_reward/ctrl,-0.22014783322811127
12058624,575.653,eval/episode_reward/forward,351.0252685546875
12058624,575.653,eval/episode_reward/joint,-0.04942477494478226
12058624,575.653,eval/episode_reward/orient,-99.27117156982422
12058624,575.653,eval/episode_reward/total,251.48455810546875
12058624,575.653,eval/episode_state/forward_vel,4.030430793762207
12058624,575.653,eval/episode_state/up_z,904.0379638671875
12058624,575.653,eval/episode_reward_std,521.6387329101562
12058624,575.653,eval/episode_reward/ctrl_std,0.0024053161032497883
12058624,575.653,eval/episode_reward/forward_std,18.01981544494629
12058624,575.653,eval/episode_reward/joint_std,0.008748924359679222
12058624,575.653,eval/episode_reward/orient_std,520.5827026367188
12058624,575.653,eval/episode_reward/total_std,521.6387329101562
12058624,575.653,eval/episode_state/forward_vel_std,11.378514289855957
12058624,575.653,eval/episode_state/up_z_std,267.5426940917969
12058624,575.653,eval/avg_episode_length,1000.0
12058624,575.653,eval/std_episode_length,0.0
12058624,575.653,eval/epoch_eval_time,7.424170970916748
12058624,575.653,eval/sps,4310.2455648389505
12582912,587.586,episode/sps,27044.866090313204
12582912,587.586,episode/length,1000.0
12582912,587.586,episode/reward/ctrl,-0.2202928829193115
12582912,587.586,episode/reward/forward,344.71364624023437
12582912,587.586,episode/reward/joint,-0.048300072941929104
12582912,587.586,episode/reward/orient,-90.43130053788424
12582912,587.586,episode/reward/total,254.013701171875
12582912,587.586,episode/state/forward_vel,0.6061236999183893
12582912,587.586,episode/state/up_z,905.7871334838867
12582912,587.586,episode/sum_reward,254.013701171875
12582912,587.586,episode/entropy_loss,-0.11526407055556774
12582912,587.586,episode/kl_mean,0.0016850989393424243
12582912,587.586,episode/learning_rate,0.0003000000142492354
12582912,587.586,episode/policy_dist_max_loc,0.48330666303634645
12582912,587.586,episode/policy_dist_max_std,1.3693397450447082
12582912,587.586,episode/policy_dist_mean_loc,-0.06029308397322893
12582912,587.586,episode/policy_dist_mean_std,0.7016760778427124
12582912,587.586,episode/policy_dist_min_loc,-0.998096496462822
12582912,587.586,episode/policy_dist_min_std,0.3136568373441696
12582912,587.586,episode/policy_loss,-0.0005969639931572602
12582912,587.586,episode/total_loss,18.50639635562897
12582912,587.586,episode/v_loss,18.6222572517395
12582912,595.103,eval/walltime,235.99631643295288
12582912,595.103,training/sps,43887.33005244251
12582912,595.103,training/walltime,337.49081468582153
12582912,595.103,training/entropy_loss,-0.1154160127043724
12582912,595.103,training/kl_mean,0.0014088854659348726
12582912,595.103,training/learning_rate,0.0003000000142492354
12582912,595.103,training/policy_dist_max_loc,0.4767135977745056
12582912,595.103,training/policy_dist_max_std,1.381256103515625
12582912,595.103,training/policy_dist_mean_loc,-0.060786470770835876
12582912,595.103,training/policy_dist_mean_std,0.7032002210617065
12582912,595.103,training/policy_dist_min_loc,-1.0108330249786377
12582912,595.103,training/policy_dist_min_std,0.3169861435890198
12582912,595.103,training/policy_loss,-0.0004919828497804701
12582912,595.103,training/total_loss,15.482955932617188
12582912,595.103,training/v_loss,15.59886360168457
12582912,595.103,eval/episode_reward,336.9028015136719
12582912,595.103,eval/episode_reward/ctrl,-0.22095736861228943
12582912,595.103,eval/episode_reward/forward,342.58856201171875
12582912,595.103,eval/episode_reward/joint,-0.050891727209091187
12582912,595.103,eval/episode_reward/orient,-5.413943767547607
12582912,595.103,eval/episode_reward/total,336.9028015136719
12582912,595.103,eval/episode_state/forward_vel,-1.4225679636001587
12582912,595.103,eval/episode_state/up_z,957.7445068359375
12582912,595.103,eval/episode_reward_std,20.974435806274414
12582912,595.103,eval/episode_reward/ctrl_std,0.003098410787060857
12582912,595.103,eval/episode_reward/forward_std,20.942256927490234
12582912,595.103,eval/episode_reward/joint_std,0.009731657803058624
12582912,595.103,eval/episode_reward/orient_std,5.074947357177734
12582912,595.103,eval/episode_reward/total_std,20.974435806274414
12582912,595.103,eval/episode_state/forward_vel_std,12.875337600708008
12582912,595.103,eval/episode_state/up_z_std,22.069990158081055
12582912,595.103,eval/avg_episode_length,1000.0
12582912,595.103,eval/std_episode_length,0.0
12582912,595.103,eval/epoch_eval_time,7.486945152282715
12582912,595.103,eval/sps,4274.106374379333
13107200,607.117,episode/sps,26843.803472893338
13107200,607.117,episode/length,1000.0
13107200,607.117,episode/reward/ctrl,-0.22032804191112518
13107200,607.117,episode/reward/forward,344.5940200805664
13107200,607.117,episode/reward/joint,-0.04862144837155938
13107200,607.117,episode/reward/orient,-120.04401863276958
13107200,607.117,episode/reward/total,224.28100555419923
13107200,607.117,episode/state/forward_vel,0.12202516824007034
13107200,607.117,episode/state/up_z,898.4107061767578
13107200,607.117,episode/sum_reward,224.28100555419923
13107200,607.117,episode/entropy_loss,-0.11541794568300247
13107200,607.117,episode/kl_mean,0.00161918664467521
13107200,607.117,episode/learning_rate,0.0003000000142492354
13107200,607.117,episode/policy_dist_max_loc,0.48773391902446744
13107200,607.117,episode/policy_dist_max_std,1.3710958206653594
13107200,607.117,episode/policy_dist_mean_loc,-0.06152199577540159
13107200,607.117,episode/policy_dist_mean_std,0.7035543018579483
13107200,607.117,episode/policy_dist_min_loc,-0.9734812724590302
13107200,607.117,episode/policy_dist_min_std,0.31305948048830035
13107200,607.117,episode/policy_loss,-0.0005596931106265402
13107200,607.117,episode/total_loss,15.98119626045227
13107200,607.117,episode/v_loss,16.097173771858216
13107200,614.681,eval/walltime,243.53045749664307
13107200,614.681,training/sps,43590.59864308401
13107200,614.681,training/walltime,349.51836228370667
13107200,614.681,training/entropy_loss,-0.11554089188575745
13107200,614.681,training/kl_mean,0.0018624248914420605
13107200,614.681,training/learning_rate,0.0003000000142492354
13107200,614.681,training/policy_dist_max_loc,0.5122269988059998
13107200,614.681,training/policy_dist_max_std,1.385836124420166
13107200,614.681,training/policy_dist_mean_loc,-0.06448395550251007
13107200,614.681,training/policy_dist_mean_std,0.7060812711715698
13107200,614.681,training/policy_dist_min_loc,-0.931387186050415
13107200,614.681,training/policy_dist_min_std,0.3069120943546295
13107200,614.681,training/policy_loss,-0.0006289925659075379
13107200,614.681,training/total_loss,10.51779556274414
13107200,614.681,training/v_loss,10.633964538574219
13107200,614.681,eval/episode_reward,230.05039978027344
13107200,614.681,eval/episode_reward/ctrl,-0.22354170680046082
13107200,614.681,eval/episode_reward/forward,338.55230712890625
13107200,614.681,eval/episode_reward/joint,-0.05722231790423393
13107200,614.681,eval/episode_reward/orient,-108.22112274169922
13107200,614.681,eval/episode_reward/total,230.05039978027344
13107200,614.681,eval/episode_state/forward_vel,-3.2656919956207275
13107200,614.681,eval/episode_state/up_z,913.628662109375
13107200,614.681,eval/episode_reward_std,588.1640014648438
13107200,614.681,eval/episode_reward/ctrl_std,0.002531458856537938
13107200,614.681,eval/episode_reward/forward_std,18.944969177246094
13107200,614.681,eval/episode_reward/joint_std,0.012155331671237946
13107200,614.681,eval/episode_reward/orient_std,583.974365234375
13107200,614.681,eval/episode_reward/total_std,588.1640014648438
13107200,614.681,eval/episode_state/forward_vel_std,11.5226469039917
13107200,614.681,eval/episode_state/up_z_std,309.3219299316406
13107200,614.681,eval/avg_episode_length,1000.0
13107200,614.681,eval/std_episode_length,0.0
13107200,614.681,eval/epoch_eval_time,7.5341410636901855
13107200,614.681,eval/sps,4247.332208076093
13631488,626.689,episode/sps,26786.896792974534
13631488,626.689,episode/length,1000.0
13631488,626.689,episode/reward/ctrl,-0.22194440349936484
13631488,626.689,episode/reward/forward,344.5406546020508
13631488,626.689,episode/reward/joint,-0.05226692715659738
13631488,626.689,episode/reward/orient,-98.01492775410414
13631488,626.689,episode/reward/total,246.25145172119142
13631488,626.689,episode/state/forward_vel,-0.10086919620633125
13631488,626.689,episode/state/up_z,908.8996564483642
13631488,626.689,episode/sum_reward,246.25145172119142
13631488,626.689,episode/entropy_loss,-0.11544528260827064
13631488,626.689,episode/kl_mean,0.0018356718006543814
13631488,626.689,episode/learning_rate,0.0003000000142492354
13631488,626.689,episode/policy_dist_max_loc,0.48183668583631517
13631488,626.689,episode/policy_dist_max_std,1.393856065273285
13631488,626.689,episode/policy_dist_mean_loc,-0.0659689150378108
13631488,626.689,episode/policy_dist_mean_std,0.7059242892265319
13631488,626.689,episode/policy_dist_min_loc,-0.9878604191541672
13631488,626.689,episode/policy_dist_min_std,0.3151806239783764
13631488,626.689,episode/policy_loss,-0.0007214055989607004
13631488,626.689,episode/total_loss,12.416200323104858
13631488,626.689,episode/v_loss,12.532366952896119
13631488,634.357,eval/walltime,251.16931414604187
13631488,634.357,training/sps,43615.27182314847
13631488,634.357,training/walltime,361.5391058921814
13631488,634.357,training/entropy_loss,-0.11539459228515625
13631488,634.357,training/kl_mean,0.002258182968944311
13631488,634.357,training/learning_rate,0.0003000000142492354
13631488,634.357,training/policy_dist_max_loc,0.4576597809791565
13631488,634.357,training/policy_dist_max_std,1.4190356731414795
13631488,634.357,training/policy_dist_mean_loc,-0.07338166236877441
13631488,634.357,training/policy_dist_mean_std,0.708958625793457
13631488,634.357,training/policy_dist_min_loc,-1.0268890857696533
13631488,634.357,training/policy_dist_min_std,0.32154107093811035
13631488,634.357,training/policy_loss,-0.0009930626256391406
13631488,634.357,training/total_loss,10.06611442565918
13631488,634.357,training/v_loss,10.182501792907715
13631488,634.357,eval/episode_reward,342.62322998046875
13631488,634.357,eval/episode_reward/ctrl,-0.2239510715007782
13631488,634.357,eval/episode_reward/forward,349.1648254394531
13631488,634.357,eval/episode_reward/joint,-0.05796605348587036
13631488,634.357,eval/episode_reward/orient,-6.259725570678711
13631488,634.357,eval/episode_reward/total,342.62322998046875
13631488,634.357,eval/episode_state/forward_vel,3.6611995697021484
13631488,634.357,eval/episode_state/up_z,969.1185302734375
13631488,634.357,eval/episode_reward_std,23.594470977783203
13631488,634.357,eval/episode_reward/ctrl_std,0.0027855613734573126
13631488,634.357,eval/episode_reward/forward_std,23.55887794494629
13631488,634.357,eval/episode_reward/joint_std,0.010790537111461163
13631488,634.357,eval/episode_reward/orient_std,8.964750289916992
13631488,634.357,eval/episode_reward/total_std,23.594470977783203
13631488,634.357,eval/episode_state/forward_vel_std,14.609010696411133
13631488,634.357,eval/episode_state/up_z_std,21.90512466430664
13631488,634.357,eval/avg_episode_length,1000.0
13631488,634.357,eval/std_episode_length,0.0
13631488,634.357,eval/epoch_eval_time,7.638856649398804
13631488,634.357,eval/sps,4189.108588982158
14155776,646.505,episode/sps,26458.086279812556
14155776,646.505,episode/length,1000.0
14155776,646.505,episode/reward/ctrl,-0.22367245048284531
14155776,646.505,episode/reward/forward,343.287008972168
14155776,646.505,episode/reward/joint,-0.057762088067829606
14155776,646.505,episode/reward/orient,-78.03552037641406
14155776,646.505,episode/reward/total,264.9700677490234
14155776,646.505,episode/state/forward_vel,-0.5595769482851028
14155776,646.505,episode/state/up_z,931.5865897750855
14155776,646.505,episode/sum_reward,264.9700677490234
14155776,646.505,episode/entropy_loss,-0.11542215310037136
14155776,646.505,episode/kl_mean,0.002101370184100233
14155776,646.505,episode/learning_rate,0.0003000000142492354
14155776,646.505,episode/policy_dist_max_loc,0.4983123216032982
14155776,646.505,episode/policy_dist_max_std,1.3951416313648224
14155776,646.505,episode/policy_dist_mean_loc,-0.07210870776325465
14155776,646.505,episode/policy_dist_mean_std,0.7085903185606003
14155776,646.505,episode/policy_dist_min_loc,-0.9775756579637528
14155776,646.505,episode/policy_dist_min_std,0.32064435601234437
14155776,646.505,episode/policy_loss,-0.00081104024357046
14155776,646.505,episode/total_loss,12.49043026447296
14155776,646.505,episode/v_loss,12.606663522720337
14155776,654.111,eval/walltime,258.75187134742737
14155776,654.111,training/sps,43127.81780241008
14155776,654.111,training/walltime,373.69571447372437
14155776,654.111,training/entropy_loss,-0.1153251901268959
14155776,654.111,training/kl_mean,0.002136364346370101
14155776,654.111,training/learning_rate,0.0003000000142492354
14155776,654.111,training/policy_dist_max_loc,0.5291861295700073
14155776,654.111,training/policy_dist_max_std,1.3834742307662964
14155776,654.111,training/policy_dist_mean_loc,-0.07973840832710266
14155776,654.111,training/policy_dist_mean_std,0.7112792134284973
14155776,654.111,training/policy_dist_min_loc,-0.9872685670852661
14155776,654.111,training/policy_dist_min_std,0.3336326777935028
14155776,654.111,training/policy_loss,-0.0007750189397484064
14155776,654.111,training/total_loss,16.526897430419922
14155776,654.111,training/v_loss,16.64299774169922
14155776,654.111,eval/episode_reward,343.00531005859375
14155776,654.111,eval/episode_reward/ctrl,-0.22403094172477722
14155776,654.111,eval/episode_reward/forward,346.115966796875
14155776,654.111,eval/episode_reward/joint,-0.05556371062994003
14155776,654.111,eval/episode_reward/orient,-2.8310439586639404
14155776,654.111,eval/episode_reward/total,343.00531005859375
14155776,654.111,eval/episode_state/forward_vel,1.963772177696228
14155776,654.111,eval/episode_state/up_z,975.3128662109375
14155776,654.111,eval/episode_reward_std,21.228376388549805
14155776,654.111,eval/episode_reward/ctrl_std,0.0027374110650271177
14155776,654.111,eval/episode_reward/forward_std,21.341176986694336
14155776,654.111,eval/episode_reward/joint_std,0.010519052855670452
14155776,654.111,eval/episode_reward/orient_std,2.6533491611480713
14155776,654.111,eval/episode_reward/total_std,21.228376388549805
14155776,654.111,eval/episode_state/forward_vel_std,12.882777214050293
14155776,654.111,eval/episode_state/up_z_std,11.264165878295898
14155776,654.111,eval/avg_episode_length,1000.0
14155776,654.111,eval/std_episode_length,0.0
14155776,654.111,eval/epoch_eval_time,7.582557201385498
14155776,654.111,eval/sps,4220.212146128341
14680064,666.316,episode/sps,26465.410056094282
14680064,666.316,episode/length,1000.0
14680064,666.316,episode/reward/ctrl,-0.22364211782813073
14680064,666.316,episode/reward/forward,346.70770935058596
14680064,666.316,episode/reward/joint,-0.05570966927334666
14680064,666.316,episode/reward/orient,-91.4014317241311
14680064,666.316,episode/reward/total,255.02686706542968
14680064,666.316,episode/state/forward_vel,1.7640766686201095
14680064,666.316,episode/state/up_z,924.9892522621154
14680064,666.316,episode/sum_reward,255.02686706542968
14680064,666.316,episode/entropy_loss,-0.1153571680933237
14680064,666.316,episode/kl_mean,0.001991132227703929
14680064,666.316,episode/learning_rate,0.0003000000142492354
14680064,666.316,episode/policy_dist_max_loc,0.5110319319367409
14680064,666.316,episode/policy_dist_max_std,1.4066233336925507
14680064,666.316,episode/policy_dist_mean_loc,-0.0774695648252964
14680064,666.316,episode/policy_dist_mean_std,0.7109609651565552
14680064,666.316,episode/policy_dist_min_loc,-1.052575490474701
14680064,666.316,episode/policy_dist_min_std,0.3201479469239712
14680064,666.316,episode/policy_loss,-0.0007484204307547771
14680064,666.316,episode/total_loss,15.00294282913208
14680064,666.316,episode/v_loss,15.119048418998718
14680064,673.925,eval/walltime,266.33219289779663
14680064,673.925,training/sps,42911.97579501351
14680064,673.925,training/walltime,385.9134693145752
14680064,673.925,training/entropy_loss,-0.11532431840896606
14680064,673.925,training/kl_mean,0.0014365356182679534
14680064,673.925,training/learning_rate,0.0003000000142492354
14680064,673.925,training/policy_dist_max_loc,0.5495084524154663
14680064,673.925,training/policy_dist_max_std,1.4190000295639038
14680064,673.925,training/policy_dist_mean_loc,-0.08081471174955368
14680064,673.925,training/policy_dist_mean_std,0.7131242752075195
14680064,673.925,training/policy_dist_min_loc,-1.1549947261810303
14680064,673.925,training/policy_dist_min_std,0.30729150772094727
14680064,673.925,training/policy_loss,-0.0004044530796818435
14680064,673.925,training/total_loss,19.158605575561523
14680064,673.925,training/v_loss,19.274333953857422
14680064,673.925,eval/episode_reward,338.42083740234375
14680064,673.925,eval/episode_reward/ctrl,-0.22484971582889557
14680064,673.925,eval/episode_reward/forward,341.10223388671875
14680064,673.925,eval/episode_reward/joint,-0.05298534780740738
14680064,673.925,eval/episode_reward/orient,-2.4035189151763916
14680064,673.925,eval/episode_reward/total,338.42083740234375
14680064,673.925,eval/episode_state/forward_vel,-0.5657610893249512
14680064,673.925,eval/episode_state/up_z,975.8402709960938
14680064,673.925,eval/episode_reward_std,25.136817932128906
14680064,673.925,eval/episode_reward/ctrl_std,0.002355680102482438
14680064,673.925,eval/episode_reward/forward_std,24.232126235961914
14680064,673.925,eval/episode_reward/joint_std,0.009950492531061172
14680064,673.925,eval/episode_reward/orient_std,2.6963915824890137
14680064,673.925,eval/episode_reward/total_std,25.136817932128906
14680064,673.925,eval/episode_state/forward_vel_std,13.380975723266602
14680064,673.925,eval/episode_state/up_z_std,12.276854515075684
14680064,673.925,eval/avg_episode_length,1000.0
14680064,673.925,eval/std_episode_length,0.0
14680064,673.925,eval/epoch_eval_time,7.580321550369263
14680064,673.925,eval/sps,4221.456805937365
15204352,686.084,episode/sps,26521.556665035572
15204352,686.084,episode/length,1000.0
15204352,686.084,episode/reward/ctrl,-0.2247971685230732
15204352,686.084,episode/reward/forward,348.84550720214844
15204352,686.084,episode/reward/joint,-0.05521881844848395
15204352,686.084,episode/reward/orient,-85.33134082838893
15204352,686.084,episode/reward/total,263.2340664672852
15204352,686.084,episode/state/forward_vel,3.24660763643682
15204352,686.084,episode/state/up_z,931.2747858428955
15204352,686.084,episode/sum_reward,263.2340664672852
15204352,686.084,episode/entropy_loss,-0.1153483072668314
15204352,686.084,episode/kl_mean,0.0017751887373742648
15204352,686.084,episode/learning_rate,0.0003000000142492354
15204352,686.084,episode/policy_dist_max_loc,0.5444558918476105
15204352,686.084,episode/policy_dist_max_std,1.4043188834190368
15204352,686.084,episode/policy_dist_mean_loc,-0.08026206135749817
15204352,686.084,episode/policy_dist_mean_std,0.7127244544029235
15204352,686.084,episode/policy_dist_min_loc,-1.0540098667144775
15204352,686.084,episode/policy_dist_min_std,0.3221826545894146
15204352,686.084,episode/policy_loss,-0.0006357813764043386
15204352,686.084,episode/total_loss,17.02496745109558
15204352,686.084,episode/v_loss,17.14095151424408
15204352,693.893,eval/walltime,274.11110162734985
15204352,693.893,training/sps,43071.30902865373
15204352,693.893,training/walltime,398.08602714538574
15204352,693.893,training/entropy_loss,-0.11539993435144424
15204352,693.893,training/kl_mean,0.0015014841919764876
15204352,693.893,training/learning_rate,0.0003000000142492354
15204352,693.893,training/policy_dist_max_loc,0.5627342462539673
15204352,693.893,training/policy_dist_max_std,1.4066720008850098
15204352,693.893,training/policy_dist_mean_loc,-0.08059962093830109
15204352,693.893,training/policy_dist_mean_std,0.7140506505966187
15204352,693.893,training/policy_dist_min_loc,-1.0231754779815674
15204352,693.893,training/policy_dist_min_std,0.3255956172943115
15204352,693.893,training/policy_loss,-0.000544477254152298
15204352,693.893,training/total_loss,16.340314865112305
15204352,693.893,training/v_loss,16.456260681152344
15204352,693.893,eval/episode_reward,303.8028259277344
15204352,693.893,eval/episode_reward/ctrl,-0.22695490717887878
15204352,693.893,eval/episode_reward/forward,340.8688049316406
15204352,693.893,eval/episode_reward/joint,-0.06426283717155457
15204352,693.893,eval/episode_reward/orient,-36.77470779418945
15204352,693.893,eval/episode_reward/total,303.8028259277344
15204352,693.893,eval/episode_state/forward_vel,-1.987133502960205
15204352,693.893,eval/episode_state/up_z,960.1461181640625
15204352,693.893,eval/episode_reward_std,196.42161560058594
15204352,693.893,eval/episode_reward/ctrl_std,0.0034086359664797783
15204352,693.893,eval/episode_reward/forward_std,15.316268920898438
15204352,693.893,eval/episode_reward/joint_std,0.012473264709115028
15204352,693.893,eval/episode_reward/orient_std,191.68798828125
15204352,693.893,eval/episode_reward/total_std,196.42161560058594
15204352,693.893,eval/episode_state/forward_vel_std,9.618095397949219
15204352,693.893,eval/episode_state/up_z_std,106.57865905761719
15204352,693.893,eval/avg_episode_length,1000.0
15204352,693.893,eval/std_episode_length,0.0
15204352,693.893,eval/epoch_eval_time,7.778908729553223
15204352,693.893,eval/sps,4113.687550854952
15728640,706.208,episode/sps,26052.922088763786
15728640,706.208,episode/length,1000.0
15728640,706.208,episode/reward/ctrl,-0.22493068709969521
15728640,706.208,episode/reward/forward,349.0891122436523
15728640,706.208,episode/reward/joint,-0.0564622962847352
15728640,706.208,episode/reward/orient,-48.543330144137144
15728640,706.208,episode/reward/total,300.26433715820315
15728640,706.208,episode/state/forward_vel,3.621078583300114
15728640,706.208,episode/state/up_z,952.1575646972656
15728640,706.208,episode/sum_reward,300.26433715820315
15728640,706.208,episode/entropy_loss,-0.1152559044957161
15728640,706.208,episode/kl_mean,0.0015925551098189316
15728640,706.208,episode/learning_rate,0.0003000000142492354
15728640,706.208,episode/policy_dist_max_loc,0.5545585718750954
15728640,706.208,episode/policy_dist_max_std,1.4023124480247497
15728640,706.208,episode/policy_dist_mean_loc,-0.08391102664172649
15728640,706.208,episode/policy_dist_mean_std,0.7146726739406586
15728640,706.208,episode/policy_dist_min_loc,-1.101428480744362
15728640,706.208,episode/policy_dist_min_std,0.3241978807747364
15728640,706.208,episode/policy_loss,-0.0004939955109148287
15728640,706.208,episode/total_loss,15.335537109375
15728640,706.208,episode/v_loss,15.451286950111388
15728640,714.169,eval/walltime,282.0430727005005
15728640,714.169,training/sps,42530.22114595318
15728640,714.169,training/walltime,410.41344952583313
15728640,714.169,training/entropy_loss,-0.11505596339702606
15728640,714.169,training/kl_mean,0.0014959501568228006
15728640,714.169,training/learning_rate,0.0003000000142492354
15728640,714.169,training/policy_dist_max_loc,0.5540657639503479
15728640,714.169,training/policy_dist_max_std,1.3794538974761963
15728640,714.169,training/policy_dist_mean_loc,-0.09031890332698822
15728640,714.169,training/policy_dist_mean_std,0.7170639038085938
15728640,714.169,training/policy_dist_min_loc,-1.132313847541809
15728640,714.169,training/policy_dist_min_std,0.3404526710510254
15728640,714.169,training/policy_loss,-0.00035045843105763197
15728640,714.169,training/total_loss,10.156282424926758
15728640,714.169,training/v_loss,10.271688461303711
15728640,714.169,eval/episode_reward,346.3249206542969
15728640,714.169,eval/episode_reward/ctrl,-0.2311234325170517
15728640,714.169,eval/episode_reward/forward,348.2159118652344
15728640,714.169,eval/episode_reward/joint,-0.0738602876663208
15728640,714.169,eval/episode_reward/orient,-1.586064338684082
15728640,714.169,eval/episode_reward/total,346.3249206542969
15728640,714.169,eval/episode_state/forward_vel,2.884164810180664
15728640,714.169,eval/episode_state/up_z,980.633056640625
15728640,714.169,eval/episode_reward_std,18.346904754638672
15728640,714.169,eval/episode_reward/ctrl_std,0.003739215200766921
15728640,714.169,eval/episode_reward/forward_std,18.074359893798828
15728640,714.169,eval/episode_reward/joint_std,0.009300380013883114
15728640,714.169,eval/episode_reward/orient_std,1.3204270601272583
15728640,714.169,eval/episode_reward/total_std,18.346904754638672
15728640,714.169,eval/episode_state/forward_vel_std,11.586498260498047
15728640,714.169,eval/episode_state/up_z_std,6.780465126037598
15728640,714.169,eval/avg_episode_length,1000.0
15728640,714.169,eval/std_episode_length,0.0
15728640,714.169,eval/epoch_eval_time,7.931971073150635
15728640,714.169,eval/sps,4034.3061900866683
16252928,726.666,episode/sps,25626.926042722007
16252928,726.666,episode/length,1000.0
16252928,726.666,episode/reward/ctrl,-0.22835841089487074
16252928,726.666,episode/reward/forward,347.27278198242186
16252928,726.666,episode/reward/joint,-0.06523191764950752
16252928,726.666,episode/reward/orient,-16.876456103026868
16252928,726.666,episode/reward/total,330.1027236938477
16252928,726.666,episode/state/forward_vel,2.1287755477428436
16252928,726.666,episode/state/up_z,969.4612020874024
16252928,726.666,episode/sum_reward,330.1027236938477
16252928,726.666,episode/entropy_loss,-0.11504788115620614
16252928,726.666,episode/kl_mean,0.0018872287627891638
16252928,726.666,episode/learning_rate,0.0003000000142492354
16252928,726.666,episode/policy_dist_max_loc,0.5574345451593399
16252928,726.666,episode/policy_dist_max_std,1.3934033989906311
16252928,726.666,episode/policy_dist_mean_loc,-0.09127683244645596
16252928,726.666,episode/policy_dist_mean_std,0.7177721464633942
16252928,726.666,episode/policy_dist_min_loc,-1.0898368757963182
16252928,726.666,episode/policy_dist_min_std,0.3335308766365051
16252928,726.666,episode/policy_loss,-0.0005687119012145558
16252928,726.666,episode/total_loss,12.79153784751892
16252928,726.666,episode/v_loss,12.907154397964478
16252928,734.635,eval/walltime,289.98885011672974
16252928,734.635,training/sps,41922.19276699408
16252928,734.635,training/walltime,422.91966557502747
16252928,734.635,training/entropy_loss,-0.11465955525636673
16252928,734.635,training/kl_mean,0.0025496147572994232
16252928,734.635,training/learning_rate,0.0003000000142492354
16252928,734.635,training/policy_dist_max_loc,0.5530521273612976
16252928,734.635,training/policy_dist_max_std,1.3966585397720337
16252928,734.635,training/policy_dist_mean_loc,-0.10401229560375214
16252928,734.635,training/policy_dist_mean_std,0.7226635813713074
16252928,734.635,training/policy_dist_min_loc,-1.0963281393051147
16252928,734.635,training/policy_dist_min_std,0.3388800024986267
16252928,734.635,training/policy_loss,-0.0007906219107098877
16252928,734.635,training/total_loss,11.184647560119629
16252928,734.635,training/v_loss,11.30009651184082
16252928,734.635,eval/episode_reward,345.01324462890625
16252928,734.635,eval/episode_reward/ctrl,-0.2317960560321808
16252928,734.635,eval/episode_reward/forward,347.54248046875
16252928,734.635,eval/episode_reward/joint,-0.07450550049543381
16252928,734.635,eval/episode_reward/orient,-2.222877025604248
16252928,734.635,eval/episode_reward/total,345.01324462890625
16252928,734.635,eval/episode_state/forward_vel,2.4862372875213623
16252928,734.635,eval/episode_state/up_z,980.8583984375
16252928,734.635,eval/episode_reward_std,18.34539222717285
16252928,734.635,eval/episode_reward/ctrl_std,0.003315489273518324
16252928,734.635,eval/episode_reward/forward_std,18.539939880371094
16252928,734.635,eval/episode_reward/joint_std,0.010719621554017067
16252928,734.635,eval/episode_reward/orient_std,2.9895856380462646
16252928,734.635,eval/episode_reward/total_std,18.34539222717285
16252928,734.635,eval/episode_state/forward_vel_std,12.022042274475098
16252928,734.635,eval/episode_state/up_z_std,6.080599784851074
16252928,734.635,eval/avg_episode_length,1000.0
16252928,734.635,eval/std_episode_length,0.0
16252928,734.635,eval/epoch_eval_time,7.945777416229248
16252928,734.635,eval/sps,4027.2963013839285
16777216,747.198,episode/sps,25535.598930685857
16777216,747.198,episode/length,1000.0
16777216,747.198,episode/reward/ctrl,-0.23110950335860253
16777216,747.198,episode/reward/forward,345.297253112793
16777216,747.198,episode/reward/joint,-0.07402478579431772
16777216,747.198,episode/reward/orient,-84.77926763549448
16777216,747.198,episode/reward/total,260.21280364990236
16777216,747.198,episode/state/forward_vel,1.317505168169737
16777216,747.198,episode/state/up_z,936.7570938873291
16777216,747.198,episode/sum_reward,260.21280364990236
16777216,747.198,episode/entropy_loss,-0.1147584617882967
16777216,747.198,episode/kl_mean,0.0024258316788473167
16777216,747.198,episode/learning_rate,0.0003000000142492354
16777216,747.198,episode/policy_dist_max_loc,0.5808413475751877
16777216,747.198,episode/policy_dist_max_std,1.393002576828003
16777216,747.198,episode/policy_dist_mean_loc,-0.10016938291490078
16777216,747.198,episode/policy_dist_mean_std,0.721645616889
16777216,747.198,episode/policy_dist_min_loc,-1.097508687376976
16777216,747.198,episode/policy_dist_min_std,0.34605626851320265
16777216,747.198,episode/policy_loss,-0.000694688102666987
16777216,747.198,episode/total_loss,10.102901937961578
16777216,747.198,episode/v_loss,10.218355128765106
16777216,755.082,eval/walltime,297.84420132637024
16777216,755.082,training/sps,41693.014557211405
16777216,755.082,training/walltime,435.4946258068085
16777216,755.082,training/entropy_loss,-0.11449205875396729
16777216,755.082,training/kl_mean,0.0031545497477054596
16777216,755.082,training/learning_rate,0.0003000000142492354
16777216,755.082,training/policy_dist_max_loc,0.6411033868789673
16777216,755.082,training/policy_dist_max_std,1.3919830322265625
16777216,755.082,training/policy_dist_mean_loc,-0.10820300877094269
16777216,755.082,training/policy_dist_mean_std,0.7260311841964722
16777216,755.082,training/policy_dist_min_loc,-1.0651122331619263
16777216,755.082,training/policy_dist_min_std,0.3623098134994507
16777216,755.082,training/policy_loss,-0.0008564483723603189
16777216,755.082,training/total_loss,8.354756355285645
16777216,755.082,training/v_loss,8.470104217529297
16777216,755.082,eval/episode_reward,346.7457275390625
16777216,755.082,eval/episode_reward/ctrl,-0.23059605062007904
16777216,755.082,eval/episode_reward/forward,348.95355224609375
16777216,755.082,eval/episode_reward/joint,-0.07191591709852219
16777216,755.082,eval/episode_reward/orient,-1.9053689241409302
16777216,755.082,eval/episode_reward/total,346.7457275390625
16777216,755.082,eval/episode_state/forward_vel,2.7147107124328613
16777216,755.082,eval/episode_state/up_z,982.0830688476562
16777216,755.082,eval/episode_reward_std,22.499555587768555
16777216,755.082,eval/episode_reward/ctrl_std,0.0027822565753012896
16777216,755.082,eval/episode_reward/forward_std,22.25840950012207
16777216,755.082,eval/episode_reward/joint_std,0.010767933912575245
16777216,755.082,eval/episode_reward/orient_std,2.8248002529144287
16777216,755.082,eval/episode_reward/total_std,22.499555587768555
16777216,755.082,eval/episode_state/forward_vel_std,12.92615032196045
16777216,755.082,eval/episode_state/up_z_std,8.274203300476074
16777216,755.082,eval/avg_episode_length,1000.0
16777216,755.082,eval/std_episode_length,0.0
16777216,755.082,eval/epoch_eval_time,7.855351209640503
16777216,755.082,eval/sps,4073.656179844372
17301504,767.552,episode/sps,25758.810989508544
17301504,767.552,episode/length,1000.0
17301504,767.552,episode/reward/ctrl,-0.23171307846903802
17301504,767.552,episode/reward/forward,347.96437255859377
17301504,767.552,episode/reward/joint,-0.07439981386065483
17301504,767.552,episode/reward/orient,-36.458114420175555
17301504,767.552,episode/reward/total,311.20006198883056
17301504,767.552,episode/state/forward_vel,2.7352554605901243
17301504,767.552,episode/state/up_z,962.3589085388184
17301504,767.552,episode/sum_reward,311.20006198883056
17301504,767.552,episode/entropy_loss,-0.11469069875776768
17301504,767.552,episode/kl_mean,0.002749123528774362
17301504,767.552,episode/learning_rate,0.0003000000142492354
17301504,767.552,episode/policy_dist_max_loc,0.6131186532974243
17301504,767.552,episode/policy_dist_max_std,1.3892306470870972
17301504,767.552,episode/policy_dist_mean_loc,-0.10364054791629314
17301504,767.552,episode/policy_dist_mean_std,0.7249308782815933
17301504,767.552,episode/policy_dist_min_loc,-1.0980714231729507
17301504,767.552,episode/policy_dist_min_std,0.3473957821726799
17301504,767.552,episode/policy_loss,-0.0007189696557179559
17301504,767.552,episode/total_loss,10.142499477863312
17301504,767.552,episode/v_loss,10.257909195423126
17301504,775.421,eval/walltime,305.6828408241272
17301504,775.421,training/sps,41997.45049241442
17301504,775.421,training/walltime,447.978431224823
17301504,775.421,training/entropy_loss,-0.11486165970563889
17301504,775.421,training/kl_mean,0.0025312919169664383
17301504,775.421,training/learning_rate,0.0003000000142492354
17301504,775.421,training/policy_dist_max_loc,0.6514536142349243
17301504,775.421,training/policy_dist_max_std,1.3768353462219238
17301504,775.421,training/policy_dist_mean_loc,-0.10040803253650665
17301504,775.421,training/policy_dist_mean_std,0.7268913984298706
17301504,775.421,training/policy_dist_min_loc,-1.1323812007904053
17301504,775.421,training/policy_dist_min_std,0.34189069271087646
17301504,775.421,training/policy_loss,-0.0005089186015538871
17301504,775.421,training/total_loss,10.763007164001465
17301504,775.421,training/v_loss,10.878377914428711
17301504,775.421,eval/episode_reward,265.80352783203125
17301504,775.421,eval/episode_reward/ctrl,-0.2322978377342224
17301504,775.421,eval/episode_reward/forward,343.93096923828125
17301504,775.421,eval/episode_reward/joint,-0.07221721857786179
17301504,775.421,eval/episode_reward/orient,-77.82278442382812
17301504,775.421,eval/episode_reward/total,265.80352783203125
17301504,775.421,eval/episode_state/forward_vel,0.5957990884780884
17301504,775.421,eval/episode_state/up_z,943.2718505859375
17301504,775.421,eval/episode_reward_std,428.45123291015625
17301504,775.421,eval/episode_reward/ctrl_std,0.002964664250612259
17301504,775.421,eval/episode_reward/forward_std,19.151756286621094
17301504,775.421,eval/episode_reward/joint_std,0.009217212907969952
17301504,775.421,eval/episode_reward/orient_std,424.2534484863281
17301504,775.421,eval/episode_reward/total_std,428.45123291015625
17301504,775.421,eval/episode_state/forward_vel_std,11.76936149597168
17301504,775.421,eval/episode_state/up_z_std,216.87747192382812
17301504,775.421,eval/avg_episode_length,1000.0
17301504,775.421,eval/std_episode_length,0.0
17301504,775.421,eval/epoch_eval_time,7.838639497756958
17301504,775.421,eval/sps,4082.3410757896013
17825792,787.902,episode/sps,25763.840641907984
17825792,787.902,episode/length,1000.0
17825792,787.902,episode/reward/ctrl,-0.23133292585611342
17825792,787.902,episode/reward/forward,346.3739489746094
17825792,787.902,episode/reward/joint,-0.07274542689323425
17825792,787.902,episode/reward/orient,-46.97295104593039
17825792,787.902,episode/reward/total,299.09683961868285
17825792,787.902,episode/state/forward_vel,1.7629799925908447
17825792,787.902,episode/state/up_z,957.8289186096191
17825792,787.902,episode/sum_reward,299.09683961868285
17825792,787.902,episode/entropy_loss,-0.11483314707875251
17825792,787.902,episode/kl_mean,0.002586813834204804
17825792,787.902,episode/learning_rate,0.0003000000142492354
17825792,787.902,episode/policy_dist_max_loc,0.6356677085161209
17825792,787.902,episode/policy_dist_max_std,1.400420342683792
17825792,787.902,episode/policy_dist_mean_loc,-0.10149416595697403
17825792,787.902,episode/policy_dist_mean_std,0.7272192466259003
17825792,787.902,episode/policy_dist_min_loc,-1.1000553715229033
17825792,787.902,episode/policy_dist_min_std,0.355384376347065
17825792,787.902,episode/policy_loss,-0.0006840531266061589
17825792,787.902,episode/total_loss,9.927384097576141
17825792,787.902,episode/v_loss,10.04290137529373
17825792,795.784,eval/walltime,313.53327775001526
17825792,795.784,training/sps,41960.102938588156
17825792,795.784,training/walltime,460.47334814071655
17825792,795.784,training/entropy_loss,-0.11515849083662033
17825792,795.784,training/kl_mean,0.0018384328577667475
17825792,795.784,training/learning_rate,0.0003000000142492354
17825792,795.784,training/policy_dist_max_loc,0.6205717921257019
17825792,795.784,training/policy_dist_max_std,1.4314616918563843
17825792,795.784,training/policy_dist_mean_loc,-0.09531917423009872
17825792,795.784,training/policy_dist_mean_std,0.7291151285171509
17825792,795.784,training/policy_dist_min_loc,-1.0966286659240723
17825792,795.784,training/policy_dist_min_std,0.36435288190841675
17825792,795.784,training/policy_loss,-0.0005615527043119073
17825792,795.784,training/total_loss,10.524394035339355
17825792,795.784,training/v_loss,10.640113830566406
17825792,795.784,eval/episode_reward,201.16184997558594
17825792,795.784,eval/episode_reward/ctrl,-0.23280414938926697
17825792,795.784,eval/episode_reward/forward,343.76922607421875
17825792,795.784,eval/episode_reward/joint,-0.0717470794916153
17825792,795.784,eval/episode_reward/orient,-142.30258178710938
17825792,795.784,eval/episode_reward/total,201.16184997558594
17825792,795.784,eval/episode_state/forward_vel,0.27720028162002563
17825792,795.784,eval/episode_state/up_z,908.189697265625
17825792,795.784,eval/episode_reward_std,580.761474609375
17825792,795.784,eval/episode_reward/ctrl_std,0.002157825045287609
17825792,795.784,eval/episode_reward/forward_std,21.968788146972656
17825792,795.784,eval/episode_reward/joint_std,0.007427348755300045
17825792,795.784,eval/episode_reward/orient_std,570.265869140625
17825792,795.784,eval/episode_reward/total_std,580.761474609375
17825792,795.784,eval/episode_state/forward_vel_std,12.51760482788086
17825792,795.784,eval/episode_state/up_z_std,297.68218994140625
17825792,795.784,eval/avg_episode_length,1000.0
17825792,795.784,eval/std_episode_length,0.0
17825792,795.784,eval/epoch_eval_time,7.8504369258880615
17825792,795.784,eval/sps,4076.2062420341117
18350080,808.209,episode/sps,25817.507962798798
18350080,808.209,episode/length,1000.0
18350080,808.209,episode/reward/ctrl,-0.23175192669034003
18350080,808.209,episode/reward/forward,345.5566604614258
18350080,808.209,episode/reward/joint,-0.07195748694241047
18350080,808.209,episode/reward/orient,-46.08256194323301
18350080,808.209,episode/reward/total,299.1703137207031
18350080,808.209,episode/state/forward_vel,1.2493078318238258
18350080,808.209,episode/state/up_z,958.2346286010742
18350080,808.209,episode/sum_reward,299.1703137207031
18350080,808.209,episode/entropy_loss,-0.11507213972508908
18350080,808.209,episode/kl_mean,0.0022542762197554113
18350080,808.209,episode/learning_rate,0.0003000000142492354
18350080,808.209,episode/policy_dist_max_loc,0.6294480067491531
18350080,808.209,episode/policy_dist_max_std,1.4137391114234925
18350080,808.209,episode/policy_dist_mean_loc,-0.09702491112053395
18350080,808.209,episode/policy_dist_mean_std,0.7284953212738037
18350080,808.209,episode/policy_dist_min_loc,-1.1385328716039658
18350080,808.209,episode/policy_dist_min_std,0.35465592563152315
18350080,808.209,episode/policy_loss,-0.0005873306053399574
18350080,808.209,episode/total_loss,10.948608736991883
18350080,808.209,episode/v_loss,11.064268260002136
18350080,816.159,eval/walltime,321.45101523399353
18350080,816.159,training/sps,42151.695265212824
18350080,816.159,training/walltime,472.9114718437195
18350080,816.159,training/entropy_loss,-0.11527618765830994
18350080,816.159,training/kl_mean,0.002123306505382061
18350080,816.159,training/learning_rate,0.0003000000142492354
18350080,816.159,training/policy_dist_max_loc,0.6032276153564453
18350080,816.159,training/policy_dist_max_std,1.4360687732696533
18350080,816.159,training/policy_dist_mean_loc,-0.09388205409049988
18350080,816.159,training/policy_dist_mean_std,0.7297264337539673
18350080,816.159,training/policy_dist_min_loc,-1.1906383037567139
18350080,816.159,training/policy_dist_min_std,0.35755783319473267
18350080,816.159,training/policy_loss,-0.0005722108762711287
18350080,816.159,training/total_loss,11.7654390335083
18350080,816.159,training/v_loss,11.88128662109375
18350080,816.159,eval/episode_reward,343.0367431640625
18350080,816.159,eval/episode_reward/ctrl,-0.23281538486480713
18350080,816.159,eval/episode_reward/forward,345.286376953125
18350080,816.159,eval/episode_reward/joint,-0.07268817722797394
18350080,816.159,eval/episode_reward/orient,-1.9440816640853882
18350080,816.159,eval/episode_reward/total,343.0367431640625
18350080,816.159,eval/episode_state/forward_vel,1.4916906356811523
18350080,816.159,eval/episode_state/up_z,981.8580932617188
18350080,816.159,eval/episode_reward_std,20.50258445739746
18350080,816.159,eval/episode_reward/ctrl_std,0.001967946533113718
18350080,816.159,eval/episode_reward/forward_std,19.928478240966797
18350080,816.159,eval/episode_reward/joint_std,0.006913330405950546
18350080,816.159,eval/episode_reward/orient_std,3.9405288696289062
18350080,816.159,eval/episode_reward/total_std,20.50258445739746
18350080,816.159,eval/episode_state/forward_vel_std,13.146553039550781
18350080,816.159,eval/episode_state/up_z_std,7.5343427658081055
18350080,816.159,eval/avg_episode_length,1000.0
18350080,816.159,eval/std_episode_length,0.0
18350080,816.159,eval/epoch_eval_time,7.9177374839782715
18350080,816.159,eval/sps,4041.558597358495
18874368,828.653,episode/sps,25644.865684265784
18874368,828.653,episode/length,1000.0
18874368,828.653,episode/reward/ctrl,-0.23282888650894165
18874368,828.653,episode/reward/forward,345.91936584472654
18874368,828.653,episode/reward/joint,-0.07129132200032473
18874368,828.653,episode/reward/orient,-39.456033666133884
18874368,828.653,episode/reward/total,306.15918914794923
18874368,828.653,episode/state/forward_vel,1.4144459225982429
18874368,828.653,episode/state/up_z,962.1798547363281
18874368,828.653,episode/sum_reward,306.15918914794923
18874368,828.653,episode/entropy_loss,-0.11515063017606736
18874368,828.653,episode/kl_mean,0.002043271356378682
18874368,828.653,episode/learning_rate,0.0003000000142492354
18874368,828.653,episode/policy_dist_max_loc,0.6294159239530563
18874368,828.653,episode/policy_dist_max_std,1.439489961862564
18874368,828.653,episode/policy_dist_mean_loc,-0.09663873046636581
18874368,828.653,episode/policy_dist_mean_std,0.7299051356315612
18874368,828.653,episode/policy_dist_min_loc,-1.1796809148788452
18874368,828.653,episode/policy_dist_min_std,0.3531557607650757
18874368,828.653,episode/policy_loss,-0.000606389725144254
18874368,828.653,episode/total_loss,11.497022261619568
18874368,828.653,episode/v_loss,11.612779235839843
18874368,836.593,eval/walltime,329.3596045970917
18874368,836.593,training/sps,41917.75844787826
18874368,836.593,training/walltime,485.41901087760925
18874368,836.593,training/entropy_loss,-0.11505620181560516
18874368,836.593,training/kl_mean,0.0019459177274256945
18874368,836.593,training/learning_rate,0.0003000000142492354
18874368,836.593,training/policy_dist_max_loc,0.6626083850860596
18874368,836.593,training/policy_dist_max_std,1.4556419849395752
18874368,836.593,training/policy_dist_mean_loc,-0.10006563365459442
18874368,836.593,training/policy_dist_mean_std,0.7310025691986084
18874368,836.593,training/policy_dist_min_loc,-1.2488995790481567
18874368,836.593,training/policy_dist_min_std,0.341135174036026
18874368,836.593,training/policy_loss,-0.000628313806373626
18874368,836.593,training/total_loss,12.08885669708252
18874368,836.593,training/v_loss,12.204541206359863
18874368,836.593,eval/episode_reward,348.4176330566406
18874368,836.593,eval/episode_reward/ctrl,-0.23348267376422882
18874368,836.593,eval/episode_reward/forward,350.7792053222656
18874368,836.593,eval/episode_reward/joint,-0.07317771017551422
18874368,836.593,eval/episode_reward/orient,-2.0549209117889404
18874368,836.593,eval/episode_reward/total,348.4176330566406
18874368,836.593,eval/episode_state/forward_vel,4.97061824798584
18874368,836.593,eval/episode_state/up_z,980.110595703125
18874368,836.593,eval/episode_reward_std,24.885211944580078
18874368,836.593,eval/episode_reward/ctrl_std,0.0023535341024398804
18874368,836.593,eval/episode_reward/forward_std,25.13159942626953
18874368,836.593,eval/episode_reward/joint_std,0.005168452858924866
18874368,836.593,eval/episode_reward/orient_std,2.136441469192505
18874368,836.593,eval/episode_reward/total_std,24.885211944580078
18874368,836.593,eval/episode_state/forward_vel_std,16.141014099121094
18874368,836.593,eval/episode_state/up_z_std,7.6757965087890625
18874368,836.593,eval/avg_episode_length,1000.0
18874368,836.593,eval/std_episode_length,0.0
18874368,836.593,eval/epoch_eval_time,7.9085893630981445
18874368,836.593,eval/sps,4046.2335987898837
19398656,849.089,episode/sps,25655.160172617205
19398656,849.089,episode/length,1000.0
19398656,849.089,episode/reward/ctrl,-0.23377242252230646
19398656,849.089,episode/reward/forward,349.45861358642577
19398656,849.089,episode/reward/joint,-0.07488196428865194
19398656,849.089,episode/reward/orient,-65.20281899169088
19398656,849.089,episode/reward/total,283.9470620727539
19398656,849.089,episode/state/forward_vel,3.911319737434387
19398656,849.089,episode/state/up_z,948.3379878234863
19398656,849.089,episode/sum_reward,283.9470620727539
19398656,849.089,episode/entropy_loss,-0.11522096276283264
19398656,849.089,episode/kl_mean,0.00208193936094176
19398656,849.089,episode/learning_rate,0.0003000000142492354
19398656,849.089,episode/policy_dist_max_loc,0.6357376259565354
19398656,849.089,episode/policy_dist_max_std,1.4506682646274567
19398656,849.089,episode/policy_dist_mean_loc,-0.09575257748365402
19398656,849.089,episode/policy_dist_mean_std,0.7309057003259659
19398656,849.089,episode/policy_dist_min_loc,-1.1884223592281342
19398656,849.089,episode/policy_dist_min_std,0.35019379496574404
19398656,849.089,episode/policy_loss,-0.0005867193485755706
19398656,849.089,episode/total_loss,10.177351102828979
19398656,849.089,episode/v_loss,10.293158693313599
19398656,856.984,eval/walltime,337.22499799728394
19398656,856.984,training/sps,41915.262408439994
19398656,856.984,training/walltime,497.92729473114014
19398656,856.984,training/entropy_loss,-0.11535325646400452
19398656,856.984,training/kl_mean,0.0020624897442758083
19398656,856.984,training/learning_rate,0.0003000000142492354
19398656,856.984,training/policy_dist_max_loc,0.6467990279197693
19398656,856.984,training/policy_dist_max_std,1.462227702140808
19398656,856.984,training/policy_dist_mean_loc,-0.09318849444389343
19398656,856.984,training/policy_dist_mean_std,0.7320184707641602
19398656,856.984,training/policy_dist_min_loc,-1.1339151859283447
19398656,856.984,training/policy_dist_min_std,0.3481460511684418
19398656,856.984,training/policy_loss,-0.0004949023714289069
19398656,856.984,training/total_loss,6.908072471618652
19398656,856.984,training/v_loss,7.023920059204102
19398656,856.984,eval/episode_reward,335.11883544921875
19398656,856.984,eval/episode_reward/ctrl,-0.23403924703598022
19398656,856.984,eval/episode_reward/forward,345.5582275390625
19398656,856.984,eval/episode_reward/joint,-0.07312241941690445
19398656,856.984,eval/episode_reward/orient,-10.132259368896484
19398656,856.984,eval/episode_reward/total,335.11883544921875
19398656,856.984,eval/episode_state/forward_vel,0.849516749382019
19398656,856.984,eval/episode_state/up_z,975.7919921875
19398656,856.984,eval/episode_reward_std,55.72124481201172
19398656,856.984,eval/episode_reward/ctrl_std,0.0023878896608948708
19398656,856.984,eval/episode_reward/forward_std,19.19252586364746
19398656,856.984,eval/episode_reward/joint_std,0.005874509457498789
19398656,856.984,eval/episode_reward/orient_std,48.6024169921875
19398656,856.984,eval/episode_reward/total_std,55.72124481201172
19398656,856.984,eval/episode_state/forward_vel_std,11.193510055541992
19398656,856.984,eval/episode_state/up_z_std,34.88931655883789
19398656,856.984,eval/avg_episode_length,1000.0
19398656,856.984,eval/std_episode_length,0.0
19398656,856.984,eval/epoch_eval_time,7.865393400192261
19398656,856.984,eval/sps,4068.455113665109
19922944,869.488,episode/sps,25701.403994460907
19922944,869.488,episode/length,1000.0
19922944,869.488,episode/reward/ctrl,-0.2333587920665741
19922944,869.488,episode/reward/forward,345.7130364990234
19922944,869.488,episode/reward/joint,-0.0721568813174963
19922944,869.488,episode/reward/orient,-5.354008828625083
19922944,869.488,episode/reward/total,340.05351081848147
19922944,869.488,episode/state/forward_vel,1.3496173648536205
19922944,869.488,episode/state/up_z,977.8517742919922
19922944,869.488,episode/sum_reward,340.05351081848147
19922944,869.488,episode/entropy_loss,-0.1152628081291914
19922944,869.488,episode/kl_mean,0.0024820913016446867
19922944,869.488,episode/learning_rate,0.0003000000142492354
19922944,869.488,episode/policy_dist_max_loc,0.6592163002490997
19922944,869.488,episode/policy_dist_max_std,1.4455912697315216
19922944,869.488,episode/policy_dist_mean_loc,-0.09596337266266346
19922944,869.488,episode/policy_dist_mean_std,0.7322321617603302
19922944,869.488,episode/policy_dist_min_loc,-1.1458174246549606
19922944,869.488,episode/policy_dist_min_std,0.34527292728424075
19922944,869.488,episode/policy_loss,-0.000829284214778454
19922944,869.488,episode/total_loss,7.257317417263985
19922944,869.488,episode/v_loss,7.373409448266029
19922944,877.417,eval/walltime,345.1247048377991
19922944,877.417,training/sps,41886.33357012798
19922944,877.417,training/walltime,510.4442174434662
19922944,877.417,training/entropy_loss,-0.1154036894440651
19922944,877.417,training/kl_mean,0.003312848974019289
19922944,877.417,training/learning_rate,0.0003000000142492354
19922944,877.417,training/policy_dist_max_loc,0.6751449704170227
19922944,877.417,training/policy_dist_max_std,1.408505916595459
19922944,877.417,training/policy_dist_mean_loc,-0.09425339847803116
19922944,877.417,training/policy_dist_mean_std,0.7338683605194092
19922944,877.417,training/policy_dist_min_loc,-1.05690598487854
19922944,877.417,training/policy_dist_min_std,0.3432317078113556
19922944,877.417,training/policy_loss,-0.0012708446010947227
19922944,877.417,training/total_loss,2.2632479667663574
19922944,877.417,training/v_loss,2.379922389984131
19922944,877.417,eval/episode_reward,287.37176513671875
19922944,877.417,eval/episode_reward/ctrl,-0.23481906950473785
19922944,877.417,eval/episode_reward/forward,346.1590576171875
19922944,877.417,eval/episode_reward/joint,-0.07225832343101501
19922944,877.417,eval/episode_reward/orient,-58.480159759521484
19922944,877.417,eval/episode_reward/total,287.37176513671875
19922944,877.417,eval/episode_state/forward_vel,1.184497594833374
19922944,877.417,eval/episode_state/up_z,952.2758178710938
19922944,877.417,eval/episode_reward_std,315.19293212890625
19922944,877.417,eval/episode_reward/ctrl_std,0.0016242277342826128
19922944,877.417,eval/episode_reward/forward_std,19.634614944458008
19922944,877.417,eval/episode_reward/joint_std,0.00506852800026536
19922944,877.417,eval/episode_reward/orient_std,316.7751770019531
19922944,877.417,eval/episode_reward/total_std,315.19293212890625
19922944,877.417,eval/episode_state/forward_vel_std,13.031231880187988
19922944,877.417,eval/episode_state/up_z_std,164.91763305664062
19922944,877.417,eval/avg_episode_length,1000.0
19922944,877.417,eval/std_episode_length,0.0
19922944,877.417,eval/epoch_eval_time,7.899706840515137
19922944,877.417,eval/sps,4050.783231079154
20447232,889.913,episode/sps,25669.396315358183
20447232,889.913,episode/length,1000.0
20447232,889.913,episode/reward/ctrl,-0.23390291169285773
20447232,889.913,episode/reward/forward,344.02426055908205
20447232,889.913,episode/reward/joint,-0.0715691413730383
20447232,889.913,episode/reward/orient,-4.603446482941508
20447232,889.913,episode/reward/total,339.1153271484375
20447232,889.913,episode/state/forward_vel,0.48626297056674955
20447232,889.913,episode/state/up_z,977.8134533691406
20447232,889.913,episode/sum_reward,339.1153271484375
20447232,889.913,episode/entropy_loss,-0.1154097557067871
20447232,889.913,episode/kl_mean,0.0027771369961556045
20447232,889.913,episode/learning_rate,0.0003000000142492354
20447232,889.913,episode/policy_dist_max_loc,0.679529709815979
20447232,889.913,episode/policy_dist_max_std,1.4333201098442077
20447232,889.913,episode/policy_dist_mean_loc,-0.09148777052760124
20447232,889.913,episode/policy_dist_mean_std,0.732943304181099
20447232,889.913,episode/policy_dist_min_loc,-1.1031264454126357
20447232,889.913,episode/policy_dist_min_std,0.34180909737944604
20447232,889.913,episode/policy_loss,-0.0008747135666635586
20447232,889.913,episode/total_loss,4.387486299276352
20447232,889.913,episode/v_loss,4.503770730495453
20447232,897.791,eval/walltime,352.97203850746155
20447232,897.791,training/sps,41910.998895535835
20447232,897.791,training/walltime,522.9537737369537
20447232,897.791,training/entropy_loss,-0.11552266031503677
20447232,897.791,training/kl_mean,0.0029073788318783045
20447232,897.791,training/learning_rate,0.0003000000142492354
20447232,897.791,training/policy_dist_max_loc,0.718538761138916
20447232,897.791,training/policy_dist_max_std,1.4185079336166382
20447232,897.791,training/policy_dist_mean_loc,-0.08599346876144409
20447232,897.791,training/policy_dist_mean_std,0.7330895662307739
20447232,897.791,training/policy_dist_min_loc,-1.0867342948913574
20447232,897.791,training/policy_dist_min_std,0.3329819142818451
20447232,897.791,training/policy_loss,-0.0007797674043104053
20447232,897.791,training/total_loss,2.9282312393188477
20447232,897.791,training/v_loss,3.0445337295532227
20447232,897.791,eval/episode_reward,297.95513916015625
20447232,897.791,eval/episode_reward/ctrl,-0.23427526652812958
20447232,897.791,eval/episode_reward/forward,352.0596618652344
20447232,897.791,eval/episode_reward/joint,-0.07115886360406876
20447232,897.791,eval/episode_reward/orient,-53.798912048339844
20447232,897.791,eval/episode_reward/total,297.95513916015625
20447232,897.791,eval/episode_state/forward_vel,5.961969375610352
20447232,897.791,eval/episode_state/up_z,953.5281982421875
20447232,897.791,eval/episode_reward_std,304.880615234375
20447232,897.791,eval/episode_reward/ctrl_std,0.002322764601558447
20447232,897.791,eval/episode_reward/forward_std,23.00566291809082
20447232,897.791,eval/episode_reward/joint_std,0.005575360264629126
20447232,897.791,eval/episode_reward/orient_std,290.63525390625
20447232,897.791,eval/episode_reward/total_std,304.880615234375
20447232,897.791,eval/episode_state/forward_vel_std,14.207597732543945
20447232,897.791,eval/episode_state/up_z_std,150.209716796875
20447232,897.791,eval/avg_episode_length,1000.0
20447232,897.791,eval/std_episode_length,0.0
20447232,897.791,eval/epoch_eval_time,7.847333669662476
20447232,897.791,eval/sps,4077.818192402205
20971520,910.293,episode/sps,25725.967418318778
20971520,910.293,episode/length,1000.0
20971520,910.293,episode/reward/ctrl,-0.23413398534059524
20971520,910.293,episode/reward/forward,345.0353698730469
20971520,910.293,episode/reward/joint,-0.07303074907511473
20971520,910.293,episode/reward/orient,-2.5442669339478017
20971520,910.293,episode/reward/total,342.18389373779297
20971520,910.293,episode/state/forward_vel,0.878568839430809
20971520,910.293,episode/state/up_z,979.6702026367187
20971520,910.293,episode/sum_reward,342.18389373779297
20971520,910.293,episode/entropy_loss,-0.11543961331248283
20971520,910.293,episode/kl_mean,0.002796848782163579
20971520,910.293,episode/learning_rate,0.0003000000142492354
20971520,910.293,episode/policy_dist_max_loc,0.6989174646139145
20971520,910.293,episode/policy_dist_max_std,1.4231906747817993
20971520,910.293,episode/policy_dist_mean_loc,-0.09082733310759067
20971520,910.293,episode/policy_dist_mean_std,0.7341810005903244
20971520,910.293,episode/policy_dist_min_loc,-1.0957775354385375
20971520,910.293,episode/policy_dist_min_std,0.3466166760027409
20971520,910.293,episode/policy_loss,-0.0008432740339776501
20971520,910.293,episode/total_loss,6.4317834079265594
20971520,910.293,episode/v_loss,6.548066275119782
20971520,918.216,eval/walltime,360.8659372329712
20971520,918.216,training/sps,41895.20022782822
20971520,918.216,training/walltime,535.4680473804474
20971520,918.216,training/entropy_loss,-0.11539620161056519
20971520,918.216,training/kl_mean,0.002077102195471525
20971520,918.216,training/learning_rate,0.0003000000142492354
20971520,918.216,training/policy_dist_max_loc,0.7060858607292175
20971520,918.216,training/policy_dist_max_std,1.438481092453003
20971520,918.216,training/policy_dist_mean_loc,-0.09179728478193283
20971520,918.216,training/policy_dist_mean_std,0.7356207370758057
20971520,918.216,training/policy_dist_min_loc,-1.135082721710205
20971520,918.216,training/policy_dist_min_std,0.36293932795524597
20971520,918.216,training/policy_loss,-0.0004467691178433597
20971520,918.216,training/total_loss,14.166540145874023
20971520,918.216,training/v_loss,14.28238296508789
20971520,918.216,eval/episode_reward,344.54095458984375
20971520,918.216,eval/episode_reward/ctrl,-0.23558828234672546
20971520,918.216,eval/episode_reward/forward,346.54681396484375
20971520,918.216,eval/episode_reward/joint,-0.07348605990409851
20971520,918.216,eval/episode_reward/orient,-1.6966657638549805
20971520,918.216,eval/episode_reward/total,344.54095458984375
20971520,918.216,eval/episode_state/forward_vel,2.2109522819519043
20971520,918.216,eval/episode_state/up_z,979.88427734375
20971520,918.216,eval/episode_reward_std,14.88025188446045
20971520,918.216,eval/episode_reward/ctrl_std,0.002469752449542284
20971520,918.216,eval/episode_reward/forward_std,14.69944953918457
20971520,918.216,eval/episode_reward/joint_std,0.00606066919863224
20971520,918.216,eval/episode_reward/orient_std,1.5183278322219849
20971520,918.216,eval/episode_reward/total_std,14.88025188446045
20971520,918.216,eval/episode_state/forward_vel_std,9.573774337768555
20971520,918.216,eval/episode_state/up_z_std,6.5598673820495605
20971520,918.216,eval/avg_episode_length,1000.0
20971520,918.216,eval/std_episode_length,0.0
20971520,918.216,eval/epoch_eval_time,7.8938987255096436
20971520,918.216,eval/sps,4053.7636867052693
21495808,930.644,episode/sps,25761.746274031277
21495808,930.644,episode/length,1000.0
21495808,930.644,episode/reward/ctrl,-0.23479118913412095
21495808,930.644,episode/reward/forward,351.1175149536133
21495808,930.644,episode/reward/joint,-0.07281185578554869
21495808,930.644,episode/reward/orient,-87.42043509036303
21495808,930.644,episode/reward/total,263.38941986083984
21495808,930.644,episode/state/forward_vel,5.480957214981317
21495808,930.644,episode/state/up_z,936.4147070538997
21495808,930.644,episode/sum_reward,263.38941986083984
21495808,930.644,episode/entropy_loss,-0.11540927693247795
21495808,930.644,episode/kl_mean,0.002483066655113362
21495808,930.644,episode/learning_rate,0.0003000000142492354
21495808,930.644,episode/policy_dist_max_loc,0.7242005139589309
21495808,930.644,episode/policy_dist_max_std,1.4256184053421022
21495808,930.644,episode/policy_dist_mean_loc,-0.09208832547068596
21495808,930.644,episode/policy_dist_mean_std,0.7352448242902756
21495808,930.644,episode/policy_dist_min_loc,-1.1085790413618088
21495808,930.644,episode/policy_dist_min_std,0.3493370558321476
21495808,930.644,episode/policy_loss,-0.0007230731948948232
21495808,930.644,episode/total_loss,11.697499239444733
21495808,930.644,episode/v_loss,11.813631642460823
21495808,938.615,eval/walltime,368.81365418434143
21495808,938.615,training/sps,42154.309240550516
21495808,938.615,training/walltime,547.9053997993469
21495808,938.615,training/entropy_loss,-0.1152992993593216
21495808,938.615,training/kl_mean,0.00228213076479733
21495808,938.615,training/learning_rate,0.0003000000142492354
21495808,938.615,training/policy_dist_max_loc,0.7528707385063171
21495808,938.615,training/policy_dist_max_std,1.4192662239074707
21495808,938.615,training/policy_dist_mean_loc,-0.09853388369083405
21495808,938.615,training/policy_dist_mean_std,0.737140417098999
21495808,938.615,training/policy_dist_min_loc,-1.108469009399414
21495808,938.615,training/policy_dist_min_std,0.3531111180782318
21495808,938.615,training/policy_loss,-0.0008314150618389249
21495808,938.615,training/total_loss,19.189376831054688
21495808,938.615,training/v_loss,19.30550765991211
21495808,938.615,eval/episode_reward,348.246337890625
21495808,938.615,eval/episode_reward/ctrl,-0.23631811141967773
21495808,938.615,eval/episode_reward/forward,350.4757080078125
21495808,938.615,eval/episode_reward/joint,-0.07755530625581741
21495808,938.615,eval/episode_reward/orient,-1.9155125617980957
21495808,938.615,eval/episode_reward/total,348.246337890625
21495808,938.615,eval/episode_state/forward_vel,4.713428974151611
21495808,938.615,eval/episode_state/up_z,979.0999755859375
21495808,938.615,eval/episode_reward_std,16.433412551879883
21495808,938.615,eval/episode_reward/ctrl_std,0.0018980138702318072
21495808,938.615,eval/episode_reward/forward_std,16.995420455932617
21495808,938.615,eval/episode_reward/joint_std,0.0051041594706475735
21495808,938.615,eval/episode_reward/orient_std,2.283071279525757
21495808,938.615,eval/episode_reward/total_std,16.433412551879883
21495808,938.615,eval/episode_state/forward_vel_std,11.287262916564941
21495808,938.615,eval/episode_state/up_z_std,7.156612873077393
21495808,938.615,eval/avg_episode_length,1000.0
21495808,938.615,eval/std_episode_length,0.0
21495808,938.615,eval/epoch_eval_time,7.947716951370239
21495808,938.615,eval/sps,4026.3134930192737
22020096,951.135,episode/sps,25586.01511917197
22020096,951.135,episode/length,1000.0
22020096,951.135,episode/reward/ctrl,-0.23628092154860497
22020096,951.135,episode/reward/forward,349.6265200805664
22020096,951.135,episode/reward/joint,-0.07786570429801941
22020096,951.135,episode/reward/orient,-58.357464717030524
22020096,951.135,episode/reward/total,290.9549212646484
22020096,951.135,episode/state/forward_vel,4.122491418868304
22020096,951.135,episode/state/up_z,950.813072798252
22020096,951.135,episode/sum_reward,290.9549212646484
22020096,951.135,episode/entropy_loss,-0.11525544293224811
22020096,951.135,episode/kl_mean,0.002092609693936538
22020096,951.135,episode/learning_rate,0.0003000000142492354
22020096,951.135,episode/policy_dist_max_loc,0.7142120569944381
22020096,951.135,episode/policy_dist_max_std,1.4159113323688508
22020096,951.135,episode/policy_dist_mean_loc,-0.0988708944618702
22020096,951.135,episode/policy_dist_mean_std,0.7366577088832855
22020096,951.135,episode/policy_dist_min_loc,-1.1487778252363205
22020096,951.135,episode/policy_dist_min_std,0.3506499990820885
22020096,951.135,episode/policy_loss,-0.0006901568273315206
22020096,951.135,episode/total_loss,15.870681610107422
22020096,951.135,episode/v_loss,15.986627299785614
22020096,959.197,eval/walltime,376.8447964191437
22020096,959.197,training/sps,41828.74908315357
22020096,959.197,training/walltime,560.4395542144775
22020096,959.197,training/entropy_loss,-0.11502107977867126
22020096,959.197,training/kl_mean,0.0017808437114581466
22020096,959.197,training/learning_rate,0.0003000000142492354
22020096,959.197,training/policy_dist_max_loc,0.678895115852356
22020096,959.197,training/policy_dist_max_std,1.3915627002716064
22020096,959.197,training/policy_dist_mean_loc,-0.10786056518554688
22020096,959.197,training/policy_dist_mean_std,0.7376207709312439
22020096,959.197,training/policy_dist_min_loc,-1.2125604152679443
22020096,959.197,training/policy_dist_min_std,0.3391137421131134
22020096,959.197,training/policy_loss,-0.0007034718873910606
22020096,959.197,training/total_loss,15.866973876953125
22020096,959.197,training/v_loss,15.982698440551758
22020096,959.197,eval/episode_reward,304.34344482421875
22020096,959.197,eval/episode_reward/ctrl,-0.23825523257255554
22020096,959.197,eval/episode_reward/forward,344.1485290527344
22020096,959.197,eval/episode_reward/joint,-0.08265228569507599
22020096,959.197,eval/episode_reward/orient,-39.48404312133789
22020096,959.197,eval/episode_reward/total,304.34344482421875
22020096,959.197,eval/episode_state/forward_vel,0.8388778567314148
22020096,959.197,eval/episode_state/up_z,959.3660888671875
22020096,959.197,eval/episode_reward_std,210.67649841308594
22020096,959.197,eval/episode_reward/ctrl_std,0.0025450868997722864
22020096,959.197,eval/episode_reward/forward_std,20.940793991088867
22020096,959.197,eval/episode_reward/joint_std,0.008018781431019306
22020096,959.197,eval/episode_reward/orient_std,207.64967346191406
22020096,959.197,eval/episode_reward/total_std,210.67649841308594
22020096,959.197,eval/episode_state/forward_vel_std,12.972699165344238
22020096,959.197,eval/episode_state/up_z_std,109.57819366455078
22020096,959.197,eval/avg_episode_length,1000.0
22020096,959.197,eval/std_episode_length,0.0
22020096,959.197,eval/epoch_eval_time,8.031142234802246
22020096,959.197,eval/sps,3984.4892624776116
22544384,971.887,episode/sps,25264.51668660401
22544384,971.887,episode/length,1000.0
22544384,971.887,episode/reward/ctrl,-0.23858535513281823
22544384,971.887,episode/reward/forward,347.42998260498047
22544384,971.887,episode/reward/joint,-0.08429999060928822
22544384,971.887,episode/reward/orient,-25.277752310484647
22544384,971.887,episode/reward/total,321.82930519104
22544384,971.887,episode/state/forward_vel,2.2410588520765304
22544384,971.887,episode/state/up_z,968.6172778320313
22544384,971.887,episode/sum_reward,321.82930519104
22544384,971.887,episode/entropy_loss,-0.11506006620824337
22544384,971.887,episode/kl_mean,0.002190103655157145
22544384,971.887,episode/learning_rate,0.0003000000142492354
22544384,971.887,episode/policy_dist_max_loc,0.7093598520755768
22544384,971.887,episode/policy_dist_max_std,1.3945094931125641
22544384,971.887,episode/policy_dist_mean_loc,-0.10653694823384285
22544384,971.887,episode/policy_dist_mean_std,0.7384318208694458
22544384,971.887,episode/policy_dist_min_loc,-1.122264324426651
22544384,971.887,episode/policy_dist_min_std,0.3507889965176582
22544384,971.887,episode/policy_loss,-0.0007306887678714701
22544384,971.887,episode/total_loss,14.86690776348114
22544384,971.887,episode/v_loss,14.982698612213134
22544384,979.997,eval/walltime,384.9237072467804
22544384,979.997,training/sps,41276.51801568626
22544384,979.997,training/walltime,573.1414008140564
22544384,979.997,training/entropy_loss,-0.11479628831148148
22544384,979.997,training/kl_mean,0.002360882703214884
22544384,979.997,training/learning_rate,0.0003000000142492354
22544384,979.997,training/policy_dist_max_loc,0.6950434446334839
22544384,979.997,training/policy_dist_max_std,1.3710548877716064
22544384,979.997,training/policy_dist_mean_loc,-0.11513015627861023
22544384,979.997,training/policy_dist_mean_std,0.7407955527305603
22544384,979.997,training/policy_dist_min_loc,-1.0266497135162354
22544384,979.997,training/policy_dist_min_std,0.3584722876548767
22544384,979.997,training/policy_loss,-0.0006317687802948058
22544384,979.997,training/total_loss,10.023609161376953
22544384,979.997,training/v_loss,10.139036178588867
22544384,979.997,eval/episode_reward,341.86785888671875
22544384,979.997,eval/episode_reward/ctrl,-0.24010828137397766
22544384,979.997,eval/episode_reward/forward,344.2984619140625
22544384,979.997,eval/episode_reward/joint,-0.08956706523895264
22544384,979.997,eval/episode_reward/orient,-2.10103702545166
22544384,979.997,eval/episode_reward/total,341.86785888671875
22544384,979.997,eval/episode_state/forward_vel,-0.07484257221221924
22544384,979.997,eval/episode_state/up_z,980.5624389648438
22544384,979.997,eval/episode_reward_std,15.852355003356934
22544384,979.997,eval/episode_reward/ctrl_std,0.002652026480063796
22544384,979.997,eval/episode_reward/forward_std,15.903051376342773
22544384,979.997,eval/episode_reward/joint_std,0.006903547793626785
22544384,979.997,eval/episode_reward/orient_std,4.65008544921875
22544384,979.997,eval/episode_reward/total_std,15.852355003356934
22544384,979.997,eval/episode_state/forward_vel_std,9.713783264160156
22544384,979.997,eval/episode_state/up_z_std,9.351192474365234
22544384,979.997,eval/avg_episode_length,1000.0
22544384,979.997,eval/std_episode_length,0.0
22544384,979.997,eval/epoch_eval_time,8.078910827636719
22544384,979.997,eval/sps,3960.9299672590632
23068672,992.694,episode/sps,25197.48049510636
23068672,992.694,episode/length,1000.0
23068672,992.694,episode/reward/ctrl,-0.24097158879041672
23068672,992.694,episode/reward/forward,346.38390655517577
23068672,992.694,episode/reward/joint,-0.08848968103528022
23068672,992.694,episode/reward/orient,-57.14839651197195
23068672,992.694,episode/reward/total,288.90596027374266
23068672,992.694,episode/state/forward_vel,1.6596568503975868
23068672,992.694,episode/state/up_z,951.0043997573853
23068672,992.694,episode/sum_reward,288.90596027374266
23068672,992.694,episode/entropy_loss,-0.11477978281676769
23068672,992.694,episode/kl_mean,0.0022733860643347724
23068672,992.694,episode/learning_rate,0.0003000000142492354
23068672,992.694,episode/policy_dist_max_loc,0.6882293611764908
23068672,992.694,episode/policy_dist_max_std,1.3884923565387726
23068672,992.694,episode/policy_dist_mean_loc,-0.11474103309214115
23068672,992.694,episode/policy_dist_mean_std,0.7404140508174897
23068672,992.694,episode/policy_dist_min_loc,-1.1462731087207794
23068672,992.694,episode/policy_dist_min_std,0.3557376918196678
23068672,992.694,episode/policy_loss,-0.0007280330065259478
23068672,992.694,episode/total_loss,12.699216418266296
23068672,992.694,episode/v_loss,12.8147242975235
23068672,1000.873,eval/walltime,393.0725107192993
23068672,1000.873,training/sps,41249.091353503434
23068672,1000.873,training/walltime,585.8516929149628
23068672,1000.873,training/entropy_loss,-0.11445265263319016
23068672,1000.873,training/kl_mean,0.0024779713712632656
23068672,1000.873,training/learning_rate,0.0003000000142492354
23068672,1000.873,training/policy_dist_max_loc,0.6844031810760498
23068672,1000.873,training/policy_dist_max_std,1.4092236757278442
23068672,1000.873,training/policy_dist_mean_loc,-0.12315566837787628
23068672,1000.873,training/policy_dist_mean_std,0.7432394623756409
23068672,1000.873,training/policy_dist_min_loc,-1.2154200077056885
23068672,1000.873,training/policy_dist_min_std,0.3696483373641968
23068672,1000.873,training/policy_loss,-0.0007572355680167675
23068672,1000.873,training/total_loss,11.287580490112305
23068672,1000.873,training/v_loss,11.402790069580078
23068672,1000.873,eval/episode_reward,345.7247314453125
23068672,1000.873,eval/episode_reward/ctrl,-0.242257758975029
23068672,1000.873,eval/episode_reward/forward,347.50897216796875
23068672,1000.873,eval/episode_reward/joint,-0.09145698696374893
23068672,1000.873,eval/episode_reward/orient,-1.4505300521850586
23068672,1000.873,eval/episode_reward/total,345.7247314453125
23068672,1000.873,eval/episode_state/forward_vel,1.8872461318969727
23068672,1000.873,eval/episode_state/up_z,981.3778076171875
23068672,1000.873,eval/episode_reward_std,17.28797721862793
23068672,1000.873,eval/episode_reward/ctrl_std,0.0020628273487091064
23068672,1000.873,eval/episode_reward/forward_std,16.792949676513672
23068672,1000.873,eval/episode_reward/joint_std,0.00776049867272377
23068672,1000.873,eval/episode_reward/orient_std,2.432265520095825
23068672,1000.873,eval/episode_reward/total_std,17.28797721862793
23068672,1000.873,eval/episode_state/forward_vel_std,10.273703575134277
23068672,1000.873,eval/episode_state/up_z_std,6.4548139572143555
23068672,1000.873,eval/avg_episode_length,1000.0
23068672,1000.873,eval/std_episode_length,0.0
23068672,1000.873,eval/epoch_eval_time,8.148803472518921
23068672,1000.873,eval/sps,3926.95689715883
23592960,1013.636,episode/sps,25036.152373921395
23592960,1013.636,episode/length,1000.0
23592960,1013.636,episode/reward/ctrl,-0.24294276893138886
23592960,1013.636,episode/reward/forward,342.693662109375
23592960,1013.636,episode/reward/joint,-0.09231896631419659
23592960,1013.636,episode/reward/orient,-41.088846811503174
23592960,1013.636,episode/reward/total,301.2694511413574
23592960,1013.636,episode/state/forward_vel,-0.2877870148420334
23592960,1013.636,episode/state/up_z,959.0431796264648
23592960,1013.636,episode/sum_reward,301.2694511413574
23592960,1013.636,episode/entropy_loss,-0.11449655741453171
23592960,1013.636,episode/kl_mean,0.002411388579348568
23592960,1013.636,episode/learning_rate,0.0003000000142492354
23592960,1013.636,episode/policy_dist_max_loc,0.6992485010623932
23592960,1013.636,episode/policy_dist_max_std,1.4049900949001313
23592960,1013.636,episode/policy_dist_mean_loc,-0.12281740963459015
23592960,1013.636,episode/policy_dist_mean_std,0.7438445562124252
23592960,1013.636,episode/policy_dist_min_loc,-1.1313648921251298
23592960,1013.636,episode/policy_dist_min_std,0.362439506649971
23592960,1013.636,episode/policy_loss,-0.000620404461369617
23592960,1013.636,episode/total_loss,11.023519430160523
23592960,1013.636,episode/v_loss,11.138636360168457
23592960,1021.743,eval/walltime,401.1502993106842
23592960,1021.743,training/sps,41039.59329972925
23592960,1021.743,training/walltime,598.6268682479858
23592960,1021.743,training/entropy_loss,-0.11417027562856674
23592960,1021.743,training/kl_mean,0.0022826273925602436
23592960,1021.743,training/learning_rate,0.0003000000142492354
23592960,1021.743,training/policy_dist_max_loc,0.7203212976455688
23592960,1021.743,training/policy_dist_max_std,1.443889856338501
23592960,1021.743,training/policy_dist_mean_loc,-0.1317802518606186
23592960,1021.743,training/policy_dist_mean_std,0.7481829524040222
23592960,1021.743,training/policy_dist_min_loc,-1.1698493957519531
23592960,1021.743,training/policy_dist_min_std,0.3617691993713379
23592960,1021.743,training/policy_loss,-0.0004039283376187086
23592960,1021.743,training/total_loss,11.333993911743164
23592960,1021.743,training/v_loss,11.448568344116211
23592960,1021.743,eval/episode_reward,348.463134765625
23592960,1021.743,eval/episode_reward/ctrl,-0.24376755952835083
23592960,1021.743,eval/episode_reward/forward,350.33892822265625
23592960,1021.743,eval/episode_reward/joint,-0.08914779126644135
23592960,1021.743,eval/episode_reward/orient,-1.5428801774978638
23592960,1021.743,eval/episode_reward/total,348.463134765625
23592960,1021.743,eval/episode_state/forward_vel,4.336080551147461
23592960,1021.743,eval/episode_state/up_z,979.3870849609375
23592960,1021.743,eval/episode_reward_std,21.712549209594727
23592960,1021.743,eval/episode_reward/ctrl_std,0.002491803141310811
23592960,1021.743,eval/episode_reward/forward_std,21.32023811340332
23592960,1021.743,eval/episode_reward/joint_std,0.005075389053672552
23592960,1021.743,eval/episode_reward/orient_std,1.8022863864898682
23592960,1021.743,eval/episode_reward/total_std,21.712549209594727
23592960,1021.743,eval/episode_state/forward_vel_std,13.220295906066895
23592960,1021.743,eval/episode_state/up_z_std,6.159612655639648
23592960,1021.743,eval/avg_episode_length,1000.0
23592960,1021.743,eval/std_episode_length,0.0
23592960,1021.743,eval/epoch_eval_time,8.077788591384888
23592960,1021.743,eval/sps,3961.480253906199
24117248,1034.492,episode/sps,25138.002682977698
24117248,1034.492,episode/length,1000.0
24117248,1034.492,episode/reward/ctrl,-0.24542694076895713
24117248,1034.492,episode/reward/forward,346.6093740844727
24117248,1034.492,episode/reward/joint,-0.09586051814258098
24117248,1034.492,episode/reward/orient,-18.59225827127695
24117248,1034.492,episode/reward/total,327.6758108520508
24117248,1034.492,episode/state/forward_vel,1.8857714986801148
24117248,1034.492,episode/state/up_z,970.5190679931641
24117248,1034.492,episode/sum_reward,327.6758108520508
24117248,1034.492,episode/entropy_loss,-0.11430705145001412
24117248,1034.492,episode/kl_mean,0.0023992318782256918
24117248,1034.492,episode/learning_rate,0.0003000000142492354
24117248,1034.492,episode/policy_dist_max_loc,0.6999270969629288
24117248,1034.492,episode/policy_dist_max_std,1.4383154428005218
24117248,1034.492,episode/policy_dist_mean_loc,-0.12994111001491546
24117248,1034.492,episode/policy_dist_mean_std,0.7477708107233048
24117248,1034.492,episode/policy_dist_min_loc,-1.1651919907331467
24117248,1034.492,episode/policy_dist_min_std,0.36210563212633134
24117248,1034.492,episode/policy_loss,-0.0006557426622748608
24117248,1034.492,episode/total_loss,10.248692903518677
24117248,1034.492,episode/v_loss,10.363655726909638
24117248,1042.655,eval/walltime,409.28326535224915
24117248,1042.655,training/sps,41078.53448193604
24117248,1042.655,training/walltime,611.3899331092834
24117248,1042.655,training/entropy_loss,-0.11424247920513153
24117248,1042.655,training/kl_mean,0.002319089137017727
24117248,1042.655,training/learning_rate,0.0003000000142492354
24117248,1042.655,training/policy_dist_max_loc,0.6960442066192627
24117248,1042.655,training/policy_dist_max_std,1.4661561250686646
24117248,1042.655,training/policy_dist_mean_loc,-0.1365838348865509
24117248,1042.655,training/policy_dist_mean_std,0.752709150314331
24117248,1042.655,training/policy_dist_min_loc,-1.123255968093872
24117248,1042.655,training/policy_dist_min_std,0.35574501752853394
24117248,1042.655,training/policy_loss,-0.0007280115387402475
24117248,1042.655,training/total_loss,8.283738136291504
24117248,1042.655,training/v_loss,8.39870834350586
24117248,1042.655,eval/episode_reward,324.42486572265625
24117248,1042.655,eval/episode_reward/ctrl,-0.2460719347000122
24117248,1042.655,eval/episode_reward/forward,347.93438720703125
24117248,1042.655,eval/episode_reward/joint,-0.09494581073522568
24117248,1042.655,eval/episode_reward/orient,-23.168498992919922
24117248,1042.655,eval/episode_reward/total,324.42486572265625
24117248,1042.655,eval/episode_state/forward_vel,3.4346213340759277
24117248,1042.655,eval/episode_state/up_z,968.2188720703125
24117248,1042.655,eval/episode_reward_std,116.61064147949219
24117248,1042.655,eval/episode_reward/ctrl_std,0.002275673672556877
24117248,1042.655,eval/episode_reward/forward_std,18.47618293762207
24117248,1042.655,eval/episode_reward/joint_std,0.006534353829920292
24117248,1042.655,eval/episode_reward/orient_std,118.67730712890625
24117248,1042.655,eval/episode_reward/total_std,116.61064147949219
24117248,1042.655,eval/episode_state/forward_vel_std,12.599851608276367
24117248,1042.655,eval/episode_state/up_z_std,68.83606719970703
24117248,1042.655,eval/avg_episode_length,1000.0
24117248,1042.655,eval/std_episode_length,0.0
24117248,1042.655,eval/epoch_eval_time,8.132966041564941
24117248,1042.655,eval/sps,3934.6039115936815
24641536,1055.407,episode/sps,25068.060998127465
24641536,1055.407,episode/length,1000.0
24641536,1055.407,episode/reward/ctrl,-0.2453587231040001
24641536,1055.407,episode/reward/forward,345.01362182617186
24641536,1055.407,episode/reward/joint,-0.09387672461569309
24641536,1055.407,episode/reward/orient,-107.53705838307738
24641536,1055.407,episode/reward/total,237.13727081298828
24641536,1055.407,episode/state/forward_vel,1.2118866302073001
24641536,1055.407,episode/state/up_z,925.5596887588501
24641536,1055.407,episode/sum_reward,237.13727081298828
24641536,1055.407,episode/entropy_loss,-0.11431068971753121
24641536,1055.407,episode/kl_mean,0.002058239982870873
24641536,1055.407,episode/learning_rate,0.0003000000142492354
24641536,1055.407,episode/policy_dist_max_loc,0.6975329577922821
24641536,1055.407,episode/policy_dist_max_std,1.4521399855613708
24641536,1055.407,episode/policy_dist_mean_loc,-0.13482114538550377
24641536,1055.407,episode/policy_dist_mean_std,0.7519861936569214
24641536,1055.407,episode/policy_dist_min_loc,-1.1064866995811462
24641536,1055.407,episode/policy_dist_min_std,0.3683442038297653
24641536,1055.407,episode/policy_loss,-0.0005149500905827154
24641536,1055.407,episode/total_loss,10.992858653068543
24641536,1055.407,episode/v_loss,11.107684309482574
24641536,1063.549,eval/walltime,417.39436316490173
24641536,1063.549,training/sps,41070.12592038412
24641536,1063.549,training/walltime,624.155611038208
24641536,1063.549,training/entropy_loss,-0.11452268064022064
24641536,1063.549,training/kl_mean,0.00131821574177593
24641536,1063.549,training/learning_rate,0.0003000000142492354
24641536,1063.549,training/policy_dist_max_loc,0.6745021343231201
24641536,1063.549,training/policy_dist_max_std,1.4407377243041992
24641536,1063.549,training/policy_dist_mean_loc,-0.1371038556098938
24641536,1063.549,training/policy_dist_mean_std,0.7559443712234497
24641536,1063.549,training/policy_dist_min_loc,-1.0175079107284546
24641536,1063.549,training/policy_dist_min_std,0.3867812752723694
24641536,1063.549,training/policy_loss,-0.00026329292450100183
24641536,1063.549,training/total_loss,13.386453628540039
24641536,1063.549,training/v_loss,13.501238822937012
24641536,1063.549,eval/episode_reward,310.94879150390625
24641536,1063.549,eval/episode_reward/ctrl,-0.2461463063955307
24641536,1063.549,eval/episode_reward/forward,347.13897705078125
24641536,1063.549,eval/episode_reward/joint,-0.09478545188903809
24641536,1063.549,eval/episode_reward/orient,-35.84918212890625
24641536,1063.549,eval/episode_reward/total,310.94879150390625
24641536,1063.549,eval/episode_state/forward_vel,2.5770480632781982
24641536,1063.549,eval/episode_state/up_z,964.0365600585938
24641536,1063.549,eval/episode_reward_std,200.3194122314453
24641536,1063.549,eval/episode_reward/ctrl_std,0.002497526118531823
24641536,1063.549,eval/episode_reward/forward_std,20.41042709350586
24641536,1063.549,eval/episode_reward/joint_std,0.006574716418981552
24641536,1063.549,eval/episode_reward/orient_std,191.85800170898438
24641536,1063.549,eval/episode_reward/total_std,200.3194122314453
24641536,1063.549,eval/episode_state/forward_vel_std,12.103253364562988
24641536,1063.549,eval/episode_state/up_z_std,103.10885620117188
24641536,1063.549,eval/avg_episode_length,1000.0
24641536,1063.549,eval/std_episode_length,0.0
24641536,1063.549,eval/epoch_eval_time,8.111097812652588
24641536,1063.549,eval/sps,3945.211947769001
25165824,1076.318,episode/sps,25072.301350464826
25165824,1076.318,episode/length,1000.0
25165824,1076.318,episode/reward/ctrl,-0.2454886692762375
25165824,1076.318,episode/reward/forward,347.0293603515625
25165824,1076.318,episode/reward/joint,-0.09225393682718278
25165824,1076.318,episode/reward/orient,-13.166129129230976
25165824,1076.318,episode/reward/total,333.52546447753906
25165824,1076.318,episode/state/forward_vel,2.1124615719914437
25165824,1076.318,episode/state/up_z,974.5119204711914
25165824,1076.318,episode/sum_reward,333.52546447753906
25165824,1076.318,episode/entropy_loss,-0.11441813834011555
25165824,1076.318,episode/kl_mean,0.0018260462454054505
25165824,1076.318,episode/learning_rate,0.0003000000142492354
25165824,1076.318,episode/policy_dist_max_loc,0.7064991152286529
25165824,1076.318,episode/policy_dist_max_std,1.4592976093292236
25165824,1076.318,episode/policy_dist_mean_loc,-0.13647638842463494
25165824,1076.318,episode/policy_dist_mean_std,0.7550736927986145
25165824,1076.318,episode/policy_dist_min_loc,-1.078401983976364
25165824,1076.318,episode/policy_dist_min_std,0.37591294556856153
25165824,1076.318,episode/policy_loss,-0.0005574382342456375
25165824,1076.318,episode/total_loss,8.603832364082336
25165824,1076.318,episode/v_loss,8.71880800485611
25165824,1084.512,eval/walltime,425.56544375419617
25165824,1084.512,training/sps,41030.88142081256
25165824,1084.512,training/walltime,636.9334988594055
25165824,1084.512,training/entropy_loss,-0.11453680694103241
25165824,1084.512,training/kl_mean,0.001584578538313508
25165824,1084.512,training/learning_rate,0.0003000000142492354
25165824,1084.512,training/policy_dist_max_loc,0.7480807900428772
25165824,1084.512,training/policy_dist_max_std,1.4660521745681763
25165824,1084.512,training/policy_dist_mean_loc,-0.1358172446489334
25165824,1084.512,training/policy_dist_mean_std,0.7570928335189819
25165824,1084.512,training/policy_dist_min_loc,-1.0767130851745605
25165824,1084.512,training/policy_dist_min_std,0.3884865939617157
25165824,1084.512,training/policy_loss,-0.0005813256138935685
25165824,1084.512,training/total_loss,3.630629777908325
25165824,1084.512,training/v_loss,3.7457478046417236
25165824,1084.512,eval/episode_reward,291.9492492675781
25165824,1084.512,eval/episode_reward/ctrl,-0.246233731508255
25165824,1084.512,eval/episode_reward/forward,353.7991027832031
25165824,1084.512,eval/episode_reward/joint,-0.09573619067668915
25165824,1084.512,eval/episode_reward/orient,-61.50775909423828
25165824,1084.512,eval/episode_reward/total,291.9492492675781
25165824,1084.512,eval/episode_state/forward_vel,6.189709663391113
25165824,1084.512,eval/episode_state/up_z,950.00244140625
25165824,1084.512,eval/episode_reward_std,226.87994384765625
25165824,1084.512,eval/episode_reward/ctrl_std,0.002112149028107524
25165824,1084.512,eval/episode_reward/forward_std,14.45393180847168
25165824,1084.512,eval/episode_reward/joint_std,0.0067038945853710175
25165824,1084.512,eval/episode_reward/orient_std,231.55844116210938
25165824,1084.512,eval/episode_reward/total_std,226.87994384765625
25165824,1084.512,eval/episode_state/forward_vel_std,8.964205741882324
25165824,1084.512,eval/episode_state/up_z_std,123.52433013916016
25165824,1084.512,eval/avg_episode_length,1000.0
25165824,1084.512,eval/std_episode_length,0.0
25165824,1084.512,eval/epoch_eval_time,8.171080589294434
25165824,1084.512,eval/sps,3916.2506905054493
25690112,1097.263,episode/sps,25030.74690824752
25690112,1097.263,episode/length,1000.0
25690112,1097.263,episode/reward/ctrl,-0.2455464568734169
25690112,1097.263,episode/reward/forward,348.6011267089844
25690112,1097.263,episode/reward/joint,-0.09364176087081433
25690112,1097.263,episode/reward/orient,-23.206839773654938
25690112,1097.263,episode/reward/total,325.05506744384763
25690112,1097.263,episode/state/forward_vel,3.1409864246100185
25690112,1097.263,episode/state/up_z,969.124045715332
25690112,1097.263,episode/sum_reward,325.05506744384763
25690112,1097.263,episode/entropy_loss,-0.1146083775907755
25690112,1097.263,episode/kl_mean,0.0017605172508046963
25690112,1097.263,episode/learning_rate,0.0003000000142492354
25690112,1097.263,episode/policy_dist_max_loc,0.7370245909690857
25690112,1097.263,episode/policy_dist_max_std,1.4544586360454559
25690112,1097.263,episode/policy_dist_mean_loc,-0.1344355595111847
25690112,1097.263,episode/policy_dist_mean_std,0.7567265999317169
25690112,1097.263,episode/policy_dist_min_loc,-1.0288602536916733
25690112,1097.263,episode/policy_dist_min_std,0.3906879070401192
25690112,1097.263,episode/policy_loss,-0.0005453589407261461
25690112,1097.263,episode/total_loss,7.330935649871826
25690112,1097.263,episode/v_loss,7.4460894268751145
25690112,1105.333,eval/walltime,433.60612201690674
25690112,1105.333,training/sps,41077.276047471605
25690112,1105.333,training/walltime,649.6969547271729
25690112,1105.333,training/entropy_loss,-0.11478807777166367
25690112,1105.333,training/kl_mean,0.0020966739393770695
25690112,1105.333,training/learning_rate,0.0003000000142492354
25690112,1105.333,training/policy_dist_max_loc,0.7990190982818604
25690112,1105.333,training/policy_dist_max_std,1.455064058303833
25690112,1105.333,training/policy_dist_mean_loc,-0.13027635216712952
25690112,1105.333,training/policy_dist_mean_std,0.7576143741607666
25690112,1105.333,training/policy_dist_min_loc,-0.9934780597686768
25690112,1105.333,training/policy_dist_min_std,0.39976590871810913
25690112,1105.333,training/policy_loss,-0.0007012251880951226
25690112,1105.333,training/total_loss,4.950146675109863
25690112,1105.333,training/v_loss,5.065636157989502
25690112,1105.333,eval/episode_reward,348.87213134765625
25690112,1105.333,eval/episode_reward/ctrl,-0.24499522149562836
25690112,1105.333,eval/episode_reward/forward,351.7662353515625
25690112,1105.333,eval/episode_reward/joint,-0.0914800763130188
25690112,1105.333,eval/episode_reward/orient,-2.557614326477051
25690112,1105.333,eval/episode_reward/total,348.87213134765625
25690112,1105.333,eval/episode_state/forward_vel,5.43436336517334
25690112,1105.333,eval/episode_state/up_z,978.0687866210938
25690112,1105.333,eval/episode_reward_std,17.507841110229492
25690112,1105.333,eval/episode_reward/ctrl_std,0.0028617207426577806
25690112,1105.333,eval/episode_reward/forward_std,17.246292114257812
25690112,1105.333,eval/episode_reward/joint_std,0.008147303946316242
25690112,1105.333,eval/episode_reward/orient_std,5.381428241729736
25690112,1105.333,eval/episode_reward/total_std,17.507841110229492
25690112,1105.333,eval/episode_state/forward_vel_std,10.481684684753418
25690112,1105.333,eval/episode_state/up_z_std,7.887148857116699
25690112,1105.333,eval/avg_episode_length,1000.0
25690112,1105.333,eval/std_episode_length,0.0
25690112,1105.333,eval/epoch_eval_time,8.040678262710571
25690112,1105.333,eval/sps,3979.763765502609
26214400,1118.107,episode/sps,25153.924081581124
26214400,1118.107,episode/length,1000.0
26214400,1118.107,episode/reward/ctrl,-0.24542933940887451
26214400,1118.107,episode/reward/forward,349.1142904663086
26214400,1118.107,episode/reward/joint,-0.09218782894313335
26214400,1118.107,episode/reward/orient,-14.24410678267479
26214400,1118.107,episode/reward/total,334.5325332641602
26214400,1118.107,episode/state/forward_vel,3.677537377886474
26214400,1118.107,episode/state/up_z,973.7120037841797
26214400,1118.107,episode/sum_reward,334.5325332641602
26214400,1118.107,episode/entropy_loss,-0.1148406071215868
26214400,1118.107,episode/kl_mean,0.0020546346806804647
26214400,1118.107,episode/learning_rate,0.0003000000142492354
26214400,1118.107,episode/policy_dist_max_loc,0.7830642992258072
26214400,1118.107,episode/policy_dist_max_std,1.4579800105094909
26214400,1118.107,episode/policy_dist_mean_loc,-0.13094415508210658
26214400,1118.107,episode/policy_dist_mean_std,0.7572811263799667
26214400,1118.107,episode/policy_dist_min_loc,-1.015977707505226
26214400,1118.107,episode/policy_dist_min_std,0.3848105728626251
26214400,1118.107,episode/policy_loss,-0.0005493063647736562
26214400,1118.107,episode/total_loss,6.6447691106796265
26214400,1118.107,episode/v_loss,6.760159038901329
26214400,1126.271,eval/walltime,441.73942613601685
26214400,1126.271,training/sps,40999.652607632364
26214400,1126.271,training/walltime,662.4845752716064
26214400,1126.271,training/entropy_loss,-0.11520464718341827
26214400,1126.271,training/kl_mean,0.0024207462556660175
26214400,1126.271,training/learning_rate,0.0003000000142492354
26214400,1126.271,training/policy_dist_max_loc,0.818793535232544
26214400,1126.271,training/policy_dist_max_std,1.4529781341552734
26214400,1126.271,training/policy_dist_mean_loc,-0.12642282247543335
26214400,1126.271,training/policy_dist_mean_std,0.7572744488716125
26214400,1126.271,training/policy_dist_min_loc,-0.9775105714797974
26214400,1126.271,training/policy_dist_min_std,0.36427831649780273
26214400,1126.271,training/policy_loss,-0.00033116331906057894
26214400,1126.271,training/total_loss,10.421217918395996
26214400,1126.271,training/v_loss,10.536754608154297
26214400,1126.271,eval/episode_reward,348.12896728515625
26214400,1126.271,eval/episode_reward/ctrl,-0.24657128751277924
26214400,1126.271,eval/episode_reward/forward,349.3256530761719
26214400,1126.271,eval/episode_reward/joint,-0.09145238250494003
26214400,1126.271,eval/episode_reward/orient,-0.8587505221366882
26214400,1126.271,eval/episode_reward/total,348.12896728515625
26214400,1126.271,eval/episode_state/forward_vel,3.934807300567627
26214400,1126.271,eval/episode_state/up_z,983.4163208007812
26214400,1126.271,eval/episode_reward_std,20.15985107421875
26214400,1126.271,eval/episode_reward/ctrl_std,0.0024239779449999332
26214400,1126.271,eval/episode_reward/forward_std,20.168292999267578
26214400,1126.271,eval/episode_reward/joint_std,0.00538973743095994
26214400,1126.271,eval/episode_reward/orient_std,0.5629149675369263
26214400,1126.271,eval/episode_reward/total_std,20.15985107421875
26214400,1126.271,eval/episode_state/forward_vel_std,12.533427238464355
26214400,1126.271,eval/episode_state/up_z_std,3.6341845989227295
26214400,1126.271,eval/avg_episode_length,1000.0
26214400,1126.271,eval/std_episode_length,0.0
26214400,1126.271,eval/epoch_eval_time,8.133304119110107
26214400,1126.271,eval/sps,3934.4403616744667
26738688,1139.017,episode/sps,25072.628954217653
26738688,1139.017,episode/length,1000.0
26738688,1139.017,episode/reward/ctrl,-0.24532017692923547
26738688,1139.017,episode/reward/forward,348.60323303222657
26738688,1139.017,episode/reward/joint,-0.08933692671358585
26738688,1139.017,episode/reward/orient,-1.9170458099246026
26738688,1139.017,episode/reward/total,346.3515249633789
26738688,1139.017,episode/state/forward_vel,3.157855974882841
26738688,1139.017,episode/state/up_z,980.5675555419922
26738688,1139.017,episode/sum_reward,346.3515249633789
26738688,1139.017,episode/entropy_loss,-0.11509967267513276
26738688,1139.017,episode/kl_mean,0.002080467551422771
26738688,1139.017,episode/learning_rate,0.0003000000142492354
26738688,1139.017,episode/policy_dist_max_loc,0.8120116412639617
26738688,1139.017,episode/policy_dist_max_std,1.4375973105430604
26738688,1139.017,episode/policy_dist_mean_loc,-0.1278954929858446
26738688,1139.017,episode/policy_dist_mean_std,0.7582166087627411
26738688,1139.017,episode/policy_dist_min_loc,-0.983814080953598
26738688,1139.017,episode/policy_dist_min_std,0.3817622011899948
26738688,1139.017,episode/policy_loss,-0.0005634470904624323
26738688,1139.017,episode/total_loss,8.116272424459458
26738688,1139.017,episode/v_loss,8.231935550570489
26738688,1147.172,eval/walltime,449.8630020618439
26738688,1147.172,training/sps,41090.84357978149
26738688,1147.172,training/walltime,675.2438168525696
26738688,1147.172,training/entropy_loss,-0.11535219848155975
26738688,1147.172,training/kl_mean,0.0016821898752823472
26738688,1147.172,training/learning_rate,0.0003000000142492354
26738688,1147.172,training/policy_dist_max_loc,0.8256010413169861
26738688,1147.172,training/policy_dist_max_std,1.4091070890426636
26738688,1147.172,training/policy_dist_mean_loc,-0.1262878179550171
26738688,1147.172,training/policy_dist_mean_std,0.7598405480384827
26738688,1147.172,training/policy_dist_min_loc,-0.9695818424224854
26738688,1147.172,training/policy_dist_min_std,0.38069432973861694
26738688,1147.172,training/policy_loss,-0.0005949961487203836
26738688,1147.172,training/total_loss,9.526163101196289
26738688,1147.172,training/v_loss,9.642110824584961
26738688,1147.172,eval/episode_reward,345.0177001953125
26738688,1147.172,eval/episode_reward/ctrl,-0.24572135508060455
26738688,1147.172,eval/episode_reward/forward,346.7765197753906
26738688,1147.172,eval/episode_reward/joint,-0.09047083556652069
26738688,1147.172,eval/episode_reward/orient,-1.422611117362976
26738688,1147.172,eval/episode_reward/total,345.0177001953125
26738688,1147.172,eval/episode_state/forward_vel,1.5964272022247314
26738688,1147.172,eval/episode_state/up_z,982.5157470703125
26738688,1147.172,eval/episode_reward_std,24.804641723632812
26738688,1147.172,eval/episode_reward/ctrl_std,0.002175124827772379
26738688,1147.172,eval/episode_reward/forward_std,23.944538116455078
26738688,1147.172,eval/episode_reward/joint_std,0.005434803199023008
26738688,1147.172,eval/episode_reward/orient_std,2.3378450870513916
26738688,1147.172,eval/episode_reward/total_std,24.804641723632812
26738688,1147.172,eval/episode_state/forward_vel_std,14.815205574035645
26738688,1147.172,eval/episode_state/up_z_std,6.08642053604126
26738688,1147.172,eval/avg_episode_length,1000.0
26738688,1147.172,eval/std_episode_length,0.0
26738688,1147.172,eval/epoch_eval_time,8.123575925827026
26738688,1147.172,eval/sps,3939.1519562540702
27262976,1159.895,episode/sps,25112.54881691058
27262976,1159.895,episode/length,1000.0
27262976,1159.895,episode/reward/ctrl,-0.2458179211616516
27262976,1159.895,episode/reward/forward,348.37376373291016
27262976,1159.895,episode/reward/joint,-0.09063469305634499
27262976,1159.895,episode/reward/orient,-28.794088937193155
27262976,1159.895,episode/reward/total,319.24320343017575
27262976,1159.895,episode/state/forward_vel,3.0928984853625296
27262976,1159.895,episode/state/up_z,966.969439086914
27262976,1159.895,episode/sum_reward,319.24320343017575
27262976,1159.895,episode/entropy_loss,-0.11533404745161534
27262976,1159.895,episode/kl_mean,0.0019386749359546229
27262976,1159.895,episode/learning_rate,0.0003000000142492354
27262976,1159.895,episode/policy_dist_max_loc,0.8277495986223221
27262976,1159.895,episode/policy_dist_max_std,1.4344403505325318
27262976,1159.895,episode/policy_dist_mean_loc,-0.12559410355985165
27262976,1159.895,episode/policy_dist_mean_std,0.7589803379774094
27262976,1159.895,episode/policy_dist_min_loc,-0.9814228880405426
27262976,1159.895,episode/policy_dist_min_std,0.37570726305246355
27262976,1159.895,episode/policy_loss,-0.00046839872979035133
27262976,1159.895,episode/total_loss,10.069477660655975
27262976,1159.895,episode/v_loss,10.185280120372772
27262976,1168.013,eval/walltime,457.952166557312
27262976,1168.013,training/sps,41165.09994874166
27262976,1168.013,training/walltime,687.9800424575806
27262976,1168.013,training/entropy_loss,-0.11551425606012344
27262976,1168.013,training/kl_mean,0.001605366705916822
27262976,1168.013,training/learning_rate,0.0003000000142492354
27262976,1168.013,training/policy_dist_max_loc,0.8409436941146851
27262976,1168.013,training/policy_dist_max_std,1.4349421262741089
27262976,1168.013,training/policy_dist_mean_loc,-0.12332484126091003
27262976,1168.013,training/policy_dist_mean_std,0.7600795030593872
27262976,1168.013,training/policy_dist_min_loc,-0.9951014518737793
27262976,1168.013,training/policy_dist_min_std,0.37579524517059326
27262976,1168.013,training/policy_loss,-0.0003614043234847486
27262976,1168.013,training/total_loss,10.845725059509277
27262976,1168.013,training/v_loss,10.961601257324219
27262976,1168.013,eval/episode_reward,342.75177001953125
27262976,1168.013,eval/episode_reward/ctrl,-0.2455063760280609
27262976,1168.013,eval/episode_reward/forward,344.70404052734375
27262976,1168.013,eval/episode_reward/joint,-0.08681268990039825
27262976,1168.013,eval/episode_reward/orient,-1.619986891746521
27262976,1168.013,eval/episode_reward/total,342.75177001953125
27262976,1168.013,eval/episode_state/forward_vel,1.6950914859771729
27262976,1168.013,eval/episode_state/up_z,982.065673828125
27262976,1168.013,eval/episode_reward_std,26.236591339111328
27262976,1168.013,eval/episode_reward/ctrl_std,0.0021154459100216627
27262976,1168.013,eval/episode_reward/forward_std,25.307899475097656
27262976,1168.013,eval/episode_reward/joint_std,0.005445682443678379
27262976,1168.013,eval/episode_reward/orient_std,2.203341484069824
27262976,1168.013,eval/episode_reward/total_std,26.236591339111328
27262976,1168.013,eval/episode_state/forward_vel_std,15.959749221801758
27262976,1168.013,eval/episode_state/up_z_std,5.588743209838867
27262976,1168.013,eval/avg_episode_length,1000.0
27262976,1168.013,eval/std_episode_length,0.0
27262976,1168.013,eval/epoch_eval_time,8.08916449546814
27262976,1168.013,eval/sps,3955.909169349644
27787264,1180.777,episode/sps,25107.606243172744
27787264,1180.777,episode/length,1000.0
27787264,1180.777,episode/reward/ctrl,-0.2463545261323452
27787264,1180.777,episode/reward/forward,349.58116455078124
27787264,1180.777,episode/reward/joint,-0.08962981276214123
27787264,1180.777,episode/reward/orient,-9.461357722580432
27787264,1180.777,episode/reward/total,339.7837615966797
27787264,1180.777,episode/state/forward_vel,4.027798991054296
27787264,1180.777,episode/state/up_z,977.6124743652343
27787264,1180.777,episode/sum_reward,339.7837615966797
27787264,1180.777,episode/entropy_loss,-0.11547451674938201
27787264,1180.777,episode/kl_mean,0.0018728218237811234
27787264,1180.777,episode/learning_rate,0.0003000000142492354
27787264,1180.777,episode/policy_dist_max_loc,0.8703485828638077
27787264,1180.777,episode/policy_dist_max_std,1.4108084917068482
27787264,1180.777,episode/policy_dist_mean_loc,-0.12300408869981766
27787264,1180.777,episode/policy_dist_mean_std,0.7606163930892944
27787264,1180.777,episode/policy_dist_min_loc,-1.0110597276687623
27787264,1180.777,episode/policy_dist_min_std,0.372809199988842
27787264,1180.777,episode/policy_loss,-0.000536088732915232
27787264,1180.777,episode/total_loss,10.153270939588547
27787264,1180.777,episode/v_loss,10.269281566143036
27787264,1188.880,eval/walltime,466.02544689178467
27787264,1188.880,training/sps,41034.30692187509
27787264,1188.880,training/walltime,700.7568635940552
27787264,1188.880,training/entropy_loss,-0.11560003459453583
27787264,1188.880,training/kl_mean,0.0022242157720029354
27787264,1188.880,training/learning_rate,0.0003000000142492354
27787264,1188.880,training/policy_dist_max_loc,0.953551173210144
27787264,1188.880,training/policy_dist_max_std,1.375814437866211
27787264,1188.880,training/policy_dist_mean_loc,-0.11854571104049683
27787264,1188.880,training/policy_dist_mean_std,0.7620494365692139
27787264,1188.880,training/policy_dist_min_loc,-1.06698477268219
27787264,1188.880,training/policy_dist_min_std,0.3607948124408722
27787264,1188.880,training/policy_loss,-0.0006023631431162357
27787264,1188.880,training/total_loss,9.942712783813477
27787264,1188.880,training/v_loss,10.058914184570312
27787264,1188.880,eval/episode_reward,349.4970397949219
27787264,1188.880,eval/episode_reward/ctrl,-0.24619382619857788
27787264,1188.880,eval/episode_reward/forward,351.2154541015625
27787264,1188.880,eval/episode_reward/joint,-0.08714480698108673
27787264,1188.880,eval/episode_reward/orient,-1.385012149810791
27787264,1188.880,eval/episode_reward/total,349.4970397949219
27787264,1188.880,eval/episode_state/forward_vel,5.305271148681641
27787264,1188.880,eval/episode_state/up_z,982.1046752929688
27787264,1188.880,eval/episode_reward_std,20.620128631591797
27787264,1188.880,eval/episode_reward/ctrl_std,0.0025014029815793037
27787264,1188.880,eval/episode_reward/forward_std,21.136735916137695
27787264,1188.880,eval/episode_reward/joint_std,0.006730881053954363
27787264,1188.880,eval/episode_reward/orient_std,1.7452911138534546
27787264,1188.880,eval/episode_reward/total_std,20.620128631591797
27787264,1188.880,eval/episode_state/forward_vel_std,14.09859561920166
27787264,1188.880,eval/episode_state/up_z_std,6.871121406555176
27787264,1188.880,eval/avg_episode_length,1000.0
27787264,1188.880,eval/std_episode_length,0.0
27787264,1188.880,eval/epoch_eval_time,8.073280334472656
27787264,1188.880,eval/sps,3963.6924117896656
28311552,1201.635,episode/sps,25135.220449471653
28311552,1201.635,episode/length,1000.0
28311552,1201.635,episode/reward/ctrl,-0.2462581390142441
28311552,1201.635,episode/reward/forward,345.2609625244141
28311552,1201.635,episode/reward/joint,-0.08818749621510506
28311552,1201.635,episode/reward/orient,-24.534056266099213
28311552,1201.635,episode/reward/total,320.39242279052735
28311552,1201.635,episode/state/forward_vel,1.3439189804345368
28311552,1201.635,episode/state/up_z,969.2175186157226
28311552,1201.635,episode/sum_reward,320.39242279052735
28311552,1201.635,episode/entropy_loss,-0.11561176419258118
28311552,1201.635,episode/kl_mean,0.0021553636646422093
28311552,1201.635,episode/learning_rate,0.0003000000142492354
28311552,1201.635,episode/policy_dist_max_loc,0.935020557641983
28311552,1201.635,episode/policy_dist_max_std,1.4144652116298675
28311552,1201.635,episode/policy_dist_mean_loc,-0.11805308073759078
28311552,1201.635,episode/policy_dist_mean_std,0.7613839185237885
28311552,1201.635,episode/policy_dist_min_loc,-1.008587651848793
28311552,1201.635,episode/policy_dist_min_std,0.3639493450522423
28311552,1201.635,episode/policy_loss,-0.0006299969303654507
28311552,1201.635,episode/total_loss,8.933920205831528
28311552,1201.635,episode/v_loss,9.050161991119385
28311552,1209.742,eval/walltime,474.1011817455292
28311552,1209.742,training/sps,41061.449378621175
28311552,1209.742,training/walltime,713.5252389907837
28311552,1209.742,training/entropy_loss,-0.11575070768594742
28311552,1209.742,training/kl_mean,0.002549275755882263
28311552,1209.742,training/learning_rate,0.0003000000142492354
28311552,1209.742,training/policy_dist_max_loc,1.0217080116271973
28311552,1209.742,training/policy_dist_max_std,1.4363634586334229
28311552,1209.742,training/policy_dist_mean_loc,-0.11119382083415985
28311552,1209.742,training/policy_dist_mean_std,0.76212477684021
28311552,1209.742,training/policy_dist_min_loc,-0.9707115888595581
28311552,1209.742,training/policy_dist_min_std,0.35029488801956177
28311552,1209.742,training/policy_loss,-0.0008209559600800276
28311552,1209.742,training/total_loss,5.930199146270752
28311552,1209.742,training/v_loss,6.0467705726623535
28311552,1209.742,eval/episode_reward,298.83880615234375
28311552,1209.742,eval/episode_reward/ctrl,-0.24737560749053955
28311552,1209.742,eval/episode_reward/forward,350.4747314453125
28311552,1209.742,eval/episode_reward/joint,-0.08850328624248505
28311552,1209.742,eval/episode_reward/orient,-51.30004119873047
28311552,1209.742,eval/episode_reward/total,298.83880615234375
28311552,1209.742,eval/episode_state/forward_vel,4.55112361907959
28311552,1209.742,eval/episode_state/up_z,954.2159423828125
28311552,1209.742,eval/episode_reward_std,280.461669921875
28311552,1209.742,eval/episode_reward/ctrl_std,0.0021295808255672455
28311552,1209.742,eval/episode_reward/forward_std,18.236860275268555
28311552,1209.742,eval/episode_reward/joint_std,0.00569714093580842
28311552,1209.742,eval/episode_reward/orient_std,274.30706787109375
28311552,1209.742,eval/episode_reward/total_std,280.461669921875
28311552,1209.742,eval/episode_state/forward_vel_std,10.726292610168457
28311552,1209.742,eval/episode_state/up_z_std,144.95669555664062
28311552,1209.742,eval/avg_episode_length,1000.0
28311552,1209.742,eval/std_episode_length,0.0
28311552,1209.742,eval/epoch_eval_time,8.075734853744507
28311552,1209.742,eval/sps,3962.4876967279874
28835840,1222.490,episode/sps,25140.072158418472
28835840,1222.490,episode/length,1000.0
28835840,1222.490,episode/reward/ctrl,-0.24650600880384446
28835840,1222.490,episode/reward/forward,352.7708462524414
28835840,1222.490,episode/reward/joint,-0.0874635349959135
28835840,1222.490,episode/reward/orient,-31.77616339802742
28835840,1222.490,episode/reward/total,320.6606930541992
28835840,1222.490,episode/state/forward_vel,6.3426650463044645
28835840,1222.490,episode/state/up_z,964.542241821289
28835840,1222.490,episode/sum_reward,320.6606930541992
28835840,1222.490,episode/entropy_loss,-0.11572623297572136
28835840,1222.490,episode/kl_mean,0.0023340110981371256
28835840,1222.490,episode/learning_rate,0.0003000000142492354
28835840,1222.490,episode/policy_dist_max_loc,0.9810316455364227
28835840,1222.490,episode/policy_dist_max_std,1.4073898673057557
28835840,1222.490,episode/policy_dist_mean_loc,-0.11278841249644757
28835840,1222.490,episode/policy_dist_mean_std,0.7630722028017044
28835840,1222.490,episode/policy_dist_min_loc,-1.0232303327322005
28835840,1222.490,episode/policy_dist_min_std,0.3612284317612648
28835840,1222.490,episode/policy_loss,-0.00076455284266558
28835840,1222.490,episode/total_loss,7.223463631868363
28835840,1222.490,episode/v_loss,7.339954447746277
28835840,1230.552,eval/walltime,482.12867522239685
28835840,1230.552,training/sps,41084.08632596319
28835840,1230.552,training/walltime,726.2865791320801
28835840,1230.552,training/entropy_loss,-0.11585119366645813
28835840,1230.552,training/kl_mean,0.002182388212531805
28835840,1230.552,training/learning_rate,0.0003000000142492354
28835840,1230.552,training/policy_dist_max_loc,0.9830482602119446
28835840,1230.552,training/policy_dist_max_std,1.4131746292114258
28835840,1230.552,training/policy_dist_mean_loc,-0.10727637261152267
28835840,1230.552,training/policy_dist_mean_std,0.765277624130249
28835840,1230.552,training/policy_dist_min_loc,-1.0241743326187134
28835840,1230.552,training/policy_dist_min_std,0.37074965238571167
28835840,1230.552,training/policy_loss,-0.0008351486176252365
28835840,1230.552,training/total_loss,5.1340131759643555
28835840,1230.552,training/v_loss,5.250699043273926
28835840,1230.552,eval/episode_reward,325.1175537109375
28835840,1230.552,eval/episode_reward/ctrl,-0.24710698425769806
28835840,1230.552,eval/episode_reward/forward,350.0064697265625
28835840,1230.552,eval/episode_reward/joint,-0.08636660873889923
28835840,1230.552,eval/episode_reward/orient,-24.555387496948242
28835840,1230.552,eval/episode_reward/total,325.1175537109375
28835840,1230.552,eval/episode_state/forward_vel,4.466674327850342
28835840,1230.552,eval/episode_state/up_z,967.9075927734375
28835840,1230.552,eval/episode_reward_std,126.12798309326172
28835840,1230.552,eval/episode_reward/ctrl_std,0.0019927695393562317
28835840,1230.552,eval/episode_reward/forward_std,21.87025260925293
28835840,1230.552,eval/episode_reward/joint_std,0.004816754721105099
28835840,1230.552,eval/episode_reward/orient_std,115.12360382080078
28835840,1230.552,eval/episode_reward/total_std,126.12798309326172
28835840,1230.552,eval/episode_state/forward_vel_std,13.12229061126709
28835840,1230.552,eval/episode_state/up_z_std,64.93983459472656
28835840,1230.552,eval/avg_episode_length,1000.0
28835840,1230.552,eval/std_episode_length,0.0
28835840,1230.552,eval/epoch_eval_time,8.027493476867676
28835840,1230.552,eval/sps,3986.30034296663
29360128,1243.270,episode/sps,25230.78615916061
29360128,1243.270,episode/length,1000.0
29360128,1243.270,episode/reward/ctrl,-0.24644523188471795
29360128,1243.270,episode/reward/forward,351.94850494384764
29360128,1243.270,episode/reward/joint,-0.08535103254020214
29360128,1243.270,episode/reward/orient,-2.2485412739217283
29360128,1243.270,episode/reward/total,349.3681661987305
29360128,1243.270,episode/state/forward_vel,5.383253245651722
29360128,1243.270,episode/state/up_z,980.5762091064453
29360128,1243.270,episode/sum_reward,349.3681661987305
29360128,1243.270,episode/entropy_loss,-0.11588157206773758
29360128,1243.270,episode/kl_mean,0.002384073868597625
29360128,1243.270,episode/learning_rate,0.0003000000142492354
29360128,1243.270,episode/policy_dist_max_loc,1.0102980506420136
29360128,1243.270,episode/policy_dist_max_std,1.4293287324905395
29360128,1243.270,episode/policy_dist_mean_loc,-0.10690649852156639
29360128,1243.270,episode/policy_dist_mean_std,0.7642633903026581
29360128,1243.270,episode/policy_dist_min_loc,-0.9875832295417786
29360128,1243.270,episode/policy_dist_min_std,0.36442640334367754
29360128,1243.270,episode/policy_loss,-0.0008311358093487797
29360128,1243.270,episode/total_loss,5.928969495296478
29360128,1243.270,episode/v_loss,6.045682191848755
29360128,1251.375,eval/walltime,490.20501708984375
29360128,1251.375,training/sps,41184.40248650776
29360128,1251.375,training/walltime,739.0168354511261
29360128,1251.375,training/entropy_loss,-0.11605772376060486
29360128,1251.375,training/kl_mean,0.002242134418338537
29360128,1251.375,training/learning_rate,0.0003000000142492354
29360128,1251.375,training/policy_dist_max_loc,1.0295164585113525
29360128,1251.375,training/policy_dist_max_std,1.443825602531433
29360128,1251.375,training/policy_dist_mean_loc,-0.10110194981098175
29360128,1251.375,training/policy_dist_mean_std,0.765580952167511
29360128,1251.375,training/policy_dist_min_loc,-0.9566740989685059
29360128,1251.375,training/policy_dist_min_std,0.3729294538497925
29360128,1251.375,training/policy_loss,-0.0007873172871768475
29360128,1251.375,training/total_loss,6.172745227813721
29360128,1251.375,training/v_loss,6.289589881896973
29360128,1251.375,eval/episode_reward,296.29888916015625
29360128,1251.375,eval/episode_reward/ctrl,-0.247862309217453
29360128,1251.375,eval/episode_reward/forward,352.4880065917969
29360128,1251.375,eval/episode_reward/joint,-0.08405709266662598
29360128,1251.375,eval/episode_reward/orient,-55.85702896118164
29360128,1251.375,eval/episode_reward/total,296.29888916015625
29360128,1251.375,eval/episode_state/forward_vel,6.571557521820068
29360128,1251.375,eval/episode_state/up_z,952.26806640625
29360128,1251.375,eval/episode_reward_std,240.51602172851562
29360128,1251.375,eval/episode_reward/ctrl_std,0.0017857694765552878
29360128,1251.375,eval/episode_reward/forward_std,26.984132766723633
29360128,1251.375,eval/episode_reward/joint_std,0.005145628470927477
29360128,1251.375,eval/episode_reward/orient_std,244.03048706054688
29360128,1251.375,eval/episode_reward/total_std,240.51602172851562
29360128,1251.375,eval/episode_state/forward_vel_std,16.957033157348633
29360128,1251.375,eval/episode_state/up_z_std,130.82293701171875
29360128,1251.375,eval/avg_episode_length,1000.0
29360128,1251.375,eval/std_episode_length,0.0
29360128,1251.375,eval/epoch_eval_time,8.0763418674469
29360128,1251.375,eval/sps,3962.1898781899718
29884416,1264.054,episode/sps,25225.04516622165
29884416,1264.054,episode/length,1000.0
29884416,1264.054,episode/reward/ctrl,-0.24741747602820396
29884416,1264.054,episode/reward/forward,352.1805661010742
29884416,1264.054,episode/reward/joint,-0.08492785200476646
29884416,1264.054,episode/reward/orient,-23.92926467448473
29884416,1264.054,episode/reward/total,327.91892822265623
29884416,1264.054,episode/state/forward_vel,5.648323203474283
29884416,1264.054,episode/state/up_z,970.6188467407227
29884416,1264.054,episode/sum_reward,327.91892822265623
29884416,1264.054,episode/entropy_loss,-0.11600228652358055
29884416,1264.054,episode/kl_mean,0.0023759740966488607
29884416,1264.054,episode/learning_rate,0.0003000000142492354
29884416,1264.054,episode/policy_dist_max_loc,1.0453219312429427
29884416,1264.054,episode/policy_dist_max_std,1.4372694933414458
29884416,1264.054,episode/policy_dist_mean_loc,-0.10297802433371545
29884416,1264.054,episode/policy_dist_mean_std,0.7656642329692841
29884416,1264.054,episode/policy_dist_min_loc,-1.005739912390709
29884416,1264.054,episode/policy_dist_min_std,0.36818632662296297
29884416,1264.054,episode/policy_loss,-0.0008259851196635282
29884416,1264.054,episode/total_loss,5.992193584442139
29884416,1264.054,episode/v_loss,6.109021842479706
29884416,1272.103,eval/walltime,498.2232847213745
29884416,1272.103,training/sps,41305.84164462006
29884416,1272.103,training/walltime,751.7096648216248
29884416,1272.103,training/entropy_loss,-0.11611860245466232
29884416,1272.103,training/kl_mean,0.002423848956823349
29884416,1272.103,training/learning_rate,0.0003000000142492354
29884416,1272.103,training/policy_dist_max_loc,1.123295545578003
29884416,1272.103,training/policy_dist_max_std,1.4546165466308594
29884416,1272.103,training/policy_dist_mean_loc,-0.09988651424646378
29884416,1272.103,training/policy_dist_mean_std,0.7663946747779846
29884416,1272.103,training/policy_dist_min_loc,-1.0383892059326172
29884416,1272.103,training/policy_dist_min_std,0.3622737526893616
29884416,1272.103,training/policy_loss,-0.0007695687236264348
29884416,1272.103,training/total_loss,6.574866771697998
29884416,1272.103,training/v_loss,6.691755294799805
29884416,1272.103,eval/episode_reward,337.42816162109375
29884416,1272.103,eval/episode_reward/ctrl,-0.2481292486190796
29884416,1272.103,eval/episode_reward/forward,351.81951904296875
29884416,1272.103,eval/episode_reward/joint,-0.0837247371673584
29884416,1272.103,eval/episode_reward/orient,-14.059446334838867
29884416,1272.103,eval/episode_reward/total,337.42816162109375
29884416,1272.103,eval/episode_state/forward_vel,5.689126014709473
29884416,1272.103,eval/episode_state/up_z,975.2940673828125
29884416,1272.103,eval/episode_reward_std,70.65216827392578
29884416,1272.103,eval/episode_reward/ctrl_std,0.0020904855336993933
29884416,1272.103,eval/episode_reward/forward_std,22.830066680908203
29884416,1272.103,eval/episode_reward/joint_std,0.005185981746762991
29884416,1272.103,eval/episode_reward/orient_std,69.84225463867188
29884416,1272.103,eval/episode_reward/total_std,70.65216827392578
29884416,1272.103,eval/episode_state/forward_vel_std,15.640629768371582
29884416,1272.103,eval/episode_state/up_z_std,44.36683654785156
29884416,1272.103,eval/avg_episode_length,1000.0
29884416,1272.103,eval/std_episode_length,0.0
29884416,1272.103,eval/epoch_eval_time,8.018267631530762
29884416,1272.103,eval/sps,3990.886993365536
30408704,1284.784,episode/sps,25291.827737804888
30408704,1284.784,episode/length,1000.0
30408704,1284.784,episode/reward/ctrl,-0.24817924872040747
30408704,1284.784,episode/reward/forward,354.2551010131836
30408704,1284.784,episode/reward/joint,-0.08458181299269199
30408704,1284.784,episode/reward/orient,-4.740774715393782
30408704,1284.784,episode/reward/total,349.18157440185547
30408704,1284.784,episode/state/forward_vel,7.304413316696882
30408704,1284.784,episode/state/up_z,980.0518548583984
30408704,1284.784,episode/sum_reward,349.18157440185547
30408704,1284.784,episode/entropy_loss,-0.11615734793245792
30408704,1284.784,episode/kl_mean,0.002269223596522352
30408704,1284.784,episode/learning_rate,0.0003000000142492354
30408704,1284.784,episode/policy_dist_max_loc,1.0854652088880539
30408704,1284.784,episode/policy_dist_max_std,1.4458642625808715
30408704,1284.784,episode/policy_dist_mean_loc,-0.09951911181211472
30408704,1284.784,episode/policy_dist_mean_std,0.7668649059534073
30408704,1284.784,episode/policy_dist_min_loc,-1.0231330984830855
30408704,1284.784,episode/policy_dist_min_std,0.3675633382797241
30408704,1284.784,episode/policy_loss,-0.0007171458473749226
30408704,1284.784,episode/total_loss,7.11628562450409
30408704,1284.784,episode/v_loss,7.233160092830658
30408704,1292.864,eval/walltime,506.2743146419525
30408704,1292.864,training/sps,41306.49339196076
30408704,1292.864,training/walltime,764.402293920517
30408704,1292.864,training/entropy_loss,-0.11632607132196426
30408704,1292.864,training/kl_mean,0.0018737954087555408
30408704,1292.864,training/learning_rate,0.0003000000142492354
30408704,1292.864,training/policy_dist_max_loc,1.1115282773971558
30408704,1292.864,training/policy_dist_max_std,1.444278359413147
30408704,1292.864,training/policy_dist_mean_loc,-0.09708496928215027
30408704,1292.864,training/policy_dist_mean_std,0.7688664197921753
30408704,1292.864,training/policy_dist_min_loc,-1.0716443061828613
30408704,1292.864,training/policy_dist_min_std,0.36909836530685425
30408704,1292.864,training/policy_loss,-0.0004925500834360719
30408704,1292.864,training/total_loss,8.960922241210938
30408704,1292.864,training/v_loss,9.077740669250488
30408704,1292.864,eval/episode_reward,310.7713623046875
30408704,1292.864,eval/episode_reward/ctrl,-0.2490607649087906
30408704,1292.864,eval/episode_reward/forward,347.58941650390625
30408704,1292.864,eval/episode_reward/joint,-0.08407053351402283
30408704,1292.864,eval/episode_reward/orient,-36.48481750488281
30408704,1292.864,eval/episode_reward/total,310.7713623046875
30408704,1292.864,eval/episode_state/forward_vel,3.1589999198913574
30408704,1292.864,eval/episode_state/up_z,963.4169921875
30408704,1292.864,eval/episode_reward_std,140.37977600097656
30408704,1292.864,eval/episode_reward/ctrl_std,0.0016823281766846776
30408704,1292.864,eval/episode_reward/forward_std,26.701366424560547
30408704,1292.864,eval/episode_reward/joint_std,0.005851054098457098
30408704,1292.864,eval/episode_reward/orient_std,128.16575622558594
30408704,1292.864,eval/episode_reward/total_std,140.37977600097656
30408704,1292.864,eval/episode_state/forward_vel_std,15.982254028320312
30408704,1292.864,eval/episode_state/up_z_std,71.98723602294922
30408704,1292.864,eval/avg_episode_length,1000.0
30408704,1292.864,eval/std_episode_length,0.0
30408704,1292.864,eval/epoch_eval_time,8.051029920578003
30408704,1292.864,eval/sps,3974.6467614298276
30932992,1305.497,episode/sps,25310.996568921557
30932992,1305.497,episode/length,1000.0
30932992,1305.497,episode/reward/ctrl,-0.2483964166045189
30932992,1305.497,episode/reward/forward,351.59934692382814
30932992,1305.497,episode/reward/joint,-0.08268530420958996
30932992,1305.497,episode/reward/orient,-3.4761492116749286
30932992,1305.497,episode/reward/total,347.79207092285156
30932992,1305.497,episode/state/forward_vel,5.636546643227339
30932992,1305.497,episode/state/up_z,980.7632659912109
30932992,1305.497,episode/sum_reward,347.79207092285156
30932992,1305.497,episode/entropy_loss,-0.11626669399440288
30932992,1305.497,episode/kl_mean,0.002159100759163266
30932992,1305.497,episode/learning_rate,0.0003000000142492354
30932992,1305.497,episode/policy_dist_max_loc,1.1287556964159011
30932992,1305.497,episode/policy_dist_max_std,1.4231244671344756
30932992,1305.497,episode/policy_dist_mean_loc,-0.09816907152533531
30932992,1305.497,episode/policy_dist_mean_std,0.7688095635175705
30932992,1305.497,episode/policy_dist_min_loc,-1.0309362131357194
30932992,1305.497,episode/policy_dist_min_std,0.37259231746196747
30932992,1305.497,episode/policy_loss,-0.0006741659602994332
30932992,1305.497,episode/total_loss,7.733806608915329
30932992,1305.497,episode/v_loss,7.850747437477112
30932992,1313.544,eval/walltime,514.2913365364075
30932992,1313.544,training/sps,41456.748250233606
30932992,1313.544,training/walltime,777.0489201545715
30932992,1313.544,training/entropy_loss,-0.11638028174638748
30932992,1313.544,training/kl_mean,0.0019968526903539896
30932992,1313.544,training/learning_rate,0.0003000000142492354
30932992,1313.544,training/policy_dist_max_loc,1.1599469184875488
30932992,1313.544,training/policy_dist_max_std,1.3699193000793457
30932992,1313.544,training/policy_dist_mean_loc,-0.09716835618019104
30932992,1313.544,training/policy_dist_mean_std,0.7713884115219116
30932992,1313.544,training/policy_dist_min_loc,-0.989774227142334
30932992,1313.544,training/policy_dist_min_std,0.3877151310443878
30932992,1313.544,training/policy_loss,-0.0006490327650681138
30932992,1313.544,training/total_loss,7.903853416442871
30932992,1313.544,training/v_loss,8.020881652832031
30932992,1313.544,eval/episode_reward,228.28912353515625
30932992,1313.544,eval/episode_reward/ctrl,-0.24914252758026123
30932992,1313.544,eval/episode_reward/forward,348.9296569824219
30932992,1313.544,eval/episode_reward/joint,-0.08288614451885223
30932992,1313.544,eval/episode_reward/orient,-120.30853271484375
30932992,1313.544,eval/episode_reward/total,228.28912353515625
30932992,1313.544,eval/episode_state/forward_vel,4.369131565093994
30932992,1313.544,eval/episode_state/up_z,922.3881225585938
30932992,1313.544,eval/episode_reward_std,657.76513671875
30932992,1313.544,eval/episode_reward/ctrl_std,0.0024844601284712553
30932992,1313.544,eval/episode_reward/forward_std,23.58643341064453
30932992,1313.544,eval/episode_reward/joint_std,0.006775605957955122
30932992,1313.544,eval/episode_reward/orient_std,653.4048461914062
30932992,1313.544,eval/episode_reward/total_std,657.76513671875
30932992,1313.544,eval/episode_state/forward_vel_std,15.081174850463867
30932992,1313.544,eval/episode_state/up_z_std,329.5606689453125
30932992,1313.544,eval/avg_episode_length,1000.0
30932992,1313.544,eval/std_episode_length,0.0
30932992,1313.544,eval/epoch_eval_time,8.017021894454956
30932992,1313.544,eval/sps,3991.5071233787053
