step,wall_time_s,metric,value
0,60.044,eval/walltime,48.06186485290527
0,60.044,eval/episode_reward,-1068.9205322265625
0,60.044,eval/episode_reward/ctrl,-0.24479429423809052
0,60.044,eval/episode_reward/forward,345.16607666015625
0,60.044,eval/episode_reward/joint,-0.09702695906162262
0,60.044,eval/episode_reward/orient,-1413.744873046875
0,60.044,eval/episode_reward/total,-1068.9205322265625
0,60.044,eval/episode_state/forward_vel,3.611278772354126
0,60.044,eval/episode_state/up_z,57.896263122558594
0,60.044,eval/episode_reward_std,1140.5079345703125
0,60.044,eval/episode_reward/ctrl_std,0.0018631898565217853
0,60.044,eval/episode_reward/forward_std,32.009483337402344
0,60.044,eval/episode_reward/joint_std,0.005797131452709436
0,60.044,eval/episode_reward/orient_std,1149.02783203125
0,60.044,eval/episode_reward/total_std,1140.5079345703125
0,60.044,eval/episode_state/forward_vel_std,19.688129425048828
0,60.044,eval/episode_state/up_z_std,525.9241943359375
0,60.044,eval/avg_episode_length,1000.0
0,60.044,eval/std_episode_length,0.0
0,60.044,eval/epoch_eval_time,48.06186485290527
0,60.044,eval/sps,665.8085385978452
524288,149.308,episode/sps,3663.5855123201063
524288,149.308,episode/length,1000.0
524288,149.308,episode/reward/ctrl,-0.24487882167100905
524288,149.308,episode/reward/forward,344.8284780883789
524288,149.308,episode/reward/joint,-0.09768002524971962
524288,149.308,episode/reward/orient,-1714.4021939849854
524288,149.308,episode/reward/total,-1369.916020898819
524288,149.308,episode/state/forward_vel,3.227694120258093
524288,149.308,episode/state/up_z,-89.77754259109497
524288,149.308,episode/sum_reward,-1369.916020898819
524288,149.308,episode/entropy_loss,-0.11505291983485222
524288,149.308,episode/kl_mean,3.095991052687168
524288,149.308,episode/learning_rate,0.0003000000142492354
524288,149.308,episode/policy_dist_max_loc,1.2274917364120483
524288,149.308,episode/policy_dist_max_std,1.6212487034499645
524288,149.308,episode/policy_dist_mean_loc,0.0037602630618494004
524288,149.308,episode/policy_dist_mean_std,0.6950012221932411
524288,149.308,episode/policy_dist_min_loc,-1.0488524567335844
524288,149.308,episode/policy_dist_min_std,0.19554288871586323
524288,149.308,episode/policy_loss,0.39392522536218166
524288,149.308,episode/total_loss,249.79781484603882
524288,149.308,episode/v_loss,249.51894092559814
524288,194.031,eval/walltime,92.7591781616211
524288,194.031,training/sps,5873.513625944093
524288,194.031,training/walltime,89.26309418678284
524288,194.031,training/entropy_loss,-0.11505292356014252
524288,194.031,training/kl_mean,3.0959911346435547
524288,194.031,training/learning_rate,0.0003000000142492354
524288,194.031,training/policy_dist_max_loc,1.2274917364120483
524288,194.031,training/policy_dist_max_std,1.621248722076416
524288,194.031,training/policy_dist_mean_loc,0.003760263090953231
524288,194.031,training/policy_dist_mean_std,0.6950012445449829
524288,194.031,training/policy_dist_min_loc,-1.0488524436950684
524288,194.031,training/policy_dist_min_std,0.19554288685321808
524288,194.031,training/policy_loss,0.3939252197742462
524288,194.031,training/total_loss,249.79782104492188
524288,194.031,training/v_loss,249.51893615722656
524288,194.031,eval/episode_reward,-1482.13818359375
524288,194.031,eval/episode_reward/ctrl,-0.2242879569530487
524288,194.031,eval/episode_reward/forward,323.51129150390625
524288,194.031,eval/episode_reward/joint,-0.04846857115626335
524288,194.031,eval/episode_reward/orient,-1805.37646484375
524288,194.031,eval/episode_reward/total,-1482.13818359375
524288,194.031,eval/episode_state/forward_vel,-10.140122413635254
524288,194.031,eval/episode_state/up_z,-123.08338928222656
524288,194.031,eval/episode_reward_std,766.585205078125
524288,194.031,eval/episode_reward/ctrl_std,0.0056830826215445995
524288,194.031,eval/episode_reward/forward_std,29.523176193237305
524288,194.031,eval/episode_reward/joint_std,0.013262264430522919
524288,194.031,eval/episode_reward/orient_std,759.3775634765625
524288,194.031,eval/episode_reward/total_std,766.585205078125
524288,194.031,eval/episode_state/forward_vel_std,17.047996520996094
524288,194.031,eval/episode_state/up_z_std,360.9711608886719
524288,194.031,eval/avg_episode_length,1000.0
524288,194.031,eval/std_episode_length,0.0
524288,194.031,eval/epoch_eval_time,44.69731330871582
524288,194.031,eval/sps,715.926699642596
1048576,277.735,episode/sps,4082.3879997061754
1048576,277.735,episode/length,1000.0
1048576,277.735,episode/reward/ctrl,-0.22352956771850585
1048576,277.735,episode/reward/forward,328.1636944580078
1048576,277.735,episode/reward/joint,-0.048400345388799906
1048576,277.735,episode/reward/orient,-1838.309139442444
1048576,277.735,episode/reward/total,-1510.4173078727722
1048576,277.735,episode/state/forward_vel,-7.576332113742828
1048576,277.735,episode/state/up_z,-142.1336434185505
1048576,277.735,episode/sum_reward,-1510.4173078727722
1048576,277.735,episode/entropy_loss,-0.1151027784217149
1048576,277.735,episode/kl_mean,1.8741134274750948
1048576,277.735,episode/learning_rate,0.0003000000142492354
1048576,277.735,episode/policy_dist_max_loc,1.0923488112166524
1048576,277.735,episode/policy_dist_max_std,1.6423778645694256
1048576,277.735,episode/policy_dist_mean_loc,0.004998759359295946
1048576,277.735,episode/policy_dist_mean_std,0.6954402355477214
1048576,277.735,episode/policy_dist_min_loc,-0.9832452610135078
1048576,277.735,episode/policy_dist_min_std,0.2590386951342225
1048576,277.735,episode/policy_loss,0.2754266436677426
1048576,277.735,episode/total_loss,244.5913634300232
1048576,277.735,episode/v_loss,244.43103909492493
1048576,307.991,eval/walltime,122.99081444740295
1048576,307.991,training/sps,6263.016642576001
1048576,307.991,training/walltime,172.97483086585999
1048576,307.991,training/entropy_loss,-0.11515264213085175
1048576,307.991,training/kl_mean,0.6522358059883118
1048576,307.991,training/learning_rate,0.0003000000142492354
1048576,307.991,training/policy_dist_max_loc,0.9572058916091919
1048576,307.991,training/policy_dist_max_std,1.6635069847106934
1048576,307.991,training/policy_dist_mean_loc,0.006237255409359932
1048576,307.991,training/policy_dist_mean_std,0.6958792209625244
1048576,307.991,training/policy_dist_min_loc,-0.9176380634307861
1048576,307.991,training/policy_dist_min_std,0.3225345015525818
1048576,307.991,training/policy_loss,0.15692806243896484
1048576,307.991,training/total_loss,239.38491821289062
1048576,307.991,training/v_loss,239.3431396484375
1048576,307.991,eval/episode_reward,-697.2208251953125
1048576,307.991,eval/episode_reward/ctrl,-0.21666517853736877
1048576,307.991,eval/episode_reward/forward,324.0784912109375
1048576,307.991,eval/episode_reward/joint,-0.02915382944047451
1048576,307.991,eval/episode_reward/orient,-1021.0533447265625
1048576,307.991,eval/episode_reward/total,-697.2208251953125
1048576,307.991,eval/episode_state/forward_vel,-9.465794563293457
1048576,307.991,eval/episode_state/up_z,299.365234375
1048576,307.991,eval/episode_reward_std,1150.9346923828125
1048576,307.991,eval/episode_reward/ctrl_std,0.0020449282601475716
1048576,307.991,eval/episode_reward/forward_std,32.50544357299805
1048576,307.991,eval/episode_reward/joint_std,0.0044565340504050255
1048576,307.991,eval/episode_reward/orient_std,1137.921142578125
1048576,307.991,eval/episode_reward/total_std,1150.9346923828125
1048576,307.991,eval/episode_state/forward_vel_std,19.829076766967773
1048576,307.991,eval/episode_state/up_z_std,532.541259765625
1048576,307.991,eval/avg_episode_length,1000.0
1048576,307.991,eval/std_episode_length,0.0
1048576,307.991,eval/epoch_eval_time,30.23163628578186
1048576,307.991,eval/sps,1058.493814145608
1572864,377.780,episode/sps,5240.534199517501
1572864,377.780,episode/length,1000.0
1572864,377.780,episode/reward/ctrl,-0.21638920441269874
1572864,377.780,episode/reward/forward,325.14764404296875
1572864,377.780,episode/reward/joint,-0.029796471167355777
1572864,377.780,episode/reward/orient,-1219.222654685974
1572864,377.780,episode/reward/total,-894.3210865020752
1572864,377.780,episode/state/forward_vel,-8.562115520238876
1572864,377.780,episode/state/up_z,207.16128953695298
1572864,377.780,episode/sum_reward,-894.3210865020752
1572864,377.780,episode/entropy_loss,-0.11512723572862645
1572864,377.780,episode/kl_mean,1.2517330518894596
1572864,377.780,episode/learning_rate,0.0003000000142492354
1572864,377.780,episode/policy_dist_max_loc,1.043944810827573
1572864,377.780,episode/policy_dist_max_std,1.6097170275946457
1572864,377.780,episode/policy_dist_mean_loc,0.004432220271458694
1572864,377.780,episode/policy_dist_mean_std,0.6954848114401102
1572864,377.780,episode/policy_dist_min_loc,-0.9621770518521467
1572864,377.780,episode/policy_dist_min_std,0.2769477091108759
1572864,377.780,episode/policy_loss,0.18488638891964607
1572864,377.780,episode/total_loss,224.97904427846274
1572864,377.780,episode/v_loss,224.90928554534912
1572864,408.342,eval/walltime,153.5290048122406
1572864,408.342,training/sps,7511.746657583072
1572864,408.342,training/walltime,242.7705819606781
1572864,408.342,training/entropy_loss,-0.11517614871263504
1572864,408.342,training/kl_mean,0.0069723003543913364
1572864,408.342,training/learning_rate,0.0003000000142492354
1572864,408.342,training/policy_dist_max_loc,0.9471368193626404
1572864,408.342,training/policy_dist_max_std,1.5443954467773438
1572864,408.342,training/policy_dist_mean_loc,0.003299142001196742
1572864,408.342,training/policy_dist_mean_std,0.6955739259719849
1572864,408.342,training/policy_dist_min_loc,-0.9200406074523926
1572864,408.342,training/policy_dist_min_std,0.3127657175064087
1572864,408.342,training/policy_loss,0.0038058795034885406
1572864,408.342,training/total_loss,185.75439453125
1572864,408.342,training/v_loss,185.86578369140625
1572864,408.342,eval/episode_reward,-977.593017578125
1572864,408.342,eval/episode_reward/ctrl,-0.216359481215477
1572864,408.342,eval/episode_reward/forward,339.55413818359375
1572864,408.342,eval/episode_reward/joint,-0.02872481942176819
1572864,408.342,eval/episode_reward/orient,-1316.902587890625
1572864,408.342,eval/episode_reward/total,-977.593017578125
1572864,408.342,eval/episode_state/forward_vel,-1.0111137628555298
1572864,408.342,eval/episode_state/up_z,169.9716033935547
1572864,408.342,eval/episode_reward_std,1268.4686279296875
1572864,408.342,eval/episode_reward/ctrl_std,0.0019244374707341194
1572864,408.342,eval/episode_reward/forward_std,28.744422912597656
1572864,408.342,eval/episode_reward/joint_std,0.004324381705373526
1572864,408.342,eval/episode_reward/orient_std,1262.20361328125
1572864,408.342,eval/episode_reward/total_std,1268.4686279296875
1572864,408.342,eval/episode_state/forward_vel_std,17.858840942382812
1572864,408.342,eval/episode_state/up_z_std,591.34716796875
1572864,408.342,eval/avg_episode_length,1000.0
1572864,408.342,eval/std_episode_length,0.0
1572864,408.342,eval/epoch_eval_time,30.538190364837646
1572864,408.342,eval/sps,1047.8682468639502
2097152,477.411,episode/sps,5262.285799997536
2097152,477.411,episode/length,1000.0
2097152,477.411,episode/reward/ctrl,-0.21657668828964233
2097152,477.411,episode/reward/forward,328.65686187744143
2097152,477.411,episode/reward/joint,-0.02945983028039336
2097152,477.411,episode/reward/orient,-1250.597932252884
2097152,477.411,episode/reward/total,-922.187081451416
2097152,477.411,episode/state/forward_vel,-6.552933007478714
2097152,477.411,episode/state/up_z,202.8752506017685
2097152,477.411,episode/sum_reward,-922.187081451416
2097152,477.411,episode/entropy_loss,-0.11517111480236053
2097152,477.411,episode/kl_mean,0.3327302359393798
2097152,477.411,episode/learning_rate,0.0003000000142492354
2097152,477.411,episode/policy_dist_max_loc,0.9253957253694535
2097152,477.411,episode/policy_dist_max_std,1.5689446175098418
2097152,477.411,episode/policy_dist_mean_loc,0.0035619239223888145
2097152,477.411,episode/policy_dist_mean_std,0.6955912709236145
2097152,477.411,episode/policy_dist_min_loc,-0.8877421653270722
2097152,477.411,episode/policy_dist_min_std,0.31683419361710546
2097152,477.411,episode/policy_loss,0.06554878566181287
2097152,477.411,episode/total_loss,197.22133743286133
2097152,477.411,episode/v_loss,197.27096145629883
2097152,507.999,eval/walltime,184.09172749519348
2097152,507.999,training/sps,7589.989760359566
2097152,507.999,training/walltime,311.8468279838562
2097152,507.999,training/entropy_loss,-0.11518672853708267
2097152,507.999,training/kl_mean,0.0020392320584505796
2097152,507.999,training/learning_rate,0.0003000000142492354
2097152,507.999,training/policy_dist_max_loc,0.8556060791015625
2097152,507.999,training/policy_dist_max_std,1.4873392581939697
2097152,507.999,training/policy_dist_mean_loc,0.0010431738337501884
2097152,507.999,training/policy_dist_mean_std,0.695300817489624
2097152,507.999,training/policy_dist_min_loc,-0.806027352809906
2097152,507.999,training/policy_dist_min_std,0.3250107765197754
2097152,507.999,training/policy_loss,-0.0027238507755100727
2097152,507.999,training/total_loss,160.42138671875
2097152,507.999,training/v_loss,160.53927612304688
2097152,507.999,eval/episode_reward,-588.6956787109375
2097152,507.999,eval/episode_reward/ctrl,-0.21626752614974976
2097152,507.999,eval/episode_reward/forward,324.0319519042969
2097152,507.999,eval/episode_reward/joint,-0.027108406648039818
2097152,507.999,eval/episode_reward/orient,-912.4843139648438
2097152,507.999,eval/episode_reward/total,-588.6956787109375
2097152,507.999,eval/episode_state/forward_vel,-10.231804847717285
2097152,507.999,eval/episode_state/up_z,391.7810974121094
2097152,507.999,eval/episode_reward_std,1256.638427734375
2097152,507.999,eval/episode_reward/ctrl_std,0.0017906657885760069
2097152,507.999,eval/episode_reward/forward_std,27.331037521362305
2097152,507.999,eval/episode_reward/joint_std,0.005217119585722685
2097152,507.999,eval/episode_reward/orient_std,1253.799072265625
2097152,507.999,eval/episode_reward/total_std,1256.638427734375
2097152,507.999,eval/episode_state/forward_vel_std,16.872243881225586
2097152,507.999,eval/episode_state/up_z_std,599.9071655273438
2097152,507.999,eval/avg_episode_length,1000.0
2097152,507.999,eval/std_episode_length,0.0
2097152,507.999,eval/epoch_eval_time,30.56272268295288
2097152,507.999,eval/sps,1047.0271360296313
2621440,576.317,episode/sps,5300.884637008599
2621440,576.317,episode/length,1000.0
2621440,576.317,episode/reward/ctrl,-0.21669439896941184
2621440,576.317,episode/reward/forward,337.6497428894043
2621440,576.317,episode/reward/joint,-0.02814003137871623
2621440,576.317,episode/reward/orient,-875.999185333252
2621440,576.317,episode/reward/total,-538.5942345809937
2621440,576.317,episode/state/forward_vel,-1.3779904367029667
2621440,576.317,episode/state/up_z,373.19306211948395
2621440,576.317,episode/sum_reward,-538.5942345809937
2621440,576.317,episode/entropy_loss,-0.11522446863353253
2621440,576.317,episode/kl_mean,0.030337616846663876
2621440,576.317,episode/learning_rate,0.0003000000142492354
2621440,576.317,episode/policy_dist_max_loc,0.8868007963895798
2621440,576.317,episode/policy_dist_max_std,1.519252780675888
2621440,576.317,episode/policy_dist_mean_loc,-0.00030046203697565944
2621440,576.317,episode/policy_dist_mean_std,0.6958638817071915
2621440,576.317,episode/policy_dist_min_loc,-0.8618807256221771
2621440,576.317,episode/policy_dist_min_std,0.32297218635678293
2621440,576.317,episode/policy_loss,0.004795027748914435
2621440,576.317,episode/total_loss,160.02369606018067
2621440,576.317,episode/v_loss,160.13412712097167
2621440,607.092,eval/walltime,214.8424892425537
2621440,607.092,training/sps,7673.414554021588
2621440,607.092,training/walltime,380.17208218574524
2621440,607.092,training/entropy_loss,-0.11532682180404663
2621440,607.092,training/kl_mean,0.002596442122012377
2621440,607.092,training/learning_rate,0.0003000000142492354
2621440,607.092,training/policy_dist_max_loc,0.8406865000724792
2621440,607.092,training/policy_dist_max_std,1.4980157613754272
2621440,607.092,training/policy_dist_mean_loc,-0.00609690323472023
2621440,607.092,training/policy_dist_mean_std,0.6966894268989563
2621440,607.092,training/policy_dist_min_loc,-0.8492703437805176
2621440,607.092,training/policy_dist_min_std,0.33142486214637756
2621440,607.092,training/policy_loss,-0.0043163844384253025
2621440,607.092,training/total_loss,120.25643920898438
2621440,607.092,training/v_loss,120.37609100341797
2621440,607.092,eval/episode_reward,-64.53697204589844
2621440,607.092,eval/episode_reward/ctrl,-0.21710816025733948
2621440,607.092,eval/episode_reward/forward,338.6172180175781
2621440,607.092,eval/episode_reward/joint,-0.027114225551486015
2621440,607.092,eval/episode_reward/orient,-402.9100646972656
2621440,607.092,eval/episode_reward/total,-64.53697204589844
2621440,607.092,eval/episode_state/forward_vel,-3.408435344696045
2621440,607.092,eval/episode_state/up_z,669.0853271484375
2621440,607.092,eval/episode_reward_std,998.2343139648438
2621440,607.092,eval/episode_reward/ctrl_std,0.0020405228715389967
2621440,607.092,eval/episode_reward/forward_std,25.325496673583984
2621440,607.092,eval/episode_reward/joint_std,0.003869740292429924
2621440,607.092,eval/episode_reward/orient_std,1001.6026000976562
2621440,607.092,eval/episode_reward/total_std,998.2343139648438
2621440,607.092,eval/episode_state/forward_vel_std,16.580421447753906
2621440,607.092,eval/episode_state/up_z_std,505.0650939941406
2621440,607.092,eval/avg_episode_length,1000.0
2621440,607.092,eval/std_episode_length,0.0
2621440,607.092,eval/epoch_eval_time,30.75076174736023
2621440,607.092,eval/sps,1040.6246278678611
3145728,676.123,episode/sps,5253.087270717306
3145728,676.123,episode/length,1000.0
3145728,676.123,episode/reward/ctrl,-0.21671462476253509
3145728,676.123,episode/reward/forward,335.56520263671877
3145728,676.123,episode/reward/joint,-0.029257249850779772
3145728,676.123,episode/reward/orient,-410.6546365475655
3145728,676.123,episode/reward/total,-75.33539502382278
3145728,676.123,episode/state/forward_vel,-3.1264724907279016
3145728,676.123,episode/state/up_z,625.9974593353271
3145728,676.123,episode/sum_reward,-75.33539502382278
3145728,676.123,episode/entropy_loss,-0.11529578529298305
3145728,676.123,episode/kl_mean,0.0031838906079065055
3145728,676.123,episode/learning_rate,0.0003000000142492354
3145728,676.123,episode/policy_dist_max_loc,0.8797184282541275
3145728,676.123,episode/policy_dist_max_std,1.4884974932670594
3145728,676.123,episode/policy_dist_mean_loc,-0.005362783193704672
3145728,676.123,episode/policy_dist_mean_std,0.6964491820335388
3145728,676.123,episode/policy_dist_min_loc,-0.8360730212926865
3145728,676.123,episode/policy_dist_min_std,0.33168425008654595
3145728,676.123,episode/policy_loss,-0.003345014266378712
3145728,676.123,episode/total_loss,120.56428798675537
3145728,676.123,episode/v_loss,120.6829299545288
3145728,707.255,eval/walltime,245.9503936767578
3145728,707.255,training/sps,7594.289639289631
3145728,707.255,training/walltime,449.2092173099518
3145728,707.255,training/entropy_loss,-0.11538554728031158
3145728,707.255,training/kl_mean,0.004558169282972813
3145728,707.255,training/learning_rate,0.0003000000142492354
3145728,707.255,training/policy_dist_max_loc,0.9359870553016663
3145728,707.255,training/policy_dist_max_std,1.477078914642334
3145728,707.255,training/policy_dist_mean_loc,-0.012063970789313316
3145728,707.255,training/policy_dist_mean_std,0.6974794864654541
3145728,707.255,training/policy_dist_min_loc,-0.8500522375106812
3145728,707.255,training/policy_dist_min_std,0.3426997661590576
3145728,707.255,training/policy_loss,-0.0037039187736809254
3145728,707.255,training/total_loss,72.80815124511719
3145728,707.255,training/v_loss,72.92723846435547
3145728,707.255,eval/episode_reward,159.4712371826172
3145728,707.255,eval/episode_reward/ctrl,-0.21756857633590698
3145728,707.255,eval/episode_reward/forward,341.9491271972656
3145728,707.255,eval/episode_reward/joint,-0.031958337873220444
3145728,707.255,eval/episode_reward/orient,-182.22830200195312
3145728,707.255,eval/episode_reward/total,159.4712371826172
3145728,707.255,eval/episode_state/forward_vel,-1.0809416770935059
3145728,707.255,eval/episode_state/up_z,798.859130859375
3145728,707.255,eval/episode_reward_std,631.5381469726562
3145728,707.255,eval/episode_reward/ctrl_std,0.0016857777955010533
3145728,707.255,eval/episode_reward/forward_std,24.637784957885742
3145728,707.255,eval/episode_reward/joint_std,0.003984031267464161
3145728,707.255,eval/episode_reward/orient_std,640.1770629882812
3145728,707.255,eval/episode_reward/total_std,631.5381469726562
3145728,707.255,eval/episode_state/forward_vel_std,15.9896821975708
3145728,707.255,eval/episode_state/up_z_std,352.89263916015625
3145728,707.255,eval/avg_episode_length,1000.0
3145728,707.255,eval/std_episode_length,0.0
3145728,707.255,eval/epoch_eval_time,31.1079044342041
3145728,707.255,eval/sps,1028.677456164968
3670016,769.685,episode/sps,5603.596165283271
3670016,769.685,episode/length,1000.0
3670016,769.685,episode/reward/ctrl,-0.21698137402534484
3670016,769.685,episode/reward/forward,338.2903857421875
3670016,769.685,episode/reward/joint,-0.03146701354533434
3670016,769.685,episode/reward/orient,-317.10241916179655
3670016,769.685,episode/reward/total,20.939620189666748
3670016,769.685,episode/state/forward_vel,-2.5605334159731865
3670016,769.685,episode/state/up_z,709.5717604446411
3670016,769.685,episode/sum_reward,20.939620189666748
3670016,769.685,episode/entropy_loss,-0.11533548019826412
3670016,769.685,episode/kl_mean,0.004130969949765131
3670016,769.685,episode/learning_rate,0.0003000000142492354
3670016,769.685,episode/policy_dist_max_loc,0.8522115814685821
3670016,769.685,episode/policy_dist_max_std,1.4530049896240234
3670016,769.685,episode/policy_dist_mean_loc,-0.011520591686712578
3670016,769.685,episode/policy_dist_mean_std,0.6974760353565216
3670016,769.685,episode/policy_dist_min_loc,-0.8169921416044236
3670016,769.685,episode/policy_dist_min_std,0.3472386771440506
3670016,769.685,episode/policy_loss,-0.0038954154681414364
3670016,769.685,episode/total_loss,83.59844509124756
3670016,769.685,episode/v_loss,83.71767635345459
3670016,782.199,eval/walltime,258.4419243335724
3670016,782.199,training/sps,8397.0527487156
3670016,782.199,training/walltime,511.6463623046875
3670016,782.199,training/entropy_loss,-0.11531516909599304
3670016,782.199,training/kl_mean,0.0052817389369010925
3670016,782.199,training/learning_rate,0.0003000000142492354
3670016,782.199,training/policy_dist_max_loc,0.7861971855163574
3670016,782.199,training/policy_dist_max_std,1.3728652000427246
3670016,782.199,training/policy_dist_mean_loc,-0.0175787340849638
3670016,782.199,training/policy_dist_mean_std,0.6985044479370117
3670016,782.199,training/policy_dist_min_loc,-0.7527490854263306
3670016,782.199,training/policy_dist_min_std,0.37019479274749756
3670016,782.199,training/policy_loss,-0.0033385264687240124
3670016,782.199,training/total_loss,49.00767135620117
3670016,782.199,training/v_loss,49.12632751464844
3670016,782.199,eval/episode_reward,106.52204132080078
3670016,782.199,eval/episode_reward/ctrl,-0.2180066704750061
3670016,782.199,eval/episode_reward/forward,336.98736572265625
3670016,782.199,eval/episode_reward/joint,-0.038859542459249496
3670016,782.199,eval/episode_reward/orient,-230.20855712890625
3670016,782.199,eval/episode_reward/total,106.52204132080078
3670016,782.199,eval/episode_state/forward_vel,-3.944032907485962
3670016,782.199,eval/episode_state/up_z,805.646728515625
3670016,782.199,eval/episode_reward_std,700.1183471679688
3670016,782.199,eval/episode_reward/ctrl_std,0.001446931273676455
3670016,782.199,eval/episode_reward/forward_std,23.323270797729492
3670016,782.199,eval/episode_reward/joint_std,0.004550725221633911
3670016,782.199,eval/episode_reward/orient_std,696.7388305664062
3670016,782.199,eval/episode_reward/total_std,700.1183471679688
3670016,782.199,eval/episode_state/forward_vel_std,13.13976764678955
3670016,782.199,eval/episode_state/up_z_std,394.36004638671875
3670016,782.199,eval/avg_episode_length,1000.0
3670016,782.199,eval/std_episode_length,0.0
3670016,782.199,eval/epoch_eval_time,12.491530656814575
3670016,782.199,eval/sps,2561.7356975017997
4194304,799.132,episode/sps,17804.829833334396
4194304,799.132,episode/length,1000.0
4194304,799.132,episode/reward/ctrl,-0.21778822615742682
4194304,799.132,episode/reward/forward,338.25412109375
4194304,799.132,episode/reward/joint,-0.03649603944271803
4194304,799.132,episode/reward/orient,-161.00697321534156
4194304,799.132,episode/reward/total,176.99286682128906
4194304,799.132,episode/state/forward_vel,-3.3931321021914482
4194304,799.132,episode/state/up_z,837.7232717895508
4194304,799.132,episode/sum_reward,176.99286682128906
4194304,799.132,episode/entropy_loss,-0.11531052976846695
4194304,799.132,episode/kl_mean,0.0050708162272349
4194304,799.132,episode/learning_rate,0.0003000000142492354
4194304,799.132,episode/policy_dist_max_loc,0.8223261803388595
4194304,799.132,episode/policy_dist_max_std,1.399336086511612
4194304,799.132,episode/policy_dist_mean_loc,-0.016443125661462544
4194304,799.132,episode/policy_dist_mean_std,0.6983903712034225
4194304,799.132,episode/policy_dist_min_loc,-0.8057213819026947
4194304,799.132,episode/policy_dist_min_std,0.36497260987758634
4194304,799.132,episode/policy_loss,-0.0034228018156136387
4194304,799.132,episode/total_loss,54.12853584289551
4194304,799.132,episode/v_loss,54.24726945877075
4194304,804.876,eval/walltime,264.17159509658813
4194304,804.876,training/sps,30952.87575921541
4194304,804.876,training/walltime,528.5846269130707
4194304,804.876,training/entropy_loss,-0.11523588001728058
4194304,804.876,training/kl_mean,0.005375497508794069
4194304,804.876,training/learning_rate,0.0003000000142492354
4194304,804.876,training/policy_dist_max_loc,0.7478132247924805
4194304,804.876,training/policy_dist_max_std,1.3314483165740967
4194304,804.876,training/policy_dist_mean_loc,-0.020654503256082535
4194304,804.876,training/policy_dist_mean_std,0.6993654370307922
4194304,804.876,training/policy_dist_min_loc,-0.8053328990936279
4194304,804.876,training/policy_dist_min_std,0.3844642639160156
4194304,804.876,training/policy_loss,-0.002626348054036498
4194304,804.876,training/total_loss,32.4191780090332
4194304,804.876,training/v_loss,32.53704071044922
4194304,804.876,eval/episode_reward,233.423095703125
4194304,804.876,eval/episode_reward/ctrl,-0.2191491723060608
4194304,804.876,eval/episode_reward/forward,344.103759765625
4194304,804.876,eval/episode_reward/joint,-0.04051933437585831
4194304,804.876,eval/episode_reward/orient,-110.42092895507812
4194304,804.876,eval/episode_reward/total,233.423095703125
4194304,804.876,eval/episode_state/forward_vel,0.25734007358551025
4194304,804.876,eval/episode_state/up_z,892.6337890625
4194304,804.876,eval/episode_reward_std,567.7257080078125
4194304,804.876,eval/episode_reward/ctrl_std,0.0017393024172633886
4194304,804.876,eval/episode_reward/forward_std,19.188739776611328
4194304,804.876,eval/episode_reward/joint_std,0.004801698494702578
4194304,804.876,eval/episode_reward/orient_std,578.05712890625
4194304,804.876,eval/episode_reward/total_std,567.7257080078125
4194304,804.876,eval/episode_state/forward_vel_std,12.915398597717285
4194304,804.876,eval/episode_state/up_z_std,303.1059875488281
4194304,804.876,eval/avg_episode_length,1000.0
4194304,804.876,eval/std_episode_length,0.0
4194304,804.876,eval/epoch_eval_time,5.729670763015747
4194304,804.876,eval/sps,5584.963137246155
4718592,853.705,episode/sps,9607.039771846146
4718592,853.705,episode/length,1000.0
4718592,853.705,episode/reward/ctrl,-0.21862128004431725
4718592,853.705,episode/reward/forward,343.6122360229492
4718592,853.705,episode/reward/joint,-0.03952083395794034
4718592,853.705,episode/reward/orient,-69.2766683202982
4718592,853.705,episode/reward/total,274.07737243652343
4718592,853.705,episode/state/forward_vel,-0.22729471385478972
4718592,853.705,episode/state/up_z,910.6271363830566
4718592,853.705,episode/sum_reward,274.07737243652343
4718592,853.705,episode/entropy_loss,-0.11528425619006157
4718592,853.705,episode/kl_mean,0.005337732096668333
4718592,853.705,episode/learning_rate,0.0003000000142492354
4718592,853.705,episode/policy_dist_max_loc,0.7742803913354873
4718592,853.705,episode/policy_dist_max_std,1.3414100909233093
4718592,853.705,episode/policy_dist_mean_loc,-0.0203971544560045
4718592,853.705,episode/policy_dist_mean_std,0.699571606516838
4718592,853.705,episode/policy_dist_min_loc,-0.7953980588912963
4718592,853.705,episode/policy_dist_min_std,0.3748013636469841
4718592,853.705,episode/policy_loss,-0.002792723453603685
4718592,853.705,episode/total_loss,34.790817756652835
4718592,853.705,episode/v_loss,34.908894786834715
4718592,859.454,eval/walltime,269.9071595668793
4718592,859.454,training/sps,10736.04168863915
4718592,859.454,training/walltime,577.4190125465393
4718592,859.454,training/entropy_loss,-0.11529000103473663
4718592,859.454,training/kl_mean,0.0051074521616101265
4718592,859.454,training/learning_rate,0.0003000000142492354
4718592,859.454,training/policy_dist_max_loc,0.7613316774368286
4718592,859.454,training/policy_dist_max_std,1.303244948387146
4718592,859.454,training/policy_dist_mean_loc,-0.023676790297031403
4718592,859.454,training/policy_dist_mean_std,0.7010481357574463
4718592,859.454,training/policy_dist_min_loc,-0.8208061456680298
4718592,859.454,training/policy_dist_min_std,0.37421199679374695
4718592,859.454,training/policy_loss,-0.0019096662290394306
4718592,859.454,training/total_loss,18.153583526611328
4718592,859.454,training/v_loss,18.270782470703125
4718592,859.454,eval/episode_reward,341.7574157714844
4718592,859.454,eval/episode_reward/ctrl,-0.21937236189842224
4718592,859.454,eval/episode_reward/forward,348.96295166015625
4718592,859.454,eval/episode_reward/joint,-0.04333758354187012
4718592,859.454,eval/episode_reward/orient,-6.9428205490112305
4718592,859.454,eval/episode_reward/total,341.7574157714844
4718592,859.454,eval/episode_state/forward_vel,2.560703754425049
4718592,859.454,eval/episode_state/up_z,948.799560546875
4718592,859.454,eval/episode_reward_std,26.064105987548828
4718592,859.454,eval/episode_reward/ctrl_std,0.0013565929839387536
4718592,859.454,eval/episode_reward/forward_std,20.00115966796875
4718592,859.454,eval/episode_reward/joint_std,0.004883383866399527
4718592,859.454,eval/episode_reward/orient_std,12.579089164733887
4718592,859.454,eval/episode_reward/total_std,26.064105987548828
4718592,859.454,eval/episode_state/forward_vel_std,12.108246803283691
4718592,859.454,eval/episode_state/up_z_std,43.65113067626953
4718592,859.454,eval/avg_episode_length,1000.0
4718592,859.454,eval/std_episode_length,0.0
4718592,859.454,eval/epoch_eval_time,5.735564470291138
4718592,859.454,eval/sps,5579.224183731593
5242880,918.485,episode/sps,8093.337934302051
5242880,918.485,episode/length,1000.0
5242880,918.485,episode/reward/ctrl,-0.21931799367070198
5242880,918.485,episode/reward/forward,353.13906646728515
5242880,918.485,episode/reward/joint,-0.042515025660395625
5242880,918.485,episode/reward/orient,-58.356692310571674
5242880,918.485,episode/reward/total,294.52051666259763
5242880,918.485,episode/state/forward_vel,5.569117833226919
5242880,918.485,episode/state/up_z,914.6473260498046
5242880,918.485,episode/sum_reward,294.52051666259763
5242880,918.485,episode/entropy_loss,-0.1152429386228323
5242880,918.485,episode/kl_mean,0.005422161163296551
5242880,918.485,episode/learning_rate,0.0003000000142492354
5242880,918.485,episode/policy_dist_max_loc,0.7926125931739807
5242880,918.485,episode/policy_dist_max_std,1.3143990457057952
5242880,918.485,episode/policy_dist_mean_loc,-0.022931810189038514
5242880,918.485,episode/policy_dist_mean_std,0.7006909894943237
5242880,918.485,episode/policy_dist_min_loc,-0.7832635319232941
5242880,918.485,episode/policy_dist_min_std,0.37883061796426776
5242880,918.485,episode/policy_loss,-0.0023954204669280445
5242880,918.485,episode/total_loss,21.119867329597472
5242880,918.485,episode/v_loss,21.237505831718444
5242880,950.116,eval/walltime,301.5131633281708
5242880,950.116,training/sps,8880.644143146683
5242880,950.116,training/walltime,636.4561715126038
5242880,950.116,training/entropy_loss,-0.11520746350288391
5242880,950.116,training/kl_mean,0.005441554822027683
5242880,950.116,training/learning_rate,0.0003000000142492354
5242880,950.116,training/policy_dist_max_loc,0.8670487403869629
5242880,950.116,training/policy_dist_max_std,1.3047866821289062
5242880,950.116,training/policy_dist_mean_loc,-0.024801794439554214
5242880,950.116,training/policy_dist_mean_std,0.7018575668334961
5242880,950.116,training/policy_dist_min_loc,-0.7239630222320557
5242880,950.116,training/policy_dist_min_std,0.3787353038787842
5242880,950.116,training/policy_loss,-0.0021847086027264595
5242880,950.116,training/total_loss,9.833066940307617
5242880,950.116,training/v_loss,9.950459480285645
5242880,950.116,eval/episode_reward,269.34002685546875
5242880,950.116,eval/episode_reward/ctrl,-0.22028815746307373
5242880,950.116,eval/episode_reward/forward,360.503173828125
5242880,950.116,eval/episode_reward/joint,-0.04933449253439903
5242880,950.116,eval/episode_reward/orient,-90.89353942871094
5242880,950.116,eval/episode_reward/total,269.34002685546875
5242880,950.116,eval/episode_state/forward_vel,10.100736618041992
5242880,950.116,eval/episode_state/up_z,875.6763916015625
5242880,950.116,eval/episode_reward_std,329.71356201171875
5242880,950.116,eval/episode_reward/ctrl_std,0.002069162204861641
5242880,950.116,eval/episode_reward/forward_std,15.646690368652344
5242880,950.116,eval/episode_reward/joint_std,0.005585020873695612
5242880,950.116,eval/episode_reward/orient_std,325.5005187988281
5242880,950.116,eval/episode_reward/total_std,329.71356201171875
5242880,950.116,eval/episode_state/forward_vel_std,9.710169792175293
5242880,950.116,eval/episode_state/up_z_std,200.3083953857422
5242880,950.116,eval/avg_episode_length,1000.0
5242880,950.116,eval/std_episode_length,0.0
5242880,950.116,eval/epoch_eval_time,31.606003761291504
5242880,950.116,eval/sps,1012.4658669816091
5767168,1018.815,episode/sps,5225.6673208372995
5767168,1018.815,episode/length,1000.0
5767168,1018.815,episode/reward/ctrl,-0.22018640890717506
5767168,1018.815,episode/reward/forward,354.67587677001956
5767168,1018.815,episode/reward/joint,-0.047678577899932864
5767168,1018.815,episode/reward/orient,-87.72033508837222
5767168,1018.815,episode/reward/total,266.68764419555663
5767168,1018.815,episode/state/forward_vel,6.491861193478107
5767168,1018.815,episode/state/up_z,894.2759866333008
5767168,1018.815,episode/sum_reward,266.68764419555663
5767168,1018.815,episode/entropy_loss,-0.11523830600082874
5767168,1018.815,episode/kl_mean,0.005095611457945779
5767168,1018.815,episode/learning_rate,0.0003000000142492354
5767168,1018.815,episode/policy_dist_max_loc,0.8530829423666
5767168,1018.815,episode/policy_dist_max_std,1.3043729555606842
5767168,1018.815,episode/policy_dist_mean_loc,-0.025026427134871482
5767168,1018.815,episode/policy_dist_mean_std,0.702266007065773
5767168,1018.815,episode/policy_dist_min_loc,-0.7752265828847885
5767168,1018.815,episode/policy_dist_min_std,0.3740729758143425
5767168,1018.815,episode/policy_loss,-0.002049064279999584
5767168,1018.815,episode/total_loss,12.376600705385208
5767168,1018.815,episode/v_loss,12.493888058662414
5767168,1050.115,eval/walltime,332.7900359630585
5767168,1050.115,training/sps,7630.853272510258
5767168,1050.115,training/walltime,705.162511587143
5767168,1050.115,training/entropy_loss,-0.11522110551595688
5767168,1050.115,training/kl_mean,0.004341898951679468
5767168,1050.115,training/learning_rate,0.0003000000142492354
5767168,1050.115,training/policy_dist_max_loc,0.9444766044616699
5767168,1050.115,training/policy_dist_max_std,1.2993762493133545
5767168,1050.115,training/policy_dist_mean_loc,-0.02684488333761692
5767168,1050.115,training/policy_dist_mean_std,0.7041451334953308
5767168,1050.115,training/policy_dist_min_loc,-0.7781286239624023
5767168,1050.115,training/policy_dist_min_std,0.36684393882751465
5767168,1050.115,training/policy_loss,-0.0016732837539166212
5767168,1050.115,training/total_loss,6.881075859069824
5767168,1050.115,training/v_loss,6.9979705810546875
5767168,1050.115,eval/episode_reward,345.9396667480469
5767168,1050.115,eval/episode_reward/ctrl,-0.2204596847295761
5767168,1050.115,eval/episode_reward/forward,360.49188232421875
5767168,1050.115,eval/episode_reward/joint,-0.04862212389707565
5767168,1050.115,eval/episode_reward/orient,-14.283161163330078
5767168,1050.115,eval/episode_reward/total,345.9396667480469
5767168,1050.115,eval/episode_state/forward_vel,9.7482328414917
5767168,1050.115,eval/episode_state/up_z,928.0860595703125
5767168,1050.115,eval/episode_reward_std,36.666290283203125
5767168,1050.115,eval/episode_reward/ctrl_std,0.001368034048937261
5767168,1050.115,eval/episode_reward/forward_std,17.53554344177246
5767168,1050.115,eval/episode_reward/joint_std,0.003806427586823702
5767168,1050.115,eval/episode_reward/orient_std,29.6630802154541
5767168,1050.115,eval/episode_reward/total_std,36.666290283203125
5767168,1050.115,eval/episode_state/forward_vel_std,10.817598342895508
5767168,1050.115,eval/episode_state/up_z_std,47.61808395385742
5767168,1050.115,eval/avg_episode_length,1000.0
5767168,1050.115,eval/std_episode_length,0.0
5767168,1050.115,eval/epoch_eval_time,31.276872634887695
5767168,1050.115,eval/sps,1023.120194066516
6291456,1118.339,episode/sps,5267.917397406316
6291456,1118.339,episode/length,1000.0
6291456,1118.339,episode/reward/ctrl,-0.22103352561593057
6291456,1118.339,episode/reward/forward,356.93625701904296
6291456,1118.339,episode/reward/joint,-0.04910905614495278
6291456,1118.339,episode/reward/orient,-54.44552625238895
6291456,1118.339,episode/reward/total,302.2206411743164
6291456,1118.339,episode/state/forward_vel,8.184284786134958
6291456,1118.339,episode/state/up_z,907.7180908966064
6291456,1118.339,episode/sum_reward,302.2206411743164
6291456,1118.339,episode/entropy_loss,-0.11527580074965954
6291456,1118.339,episode/kl_mean,0.004871756816282868
6291456,1118.339,episode/learning_rate,0.0003000000142492354
6291456,1118.339,episode/policy_dist_max_loc,0.890588926076889
6291456,1118.339,episode/policy_dist_max_std,1.278486225605011
6291456,1118.339,episode/policy_dist_mean_loc,-0.025684892050921917
6291456,1118.339,episode/policy_dist_mean_std,0.7038996100425721
6291456,1118.339,episode/policy_dist_min_loc,-0.7226691138744354
6291456,1118.339,episode/policy_dist_min_std,0.3736598518490791
6291456,1118.339,episode/policy_loss,-0.001978972739161691
6291456,1118.339,episode/total_loss,8.344421445131301
6291456,1118.339,episode/v_loss,8.461676166057586
6291456,1149.049,eval/walltime,363.47729206085205
6291456,1149.049,training/sps,7683.984209247486
6291456,1149.049,training/walltime,773.3937814235687
6291456,1149.049,training/entropy_loss,-0.11539925634860992
6291456,1149.049,training/kl_mean,0.004659209866076708
6291456,1149.049,training/learning_rate,0.0003000000142492354
6291456,1149.049,training/policy_dist_max_loc,0.8759747743606567
6291456,1149.049,training/policy_dist_max_std,1.2264078855514526
6291456,1149.049,training/policy_dist_mean_loc,-0.025602128356695175
6291456,1149.049,training/policy_dist_mean_std,0.7059950828552246
6291456,1149.049,training/policy_dist_min_loc,-0.6565612554550171
6291456,1149.049,training/policy_dist_min_std,0.37415122985839844
6291456,1149.049,training/policy_loss,-0.001876670983619988
6291456,1149.049,training/total_loss,6.8832478523254395
6291456,1149.049,training/v_loss,7.000523567199707
6291456,1149.049,eval/episode_reward,346.8172912597656
6291456,1149.049,eval/episode_reward/ctrl,-0.2219766527414322
6291456,1149.049,eval/episode_reward/forward,358.9850158691406
6291456,1149.049,eval/episode_reward/joint,-0.05002869665622711
6291456,1149.049,eval/episode_reward/orient,-11.895790100097656
6291456,1149.049,eval/episode_reward/total,346.8172912597656
6291456,1149.049,eval/episode_state/forward_vel,8.682393074035645
6291456,1149.049,eval/episode_state/up_z,920.18212890625
6291456,1149.049,eval/episode_reward_std,27.978424072265625
6291456,1149.049,eval/episode_reward/ctrl_std,0.0018847612664103508
6291456,1149.049,eval/episode_reward/forward_std,22.315031051635742
6291456,1149.049,eval/episode_reward/joint_std,0.004335676319897175
6291456,1149.049,eval/episode_reward/orient_std,13.201558113098145
6291456,1149.049,eval/episode_reward/total_std,27.978424072265625
6291456,1149.049,eval/episode_state/forward_vel_std,13.915684700012207
6291456,1149.049,eval/episode_state/up_z_std,41.84000015258789
6291456,1149.049,eval/avg_episode_length,1000.0
6291456,1149.049,eval/std_episode_length,0.0
6291456,1149.049,eval/epoch_eval_time,30.68725609779358
6291456,1149.049,eval/sps,1042.778145365066
6815744,1217.667,episode/sps,5278.374482481399
6815744,1217.667,episode/length,1000.0
6815744,1217.667,episode/reward/ctrl,-0.22184712648391725
6815744,1217.667,episode/reward/forward,359.89524810791016
6815744,1217.667,episode/reward/joint,-0.050343045815825466
6815744,1217.667,episode/reward/orient,-15.581491593122482
6815744,1217.667,episode/reward/total,344.04154815673826
6815744,1217.667,episode/state/forward_vel,8.907726067900658
6815744,1217.667,episode/state/up_z,918.4383184814453
6815744,1217.667,episode/sum_reward,344.04154815673826
6815744,1217.667,episode/entropy_loss,-0.11535033047199249
6815744,1217.667,episode/kl_mean,0.004494475291576237
6815744,1217.667,episode/learning_rate,0.0003000000142492354
6815744,1217.667,episode/policy_dist_max_loc,0.9122167998552322
6815744,1217.667,episode/policy_dist_max_std,1.295475389957428
6815744,1217.667,episode/policy_dist_mean_loc,-0.024708873704075814
6815744,1217.667,episode/policy_dist_mean_std,0.7056425631046295
6815744,1217.667,episode/policy_dist_min_loc,-0.7396946048736572
6815744,1217.667,episode/policy_dist_min_std,0.370602636039257
6815744,1217.667,episode/policy_loss,-0.0019055041870160495
6815744,1217.667,episode/total_loss,7.151524537801743
6815744,1217.667,episode/v_loss,7.268780353069306
6815744,1250.412,eval/walltime,396.19574308395386
6815744,1250.412,training/sps,7639.935713737255
6815744,1250.412,training/walltime,842.0184426307678
6815744,1250.412,training/entropy_loss,-0.11544284224510193
6815744,1250.412,training/kl_mean,0.004261732567101717
6815744,1250.412,training/learning_rate,0.0003000000142492354
6815744,1250.412,training/policy_dist_max_loc,0.9224923849105835
6815744,1250.412,training/policy_dist_max_std,1.3594856262207031
6815744,1250.412,training/policy_dist_mean_loc,-0.021699439734220505
6815744,1250.412,training/policy_dist_mean_std,0.7071986198425293
6815744,1250.412,training/policy_dist_min_loc,-0.7855418920516968
6815744,1250.412,training/policy_dist_min_std,0.37126579880714417
6815744,1250.412,training/policy_loss,-0.0020259013399481773
6815744,1250.412,training/total_loss,7.473720073699951
6815744,1250.412,training/v_loss,7.591188907623291
6815744,1250.412,eval/episode_reward,354.8533020019531
6815744,1250.412,eval/episode_reward/ctrl,-0.22238054871559143
6815744,1250.412,eval/episode_reward/forward,362.89520263671875
6815744,1250.412,eval/episode_reward/joint,-0.051814720034599304
6815744,1250.412,eval/episode_reward/orient,-7.767736434936523
6815744,1250.412,eval/episode_reward/total,354.8533020019531
6815744,1250.412,eval/episode_state/forward_vel,10.463125228881836
6815744,1250.412,eval/episode_state/up_z,928.0557861328125
6815744,1250.412,eval/episode_reward_std,21.145389556884766
6815744,1250.412,eval/episode_reward/ctrl_std,0.0014945140574127436
6815744,1250.412,eval/episode_reward/forward_std,18.839895248413086
6815744,1250.412,eval/episode_reward/joint_std,0.004711428191512823
6815744,1250.412,eval/episode_reward/orient_std,5.988947868347168
6815744,1250.412,eval/episode_reward/total_std,21.145389556884766
6815744,1250.412,eval/episode_state/forward_vel_std,11.687935829162598
6815744,1250.412,eval/episode_state/up_z_std,20.422842025756836
6815744,1250.412,eval/avg_episode_length,1000.0
6815744,1250.412,eval/std_episode_length,0.0
6815744,1250.412,eval/epoch_eval_time,32.71845102310181
6815744,1250.412,eval/sps,978.0414108664703
7340032,1318.569,episode/sps,5196.005147761987
7340032,1318.569,episode/length,1000.0
7340032,1318.569,episode/reward/ctrl,-0.22256124511361122
7340032,1318.569,episode/reward/forward,362.0722659301758
7340032,1318.569,episode/reward/joint,-0.052240386828780176
7340032,1318.569,episode/reward/orient,-33.6067786693573
7340032,1318.569,episode/reward/total,328.19068214416507
7340032,1318.569,episode/state/forward_vel,10.341415588632225
7340032,1318.569,episode/state/up_z,904.1082964515685
7340032,1318.569,episode/sum_reward,328.19068214416507
7340032,1318.569,episode/entropy_loss,-0.11542680598795414
7340032,1318.569,episode/kl_mean,0.004650501605356112
7340032,1318.569,episode/learning_rate,0.0003000000142492354
7340032,1318.569,episode/policy_dist_max_loc,0.906042023897171
7340032,1318.569,episode/policy_dist_max_std,1.3027925658226014
7340032,1318.569,episode/policy_dist_mean_loc,-0.02334820093587041
7340032,1318.569,episode/policy_dist_mean_std,0.7073567456007004
7340032,1318.569,episode/policy_dist_min_loc,-0.7147113025188446
7340032,1318.569,episode/policy_dist_min_std,0.3746173518896103
7340032,1318.569,episode/policy_loss,-0.0022442657497595063
7340032,1318.569,episode/total_loss,6.759886004924774
7340032,1318.569,episode/v_loss,6.877557082176208
7340032,1349.317,eval/walltime,426.9199595451355
7340032,1349.317,training/sps,7691.499247841238
7340032,1349.317,training/walltime,910.183046579361
7340032,1349.317,training/entropy_loss,-0.11547036468982697
7340032,1349.317,training/kl_mean,0.0049586184322834015
7340032,1349.317,training/learning_rate,0.0003000000142492354
7340032,1349.317,training/policy_dist_max_loc,0.9274533987045288
7340032,1349.317,training/policy_dist_max_std,1.3311171531677246
7340032,1349.317,training/policy_dist_mean_loc,-0.022278154268860817
7340032,1349.317,training/policy_dist_mean_std,0.709269106388092
7340032,1349.317,training/policy_dist_min_loc,-0.7044663429260254
7340032,1349.317,training/policy_dist_min_std,0.37678200006484985
7340032,1349.317,training/policy_loss,-0.0027285036630928516
7340032,1349.317,training/total_loss,5.84710693359375
7340032,1349.317,training/v_loss,5.965305805206299
7340032,1349.317,eval/episode_reward,315.8784484863281
7340032,1349.317,eval/episode_reward/ctrl,-0.22341111302375793
7340032,1349.317,eval/episode_reward/forward,367.588623046875
7340032,1349.317,eval/episode_reward/joint,-0.05533924698829651
7340032,1349.317,eval/episode_reward/orient,-51.431453704833984
7340032,1349.317,eval/episode_reward/total,315.8784484863281
7340032,1349.317,eval/episode_state/forward_vel,12.99655532836914
7340032,1349.317,eval/episode_state/up_z,886.9249877929688
7340032,1349.317,eval/episode_reward_std,176.6663818359375
7340032,1349.317,eval/episode_reward/ctrl_std,0.001322621712461114
7340032,1349.317,eval/episode_reward/forward_std,17.733572006225586
7340032,1349.317,eval/episode_reward/joint_std,0.005691664293408394
7340032,1349.317,eval/episode_reward/orient_std,178.49588012695312
7340032,1349.317,eval/episode_reward/total_std,176.6663818359375
7340032,1349.317,eval/episode_state/forward_vel_std,11.294918060302734
7340032,1349.317,eval/episode_state/up_z_std,178.21206665039062
7340032,1349.317,eval/avg_episode_length,1000.0
7340032,1349.317,eval/std_episode_length,0.0
7340032,1349.317,eval/epoch_eval_time,30.72421646118164
7340032,1349.317,eval/sps,1041.5237127505022
7864320,1418.161,episode/sps,5264.334095295218
7864320,1418.161,episode/length,1000.0
7864320,1418.161,episode/reward/ctrl,-0.22296254232525825
7864320,1418.161,episode/reward/forward,364.9323748779297
7864320,1418.161,episode/reward/joint,-0.0536325965449214
7864320,1418.161,episode/reward/orient,-28.294334843158722
7864320,1418.161,episode/reward/total,336.361456489563
7864320,1418.161,episode/state/forward_vel,12.12118406534195
7864320,1418.161,episode/state/up_z,912.93416015625
7864320,1418.161,episode/sum_reward,336.361456489563
7864320,1418.161,episode/entropy_loss,-0.11551945097744465
7864320,1418.161,episode/kl_mean,0.004618301924783737
7864320,1418.161,episode/learning_rate,0.0003000000142492354
7864320,1418.161,episode/policy_dist_max_loc,0.9515074765682221
7864320,1418.161,episode/policy_dist_max_std,1.3078466582298278
7864320,1418.161,episode/policy_dist_mean_loc,-0.022660700418055058
7864320,1418.161,episode/policy_dist_mean_std,0.7094231289625168
7864320,1418.161,episode/policy_dist_min_loc,-0.7330312955379487
7864320,1418.161,episode/policy_dist_min_std,0.36922050297260284
7864320,1418.161,episode/policy_loss,-0.0023762394806544763
7864320,1418.161,episode/total_loss,5.604331506490707
7864320,1418.161,episode/v_loss,5.722227184772492
7864320,1450.273,eval/walltime,459.00925374031067
7864320,1450.273,training/sps,7614.807639031906
7864320,1450.273,training/walltime,979.0341620445251
7864320,1450.273,training/entropy_loss,-0.11566322296857834
7864320,1450.273,training/kl_mean,0.0045061917044222355
7864320,1450.273,training/learning_rate,0.0003000000142492354
7864320,1450.273,training/policy_dist_max_loc,1.0284767150878906
7864320,1450.273,training/policy_dist_max_std,1.2543864250183105
7864320,1450.273,training/policy_dist_mean_loc,-0.023593071848154068
7864320,1450.273,training/policy_dist_mean_std,0.712158203125
7864320,1450.273,training/policy_dist_min_loc,-0.7210304737091064
7864320,1450.273,training/policy_dist_min_std,0.3581618666648865
7864320,1450.273,training/policy_loss,-0.002295908983796835
7864320,1450.273,training/total_loss,3.41961669921875
7864320,1450.273,training/v_loss,3.5375757217407227
7864320,1450.273,eval/episode_reward,323.8245849609375
7864320,1450.273,eval/episode_reward/ctrl,-0.22458040714263916
7864320,1450.273,eval/episode_reward/forward,366.54461669921875
7864320,1450.273,eval/episode_reward/joint,-0.05387274920940399
7864320,1450.273,eval/episode_reward/orient,-42.44153594970703
7864320,1450.273,eval/episode_reward/total,323.8245849609375
7864320,1450.273,eval/episode_state/forward_vel,12.645950317382812
7864320,1450.273,eval/episode_state/up_z,912.402587890625
7864320,1450.273,eval/episode_reward_std,191.17037963867188
7864320,1450.273,eval/episode_reward/ctrl_std,0.0017749908147379756
7864320,1450.273,eval/episode_reward/forward_std,20.727890014648438
7864320,1450.273,eval/episode_reward/joint_std,0.0033750387374311686
7864320,1450.273,eval/episode_reward/orient_std,195.19740295410156
7864320,1450.273,eval/episode_reward/total_std,191.17037963867188
7864320,1450.273,eval/episode_state/forward_vel_std,13.118099212646484
7864320,1450.273,eval/episode_state/up_z_std,116.906982421875
7864320,1450.273,eval/avg_episode_length,1000.0
7864320,1450.273,eval/std_episode_length,0.0
7864320,1450.273,eval/epoch_eval_time,32.08929419517517
7864320,1450.273,eval/sps,997.2173213087187
8388608,1518.456,episode/sps,5227.473493317507
8388608,1518.456,episode/length,1000.0
8388608,1518.456,episode/reward/ctrl,-0.22411791503429412
8388608,1518.456,episode/reward/forward,361.74606231689455
8388608,1518.456,episode/reward/joint,-0.054099205955863
8388608,1518.456,episode/reward/orient,-25.00203929424286
8388608,1518.456,episode/reward/total,336.4657907104492
8388608,1518.456,episode/state/forward_vel,9.678008557632566
8388608,1518.456,episode/state/up_z,918.126333618164
8388608,1518.456,episode/sum_reward,336.4657907104492
8388608,1518.456,episode/entropy_loss,-0.11563480161130428
8388608,1518.456,episode/kl_mean,0.00440787808620371
8388608,1518.456,episode/learning_rate,0.0003000000142492354
8388608,1518.456,episode/policy_dist_max_loc,1.0217379039525987
8388608,1518.456,episode/policy_dist_max_std,1.2668777990341187
8388608,1518.456,episode/policy_dist_mean_loc,-0.023504780642688274
8388608,1518.456,episode/policy_dist_mean_std,0.7119013780355453
8388608,1518.456,episode/policy_dist_min_loc,-0.7197903490066528
8388608,1518.456,episode/policy_dist_min_std,0.3654271590709686
8388608,1518.456,episode/policy_loss,-0.002274115867039654
8388608,1518.456,episode/total_loss,5.135054044127465
8388608,1518.456,episode/v_loss,5.252962938547134
8388608,1551.172,eval/walltime,491.70482778549194
8388608,1551.172,training/sps,7688.802870920379
8388608,1551.172,training/walltime,1047.2226705551147
8388608,1551.172,training/entropy_loss,-0.11579319089651108
8388608,1551.172,training/kl_mean,0.0036216476000845432
8388608,1551.172,training/learning_rate,0.0003000000142492354
8388608,1551.172,training/policy_dist_max_loc,1.1139426231384277
8388608,1551.172,training/policy_dist_max_std,1.201747179031372
8388608,1551.172,training/policy_dist_mean_loc,-0.02472846955060959
8388608,1551.172,training/policy_dist_mean_std,0.714785099029541
8388608,1551.172,training/policy_dist_min_loc,-0.722579836845398
8388608,1551.172,training/policy_dist_min_std,0.36230337619781494
8388608,1551.172,training/policy_loss,-0.0016803073231130838
8388608,1551.172,training/total_loss,5.694305896759033
8388608,1551.172,training/v_loss,5.811779022216797
8388608,1551.172,eval/episode_reward,357.9163818359375
8388608,1551.172,eval/episode_reward/ctrl,-0.22571523487567902
8388608,1551.172,eval/episode_reward/forward,363.13751220703125
8388608,1551.172,eval/episode_reward/joint,-0.05654232203960419
8388608,1551.172,eval/episode_reward/orient,-4.938902378082275
8388608,1551.172,eval/episode_reward/total,357.9163818359375
8388608,1551.172,eval/episode_state/forward_vel,10.69344711303711
8388608,1551.172,eval/episode_state/up_z,937.51611328125
8388608,1551.172,eval/episode_reward_std,23.349231719970703
8388608,1551.172,eval/episode_reward/ctrl_std,0.001495682168751955
8388608,1551.172,eval/episode_reward/forward_std,23.361125946044922
8388608,1551.172,eval/episode_reward/joint_std,0.004345274996012449
8388608,1551.172,eval/episode_reward/orient_std,0.7491551041603088
8388608,1551.172,eval/episode_reward/total_std,23.349231719970703
8388608,1551.172,eval/episode_state/forward_vel_std,14.487009048461914
8388608,1551.172,eval/episode_state/up_z_std,5.30014181137085
8388608,1551.172,eval/avg_episode_length,1000.0
8388608,1551.172,eval/std_episode_length,0.0
8388608,1551.172,eval/epoch_eval_time,32.695574045181274
8388608,1551.172,eval/sps,978.725742994447
8912896,1620.808,episode/sps,5122.40692413591
8912896,1620.808,episode/length,1000.0
8912896,1620.808,episode/reward/ctrl,-0.22531297892332078
8912896,1620.808,episode/reward/forward,369.36185333251956
8912896,1620.808,episode/reward/joint,-0.05561204858124256
8912896,1620.808,episode/reward/orient,-12.1852862906456
8912896,1620.808,episode/reward/total,356.8956408691406
8912896,1620.808,episode/state/forward_vel,14.22966721817851
8912896,1620.808,episode/state/up_z,929.6611854553223
8912896,1620.808,episode/sum_reward,356.8956408691406
8912896,1620.808,episode/entropy_loss,-0.11577513873577118
8912896,1620.808,episode/kl_mean,0.004031319852219895
8912896,1620.808,episode/learning_rate,0.0003000000142492354
8912896,1620.808,episode/policy_dist_max_loc,1.0703910958766938
8912896,1620.808,episode/policy_dist_max_std,1.250580347776413
8912896,1620.808,episode/policy_dist_mean_loc,-0.026351039838045834
8912896,1620.808,episode/policy_dist_mean_std,0.7144597482681274
8912896,1620.808,episode/policy_dist_min_loc,-0.72030304312706
8912896,1620.808,episode/policy_dist_min_std,0.3664267310500145
8912896,1620.808,episode/policy_loss,-0.0020260235625028144
8912896,1620.808,episode/total_loss,4.561516194939613
8912896,1620.808,episode/v_loss,4.679317349195481
8912896,1652.634,eval/walltime,523.5072848796844
8912896,1652.634,training/sps,7528.197854256931
8912896,1652.634,training/walltime,1116.8658986091614
8912896,1652.634,training/entropy_loss,-0.11591030657291412
8912896,1652.634,training/kl_mean,0.003758945968002081
8912896,1652.634,training/learning_rate,0.0003000000142492354
8912896,1652.634,training/policy_dist_max_loc,1.0881235599517822
8912896,1652.634,training/policy_dist_max_std,1.3001912832260132
8912896,1652.634,training/policy_dist_mean_loc,-0.03122701309621334
8912896,1652.634,training/policy_dist_mean_std,0.7169974446296692
8912896,1652.634,training/policy_dist_min_loc,-0.7265838384628296
8912896,1652.634,training/policy_dist_min_std,0.37897437810897827
8912896,1652.634,training/policy_loss,-0.0019320810679346323
8912896,1652.634,training/total_loss,4.242114067077637
8912896,1652.634,training/v_loss,4.359956741333008
8912896,1652.634,eval/episode_reward,374.8860778808594
8912896,1652.634,eval/episode_reward/ctrl,-0.22670044004917145
8912896,1652.634,eval/episode_reward/forward,380.1070861816406
8912896,1652.634,eval/episode_reward/joint,-0.05627147853374481
8912896,1652.634,eval/episode_reward/orient,-4.937985420227051
8912896,1652.634,eval/episode_reward/total,374.8860778808594
8912896,1652.634,eval/episode_state/forward_vel,20.927562713623047
8912896,1652.634,eval/episode_state/up_z,937.2271118164062
8912896,1652.634,eval/episode_reward_std,23.33193588256836
8912896,1652.634,eval/episode_reward/ctrl_std,0.0016522102523595095
8912896,1652.634,eval/episode_reward/forward_std,22.855060577392578
8912896,1652.634,eval/episode_reward/joint_std,0.0045462981797754765
8912896,1652.634,eval/episode_reward/orient_std,0.9512010812759399
8912896,1652.634,eval/episode_reward/total_std,23.33193588256836
8912896,1652.634,eval/episode_state/forward_vel_std,14.238224029541016
8912896,1652.634,eval/episode_state/up_z_std,5.699071407318115
8912896,1652.634,eval/avg_episode_length,1000.0
8912896,1652.634,eval/std_episode_length,0.0
8912896,1652.634,eval/epoch_eval_time,31.802457094192505
8912896,1652.634,eval/sps,1006.2115611137344
9437184,1721.601,episode/sps,5201.626698073251
9437184,1721.601,episode/length,1000.0
9437184,1721.601,episode/reward/ctrl,-0.2264357428252697
9437184,1721.601,episode/reward/forward,375.47220703125
9437184,1721.601,episode/reward/joint,-0.056652387753129
9437184,1721.601,episode/reward/orient,-9.9287459731102
9437184,1721.601,episode/reward/total,365.2603632354736
9437184,1721.601,episode/state/forward_vel,17.979744925647974
9437184,1721.601,episode/state/up_z,931.7750128173828
9437184,1721.601,episode/sum_reward,365.2603632354736
9437184,1721.601,episode/entropy_loss,-0.11589265368878841
9437184,1721.601,episode/kl_mean,0.003963836543553043
9437184,1721.601,episode/learning_rate,0.0003000000142492354
9437184,1721.601,episode/policy_dist_max_loc,1.1013504779338836
9437184,1721.601,episode/policy_dist_max_std,1.2596197736263275
9437184,1721.601,episode/policy_dist_mean_loc,-0.029892893228679895
9437184,1721.601,episode/policy_dist_mean_std,0.7167867511510849
9437184,1721.601,episode/policy_dist_min_loc,-0.7258651918172836
9437184,1721.601,episode/policy_dist_min_std,0.3756257483363152
9437184,1721.601,episode/policy_loss,-0.002056655252381461
9437184,1721.601,episode/total_loss,4.001652637720108
9437184,1721.601,episode/v_loss,4.119601943492889
9437184,1754.507,eval/walltime,556.3901352882385
9437184,1754.507,training/sps,7601.211753600052
9437184,1754.507,training/walltime,1185.840164422989
9437184,1754.507,training/entropy_loss,-0.11600884795188904
9437184,1754.507,training/kl_mean,0.0043303570710122585
9437184,1754.507,training/learning_rate,0.0003000000142492354
9437184,1754.507,training/policy_dist_max_loc,1.1152644157409668
9437184,1754.507,training/policy_dist_max_std,1.2781070470809937
9437184,1754.507,training/policy_dist_mean_loc,-0.03460998088121414
9437184,1754.507,training/policy_dist_mean_std,0.7190220952033997
9437184,1754.507,training/policy_dist_min_loc,-0.7327671051025391
9437184,1754.507,training/policy_dist_min_std,0.3867996335029602
9437184,1754.507,training/policy_loss,-0.0024227891117334366
9437184,1754.507,training/total_loss,2.076566219329834
9437184,1754.507,training/v_loss,2.194998025894165
9437184,1754.507,eval/episode_reward,366.945068359375
9437184,1754.507,eval/episode_reward/ctrl,-0.22791031002998352
9437184,1754.507,eval/episode_reward/forward,372.8690185546875
9437184,1754.507,eval/episode_reward/joint,-0.05821993574500084
9437184,1754.507,eval/episode_reward/orient,-5.637847900390625
9437184,1754.507,eval/episode_reward/total,366.945068359375
9437184,1754.507,eval/episode_state/forward_vel,16.698863983154297
9437184,1754.507,eval/episode_state/up_z,935.6638793945312
9437184,1754.507,eval/episode_reward_std,26.756690979003906
9437184,1754.507,eval/episode_reward/ctrl_std,0.001970945857465267
9437184,1754.507,eval/episode_reward/forward_std,26.512645721435547
9437184,1754.507,eval/episode_reward/joint_std,0.0047711338847875595
9437184,1754.507,eval/episode_reward/orient_std,2.8490281105041504
9437184,1754.507,eval/episode_reward/total_std,26.756690979003906
9437184,1754.507,eval/episode_state/forward_vel_std,17.03635597229004
9437184,1754.507,eval/episode_state/up_z_std,8.065526962280273
9437184,1754.507,eval/avg_episode_length,1000.0
9437184,1754.507,eval/std_episode_length,0.0
9437184,1754.507,eval/epoch_eval_time,32.88285040855408
9437184,1754.507,eval/sps,973.1516459922095
9961472,1824.189,episode/sps,5110.602625610791
9961472,1824.189,episode/length,1000.0
9961472,1824.189,episode/reward/ctrl,-0.2272142831981182
9961472,1824.189,episode/reward/forward,372.10928833007813
9961472,1824.189,episode/reward/joint,-0.0571526412665844
9961472,1824.189,episode/reward/orient,-5.142004926204681
9961472,1824.189,episode/reward/total,366.6828948974609
9961472,1824.189,episode/state/forward_vel,16.138421455174683
9961472,1824.189,episode/state/up_z,938.0815045166015
9961472,1824.189,episode/sum_reward,366.6828948974609
9961472,1824.189,episode/entropy_loss,-0.11592348963022232
9961472,1824.189,episode/kl_mean,0.004083358722564299
9961472,1824.189,episode/learning_rate,0.0003000000142492354
9961472,1824.189,episode/policy_dist_max_loc,1.1585761767625808
9961472,1824.189,episode/policy_dist_max_std,1.2796890461444854
9961472,1824.189,episode/policy_dist_mean_loc,-0.03617110719904303
9961472,1824.189,episode/policy_dist_mean_std,0.7190293741226196
9961472,1824.189,episode/policy_dist_min_loc,-0.7290667831897736
9961472,1824.189,episode/policy_dist_min_std,0.3791663241386414
9961472,1824.189,episode/policy_loss,-0.0020398106581706087
9961472,1824.189,episode/total_loss,3.311024887561798
9961472,1824.189,episode/v_loss,3.4289881885051727
9961472,1855.731,eval/walltime,587.9064929485321
9961472,1855.731,training/sps,7523.211292303521
9961472,1855.731,training/walltime,1255.5295536518097
9961472,1855.731,training/entropy_loss,-0.11587334424257278
9961472,1855.731,training/kl_mean,0.003886641003191471
9961472,1855.731,training/learning_rate,0.0003000000142492354
9961472,1855.731,training/policy_dist_max_loc,1.2727806568145752
9961472,1855.731,training/policy_dist_max_std,1.2688838243484497
9961472,1855.731,training/policy_dist_mean_loc,-0.043780554085969925
9961472,1855.731,training/policy_dist_mean_std,0.7214120626449585
9961472,1855.731,training/policy_dist_min_loc,-0.7242147326469421
9961472,1855.731,training/policy_dist_min_std,0.37519675493240356
9961472,1855.731,training/policy_loss,-0.0016767560737207532
9961472,1855.731,training/total_loss,3.393070697784424
9961472,1855.731,training/v_loss,3.510620594024658
9961472,1855.731,eval/episode_reward,364.14599609375
9961472,1855.731,eval/episode_reward/ctrl,-0.22962361574172974
9961472,1855.731,eval/episode_reward/forward,370.40509033203125
9961472,1855.731,eval/episode_reward/joint,-0.06520956754684448
9961472,1855.731,eval/episode_reward/orient,-5.964267730712891
9961472,1855.731,eval/episode_reward/total,364.14599609375
9961472,1855.731,eval/episode_state/forward_vel,16.10814666748047
9961472,1855.731,eval/episode_state/up_z,934.5514526367188
9961472,1855.731,eval/episode_reward_std,23.058809280395508
9961472,1855.731,eval/episode_reward/ctrl_std,0.0018910529324784875
9961472,1855.731,eval/episode_reward/forward_std,22.419004440307617
9961472,1855.731,eval/episode_reward/joint_std,0.005465434864163399
9961472,1855.731,eval/episode_reward/orient_std,3.0060620307922363
9961472,1855.731,eval/episode_reward/total_std,23.058809280395508
9961472,1855.731,eval/episode_state/forward_vel_std,14.39609432220459
9961472,1855.731,eval/episode_state/up_z_std,11.103758811950684
9961472,1855.731,eval/avg_episode_length,1000.0
9961472,1855.731,eval/std_episode_length,0.0
9961472,1855.731,eval/epoch_eval_time,31.51635766029358
9961472,1855.731,eval/sps,1015.3457561600065
0,46.615,eval/walltime,26.919747829437256
0,46.615,eval/episode_reward,-1052.9327392578125
0,46.615,eval/episode_reward/ctrl,-0.24395185708999634
0,46.615,eval/episode_reward/forward,343.5304870605469
0,46.615,eval/episode_reward/joint,-0.0975145548582077
0,46.615,eval/episode_reward/orient,-1396.1217041015625
0,46.615,eval/episode_reward/total,-1052.9327392578125
0,46.615,eval/episode_state/forward_vel,2.570173740386963
0,46.615,eval/episode_state/up_z,61.61738586425781
0,46.615,eval/episode_reward_std,1255.1431884765625
0,46.615,eval/episode_reward/ctrl_std,0.0018870371859520674
0,46.615,eval/episode_reward/forward_std,32.05504608154297
0,46.615,eval/episode_reward/joint_std,0.004911232739686966
0,46.615,eval/episode_reward/orient_std,1251.639404296875
0,46.615,eval/episode_reward/total_std,1255.1431884765625
0,46.615,eval/episode_state/forward_vel_std,20.485179901123047
0,46.615,eval/episode_state/up_z_std,571.4507446289062
0,46.615,eval/avg_episode_length,1000.0
0,46.615,eval/std_episode_length,0.0
0,46.615,eval/epoch_eval_time,26.919747829437256
0,46.615,eval/sps,1188.7184160398185
524288,89.308,episode/sps,6578.412493333053
524288,89.308,episode/length,1000.0
524288,89.308,episode/reward/ctrl,-0.2447869086265564
524288,89.308,episode/reward/forward,347.4379299926758
524288,89.308,episode/reward/joint,-0.09699127189815045
524288,89.308,episode/reward/orient,-1723.4054040527344
524288,89.308,episode/reward/total,-1376.3091395950316
524288,89.308,episode/state/forward_vel,5.17744450584054
524288,89.308,episode/state/up_z,-86.11905096054078
524288,89.308,episode/sum_reward,-1376.3091395950316
524288,89.308,episode/entropy_loss,-0.1150343760382384
524288,89.308,episode/kl_mean,3.0476000234484673
524288,89.308,episode/learning_rate,0.0003000000142492354
524288,89.308,episode/policy_dist_max_loc,1.2229209430515766
524288,89.308,episode/policy_dist_max_std,1.6886181943118572
524288,89.308,episode/policy_dist_mean_loc,0.0024018549811444245
524288,89.308,episode/policy_dist_mean_std,0.6952552124857903
524288,89.308,episode/policy_dist_min_loc,-1.0468639209866524
524288,89.308,episode/policy_dist_min_std,0.2050950499251485
524288,89.308,episode/policy_loss,0.3715534880757332
524288,89.308,episode/total_loss,244.817964553833
524288,89.308,episode/v_loss,244.56144523620605
524288,116.412,eval/walltime,53.806079149246216
524288,116.412,training/sps,12305.38079654109
524288,116.412,training/walltime,42.6064019203186
524288,116.412,training/entropy_loss,-0.11503437161445618
524288,116.412,training/kl_mean,3.047600030899048
524288,116.412,training/learning_rate,0.0003000000142492354
524288,116.412,training/policy_dist_max_loc,1.2229208946228027
524288,116.412,training/policy_dist_max_std,1.6886181831359863
524288,116.412,training/policy_dist_mean_loc,0.00240185484290123
524288,116.412,training/policy_dist_mean_std,0.6952551603317261
524288,116.412,training/policy_dist_min_loc,-1.0468639135360718
524288,116.412,training/policy_dist_min_std,0.2050950527191162
524288,116.412,training/policy_loss,0.3715534806251526
524288,116.412,training/total_loss,244.81796264648438
524288,116.412,training/v_loss,244.56143188476562
524288,116.412,eval/episode_reward,-1291.94775390625
524288,116.412,eval/episode_reward/ctrl,-0.22554811835289001
524288,116.412,eval/episode_reward/forward,322.0511474609375
524288,116.412,eval/episode_reward/joint,-0.053254835307598114
524288,116.412,eval/episode_reward/orient,-1613.7203369140625
524288,116.412,eval/episode_reward/total,-1291.94775390625
524288,116.412,eval/episode_state/forward_vel,-10.379911422729492
524288,116.412,eval/episode_state/up_z,-31.122970581054688
524288,116.412,eval/episode_reward_std,916.2210693359375
524288,116.412,eval/episode_reward/ctrl_std,0.006651085801422596
524288,116.412,eval/episode_reward/forward_std,31.3114070892334
524288,116.412,eval/episode_reward/joint_std,0.016321241855621338
524288,116.412,eval/episode_reward/orient_std,912.16064453125
524288,116.412,eval/episode_reward/total_std,916.2210693359375
524288,116.412,eval/episode_state/forward_vel_std,18.900421142578125
524288,116.412,eval/episode_state/up_z_std,444.73492431640625
524288,116.412,eval/avg_episode_length,1000.0
524288,116.412,eval/std_episode_length,0.0
524288,116.412,eval/epoch_eval_time,26.88633131980896
524288,116.412,eval/sps,1190.1958515412423
1048576,150.114,episode/sps,8622.217959697004
1048576,150.114,episode/length,1000.0
1048576,150.114,episode/reward/ctrl,-0.2242569500207901
1048576,150.114,episode/reward/forward,329.2679183959961
1048576,150.114,episode/reward/joint,-0.04887592352926731
1048576,150.114,episode/reward/orient,-1927.7230834960938
1048576,150.114,episode/reward/total,-1598.7283520507813
1048576,150.114,episode/state/forward_vel,-6.843652256727219
1048576,150.114,episode/state/up_z,-181.3416047501564
1048576,150.114,episode/sum_reward,-1598.7283520507813
1048576,150.114,episode/entropy_loss,-0.11504239833448082
1048576,150.114,episode/kl_mean,1.86608084756881
1048576,150.114,episode/learning_rate,0.0003000000142492354
1048576,150.114,episode/policy_dist_max_loc,1.0985702592879534
1048576,150.114,episode/policy_dist_max_std,1.7644741740077734
1048576,150.114,episode/policy_dist_mean_loc,0.003261217640101677
1048576,150.114,episode/policy_dist_mean_std,0.695981815457344
1048576,150.114,episode/policy_dist_min_loc,-1.042996116913855
1048576,150.114,episode/policy_dist_min_std,0.2545390953309834
1048576,150.114,episode/policy_loss,0.26568809850141406
1048576,150.114,episode/total_loss,242.90634083747864
1048576,150.114,episode/v_loss,242.75569367408752
1048576,158.913,eval/walltime,62.59028768539429
1048576,158.913,training/sps,15553.907775101246
1048576,158.913,training/walltime,76.31420111656189
1048576,158.913,training/entropy_loss,-0.11505042016506195
1048576,158.913,training/kl_mean,0.6845616698265076
1048576,158.913,training/learning_rate,0.0003000000142492354
1048576,158.913,training/policy_dist_max_loc,0.974219560623169
1048576,158.913,training/policy_dist_max_std,1.8403301239013672
1048576,158.913,training/policy_dist_mean_loc,0.0041205803863704205
1048576,158.913,training/policy_dist_mean_std,0.6967084407806396
1048576,158.913,training/policy_dist_min_loc,-1.039128303527832
1048576,158.913,training/policy_dist_min_std,0.3039831519126892
1048576,158.913,training/policy_loss,0.15982270240783691
1048576,158.913,training/total_loss,240.99472045898438
1048576,158.913,training/v_loss,240.949951171875
1048576,158.913,eval/episode_reward,-970.962646484375
1048576,158.913,eval/episode_reward/ctrl,-0.21725542843341827
1048576,158.913,eval/episode_reward/forward,327.0445251464844
1048576,158.913,eval/episode_reward/joint,-0.03084282949566841
1048576,158.913,eval/episode_reward/orient,-1297.7591552734375
1048576,158.913,eval/episode_reward/total,-970.962646484375
1048576,158.913,eval/episode_state/forward_vel,-7.402398109436035
1048576,158.913,eval/episode_state/up_z,165.49221801757812
1048576,158.913,eval/episode_reward_std,1065.7388916015625
1048576,158.913,eval/episode_reward/ctrl_std,0.0021230392158031464
1048576,158.913,eval/episode_reward/forward_std,28.321523666381836
1048576,158.913,eval/episode_reward/joint_std,0.004941705614328384
1048576,158.913,eval/episode_reward/orient_std,1058.51806640625
1048576,158.913,eval/episode_reward/total_std,1065.7388916015625
1048576,158.913,eval/episode_state/forward_vel_std,17.080257415771484
1048576,158.913,eval/episode_state/up_z_std,485.1729431152344
1048576,158.913,eval/avg_episode_length,1000.0
1048576,158.913,eval/std_episode_length,0.0
1048576,158.913,eval/epoch_eval_time,8.784208536148071
1048576,158.913,eval/sps,3642.9007654265224
1572864,178.406,episode/sps,18531.929821568767
1572864,178.406,episode/length,1000.0
1572864,178.406,episode/reward/ctrl,-0.21686386808753014
1572864,178.406,episode/reward/forward,328.70318588256833
1572864,178.406,episode/reward/joint,-0.03162134593352675
1572864,178.406,episode/reward/orient,-1358.581611175537
1572864,178.406,episode/reward/total,-1030.1268465328217
1572864,178.406,episode/state/forward_vel,-6.893599130362272
1572864,178.406,episode/state/up_z,124.85024247646332
1572864,178.406,episode/sum_reward,-1030.1268465328217
1572864,178.406,episode/entropy_loss,-0.11504883055264752
1572864,178.406,episode/kl_mean,1.2456226512294961
1572864,178.406,episode/learning_rate,0.0003000000142492354
1572864,178.406,episode/policy_dist_max_loc,1.055756775662303
1572864,178.406,episode/policy_dist_max_std,1.7446685632069905
1572864,178.406,episode/policy_dist_mean_loc,0.002451436623440865
1572864,178.406,episode/policy_dist_mean_std,0.6962013964851698
1572864,178.406,episode/policy_dist_min_loc,-1.0318566548327606
1572864,178.406,episode/policy_dist_min_std,0.2726574223488569
1572864,178.406,episode/policy_loss,0.17778259685110243
1572864,178.406,episode/total_loss,227.36318635940552
1572864,178.406,episode/v_loss,227.30045143763223
1572864,186.218,eval/walltime,70.38842296600342
1572864,186.218,training/sps,26889.700891888562
1572864,186.218,training/walltime,95.81192636489868
1572864,186.218,training/entropy_loss,-0.1150616928935051
1572864,186.218,training/kl_mean,0.004706258419901133
1572864,186.218,training/learning_rate,0.0003000000142492354
1572864,186.218,training/policy_dist_max_loc,0.9701298475265503
1572864,186.218,training/policy_dist_max_std,1.7050573825836182
1572864,186.218,training/policy_dist_mean_loc,0.0008318745531141758
1572864,186.218,training/policy_dist_mean_std,0.6966406106948853
1572864,186.218,training/policy_dist_min_loc,-1.009577751159668
1572864,186.218,training/policy_dist_min_std,0.3088940680027008
1572864,186.218,training/policy_loss,0.0019715935923159122
1572864,186.218,training/total_loss,196.27688598632812
1572864,186.218,training/v_loss,196.3899688720703
1572864,186.218,eval/episode_reward,-680.8402709960938
1572864,186.218,eval/episode_reward/ctrl,-0.21717752516269684
1572864,186.218,eval/episode_reward/forward,337.097900390625
1572864,186.218,eval/episode_reward/joint,-0.031445495784282684
1572864,186.218,eval/episode_reward/orient,-1017.6895751953125
1572864,186.218,eval/episode_reward/total,-680.8402709960938
1572864,186.218,eval/episode_state/forward_vel,-1.2254937887191772
1572864,186.218,eval/episode_state/up_z,301.0699768066406
1572864,186.218,eval/episode_reward_std,1172.931640625
1572864,186.218,eval/episode_reward/ctrl_std,0.002229500561952591
1572864,186.218,eval/episode_reward/forward_std,30.44111442565918
1572864,186.218,eval/episode_reward/joint_std,0.006131522357463837
1572864,186.218,eval/episode_reward/orient_std,1166.990234375
1572864,186.218,eval/episode_reward/total_std,1172.931640625
1572864,186.218,eval/episode_state/forward_vel_std,18.443910598754883
1572864,186.218,eval/episode_state/up_z_std,554.4096069335938
1572864,186.218,eval/avg_episode_length,1000.0
1572864,186.218,eval/std_episode_length,0.0
1572864,186.218,eval/epoch_eval_time,7.798135280609131
1572864,186.218,eval/sps,4103.545123097737
2097152,208.343,episode/sps,17512.904977602797
2097152,208.343,episode/length,1000.0
2097152,208.343,episode/reward/ctrl,-0.21732225596904756
2097152,208.343,episode/reward/forward,329.35129745483397
2097152,208.343,episode/reward/joint,-0.03189172653481364
2097152,208.343,episode/reward/orient,-1299.3647666931151
2097152,208.343,episode/reward/total,-970.2624354553222
2097152,208.343,episode/state/forward_vel,-6.414933755099773
2097152,208.343,episode/state/up_z,173.5939750289917
2097152,208.343,episode/sum_reward,-970.2624354553222
2097152,208.343,episode/entropy_loss,-0.11507737219333648
2097152,208.343,episode/kl_mean,0.3389331277215388
2097152,208.343,episode/learning_rate,0.0003000000142492354
2097152,208.343,episode/policy_dist_max_loc,0.9474727004766464
2097152,208.343,episode/policy_dist_max_std,1.7284240448474884
2097152,208.343,episode/policy_dist_mean_loc,0.0008055222238726856
2097152,208.343,episode/policy_dist_mean_std,0.696695277094841
2097152,208.343,episode/policy_dist_min_loc,-0.9860888791084289
2097152,208.343,episode/policy_dist_min_std,0.3082720029354096
2097152,208.343,episode/policy_loss,0.06454888471082086
2097152,208.343,episode/total_loss,203.38115631103517
2097152,208.343,episode/v_loss,203.43168365478516
2097152,217.013,eval/walltime,79.0442247390747
2097152,217.013,training/sps,23690.73095411961
2097152,217.013,training/walltime,117.94243812561035
2097152,217.013,training/entropy_loss,-0.1151188313961029
2097152,217.013,training/kl_mean,0.0030965860933065414
2097152,217.013,training/learning_rate,0.0003000000142492354
2097152,217.013,training/policy_dist_max_loc,0.8834555149078369
2097152,217.013,training/policy_dist_max_std,1.6277682781219482
2097152,217.013,training/policy_dist_mean_loc,-0.0026863496750593185
2097152,217.013,training/policy_dist_mean_std,0.6967697739601135
2097152,217.013,training/policy_dist_min_loc,-0.894073486328125
2097152,217.013,training/policy_dist_min_std,0.31875914335250854
2097152,217.013,training/policy_loss,-0.004476769827306271
2097152,217.013,training/total_loss,168.78216552734375
2097152,217.013,training/v_loss,168.90176391601562
2097152,217.013,eval/episode_reward,-471.50311279296875
2097152,217.013,eval/episode_reward/ctrl,-0.21715007722377777
2097152,217.013,eval/episode_reward/forward,330.16436767578125
2097152,217.013,eval/episode_reward/joint,-0.02942858263850212
2097152,217.013,eval/episode_reward/orient,-801.4209594726562
2097152,217.013,eval/episode_reward/total,-471.50311279296875
2097152,217.013,eval/episode_state/forward_vel,-5.832651138305664
2097152,217.013,eval/episode_state/up_z,411.0936279296875
2097152,217.013,eval/episode_reward_std,1126.515625
2097152,217.013,eval/episode_reward/ctrl_std,0.002060314640402794
2097152,217.013,eval/episode_reward/forward_std,35.511756896972656
2097152,217.013,eval/episode_reward/joint_std,0.005460834596306086
2097152,217.013,eval/episode_reward/orient_std,1126.7779541015625
2097152,217.013,eval/episode_reward/total_std,1126.515625
2097152,217.013,eval/episode_state/forward_vel_std,22.268783569335938
2097152,217.013,eval/episode_state/up_z_std,542.6334838867188
2097152,217.013,eval/avg_episode_length,1000.0
2097152,217.013,eval/std_episode_length,0.0
2097152,217.013,eval/epoch_eval_time,8.655801773071289
2097152,217.013,eval/sps,3696.9423328932844
2621440,239.103,episode/sps,17044.465150898566
2621440,239.103,episode/length,1000.0
2621440,239.103,episode/reward/ctrl,-0.21731616899371148
2621440,239.103,episode/reward/forward,335.932229309082
2621440,239.103,episode/reward/joint,-0.03063858987763524
2621440,239.103,episode/reward/orient,-674.3628513717651
2621440,239.103,episode/reward/total,-338.67858701705933
2621440,239.103,episode/state/forward_vel,-2.12055115878582
2621440,239.103,episode/state/up_z,457.90873871803285
2621440,239.103,episode/sum_reward,-338.67858701705933
2621440,239.103,episode/entropy_loss,-0.11513420447707176
2621440,239.103,episode/kl_mean,0.032096515715820714
2621440,239.103,episode/learning_rate,0.0003000000142492354
2621440,239.103,episode/policy_dist_max_loc,0.9049413865804672
2621440,239.103,episode/policy_dist_max_std,1.6569943523406983
2621440,239.103,episode/policy_dist_mean_loc,-0.0034012294915191886
2621440,239.103,episode/policy_dist_mean_std,0.697131164073944
2621440,239.103,episode/policy_dist_min_loc,-0.943167587518692
2621440,239.103,episode/policy_dist_min_std,0.3170253011584282
2621440,239.103,episode/policy_loss,0.003416324076242745
2621440,239.103,episode/total_loss,160.37603546142577
2621440,239.103,episode/v_loss,160.48775283813475
2621440,248.024,eval/walltime,87.95077896118164
2621440,248.024,training/sps,23728.222591724447
2621440,248.024,training/walltime,140.03798270225525
2621440,248.024,training/entropy_loss,-0.11523967981338501
2621440,248.024,training/kl_mean,0.004717524163424969
2621440,248.024,training/learning_rate,0.0003000000142492354
2621440,248.024,training/policy_dist_max_loc,0.8444401025772095
2621440,248.024,training/policy_dist_max_std,1.6046733856201172
2621440,248.024,training/policy_dist_mean_loc,-0.009346438571810722
2621440,248.024,training/policy_dist_mean_std,0.6980007886886597
2621440,248.024,training/policy_dist_min_loc,-0.9149559736251831
2621440,248.024,training/policy_dist_min_std,0.3260144889354706
2621440,248.024,training/policy_loss,-0.005021626129746437
2621440,248.024,training/total_loss,101.52914428710938
2621440,248.024,training/v_loss,101.64940643310547
2621440,248.024,eval/episode_reward,73.4403305053711
2621440,248.024,eval/episode_reward/ctrl,-0.21788078546524048
2621440,248.024,eval/episode_reward/forward,327.63525390625
2621440,248.024,eval/episode_reward/joint,-0.03287077695131302
2621440,248.024,eval/episode_reward/orient,-253.9440155029297
2621440,248.024,eval/episode_reward/total,73.4403305053711
2621440,248.024,eval/episode_state/forward_vel,-9.839062690734863
2621440,248.024,eval/episode_state/up_z,715.674072265625
2621440,248.024,eval/episode_reward_std,778.4196166992188
2621440,248.024,eval/episode_reward/ctrl_std,0.0021330646704882383
2621440,248.024,eval/episode_reward/forward_std,27.9137020111084
2621440,248.024,eval/episode_reward/joint_std,0.003658279310911894
2621440,248.024,eval/episode_reward/orient_std,780.138427734375
2621440,248.024,eval/episode_reward/total_std,778.4196166992188
2621440,248.024,eval/episode_state/forward_vel_std,16.80941390991211
2621440,248.024,eval/episode_state/up_z_std,390.2895812988281
2621440,248.024,eval/avg_episode_length,1000.0
2621440,248.024,eval/std_episode_length,0.0
2621440,248.024,eval/epoch_eval_time,8.906554222106934
2621440,248.024,eval/sps,3592.8597302616636
3145728,266.486,episode/sps,19146.669018941677
3145728,266.486,episode/length,1000.0
3145728,266.486,episode/reward/ctrl,-0.21738476246595384
3145728,266.486,episode/reward/forward,336.3106707763672
3145728,266.486,episode/reward/joint,-0.03340740928426385
3145728,266.486,episode/reward/orient,-253.84104800224304
3145728,266.486,episode/reward/total,82.21881814956664
3145728,266.486,episode/state/forward_vel,-3.478696586191654
3145728,266.486,episode/state/up_z,680.3424217796326
3145728,266.486,episode/sum_reward,82.21881814956664
3145728,266.486,episode/entropy_loss,-0.11517221659421921
3145728,266.486,episode/kl_mean,0.005035226008621976
3145728,266.486,episode/learning_rate,0.0003000000142492354
3145728,266.486,episode/policy_dist_max_loc,0.8866921180486679
3145728,266.486,episode/policy_dist_max_std,1.623952909708023
3145728,266.486,episode/policy_dist_mean_loc,-0.009337234341746808
3145728,266.486,episode/policy_dist_mean_std,0.6977400368452072
3145728,266.486,episode/policy_dist_min_loc,-0.9178599905967713
3145728,266.486,episode/policy_dist_min_std,0.3269296023249626
3145728,266.486,episode/policy_loss,-0.00428276150196325
3145728,266.486,episode/total_loss,107.38117210388184
3145728,266.486,episode/v_loss,107.50062717437744
3145728,275.526,eval/walltime,96.97680497169495
3145728,275.526,training/sps,28389.910623619427
3145728,275.526,training/walltime,158.50538849830627
3145728,275.526,training/entropy_loss,-0.11516553163528442
3145728,275.526,training/kl_mean,0.007415311876684427
3145728,275.526,training/learning_rate,0.0003000000142492354
3145728,275.526,training/policy_dist_max_loc,0.9309062957763672
3145728,275.526,training/policy_dist_max_std,1.6321985721588135
3145728,275.526,training/policy_dist_mean_loc,-0.01714080385863781
3145728,275.526,training/policy_dist_mean_std,0.6985918283462524
3145728,275.526,training/policy_dist_min_loc,-0.9373762011528015
3145728,275.526,training/policy_dist_min_std,0.3392602801322937
3145728,275.526,training/policy_loss,-0.003916431218385696
3145728,275.526,training/total_loss,39.83967590332031
3145728,275.526,training/v_loss,39.95875930786133
3145728,275.526,eval/episode_reward,176.3623046875
3145728,275.526,eval/episode_reward/ctrl,-0.21814799308776855
3145728,275.526,eval/episode_reward/forward,335.386474609375
3145728,275.526,eval/episode_reward/joint,-0.03732895106077194
3145728,275.526,eval/episode_reward/orient,-158.76856994628906
3145728,275.526,eval/episode_reward/total,176.3623046875
3145728,275.526,eval/episode_state/forward_vel,-5.37885856628418
3145728,275.526,eval/episode_state/up_z,800.22021484375
3145728,275.526,eval/episode_reward_std,497.27813720703125
3145728,275.526,eval/episode_reward/ctrl_std,0.0015870914794504642
3145728,275.526,eval/episode_reward/forward_std,24.918598175048828
3145728,275.526,eval/episode_reward/joint_std,0.004319795873016119
3145728,275.526,eval/episode_reward/orient_std,506.3168640136719
3145728,275.526,eval/episode_reward/total_std,497.27813720703125
3145728,275.526,eval/episode_state/forward_vel_std,16.319503784179688
3145728,275.526,eval/episode_state/up_z_std,310.2934265136719
3145728,275.526,eval/avg_episode_length,1000.0
3145728,275.526,eval/std_episode_length,0.0
3145728,275.526,eval/epoch_eval_time,9.026026010513306
3145728,275.526,eval/sps,3545.3033220519355
3670016,298.089,episode/sps,16589.66989800078
3670016,298.089,episode/length,1000.0
3670016,298.089,episode/reward/ctrl,-0.21759971097111702
3670016,298.089,episode/reward/forward,331.3857830810547
3670016,298.089,episode/reward/joint,-0.03559963406994939
3670016,298.089,episode/reward/orient,-202.28279494285584
3670016,298.089,episode/reward/total,128.84973136901854
3670016,298.089,episode/state/forward_vel,-7.295312996804714
3670016,298.089,episode/state/up_z,762.9636103820801
3670016,298.089,episode/sum_reward,128.84973136901854
3670016,298.089,episode/entropy_loss,-0.11515884935855865
3670016,298.089,episode/kl_mean,0.006801669308915734
3670016,298.089,episode/learning_rate,0.0003000000142492354
3670016,298.089,episode/policy_dist_max_loc,0.8564731830358505
3670016,298.089,episode/policy_dist_max_std,1.5731310653686523
3670016,298.089,episode/policy_dist_mean_loc,-0.01486260857898742
3670016,298.089,episode/policy_dist_mean_std,0.6985604256391525
3670016,298.089,episode/policy_dist_min_loc,-0.8904043120145798
3670016,298.089,episode/policy_dist_min_std,0.34217590004205706
3670016,298.089,episode/policy_loss,-0.004343997969117481
3670016,298.089,episode/total_loss,62.165896606445315
3670016,298.089,episode/v_loss,62.285399951934814
3670016,307.167,eval/walltime,106.03988766670227
3670016,307.167,training/sps,23230.981628766374
3670016,307.167,training/walltime,181.0738708972931
3670016,307.167,training/entropy_loss,-0.1150776743888855
3670016,307.167,training/kl_mean,0.008269764482975006
3670016,307.167,training/learning_rate,0.0003000000142492354
3670016,307.167,training/policy_dist_max_loc,0.7907100915908813
3670016,307.167,training/policy_dist_max_std,1.468200922012329
3670016,307.167,training/policy_dist_mean_loc,-0.019182339310646057
3670016,307.167,training/policy_dist_mean_std,0.6992756128311157
3670016,307.167,training/policy_dist_min_loc,-0.81465083360672
3670016,307.167,training/policy_dist_min_std,0.364778071641922
3670016,307.167,training/policy_loss,-0.003533078357577324
3670016,307.167,training/total_loss,33.1574821472168
3670016,307.167,training/v_loss,33.27609634399414
3670016,307.167,eval/episode_reward,56.25794219970703
3670016,307.167,eval/episode_reward/ctrl,-0.2180931568145752
3670016,307.167,eval/episode_reward/forward,332.9439392089844
3670016,307.167,eval/episode_reward/joint,-0.03938805311918259
3670016,307.167,eval/episode_reward/orient,-276.42840576171875
3670016,307.167,eval/episode_reward/total,56.25794219970703
3670016,307.167,eval/episode_state/forward_vel,-6.801366806030273
3670016,307.167,eval/episode_state/up_z,776.6389770507812
3670016,307.167,eval/episode_reward_std,744.539306640625
3670016,307.167,eval/episode_reward/ctrl_std,0.0014700161991640925
3670016,307.167,eval/episode_reward/forward_std,28.861919403076172
3670016,307.167,eval/episode_reward/joint_std,0.004080695565789938
3670016,307.167,eval/episode_reward/orient_std,738.14404296875
3670016,307.167,eval/episode_reward/total_std,744.539306640625
3670016,307.167,eval/episode_state/forward_vel_std,17.469371795654297
3670016,307.167,eval/episode_state/up_z_std,425.9881591796875
3670016,307.167,eval/avg_episode_length,1000.0
3670016,307.167,eval/std_episode_length,0.0
3670016,307.167,eval/epoch_eval_time,9.063082695007324
3670016,307.167,eval/sps,3530.8074610891695
4194304,329.852,episode/sps,16506.328570238322
4194304,329.852,episode/length,1000.0
4194304,329.852,episode/reward/ctrl,-0.21804689094424248
4194304,329.852,episode/reward/forward,332.0031636047363
4194304,329.852,episode/reward/joint,-0.03824437331408262
4194304,329.852,episode/reward/orient,-111.27489201784134
4194304,329.852,episode/reward/total,220.4719956970215
4194304,329.852,episode/state/forward_vel,-7.467874596118927
4194304,329.852,episode/state/up_z,872.2097183227539
4194304,329.852,episode/sum_reward,220.4719956970215
4194304,329.852,episode/entropy_loss,-0.11511716067790985
4194304,329.852,episode/kl_mean,0.0073380782594904305
4194304,329.852,episode/learning_rate,0.0003000000142492354
4194304,329.852,episode/policy_dist_max_loc,0.8449421745538711
4194304,329.852,episode/policy_dist_max_std,1.5358623266220093
4194304,329.852,episode/policy_dist_mean_loc,-0.01803659727796912
4194304,329.852,episode/policy_dist_mean_std,0.6992980200052261
4194304,329.852,episode/policy_dist_min_loc,-0.861490797996521
4194304,329.852,episode/policy_dist_min_std,0.3517176455259323
4194304,329.852,episode/policy_loss,-0.003428813612263184
4194304,329.852,episode/total_loss,34.998819541931155
4194304,329.852,episode/v_loss,35.11736570358276
4194304,338.723,eval/walltime,114.89743447303772
4194304,338.723,training/sps,23106.714331969255
4194304,338.723,training/walltime,203.76372599601746
4194304,338.723,training/entropy_loss,-0.11510267853736877
4194304,338.723,training/kl_mean,0.006189574021846056
4194304,338.723,training/learning_rate,0.0003000000142492354
4194304,338.723,training/policy_dist_max_loc,0.8218926787376404
4194304,338.723,training/policy_dist_max_std,1.4971532821655273
4194304,338.723,training/policy_dist_mean_loc,-0.01850813813507557
4194304,338.723,training/policy_dist_mean_std,0.700177788734436
4194304,338.723,training/policy_dist_min_loc,-0.8212803602218628
4194304,338.723,training/policy_dist_min_std,0.35194674134254456
4194304,338.723,training/policy_loss,-0.0021828082390129566
4194304,338.723,training/total_loss,24.064678192138672
4194304,338.723,training/v_loss,24.181962966918945
4194304,338.723,eval/episode_reward,268.57830810546875
4194304,338.723,eval/episode_reward/ctrl,-0.21964243054389954
4194304,338.723,eval/episode_reward/forward,346.5906982421875
4194304,338.723,eval/episode_reward/joint,-0.040435947477817535
4194304,338.723,eval/episode_reward/orient,-77.75236511230469
4194304,338.723,eval/episode_reward/total,268.57830810546875
4194304,338.723,eval/episode_state/forward_vel,1.007563591003418
4194304,338.723,eval/episode_state/up_z,900.9641723632812
4194304,338.723,eval/episode_reward_std,364.2041931152344
4194304,338.723,eval/episode_reward/ctrl_std,0.0018495512194931507
4194304,338.723,eval/episode_reward/forward_std,24.040517807006836
4194304,338.723,eval/episode_reward/joint_std,0.005183483008295298
4194304,338.723,eval/episode_reward/orient_std,374.80120849609375
4194304,338.723,eval/episode_reward/total_std,364.2041931152344
4194304,338.723,eval/episode_state/forward_vel_std,15.438949584960938
4194304,338.723,eval/episode_state/up_z_std,201.961181640625
4194304,338.723,eval/avg_episode_length,1000.0
4194304,338.723,eval/std_episode_length,0.0
4194304,338.723,eval/epoch_eval_time,8.85754680633545
4194304,338.723,eval/sps,3612.738459040564
4718592,357.758,episode/sps,18787.43611026984
4718592,357.758,episode/length,1000.0
4718592,357.758,episode/reward/ctrl,-0.2190118606388569
4718592,357.758,episode/reward/forward,343.76098571777345
4718592,357.758,episode/reward/joint,-0.039454108104109764
4718592,357.758,episode/reward/orient,-65.16530232429504
4718592,357.758,episode/reward/total,278.3372250366211
4718592,357.758,episode/state/forward_vel,-0.4706123592704535
4718592,357.758,episode/state/up_z,912.5712911987305
4718592,357.758,episode/sum_reward,278.3372250366211
4718592,357.758,episode/entropy_loss,-0.11512580662965774
4718592,357.758,episode/kl_mean,0.006839315260294825
4718592,357.758,episode/learning_rate,0.0003000000142492354
4718592,357.758,episode/policy_dist_max_loc,0.8054938662052155
4718592,357.758,episode/policy_dist_max_std,1.4596803283691406
4718592,357.758,episode/policy_dist_mean_loc,-0.019366501178592444
4718592,357.758,episode/policy_dist_mean_std,0.7004148495197297
4718592,357.758,episode/policy_dist_min_loc,-0.83265349984169
4718592,357.758,episode/policy_dist_min_std,0.3611966678500175
4718592,357.758,episode/policy_loss,-0.002741097809630446
4718592,357.758,episode/total_loss,24.126943731307982
4718592,357.758,episode/v_loss,24.24481072425842
4718592,366.887,eval/walltime,124.01231670379639
4718592,366.887,training/sps,27536.47863067887
4718592,366.887,training/walltime,222.80348801612854
4718592,366.887,training/entropy_loss,-0.1151936948299408
4718592,366.887,training/kl_mean,0.0057415650226175785
4718592,366.887,training/learning_rate,0.0003000000142492354
4718592,366.887,training/policy_dist_max_loc,0.78072190284729
4718592,366.887,training/policy_dist_max_std,1.3946409225463867
4718592,366.887,training/policy_dist_mean_loc,-0.020553991198539734
4718592,366.887,training/policy_dist_mean_std,0.7019690871238708
4718592,366.887,training/policy_dist_min_loc,-0.8505892753601074
4718592,366.887,training/policy_dist_min_std,0.3702012002468109
4718592,366.887,training/policy_loss,-0.001925639109686017
4718592,366.887,training/total_loss,13.102184295654297
4718592,366.887,training/v_loss,13.219303131103516
4718592,366.887,eval/episode_reward,338.4263610839844
4718592,366.887,eval/episode_reward/ctrl,-0.2201251983642578
4718592,366.887,eval/episode_reward/forward,347.1885681152344
4718592,366.887,eval/episode_reward/joint,-0.04203805327415466
4718592,366.887,eval/episode_reward/orient,-8.500031471252441
4718592,366.887,eval/episode_reward/total,338.4263610839844
4718592,366.887,eval/episode_state/forward_vel,0.78240567445755
4718592,366.887,eval/episode_state/up_z,944.4218139648438
4718592,366.887,eval/episode_reward_std,18.673215866088867
4718592,366.887,eval/episode_reward/ctrl_std,0.0014434611657634377
4718592,366.887,eval/episode_reward/forward_std,17.879179000854492
4718592,366.887,eval/episode_reward/joint_std,0.005436744075268507
4718592,366.887,eval/episode_reward/orient_std,15.654651641845703
4718592,366.887,eval/episode_reward/total_std,18.673215866088867
4718592,366.887,eval/episode_state/forward_vel_std,11.305215835571289
4718592,366.887,eval/episode_state/up_z_std,50.86452865600586
4718592,366.887,eval/avg_episode_length,1000.0
4718592,366.887,eval/std_episode_length,0.0
4718592,366.887,eval/epoch_eval_time,9.114882230758667
4718592,366.887,eval/sps,3510.7420139795395
5242880,389.719,episode/sps,16404.002412399495
5242880,389.719,episode/length,1000.0
5242880,389.719,episode/reward/ctrl,-0.22001473486423492
5242880,389.719,episode/reward/forward,347.5096630859375
5242880,389.719,episode/reward/joint,-0.04196448396891356
5242880,389.719,episode/reward/orient,-69.6237462836504
5242880,389.719,episode/reward/total,277.6238630676269
5242880,389.719,episode/state/forward_vel,1.5751345239579677
5242880,389.719,episode/state/up_z,901.1935163116455
5242880,389.719,episode/sum_reward,277.6238630676269
5242880,389.719,episode/entropy_loss,-0.11514561869204044
5242880,389.719,episode/kl_mean,0.006131407108623535
5242880,389.719,episode/learning_rate,0.0003000000142492354
5242880,389.719,episode/policy_dist_max_loc,0.8440601986646652
5242880,389.719,episode/policy_dist_max_std,1.4286244928836822
5242880,389.719,episode/policy_dist_mean_loc,-0.020344268046319485
5242880,389.719,episode/policy_dist_mean_std,0.7018622630834579
5242880,389.719,episode/policy_dist_min_loc,-0.8106258118152618
5242880,389.719,episode/policy_dist_min_std,0.36039669275283814
5242880,389.719,episode/policy_loss,-0.0023027602626825685
5242880,389.719,episode/total_loss,15.686746983528137
5242880,389.719,episode/v_loss,15.804195370674133
5242880,398.961,eval/walltime,133.23980712890625
5242880,398.961,training/sps,22957.978860967636
5242880,398.961,training/walltime,245.64034152030945
5242880,398.961,training/entropy_loss,-0.11516331881284714
5242880,398.961,training/kl_mean,0.005870379041880369
5242880,398.961,training/learning_rate,0.0003000000142492354
5242880,398.961,training/policy_dist_max_loc,0.9320248365402222
5242880,398.961,training/policy_dist_max_std,1.3937702178955078
5242880,398.961,training/policy_dist_mean_loc,-0.0219572801142931
5242880,398.961,training/policy_dist_mean_std,0.7037144899368286
5242880,398.961,training/policy_dist_min_loc,-0.7635113000869751
5242880,398.961,training/policy_dist_min_std,0.3584116995334625
5242880,398.961,training/policy_loss,-0.002280762419104576
5242880,398.961,training/total_loss,7.739893913269043
5242880,398.961,training/v_loss,7.857337474822998
5242880,398.961,eval/episode_reward,296.49041748046875
5242880,398.961,eval/episode_reward/ctrl,-0.2211940884590149
5242880,398.961,eval/episode_reward/forward,356.683837890625
5242880,398.961,eval/episode_reward/joint,-0.04778900742530823
5242880,398.961,eval/episode_reward/orient,-59.924461364746094
5242880,398.961,eval/episode_reward/total,296.49041748046875
5242880,398.961,eval/episode_state/forward_vel,7.433477878570557
5242880,398.961,eval/episode_state/up_z,898.9227905273438
5242880,398.961,eval/episode_reward_std,257.92559814453125
5242880,398.961,eval/episode_reward/ctrl_std,0.002119465498253703
5242880,398.961,eval/episode_reward/forward_std,19.45064353942871
5242880,398.961,eval/episode_reward/joint_std,0.0047180247493088245
5242880,398.961,eval/episode_reward/orient_std,251.32936096191406
5242880,398.961,eval/episode_reward/total_std,257.92559814453125
5242880,398.961,eval/episode_state/forward_vel_std,12.264408111572266
5242880,398.961,eval/episode_state/up_z_std,148.70265197753906
5242880,398.961,eval/avg_episode_length,1000.0
5242880,398.961,eval/std_episode_length,0.0
5242880,398.961,eval/epoch_eval_time,9.227490425109863
5242880,398.961,eval/sps,3467.8984778918375
5767168,421.764,episode/sps,16360.781602487305
5767168,421.764,episode/length,1000.0
5767168,421.764,episode/reward/ctrl,-0.22104724407196044
5767168,421.764,episode/reward/forward,355.114010925293
5767168,421.764,episode/reward/joint,-0.04733689952641726
5767168,421.764,episode/reward/orient,-69.87286651670932
5767168,421.764,episode/reward/total,284.9727766418457
5767168,421.764,episode/state/forward_vel,6.336703171432018
5767168,421.764,episode/state/up_z,900.4294770812988
5767168,421.764,episode/sum_reward,284.9727766418457
5767168,421.764,episode/entropy_loss,-0.11515431962907315
5767168,421.764,episode/kl_mean,0.005405049927067012
5767168,421.764,episode/learning_rate,0.0003000000142492354
5767168,421.764,episode/policy_dist_max_loc,0.8846259200572968
5767168,421.764,episode/policy_dist_max_std,1.4043582105636596
5767168,421.764,episode/policy_dist_mean_loc,-0.023448274675756692
5767168,421.764,episode/policy_dist_mean_std,0.7037467670440674
5767168,421.764,episode/policy_dist_min_loc,-0.8075594091415406
5767168,421.764,episode/policy_dist_min_std,0.3597604596614838
5767168,421.764,episode/policy_loss,-0.0021473996626446023
5767168,421.764,episode/total_loss,9.408194180727005
5767168,421.764,episode/v_loss,9.525495911836623
5767168,429.108,eval/walltime,140.56673455238342
5767168,429.108,training/sps,22986.155556195736
5767168,429.108,training/walltime,268.4492013454437
5767168,429.108,training/entropy_loss,-0.11511236429214478
5767168,429.108,training/kl_mean,0.004376568831503391
5767168,429.108,training/learning_rate,0.0003000000142492354
5767168,429.108,training/policy_dist_max_loc,0.9464982748031616
5767168,429.108,training/policy_dist_max_std,1.4122064113616943
5767168,429.108,training/policy_dist_mean_loc,-0.028271228075027466
5767168,429.108,training/policy_dist_mean_std,0.7058835625648499
5767168,429.108,training/policy_dist_min_loc,-0.8049389719963074
5767168,429.108,training/policy_dist_min_std,0.3509916663169861
5767168,429.108,training/policy_loss,-0.0019336706027388573
5767168,429.108,training/total_loss,5.757429122924805
5767168,429.108,training/v_loss,5.874475002288818
5767168,429.108,eval/episode_reward,346.6248779296875
5767168,429.108,eval/episode_reward/ctrl,-0.22152084112167358
5767168,429.108,eval/episode_reward/forward,362.59161376953125
5767168,429.108,eval/episode_reward/joint,-0.05122750997543335
5767168,429.108,eval/episode_reward/orient,-15.694048881530762
5767168,429.108,eval/episode_reward/total,346.6248779296875
5767168,429.108,eval/episode_state/forward_vel,10.32598876953125
5767168,429.108,eval/episode_state/up_z,920.60302734375
5767168,429.108,eval/episode_reward_std,31.24535369873047
5767168,429.108,eval/episode_reward/ctrl_std,0.0013753172243013978
5767168,429.108,eval/episode_reward/forward_std,19.75917625427246
5767168,429.108,eval/episode_reward/joint_std,0.003877036040648818
5767168,429.108,eval/episode_reward/orient_std,23.529518127441406
5767168,429.108,eval/episode_reward/total_std,31.24535369873047
5767168,429.108,eval/episode_state/forward_vel_std,12.391812324523926
5767168,429.108,eval/episode_state/up_z_std,57.76732635498047
5767168,429.108,eval/avg_episode_length,1000.0
5767168,429.108,eval/std_episode_length,0.0
5767168,429.108,eval/epoch_eval_time,7.326927423477173
5767168,429.108,eval/sps,4367.4514773361325
6291456,450.320,episode/sps,18360.496587667283
6291456,450.320,episode/length,1000.0
6291456,450.320,episode/reward/ctrl,-0.22192807272076606
6291456,450.320,episode/reward/forward,354.5556344604492
6291456,450.320,episode/reward/joint,-0.04951805159449577
6291456,450.320,episode/reward/orient,-33.21492246374488
6291456,450.320,episode/reward/total,321.06925872802736
6291456,450.320,episode/state/forward_vel,6.065527861565352
6291456,450.320,episode/state/up_z,921.5061846923828
6291456,450.320,episode/sum_reward,321.06925872802736
6291456,450.320,episode/entropy_loss,-0.1151625343412161
6291456,450.320,episode/kl_mean,0.004949568643933162
6291456,450.320,episode/learning_rate,0.0003000000142492354
6291456,450.320,episode/policy_dist_max_loc,0.946067858338356
6291456,450.320,episode/policy_dist_max_std,1.3878393292427063
6291456,450.320,episode/policy_dist_mean_loc,-0.025009556971490383
6291456,450.320,episode/policy_dist_mean_std,0.7055504840612411
6291456,450.320,episode/policy_dist_min_loc,-0.7654094773530961
6291456,450.320,episode/policy_dist_min_std,0.3573684933781624
6291456,450.320,episode/policy_loss,-0.002110618890001206
6291456,450.320,episode/total_loss,6.206094845533371
6291456,450.320,episode/v_loss,6.3233680140972135
6291456,459.566,eval/walltime,149.79941415786743
6291456,459.566,training/sps,24710.494509659246
6291456,459.566,training/walltime,289.66642141342163
6291456,459.566,training/entropy_loss,-0.11520518362522125
6291456,459.566,training/kl_mean,0.004416515585035086
6291456,459.566,training/learning_rate,0.0003000000142492354
6291456,459.566,training/policy_dist_max_loc,0.976608395576477
6291456,459.566,training/policy_dist_max_std,1.3612730503082275
6291456,459.566,training/policy_dist_mean_loc,-0.025423895567655563
6291456,459.566,training/policy_dist_mean_std,0.707403302192688
6291456,459.566,training/policy_dist_min_loc,-0.7219910621643066
6291456,459.566,training/policy_dist_min_std,0.35941019654273987
6291456,459.566,training/policy_loss,-0.0019486353266984224
6291456,459.566,training/total_loss,4.3298492431640625
6291456,459.566,training/v_loss,4.447003364562988
6291456,459.566,eval/episode_reward,331.3094177246094
6291456,459.566,eval/episode_reward/ctrl,-0.22295403480529785
6291456,459.566,eval/episode_reward/forward,363.4632873535156
6291456,459.566,eval/episode_reward/joint,-0.052857253700494766
6291456,459.566,eval/episode_reward/orient,-31.878108978271484
6291456,459.566,eval/episode_reward/total,331.3094177246094
6291456,459.566,eval/episode_state/forward_vel,10.89053726196289
6291456,459.566,eval/episode_state/up_z,908.90966796875
6291456,459.566,eval/episode_reward_std,124.5654525756836
6291456,459.566,eval/episode_reward/ctrl_std,0.0019062717910856009
6291456,459.566,eval/episode_reward/forward_std,18.593027114868164
6291456,459.566,eval/episode_reward/joint_std,0.0034940470941364765
6291456,459.566,eval/episode_reward/orient_std,126.65650939941406
6291456,459.566,eval/episode_reward/total_std,124.5654525756836
6291456,459.566,eval/episode_state/forward_vel_std,11.671768188476562
6291456,459.566,eval/episode_state/up_z_std,121.35760498046875
6291456,459.566,eval/avg_episode_length,1000.0
6291456,459.566,eval/std_episode_length,0.0
6291456,459.566,eval/epoch_eval_time,9.232679605484009
6291456,459.566,eval/sps,3465.949363280483
6815744,482.652,episode/sps,16215.390783222723
6815744,482.652,episode/length,1000.0
6815744,482.652,episode/reward/ctrl,-0.22279406175017358
6815744,482.652,episode/reward/forward,365.4381698608398
6815744,482.652,episode/reward/joint,-0.05262460842728615
6815744,482.652,episode/reward/orient,-9.449324305057525
6815744,482.652,episode/reward/total,355.71340026855466
6815744,482.652,episode/state/forward_vel,12.275003641843796
6815744,482.652,episode/state/up_z,930.7491680908203
6815744,482.652,episode/sum_reward,355.71340026855466
6815744,482.652,episode/entropy_loss,-0.11521486043930054
6815744,482.652,episode/kl_mean,0.004555404131533578
6815744,482.652,episode/learning_rate,0.0003000000142492354
6815744,482.652,episode/policy_dist_max_loc,0.9636543542146683
6815744,482.652,episode/policy_dist_max_std,1.4106178605556488
6815744,482.652,episode/policy_dist_mean_loc,-0.025540660228580238
6815744,482.652,episode/policy_dist_mean_std,0.7073092359304428
6815744,482.652,episode/policy_dist_min_loc,-0.7759756588935852
6815744,482.652,episode/policy_dist_min_std,0.3558310887217522
6815744,482.652,episode/policy_loss,-0.002079533379728673
6815744,482.652,episode/total_loss,5.504058521986008
6815744,482.652,episode/v_loss,5.621352931261063
6815744,491.987,eval/walltime,159.12056469917297
6815744,491.987,training/sps,22705.380285511925
6815744,491.987,training/walltime,312.75733613967896
6815744,491.987,training/entropy_loss,-0.11532986909151077
6815744,491.987,training/kl_mean,0.004655742086470127
6815744,491.987,training/learning_rate,0.0003000000142492354
6815744,491.987,training/policy_dist_max_loc,0.9738575220108032
6815744,491.987,training/policy_dist_max_std,1.4597407579421997
6815744,491.987,training/policy_dist_mean_loc,-0.023229386657476425
6815744,491.987,training/policy_dist_mean_std,0.7089813351631165
6815744,491.987,training/policy_dist_min_loc,-0.807796835899353
6815744,491.987,training/policy_dist_min_std,0.3580012917518616
6815744,491.987,training/policy_loss,-0.002177278511226177
6815744,491.987,training/total_loss,6.121962547302246
6815744,491.987,training/v_loss,6.239469528198242
6815744,491.987,eval/episode_reward,356.6556396484375
6815744,491.987,eval/episode_reward/ctrl,-0.22340624034404755
6815744,491.987,eval/episode_reward/forward,363.05841064453125
6815744,491.987,eval/episode_reward/joint,-0.053621869534254074
6815744,491.987,eval/episode_reward/orient,-6.125797271728516
6815744,491.987,eval/episode_reward/total,356.6556396484375
6815744,491.987,eval/episode_state/forward_vel,10.87706184387207
6815744,491.987,eval/episode_state/up_z,937.2398681640625
6815744,491.987,eval/episode_reward_std,21.22378158569336
6815744,491.987,eval/episode_reward/ctrl_std,0.0015145842917263508
6815744,491.987,eval/episode_reward/forward_std,19.729684829711914
6815744,491.987,eval/episode_reward/joint_std,0.00464994739741087
6815744,491.987,eval/episode_reward/orient_std,4.233511924743652
6815744,491.987,eval/episode_reward/total_std,21.22378158569336
6815744,491.987,eval/episode_state/forward_vel_std,12.424887657165527
6815744,491.987,eval/episode_state/up_z_std,16.306547164916992
6815744,491.987,eval/avg_episode_length,1000.0
6815744,491.987,eval/std_episode_length,0.0
6815744,491.987,eval/epoch_eval_time,9.321150541305542
6815744,491.987,eval/sps,3433.052589183696
7340032,514.476,episode/sps,16474.62078064816
7340032,514.476,episode/length,1000.0
7340032,514.476,episode/reward/ctrl,-0.22364787891507149
7340032,514.476,episode/reward/forward,361.7485940551758
7340032,514.476,episode/reward/joint,-0.05454056367278099
7340032,514.476,episode/reward/orient,-33.95129350423813
7340032,514.476,episode/reward/total,327.5191375732422
7340032,514.476,episode/state/forward_vel,9.88534969534725
7340032,514.476,episode/state/up_z,909.162931060791
7340032,514.476,episode/sum_reward,327.5191375732422
7340032,514.476,episode/entropy_loss,-0.11529176816344261
7340032,514.476,episode/kl_mean,0.004578392955008895
7340032,514.476,episode/learning_rate,0.0003000000142492354
7340032,514.476,episode/policy_dist_max_loc,0.9894890922307968
7340032,514.476,episode/policy_dist_max_std,1.4062528491020203
7340032,514.476,episode/policy_dist_mean_loc,-0.024922100380063057
7340032,514.476,episode/policy_dist_mean_std,0.709177565574646
7340032,514.476,episode/policy_dist_min_loc,-0.7592497736215591
7340032,514.476,episode/policy_dist_min_std,0.36129899084568023
7340032,514.476,episode/policy_loss,-0.002225880918413168
7340032,514.476,episode/total_loss,5.560641021728515
7340032,514.476,episode/v_loss,5.67815869808197
7340032,521.014,eval/walltime,165.64464378356934
7340032,521.014,training/sps,23307.786286458333
7340032,521.014,training/walltime,335.2514500617981
7340032,521.014,training/entropy_loss,-0.11536648869514465
7340032,521.014,training/kl_mean,0.004575962666422129
7340032,521.014,training/learning_rate,0.0003000000142492354
7340032,521.014,training/policy_dist_max_loc,1.0303540229797363
7340032,521.014,training/policy_dist_max_std,1.404383659362793
7340032,521.014,training/policy_dist_mean_loc,-0.025775011628866196
7340032,521.014,training/policy_dist_mean_std,0.7115291357040405
7340032,521.014,training/policy_dist_min_loc,-0.7487374544143677
7340032,521.014,training/policy_dist_min_std,0.3667188584804535
7340032,521.014,training/policy_loss,-0.002437860006466508
7340032,521.014,training/total_loss,6.114470958709717
7340032,521.014,training/v_loss,6.232275485992432
7340032,521.014,eval/episode_reward,267.151123046875
7340032,521.014,eval/episode_reward/ctrl,-0.22430875897407532
7340032,521.014,eval/episode_reward/forward,366.8720703125
7340032,521.014,eval/episode_reward/joint,-0.057067014276981354
7340032,521.014,eval/episode_reward/orient,-99.43948364257812
7340032,521.014,eval/episode_reward/total,267.151123046875
7340032,521.014,eval/episode_state/forward_vel,12.787729263305664
7340032,521.014,eval/episode_state/up_z,857.7406616210938
7340032,521.014,eval/episode_reward_std,302.1240539550781
7340032,521.014,eval/episode_reward/ctrl_std,0.0013288381742313504
7340032,521.014,eval/episode_reward/forward_std,21.607778549194336
7340032,521.014,eval/episode_reward/joint_std,0.004809089470654726
7340032,521.014,eval/episode_reward/orient_std,296.040771484375
7340032,521.014,eval/episode_reward/total_std,302.1240539550781
7340032,521.014,eval/episode_state/forward_vel_std,13.297133445739746
7340032,521.014,eval/episode_state/up_z_std,251.98458862304688
7340032,521.014,eval/avg_episode_length,1000.0
7340032,521.014,eval/std_episode_length,0.0
7340032,521.014,eval/epoch_eval_time,6.524079084396362
7340032,521.014,eval/sps,4904.906820724229
7864320,544.210,episode/sps,17632.742191912457
7864320,544.210,episode/length,1000.0
7864320,544.210,episode/reward/ctrl,-0.22410570949316025
7864320,544.210,episode/reward/forward,362.2756460571289
7864320,544.210,episode/reward/joint,-0.05644219998270273
7864320,544.210,episode/reward/orient,-30.46373587846756
7864320,544.210,episode/reward/total,331.5313356208801
7864320,544.210,episode/state/forward_vel,10.365888841748237
7864320,544.210,episode/state/up_z,918.7193286132813
7864320,544.210,episode/sum_reward,331.5313356208801
7864320,544.210,episode/entropy_loss,-0.115403525903821
7864320,544.210,episode/kl_mean,0.004527173107489944
7864320,544.210,episode/learning_rate,0.0003000000142492354
7864320,544.210,episode/policy_dist_max_loc,1.0375463962554932
7864320,544.210,episode/policy_dist_max_std,1.4081493413448334
7864320,544.210,episode/policy_dist_mean_loc,-0.024572219494730235
7864320,544.210,episode/policy_dist_mean_std,0.7113259041309357
7864320,544.210,episode/policy_dist_min_loc,-0.7762745177745819
7864320,544.210,episode/policy_dist_min_std,0.3554955694079399
7864320,544.210,episode/policy_loss,-0.0023114045619149694
7864320,544.210,episode/total_loss,5.487431936264038
7864320,544.210,episode/v_loss,5.605146902799606
7864320,553.594,eval/walltime,175.0138795375824
7864320,553.594,training/sps,22597.061734334817
7864320,553.594,training/walltime,358.4530506134033
7864320,553.594,training/entropy_loss,-0.11553481221199036
7864320,553.594,training/kl_mean,0.00415409030392766
7864320,553.594,training/learning_rate,0.0003000000142492354
7864320,553.594,training/policy_dist_max_loc,1.1305499076843262
7864320,553.594,training/policy_dist_max_std,1.3829145431518555
7864320,553.594,training/policy_dist_mean_loc,-0.024577472358942032
7864320,553.594,training/policy_dist_mean_std,0.7138628363609314
7864320,553.594,training/policy_dist_min_loc,-0.7881134152412415
7864320,553.594,training/policy_dist_min_std,0.34135740995407104
7864320,553.594,training/policy_loss,-0.002197849564254284
7864320,553.594,training/total_loss,4.319463729858398
7864320,553.594,training/v_loss,4.437196254730225
7864320,553.594,eval/episode_reward,341.37677001953125
7864320,553.594,eval/episode_reward/ctrl,-0.2252984493970871
7864320,553.594,eval/episode_reward/forward,368.2208251953125
7864320,553.594,eval/episode_reward/joint,-0.056447990238666534
7864320,553.594,eval/episode_reward/orient,-26.562335968017578
7864320,553.594,eval/episode_reward/total,341.37677001953125
7864320,553.594,eval/episode_state/forward_vel,13.961091995239258
7864320,553.594,eval/episode_state/up_z,926.412841796875
7864320,553.594,eval/episode_reward_std,124.849853515625
7864320,553.594,eval/episode_reward/ctrl_std,0.0017079840181395411
7864320,553.594,eval/episode_reward/forward_std,21.583412170410156
7864320,553.594,eval/episode_reward/joint_std,0.004039409104734659
7864320,553.594,eval/episode_reward/orient_std,112.61128234863281
7864320,553.594,eval/episode_reward/total_std,124.849853515625
7864320,553.594,eval/episode_state/forward_vel_std,12.945517539978027
7864320,553.594,eval/episode_state/up_z_std,76.42656707763672
7864320,553.594,eval/avg_episode_length,1000.0
7864320,553.594,eval/std_episode_length,0.0
7864320,553.594,eval/epoch_eval_time,9.369235754013062
7864320,553.594,eval/sps,3415.4333224344
8388608,576.981,episode/sps,15998.459558020535
8388608,576.981,episode/length,1000.0
8388608,576.981,episode/reward/ctrl,-0.22504211217164993
8388608,576.981,episode/reward/forward,367.66790649414065
8388608,576.981,episode/reward/joint,-0.0567987858876586
8388608,576.981,episode/reward/orient,-24.5185797727108
8388608,576.981,episode/reward/total,342.86753936767576
8388608,576.981,episode/state/forward_vel,13.167709433734418
8388608,576.981,episode/state/up_z,924.9315951538086
8388608,576.981,episode/sum_reward,342.86753936767576
8388608,576.981,episode/entropy_loss,-0.11550767339766026
8388608,576.981,episode/kl_mean,0.004260976680670865
8388608,576.981,episode/learning_rate,0.0003000000142492354
8388608,576.981,episode/policy_dist_max_loc,1.1358617126941681
8388608,576.981,episode/policy_dist_max_std,1.3859074425697326
8388608,576.981,episode/policy_dist_mean_loc,-0.024806646443903447
8388608,576.981,episode/policy_dist_mean_std,0.7135538542270661
8388608,576.981,episode/policy_dist_min_loc,-0.7752809154987336
8388608,576.981,episode/policy_dist_min_std,0.34871825337409973
8388608,576.981,episode/policy_loss,-0.002167946377885528
8388608,576.981,episode/total_loss,5.436169424057007
8388608,576.981,episode/v_loss,5.5538450825214385
8388608,586.418,eval/walltime,184.43694949150085
8388608,586.418,training/sps,22412.889902464904
8388608,586.418,training/walltime,381.8453040122986
8388608,586.418,training/entropy_loss,-0.11564797163009644
8388608,586.418,training/kl_mean,0.003830114845186472
8388608,586.418,training/learning_rate,0.0003000000142492354
8388608,586.418,training/policy_dist_max_loc,1.2607762813568115
8388608,586.418,training/policy_dist_max_std,1.3575408458709717
8388608,586.418,training/policy_dist_mean_loc,-0.02398347668349743
8388608,586.418,training/policy_dist_mean_std,0.7157637476921082
8388608,586.418,training/policy_dist_min_loc,-0.7806582450866699
8388608,586.418,training/policy_dist_min_std,0.3384019136428833
8388608,586.418,training/policy_loss,-0.0016984017565846443
8388608,586.418,training/total_loss,5.648262977600098
8388608,586.418,training/v_loss,5.7656097412109375
8388608,586.418,eval/episode_reward,366.1563720703125
8388608,586.418,eval/episode_reward/ctrl,-0.22645947337150574
8388608,586.418,eval/episode_reward/forward,371.02008056640625
8388608,586.418,eval/episode_reward/joint,-0.05888061225414276
8388608,586.418,eval/episode_reward/orient,-4.578404426574707
8388608,586.418,eval/episode_reward/total,366.1563720703125
8388608,586.418,eval/episode_state/forward_vel,16.029409408569336
8388608,586.418,eval/episode_state/up_z,940.8606567382812
8388608,586.418,eval/episode_reward_std,21.23086166381836
8388608,586.418,eval/episode_reward/ctrl_std,0.0014278292655944824
8388608,586.418,eval/episode_reward/forward_std,21.085580825805664
8388608,586.418,eval/episode_reward/joint_std,0.004565842915326357
8388608,586.418,eval/episode_reward/orient_std,0.8668736815452576
8388608,586.418,eval/episode_reward/total_std,21.23086166381836
8388608,586.418,eval/episode_state/forward_vel_std,13.409502983093262
8388608,586.418,eval/episode_state/up_z_std,5.9491682052612305
8388608,586.418,eval/avg_episode_length,1000.0
8388608,586.418,eval/std_episode_length,0.0
8388608,586.418,eval/epoch_eval_time,9.423069953918457
8388608,586.418,eval/sps,3395.920878916242
8912896,606.655,episode/sps,17668.349629295073
8912896,606.655,episode/length,1000.0
8912896,606.655,episode/reward/ctrl,-0.2260211831331253
8912896,606.655,episode/reward/forward,373.1746923828125
8912896,606.655,episode/reward/joint,-0.05707997813820839
8912896,606.655,episode/reward/orient,-5.052583618164062
8912896,606.655,episode/reward/total,367.839001159668
8912896,606.655,episode/state/forward_vel,16.542976856827735
8912896,606.655,episode/state/up_z,940.9433471679688
8912896,606.655,episode/sum_reward,367.839001159668
8912896,606.655,episode/entropy_loss,-0.11563939988613128
8912896,606.655,episode/kl_mean,0.004207810777006671
8912896,606.655,episode/learning_rate,0.0003000000142492354
8912896,606.655,episode/policy_dist_max_loc,1.174227300286293
8912896,606.655,episode/policy_dist_max_std,1.380113835334778
8912896,606.655,episode/policy_dist_mean_loc,-0.02508557166904211
8912896,606.655,episode/policy_dist_mean_std,0.7159539592266083
8912896,606.655,episode/policy_dist_min_loc,-0.782827405333519
8912896,606.655,episode/policy_dist_min_std,0.3461682689189911
8912896,606.655,episode/policy_loss,-0.002072931188158691
8912896,606.655,episode/total_loss,4.7409102994203565
8912896,606.655,episode/v_loss,4.858622654676437
8912896,615.569,eval/walltime,193.33716320991516
8912896,615.569,training/sps,25900.856850552245
8912896,615.569,training/walltime,402.08741426467896
8912896,615.569,training/entropy_loss,-0.1157805472612381
8912896,615.569,training/kl_mean,0.004431406036019325
8912896,615.569,training/learning_rate,0.0003000000142492354
8912896,615.569,training/policy_dist_max_loc,1.1518956422805786
8912896,615.569,training/policy_dist_max_std,1.4139416217803955
8912896,615.569,training/policy_dist_mean_loc,-0.02646028622984886
8912896,615.569,training/policy_dist_mean_std,0.7187138795852661
8912896,615.569,training/policy_dist_min_loc,-0.7921028137207031
8912896,615.569,training/policy_dist_min_std,0.35731005668640137
8912896,615.569,training/policy_loss,-0.002188949380069971
8912896,615.569,training/total_loss,3.913731098175049
8912896,615.569,training/v_loss,4.031700134277344
8912896,615.569,eval/episode_reward,370.0180969238281
8912896,615.569,eval/episode_reward/ctrl,-0.226958766579628
8912896,615.569,eval/episode_reward/forward,374.9742431640625
8912896,615.569,eval/episode_reward/joint,-0.05613727867603302
8912896,615.569,eval/episode_reward/orient,-4.672977924346924
8912896,615.569,eval/episode_reward/total,370.0180969238281
8912896,615.569,eval/episode_state/forward_vel,17.531967163085938
8912896,615.569,eval/episode_state/up_z,939.870361328125
8912896,615.569,eval/episode_reward_std,23.631078720092773
8912896,615.569,eval/episode_reward/ctrl_std,0.0014820913784205914
8912896,615.569,eval/episode_reward/forward_std,23.449100494384766
8912896,615.569,eval/episode_reward/joint_std,0.0047343140468001366
8912896,615.569,eval/episode_reward/orient_std,0.9465312361717224
8912896,615.569,eval/episode_reward/total_std,23.631078720092773
8912896,615.569,eval/episode_state/forward_vel_std,14.397457122802734
8912896,615.569,eval/episode_state/up_z_std,6.506700038909912
8912896,615.569,eval/avg_episode_length,1000.0
8912896,615.569,eval/std_episode_length,0.0
8912896,615.569,eval/epoch_eval_time,8.900213718414307
8912896,615.569,eval/sps,3595.419280077831
9437184,639.051,episode/sps,16183.784073373152
9437184,639.051,episode/length,1000.0
9437184,639.051,episode/reward/ctrl,-0.22693513706326485
9437184,639.051,episode/reward/forward,375.03861724853516
9437184,639.051,episode/reward/joint,-0.057734755910933015
9437184,639.051,episode/reward/orient,-6.324909880161285
9437184,639.051,episode/reward/total,368.4290594482422
9437184,639.051,episode/state/forward_vel,17.648393445909022
9437184,639.051,episode/state/up_z,937.8298907470703
9437184,639.051,episode/sum_reward,368.4290594482422
9437184,639.051,episode/entropy_loss,-0.11576117128133774
9437184,639.051,episode/kl_mean,0.004114276456821244
9437184,639.051,episode/learning_rate,0.0003000000142492354
9437184,639.051,episode/policy_dist_max_loc,1.19627972304821
9437184,639.051,episode/policy_dist_max_std,1.368749976158142
9437184,639.051,episode/policy_dist_mean_loc,-0.02530411386862397
9437184,639.051,episode/policy_dist_mean_std,0.718032237291336
9437184,639.051,episode/policy_dist_min_loc,-0.7819945555925369
9437184,639.051,episode/policy_dist_min_std,0.3517288511991501
9437184,639.051,episode/policy_loss,-0.0019537748398579424
9437184,639.051,episode/total_loss,4.240686762928963
9437184,639.051,episode/v_loss,4.358401718735695
9437184,648.569,eval/walltime,202.84120321273804
9437184,648.569,training/sps,22322.696529185283
9437184,648.569,training/walltime,425.574182510376
9437184,648.569,training/entropy_loss,-0.1158890575170517
9437184,648.569,training/kl_mean,0.0038232330698519945
9437184,648.569,training/learning_rate,0.0003000000142492354
9437184,648.569,training/policy_dist_max_loc,1.1923327445983887
9437184,648.569,training/policy_dist_max_std,1.3305370807647705
9437184,648.569,training/policy_dist_mean_loc,-0.025618890300393105
9437184,648.569,training/policy_dist_mean_std,0.7199513912200928
9437184,648.569,training/policy_dist_min_loc,-0.7726513147354126
9437184,648.569,training/policy_dist_min_std,0.3590598702430725
9437184,648.569,training/policy_loss,-0.0018026321195065975
9437184,648.569,training/total_loss,2.981898069381714
9437184,648.569,training/v_loss,3.0995898246765137
9437184,648.569,eval/episode_reward,373.0965881347656
9437184,648.569,eval/episode_reward/ctrl,-0.2277987003326416
9437184,648.569,eval/episode_reward/forward,378.6679992675781
9437184,648.569,eval/episode_reward/joint,-0.058949969708919525
9437184,648.569,eval/episode_reward/orient,-5.2847208976745605
9437184,648.569,eval/episode_reward/total,373.0965881347656
9437184,648.569,eval/episode_state/forward_vel,19.925867080688477
9437184,648.569,eval/episode_state/up_z,935.259033203125
9437184,648.569,eval/episode_reward_std,21.981779098510742
9437184,648.569,eval/episode_reward/ctrl_std,0.001830237335525453
9437184,648.569,eval/episode_reward/forward_std,22.367521286010742
9437184,648.569,eval/episode_reward/joint_std,0.006057580001652241
9437184,648.569,eval/episode_reward/orient_std,1.1334658861160278
9437184,648.569,eval/episode_reward/total_std,21.981779098510742
9437184,648.569,eval/episode_state/forward_vel_std,14.590928077697754
9437184,648.569,eval/episode_state/up_z_std,5.415219783782959
9437184,648.569,eval/avg_episode_length,1000.0
9437184,648.569,eval/std_episode_length,0.0
9437184,648.569,eval/epoch_eval_time,9.504040002822876
9437184,648.569,eval/sps,3366.9891951733584
9961472,671.906,episode/sps,15957.743636956446
9961472,671.906,episode/length,1000.0
9961472,671.906,episode/reward/ctrl,-0.2275069971382618
9961472,671.906,episode/reward/forward,375.542451171875
9961472,671.906,episode/reward/joint,-0.056859744638204576
9961472,671.906,episode/reward/orient,-5.042010970115662
9961472,671.906,episode/reward/total,370.21608459472657
9961472,671.906,episode/state/forward_vel,18.095078651309013
9961472,671.906,episode/state/up_z,938.7349194335937
9961472,671.906,episode/sum_reward,370.21608459472657
9961472,671.906,episode/entropy_loss,-0.11585474662482738
9961472,671.906,episode/kl_mean,0.0037933796460856684
9961472,671.906,episode/learning_rate,0.0003000000142492354
9961472,671.906,episode/policy_dist_max_loc,1.2120947617292404
9961472,671.906,episode/policy_dist_max_std,1.362730896472931
9961472,671.906,episode/policy_dist_mean_loc,-0.02552817149087787
9961472,671.906,episode/policy_dist_mean_std,0.7200978243350983
9961472,671.906,episode/policy_dist_min_loc,-0.7911649143695831
9961472,671.906,episode/policy_dist_min_std,0.35300241827964784
9961472,671.906,episode/policy_loss,-0.0017840035823610378
9961472,671.906,episode/total_loss,3.5115082147717476
9961472,671.906,episode/v_loss,3.629146952033043
9961472,681.413,eval/walltime,212.3346972465515
9961472,681.413,training/sps,22461.232012532888
9961472,681.413,training/walltime,448.9160900115967
9961472,681.413,training/entropy_loss,-0.11592619121074677
9961472,681.413,training/kl_mean,0.0028053810819983482
9961472,681.413,training/learning_rate,0.0003000000142492354
9961472,681.413,training/policy_dist_max_loc,1.292616367340088
9961472,681.413,training/policy_dist_max_std,1.3373916149139404
9961472,681.413,training/policy_dist_mean_loc,-0.024563685059547424
9961472,681.413,training/policy_dist_mean_std,0.7219419479370117
9961472,681.413,training/policy_dist_min_loc,-0.8037307262420654
9961472,681.413,training/policy_dist_min_std,0.3452773690223694
9961472,681.413,training/policy_loss,-0.001249292166903615
9961472,681.413,training/total_loss,3.3894805908203125
9961472,681.413,training/v_loss,3.5066561698913574
9961472,681.413,eval/episode_reward,373.921630859375
9961472,681.413,eval/episode_reward/ctrl,-0.22988517582416534
9961472,681.413,eval/episode_reward/forward,379.2525329589844
9961472,681.413,eval/episode_reward/joint,-0.05860789120197296
9961472,681.413,eval/episode_reward/orient,-5.042410373687744
9961472,681.413,eval/episode_reward/total,373.921630859375
9961472,681.413,eval/episode_state/forward_vel,20.66753578186035
9961472,681.413,eval/episode_state/up_z,938.08935546875
9961472,681.413,eval/episode_reward_std,20.51407814025879
9961472,681.413,eval/episode_reward/ctrl_std,0.0016705803573131561
9961472,681.413,eval/episode_reward/forward_std,20.685508728027344
9961472,681.413,eval/episode_reward/joint_std,0.0056739747524261475
9961472,681.413,eval/episode_reward/orient_std,1.6824709177017212
9961472,681.413,eval/episode_reward/total_std,20.51407814025879
9961472,681.413,eval/episode_state/forward_vel_std,13.408279418945312
9961472,681.413,eval/episode_state/up_z_std,6.848942279815674
9961472,681.413,eval/avg_episode_length,1000.0
9961472,681.413,eval/std_episode_length,0.0
9961472,681.413,eval/epoch_eval_time,9.493494033813477
9961472,681.413,eval/sps,3370.7294580924495
10485760,701.110,episode/sps,17952.501944091044
10485760,701.110,episode/length,1000.0
10485760,701.110,episode/reward/ctrl,-0.2281363609433174
10485760,701.110,episode/reward/forward,374.2255172729492
10485760,701.110,episode/reward/joint,-0.058316251710057256
10485760,701.110,episode/reward/orient,-12.712849371433258
10485760,701.110,episode/reward/total,361.2261990356445
10485760,701.110,episode/state/forward_vel,16.9806685949862
10485760,701.110,episode/state/up_z,933.2865914916993
10485760,701.110,episode/sum_reward,361.2261990356445
10485760,701.110,episode/entropy_loss,-0.11592565536499023
10485760,701.110,episode/kl_mean,0.0032283885244396514
10485760,701.110,episode/learning_rate,0.0003000000142492354
10485760,701.110,episode/policy_dist_max_loc,1.2678480011224746
10485760,701.110,episode/policy_dist_max_std,1.3459544968605042
10485760,701.110,episode/policy_dist_mean_loc,-0.026668368075042963
10485760,701.110,episode/policy_dist_mean_std,0.7223931902647018
10485760,701.110,episode/policy_dist_min_loc,-0.7932030230760574
10485760,701.110,episode/policy_dist_min_std,0.3503022472560406
10485760,701.110,episode/policy_loss,-0.0015213121657870943
10485760,701.110,episode/total_loss,3.460987336933613
10485760,701.110,episode/v_loss,3.578434304594994
10485760,710.725,eval/walltime,221.93543529510498
10485760,710.725,training/sps,26611.214623577882
10485760,710.725,training/walltime,468.61785888671875
10485760,710.725,training/entropy_loss,-0.11597447097301483
10485760,710.725,training/kl_mean,0.002727927640080452
10485760,710.725,training/learning_rate,0.0003000000142492354
10485760,710.725,training/policy_dist_max_loc,1.322136402130127
10485760,710.725,training/policy_dist_max_std,1.356658935546875
10485760,710.725,training/policy_dist_mean_loc,-0.029932040721178055
10485760,710.725,training/policy_dist_mean_std,0.7256741523742676
10485760,710.725,training/policy_dist_min_loc,-0.792386531829834
10485760,710.725,training/policy_dist_min_std,0.34425753355026245
10485760,710.725,training/policy_loss,-0.0012725716223940253
10485760,710.725,training/total_loss,3.889328956604004
10485760,710.725,training/v_loss,4.006576061248779
10485760,710.725,eval/episode_reward,373.5693359375
10485760,710.725,eval/episode_reward/ctrl,-0.23026873171329498
10485760,710.725,eval/episode_reward/forward,378.58831787109375
10485760,710.725,eval/episode_reward/joint,-0.060201071202754974
10485760,710.725,eval/episode_reward/orient,-4.728579521179199
10485760,710.725,eval/episode_reward/total,373.5693359375
10485760,710.725,eval/episode_state/forward_vel,20.21031951904297
10485760,710.725,eval/episode_state/up_z,940.0782470703125
10485760,710.725,eval/episode_reward_std,26.0650634765625
10485760,710.725,eval/episode_reward/ctrl_std,0.00187292683403939
10485760,710.725,eval/episode_reward/forward_std,25.570253372192383
10485760,710.725,eval/episode_reward/joint_std,0.0041305869817733765
10485760,710.725,eval/episode_reward/orient_std,1.3027573823928833
10485760,710.725,eval/episode_reward/total_std,26.0650634765625
10485760,710.725,eval/episode_state/forward_vel_std,14.822919845581055
10485760,710.725,eval/episode_state/up_z_std,5.847273826599121
10485760,710.725,eval/avg_episode_length,1000.0
10485760,710.725,eval/std_episode_length,0.0
10485760,710.725,eval/epoch_eval_time,9.600738048553467
10485760,710.725,eval/sps,3333.077086174787
11010048,734.268,episode/sps,15811.674371945654
11010048,734.268,episode/length,1000.0
11010048,734.268,episode/reward/ctrl,-0.22992904663085936
11010048,734.268,episode/reward/forward,379.5399438476563
11010048,734.268,episode/reward/joint,-0.05931927770376205
11010048,734.268,episode/reward/orient,-40.24677627801895
11010048,734.268,episode/reward/total,339.0039128112793
11010048,734.268,episode/state/forward_vel,20.708622049987316
11010048,734.268,episode/state/up_z,921.2574809265137
11010048,734.268,episode/sum_reward,339.0039128112793
11010048,734.268,episode/entropy_loss,-0.11596812464296818
11010048,734.268,episode/kl_mean,0.003203762227203697
11010048,734.268,episode/learning_rate,0.0003000000142492354
11010048,734.268,episode/policy_dist_max_loc,1.27361323595047
11010048,734.268,episode/policy_dist_max_std,1.3405772411823274
11010048,734.268,episode/policy_dist_mean_loc,-0.030249896496534347
11010048,734.268,episode/policy_dist_mean_std,0.7251455169916153
11010048,734.268,episode/policy_dist_min_loc,-0.7957928341627121
11010048,734.268,episode/policy_dist_min_std,0.3526398675143719
11010048,734.268,episode/policy_loss,-0.00153740265785018
11010048,734.268,episode/total_loss,3.7375385370850562
11010048,734.268,episode/v_loss,3.855044071674347
11010048,743.840,eval/walltime,231.49273490905762
11010048,743.840,training/sps,22263.48589868091
11010048,743.840,training/walltime,492.1670911312103
11010048,743.840,training/entropy_loss,-0.11603347957134247
11010048,743.840,training/kl_mean,0.003807426430284977
11010048,743.840,training/learning_rate,0.0003000000142492354
11010048,743.840,training/policy_dist_max_loc,1.20735764503479
11010048,743.840,training/policy_dist_max_std,1.330803394317627
11010048,743.840,training/policy_dist_mean_loc,-0.03705974295735359
11010048,743.840,training/policy_dist_mean_std,0.7283647060394287
11010048,743.840,training/policy_dist_min_loc,-0.7938884496688843
11010048,743.840,training/policy_dist_min_std,0.36637139320373535
11010048,743.840,training/policy_loss,-0.0018939735600724816
11010048,743.840,training/total_loss,3.9751482009887695
11010048,743.840,training/v_loss,4.093075275421143
11010048,743.840,eval/episode_reward,376.1882019042969
11010048,743.840,eval/episode_reward/ctrl,-0.231564462184906
11010048,743.840,eval/episode_reward/forward,380.8963623046875
11010048,743.840,eval/episode_reward/joint,-0.06292935460805893
11010048,743.840,eval/episode_reward/orient,-4.413628578186035
11010048,743.840,eval/episode_reward/total,376.1882019042969
11010048,743.840,eval/episode_state/forward_vel,21.850200653076172
11010048,743.840,eval/episode_state/up_z,942.4838256835938
11010048,743.840,eval/episode_reward_std,23.07207489013672
11010048,743.840,eval/episode_reward/ctrl_std,0.0020976834930479527
11010048,743.840,eval/episode_reward/forward_std,22.986757278442383
11010048,743.840,eval/episode_reward/joint_std,0.004981312435120344
11010048,743.840,eval/episode_reward/orient_std,1.590286135673523
11010048,743.840,eval/episode_reward/total_std,23.07207489013672
11010048,743.840,eval/episode_state/forward_vel_std,13.78616714477539
11010048,743.840,eval/episode_state/up_z_std,7.312260150909424
11010048,743.840,eval/avg_episode_length,1000.0
11010048,743.840,eval/std_episode_length,0.0
11010048,743.840,eval/epoch_eval_time,9.557299613952637
11010048,743.840,eval/sps,3348.226098644372
11534336,767.292,episode/sps,15876.207314579437
11534336,767.292,episode/length,1000.0
11534336,767.292,episode/reward/ctrl,-0.230934287160635
11534336,767.292,episode/reward/forward,376.74857635498046
11534336,767.292,episode/reward/joint,-0.06188583262264728
11534336,767.292,episode/reward/orient,-38.27591094732284
11534336,767.292,episode/reward/total,338.179807434082
11534336,767.292,episode/state/forward_vel,19.52205201268196
11534336,767.292,episode/state/up_z,923.7998092651367
11534336,767.292,episode/sum_reward,338.179807434082
11534336,767.292,episode/entropy_loss,-0.11601329125463962
11534336,767.292,episode/kl_mean,0.0035725438114604913
11534336,767.292,episode/learning_rate,0.0003000000142492354
11534336,767.292,episode/policy_dist_max_loc,1.261181812286377
11534336,767.292,episode/policy_dist_max_std,1.372247565984726
11534336,767.292,episode/policy_dist_mean_loc,-0.03785284861922264
11534336,767.292,episode/policy_dist_mean_std,0.7281811481714249
11534336,767.292,episode/policy_dist_min_loc,-0.8374752485752106
11534336,767.292,episode/policy_dist_min_std,0.3569959382712841
11534336,767.292,episode/policy_loss,-0.0018546567828161642
11534336,767.292,episode/total_loss,3.916984559893608
11534336,767.292,episode/v_loss,4.034852534532547
11534336,774.185,eval/walltime,238.37276220321655
11534336,774.185,training/sps,22350.842614826597
11534336,774.185,training/walltime,515.6242828369141
11534336,774.185,training/entropy_loss,-0.11604799330234528
11534336,774.185,training/kl_mean,0.0040361895225942135
11534336,774.185,training/learning_rate,0.0003000000142492354
11534336,774.185,training/policy_dist_max_loc,1.254460334777832
11534336,774.185,training/policy_dist_max_std,1.431459665298462
11534336,774.185,training/policy_dist_mean_loc,-0.04813869297504425
11534336,774.185,training/policy_dist_mean_std,0.7310730218887329
11534336,774.185,training/policy_dist_min_loc,-0.9328877925872803
11534336,774.185,training/policy_dist_min_std,0.36171388626098633
11534336,774.185,training/policy_loss,-0.0023597674444317818
11534336,774.185,training/total_loss,3.913113594055176
11534336,774.185,training/v_loss,4.031520843505859
11534336,774.185,eval/episode_reward,312.6630859375
11534336,774.185,eval/episode_reward/ctrl,-0.23192840814590454
11534336,774.185,eval/episode_reward/forward,378.3781433105469
11534336,774.185,eval/episode_reward/joint,-0.06386863440275192
11534336,774.185,eval/episode_reward/orient,-65.41936492919922
11534336,774.185,eval/episode_reward/total,312.6630859375
11534336,774.185,eval/episode_state/forward_vel,21.03021240234375
11534336,774.185,eval/episode_state/up_z,912.0247192382812
11534336,774.185,eval/episode_reward_std,339.49554443359375
11534336,774.185,eval/episode_reward/ctrl_std,0.0020107312593609095
11534336,774.185,eval/episode_reward/forward_std,23.33260726928711
11534336,774.185,eval/episode_reward/joint_std,0.005604096222668886
11534336,774.185,eval/episode_reward/orient_std,341.9244384765625
11534336,774.185,eval/episode_reward/total_std,339.49554443359375
11534336,774.185,eval/episode_state/forward_vel_std,13.772720336914062
11534336,774.185,eval/episode_state/up_z_std,181.55557250976562
11534336,774.185,eval/avg_episode_length,1000.0
11534336,774.185,eval/std_episode_length,0.0
11534336,774.185,eval/epoch_eval_time,6.8800272941589355
11534336,774.185,eval/sps,4651.144338797556
12058624,796.690,episode/sps,17833.70751124785
12058624,796.690,episode/length,1000.0
12058624,796.690,episode/reward/ctrl,-0.23179647758603095
12058624,796.690,episode/reward/forward,380.16999450683596
12058624,796.690,episode/reward/joint,-0.062747299708426
12058624,796.690,episode/reward/orient,-4.422115416526794
12058624,796.690,episode/reward/total,375.45333892822265
12058624,796.690,episode/state/forward_vel,20.986461663544176
12058624,796.690,episode/state/up_z,943.5740466308594
12058624,796.690,episode/sum_reward,375.45333892822265
12058624,796.690,episode/entropy_loss,-0.11605993427336216
12058624,796.690,episode/kl_mean,0.0038646156698814594
12058624,796.690,episode/learning_rate,0.0003000000142492354
12058624,796.690,episode/policy_dist_max_loc,1.209753292798996
12058624,796.690,episode/policy_dist_max_std,1.371942821741104
12058624,796.690,episode/policy_dist_mean_loc,-0.04568202570080757
12058624,796.690,episode/policy_dist_mean_std,0.7302986294031143
12058624,796.690,episode/policy_dist_min_loc,-0.8481971114873886
12058624,796.690,episode/policy_dist_min_std,0.3601248300075531
12058624,796.690,episode/policy_loss,-0.00200462350709131
12058624,796.690,episode/total_loss,3.7027810418605807
12058624,796.690,episode/v_loss,3.820845610499382
12058624,806.258,eval/walltime,247.92649173736572
12058624,806.258,training/sps,23290.82284719344
12058624,806.258,training/walltime,538.1347799301147
12058624,806.258,training/entropy_loss,-0.11611293256282806
12058624,806.258,training/kl_mean,0.0036488468758761883
12058624,806.258,training/learning_rate,0.0003000000142492354
12058624,806.258,training/policy_dist_max_loc,1.1664888858795166
12058624,806.258,training/policy_dist_max_std,1.3613920211791992
12058624,806.258,training/policy_dist_mean_loc,-0.053564101457595825
12058624,806.258,training/policy_dist_mean_std,0.7319252490997314
12058624,806.258,training/policy_dist_min_loc,-0.8307907581329346
12058624,806.258,training/policy_dist_min_std,0.3545660674571991
12058624,806.258,training/policy_loss,-0.0016990727744996548
12058624,806.258,training/total_loss,3.3484973907470703
12058624,806.258,training/v_loss,3.4663095474243164
12058624,806.258,eval/episode_reward,318.81072998046875
12058624,806.258,eval/episode_reward/ctrl,-0.23307189345359802
12058624,806.258,eval/episode_reward/forward,372.2705078125
12058624,806.258,eval/episode_reward/joint,-0.06738704442977905
12058624,806.258,eval/episode_reward/orient,-53.15950393676758
12058624,806.258,eval/episode_reward/total,318.81072998046875
12058624,806.258,eval/episode_state/forward_vel,17.574703216552734
12058624,806.258,eval/episode_state/up_z,913.846923828125
12058624,806.258,eval/episode_reward_std,267.3981628417969
12058624,806.258,eval/episode_reward/ctrl_std,0.001601161900907755
12058624,806.258,eval/episode_reward/forward_std,24.606672286987305
12058624,806.258,eval/episode_reward/joint_std,0.004372491035610437
12058624,806.258,eval/episode_reward/orient_std,262.2317199707031
12058624,806.258,eval/episode_reward/total_std,267.3981628417969
12058624,806.258,eval/episode_state/forward_vel_std,15.339744567871094
12058624,806.258,eval/episode_state/up_z_std,139.66983032226562
12058624,806.258,eval/avg_episode_length,1000.0
12058624,806.258,eval/std_episode_length,0.0
12058624,806.258,eval/epoch_eval_time,9.55372953414917
12058624,806.258,eval/sps,3349.477278545319
12582912,829.712,episode/sps,15877.288492248977
12582912,829.712,episode/length,1000.0
12582912,829.712,episode/reward/ctrl,-0.23256533831357956
12582912,829.712,episode/reward/forward,374.846022644043
12582912,829.712,episode/reward/joint,-0.06602015238255263
12582912,829.712,episode/reward/orient,-32.23203706741333
12582912,829.712,episode/reward/total,342.31540832519534
12582912,829.712,episode/state/forward_vel,19.074863463789224
12582912,829.712,episode/state/up_z,928.2933470916748
12582912,829.712,episode/sum_reward,342.31540832519534
12582912,829.712,episode/entropy_loss,-0.1160659695416689
12582912,829.712,episode/kl_mean,0.003495777957432438
12582912,829.712,episode/learning_rate,0.0003000000142492354
12582912,829.712,episode/policy_dist_max_loc,1.210510584115982
12582912,829.712,episode/policy_dist_max_std,1.3656952941417695
12582912,829.712,episode/policy_dist_mean_loc,-0.053248548991978166
12582912,829.712,episode/policy_dist_mean_std,0.732705706357956
12582912,829.712,episode/policy_dist_min_loc,-0.8538161146640778
12582912,829.712,episode/policy_dist_min_std,0.36075575709342955
12582912,829.712,episode/policy_loss,-0.001739206751663005
12582912,829.712,episode/total_loss,4.15866415977478
12582912,829.712,episode/v_loss,4.276469365954399
12582912,839.270,eval/walltime,257.47112703323364
12582912,839.270,training/sps,22349.882847320165
12582912,839.270,training/walltime,561.5929789543152
12582912,839.270,training/entropy_loss,-0.11602780967950821
12582912,839.270,training/kl_mean,0.0026000768411904573
12582912,839.270,training/learning_rate,0.0003000000142492354
12582912,839.270,training/policy_dist_max_loc,1.2029762268066406
12582912,839.270,training/policy_dist_max_std,1.3148666620254517
12582912,839.270,training/policy_dist_mean_loc,-0.0598037987947464
12582912,839.270,training/policy_dist_mean_std,0.7354977130889893
12582912,839.270,training/policy_dist_min_loc,-0.8083201050758362
12582912,839.270,training/policy_dist_min_std,0.36602920293807983
12582912,839.270,training/policy_loss,-0.0009290098678320646
12582912,839.270,training/total_loss,5.27016544342041
12582912,839.270,training/v_loss,5.38712215423584
12582912,839.270,eval/episode_reward,371.2051696777344
12582912,839.270,eval/episode_reward/ctrl,-0.23575007915496826
12582912,839.270,eval/episode_reward/forward,376.1068420410156
12582912,839.270,eval/episode_reward/joint,-0.0735245868563652
12582912,839.270,eval/episode_reward/orient,-4.592291831970215
12582912,839.270,eval/episode_reward/total,371.2051696777344
12582912,839.270,eval/episode_state/forward_vel,19.991838455200195
12582912,839.270,eval/episode_state/up_z,941.1822509765625
12582912,839.270,eval/episode_reward_std,27.155532836914062
12582912,839.270,eval/episode_reward/ctrl_std,0.0015079549048095942
12582912,839.270,eval/episode_reward/forward_std,26.687665939331055
12582912,839.270,eval/episode_reward/joint_std,0.004782151896506548
12582912,839.270,eval/episode_reward/orient_std,1.4370262622833252
12582912,839.270,eval/episode_reward/total_std,27.155532836914062
12582912,839.270,eval/episode_state/forward_vel_std,16.88707733154297
12582912,839.270,eval/episode_state/up_z_std,5.856349945068359
12582912,839.270,eval/avg_episode_length,1000.0
12582912,839.270,eval/std_episode_length,0.0
12582912,839.270,eval/epoch_eval_time,9.54463529586792
12582912,839.270,eval/sps,3352.6686990181274
13107200,860.945,episode/sps,16785.942963754795
13107200,860.945,episode/length,1000.0
13107200,860.945,episode/reward/ctrl,-0.2346484611928463
13107200,860.945,episode/reward/forward,371.8893405151367
13107200,860.945,episode/reward/joint,-0.07068305272608995
13107200,860.945,episode/reward/orient,-5.8729913854599
13107200,860.945,episode/reward/total,365.71101531982424
13107200,860.945,episode/state/forward_vel,17.443774895668028
13107200,860.945,episode/state/up_z,938.2400793457032
13107200,860.945,episode/sum_reward,365.71101531982424
13107200,860.945,episode/entropy_loss,-0.11602355852723122
13107200,860.945,episode/kl_mean,0.00310463096073363
13107200,860.945,episode/learning_rate,0.0003000000142492354
13107200,860.945,episode/policy_dist_max_loc,1.2007287430763245
13107200,860.945,episode/policy_dist_max_std,1.3372451102733611
13107200,860.945,episode/policy_dist_mean_loc,-0.060359653159976004
13107200,860.945,episode/policy_dist_mean_std,0.7355132061243057
13107200,860.945,episode/policy_dist_min_loc,-0.8270917129516602
13107200,860.945,episode/policy_dist_min_std,0.35351024150848387
13107200,860.945,episode/policy_loss,-0.0013698818856209983
13107200,860.945,episode/total_loss,4.243070138096809
13107200,860.945,episode/v_loss,4.360463609099388
13107200,869.015,eval/walltime,265.52745294570923
13107200,869.015,training/sps,24181.95936429105
13107200,869.015,training/walltime,583.2739350795746
13107200,869.015,training/entropy_loss,-0.11591342091560364
13107200,869.015,training/kl_mean,0.0027886261232197285
13107200,869.015,training/learning_rate,0.0003000000142492354
13107200,869.015,training/policy_dist_max_loc,1.228218674659729
13107200,869.015,training/policy_dist_max_std,1.3360671997070312
13107200,869.015,training/policy_dist_mean_loc,-0.06917683780193329
13107200,869.015,training/policy_dist_mean_std,0.739681601524353
13107200,869.015,training/policy_dist_min_loc,-0.8278917670249939
13107200,869.015,training/policy_dist_min_std,0.33891740441322327
13107200,869.015,training/policy_loss,-0.0012081641471013427
13107200,869.015,training/total_loss,4.020263671875
13107200,869.015,training/v_loss,4.137385845184326
13107200,869.015,eval/episode_reward,367.1087646484375
13107200,869.015,eval/episode_reward/ctrl,-0.2371453195810318
13107200,869.015,eval/episode_reward/forward,375.32586669921875
13107200,869.015,eval/episode_reward/joint,-0.07425221055746078
13107200,869.015,eval/episode_reward/orient,-7.905792236328125
13107200,869.015,eval/episode_reward/total,367.1087646484375
13107200,869.015,eval/episode_state/forward_vel,20.521724700927734
13107200,869.015,eval/episode_state/up_z,938.1420288085938
13107200,869.015,eval/episode_reward_std,33.834983825683594
13107200,869.015,eval/episode_reward/ctrl_std,0.0013299939455464482
13107200,869.015,eval/episode_reward/forward_std,23.164819717407227
13107200,869.015,eval/episode_reward/joint_std,0.0047599319368600845
13107200,869.015,eval/episode_reward/orient_std,15.164605140686035
13107200,869.015,eval/episode_reward/total_std,33.834983825683594
13107200,869.015,eval/episode_state/forward_vel_std,15.220464706420898
13107200,869.015,eval/episode_state/up_z_std,17.33297348022461
13107200,869.015,eval/avg_episode_length,1000.0
13107200,869.015,eval/std_episode_length,0.0
13107200,869.015,eval/epoch_eval_time,8.056325912475586
13107200,869.015,eval/sps,3972.033945454782
13631488,892.664,episode/sps,16529.44904703288
13631488,892.664,episode/length,1000.0
13631488,892.664,episode/reward/ctrl,-0.2364230027794838
13631488,892.664,episode/reward/forward,375.3083508300781
13631488,892.664,episode/reward/joint,-0.07346231259405613
13631488,892.664,episode/reward/orient,-4.985449695587159
13631488,892.664,episode/reward/total,370.013014831543
13631488,892.664,episode/state/forward_vel,19.84916656397283
13631488,892.664,episode/state/up_z,939.966820678711
13631488,892.664,episode/sum_reward,370.013014831543
13631488,892.664,episode/entropy_loss,-0.11595947749912738
13631488,892.664,episode/kl_mean,0.0028893029224127532
13631488,892.664,episode/learning_rate,0.0003000000142492354
13631488,892.664,episode/policy_dist_max_loc,1.2364864909648896
13631488,892.664,episode/policy_dist_max_std,1.340511190891266
13631488,892.664,episode/policy_dist_mean_loc,-0.06748287484049798
13631488,892.664,episode/policy_dist_mean_std,0.7387578451633453
13631488,892.664,episode/policy_dist_min_loc,-0.8330906802415847
13631488,892.664,episode/policy_dist_min_std,0.3496542003750801
13631488,892.664,episode/policy_loss,-0.0011991920042783023
13631488,892.664,episode/total_loss,4.052109060287475
13631488,892.664,episode/v_loss,4.169267771244049
13631488,902.251,eval/walltime,275.10168504714966
13631488,902.251,training/sps,22164.84923261094
13631488,902.251,training/walltime,606.9279646873474
13631488,902.251,training/entropy_loss,-0.11592832207679749
13631488,902.251,training/kl_mean,0.003058335743844509
13631488,902.251,training/learning_rate,0.0003000000142492354
13631488,902.251,training/policy_dist_max_loc,1.2811652421951294
13631488,902.251,training/policy_dist_max_std,1.3671143054962158
13631488,902.251,training/policy_dist_mean_loc,-0.0749925822019577
13631488,902.251,training/policy_dist_mean_std,0.7418639659881592
13631488,902.251,training/policy_dist_min_loc,-0.864112138748169
13631488,902.251,training/policy_dist_min_std,0.34531551599502563
13631488,902.251,training/policy_loss,-0.0012981476029381156
13631488,902.251,training/total_loss,2.952604293823242
13631488,902.251,training/v_loss,3.069830894470215
13631488,902.251,eval/episode_reward,360.24871826171875
13631488,902.251,eval/episode_reward/ctrl,-0.23816311359405518
13631488,902.251,eval/episode_reward/forward,366.93878173828125
13631488,902.251,eval/episode_reward/joint,-0.07556390762329102
13631488,902.251,eval/episode_reward/orient,-6.376317977905273
13631488,902.251,eval/episode_reward/total,360.24871826171875
13631488,902.251,eval/episode_state/forward_vel,14.41680908203125
13631488,902.251,eval/episode_state/up_z,934.8079833984375
13631488,902.251,eval/episode_reward_std,18.965280532836914
13631488,902.251,eval/episode_reward/ctrl_std,0.0017682969337329268
13631488,902.251,eval/episode_reward/forward_std,19.24758529663086
13631488,902.251,eval/episode_reward/joint_std,0.004676435142755508
13631488,902.251,eval/episode_reward/orient_std,3.0495142936706543
13631488,902.251,eval/episode_reward/total_std,18.965280532836914
13631488,902.251,eval/episode_state/forward_vel_std,12.094348907470703
13631488,902.251,eval/episode_state/up_z_std,10.95235824584961
13631488,902.251,eval/avg_episode_length,1000.0
13631488,902.251,eval/std_episode_length,0.0
13631488,902.251,eval/epoch_eval_time,9.57423210144043
13631488,902.251,eval/sps,3342.3046006149825
14155776,925.989,episode/sps,15732.58977439932
14155776,925.989,episode/length,1000.0
14155776,925.989,episode/reward/ctrl,-0.23726181283593178
14155776,925.989,episode/reward/forward,368.8904138183594
14155776,925.989,episode/reward/joint,-0.07453397817909718
14155776,925.989,episode/reward/orient,-7.179392881393433
14155776,925.989,episode/reward/total,361.39921783447267
14155776,925.989,episode/state/forward_vel,15.71352209687233
14155776,925.989,episode/state/up_z,936.1375830078125
14155776,925.989,episode/sum_reward,361.39921783447267
14155776,925.989,episode/entropy_loss,-0.11595876425504685
14155776,925.989,episode/kl_mean,0.002745582448551431
14155776,925.989,episode/learning_rate,0.0003000000142492354
14155776,925.989,episode/policy_dist_max_loc,1.2543805575370788
14155776,925.989,episode/policy_dist_max_std,1.3784925687313079
14155776,925.989,episode/policy_dist_mean_loc,-0.07314756214618683
14155776,925.989,episode/policy_dist_mean_std,0.7417363572120667
14155776,925.989,episode/policy_dist_min_loc,-0.8479759937524796
14155776,925.989,episode/policy_dist_min_std,0.3378226837515831
14155776,925.989,episode/policy_loss,-0.0011085846819332802
14155776,925.989,episode/total_loss,4.772245870232582
14155776,925.989,episode/v_loss,4.889313250780106
14155776,935.662,eval/walltime,284.7610185146332
14155776,935.662,training/sps,22081.63772836555
14155776,935.662,training/walltime,630.6711311340332
14155776,935.662,training/entropy_loss,-0.11603076756000519
14155776,935.662,training/kl_mean,0.0021407282911241055
14155776,935.662,training/learning_rate,0.0003000000142492354
14155776,935.662,training/policy_dist_max_loc,1.257487177848816
14155776,935.662,training/policy_dist_max_std,1.4421217441558838
14155776,935.662,training/policy_dist_mean_loc,-0.07653395086526871
14155776,935.662,training/policy_dist_mean_std,0.7441245913505554
14155776,935.662,training/policy_dist_min_loc,-0.8529468774795532
14155776,935.662,training/policy_dist_min_std,0.32571864128112793
14155776,935.662,training/policy_loss,-0.0007907336112111807
14155776,935.662,training/total_loss,7.195572376251221
14155776,935.662,training/v_loss,7.312393665313721
14155776,935.662,eval/episode_reward,366.31707763671875
14155776,935.662,eval/episode_reward/ctrl,-0.23942703008651733
14155776,935.662,eval/episode_reward/forward,371.91973876953125
14155776,935.662,eval/episode_reward/joint,-0.07966969162225723
14155776,935.662,eval/episode_reward/orient,-5.2835893630981445
14155776,935.662,eval/episode_reward/total,366.31707763671875
14155776,935.662,eval/episode_state/forward_vel,17.995262145996094
14155776,935.662,eval/episode_state/up_z,937.7224731445312
14155776,935.662,eval/episode_reward_std,21.57088279724121
14155776,935.662,eval/episode_reward/ctrl_std,0.0016492314171046019
14155776,935.662,eval/episode_reward/forward_std,21.41899299621582
14155776,935.662,eval/episode_reward/joint_std,0.004051712807267904
14155776,935.662,eval/episode_reward/orient_std,1.569748044013977
14155776,935.662,eval/episode_reward/total_std,21.57088279724121
14155776,935.662,eval/episode_state/forward_vel_std,13.071882247924805
14155776,935.662,eval/episode_state/up_z_std,6.446812152862549
14155776,935.662,eval/avg_episode_length,1000.0
14155776,935.662,eval/std_episode_length,0.0
14155776,935.662,eval/epoch_eval_time,9.65933346748352
14155776,935.662,eval/sps,3312.8579842203894
14680064,955.650,episode/sps,17675.93902120026
14680064,955.650,episode/length,1000.0
14680064,955.650,episode/reward/ctrl,-0.23845029696822168
14680064,955.650,episode/reward/forward,372.5307965087891
14680064,955.650,episode/reward/joint,-0.07695226453244686
14680064,955.650,episode/reward/orient,-54.806914794445035
14680064,955.650,episode/reward/total,317.4084777832031
14680064,955.650,episode/state/forward_vel,17.95059561252594
14680064,955.650,episode/state/up_z,910.471792602539
14680064,955.650,episode/sum_reward,317.4084777832031
14680064,955.650,episode/entropy_loss,-0.11593781545758247
14680064,955.650,episode/kl_mean,0.002857643302413635
14680064,955.650,episode/learning_rate,0.0003000000142492354
14680064,955.650,episode/policy_dist_max_loc,1.2995944392681122
14680064,955.650,episode/policy_dist_max_std,1.3898441076278687
14680064,955.650,episode/policy_dist_mean_loc,-0.07729952812194824
14680064,955.650,episode/policy_dist_mean_std,0.7442291891574859
14680064,955.650,episode/policy_dist_min_loc,-0.866565905213356
14680064,955.650,episode/policy_dist_min_std,0.33117378532886504
14680064,955.650,episode/policy_loss,-0.0010538839211221783
14680064,955.650,episode/total_loss,4.688685019016265
14680064,955.650,episode/v_loss,4.805676743984223
14680064,965.304,eval/walltime,294.40143728256226
14680064,965.304,training/sps,26223.367128826267
14680064,965.304,training/walltime,650.6642920970917
14680064,965.304,training/entropy_loss,-0.11584930121898651
14680064,965.304,training/kl_mean,0.0031873262487351894
14680064,965.304,training/learning_rate,0.0003000000142492354
14680064,965.304,training/policy_dist_max_loc,1.3735885620117188
14680064,965.304,training/policy_dist_max_std,1.3718996047973633
14680064,965.304,training/policy_dist_mean_loc,-0.08120755851268768
14680064,965.304,training/policy_dist_mean_std,0.7471076846122742
14680064,965.304,training/policy_dist_min_loc,-0.8904894590377808
14680064,965.304,training/policy_dist_min_std,0.3211576044559479
14680064,965.304,training/policy_loss,-0.0009870685171335936
14680064,965.304,training/total_loss,3.994081974029541
14680064,965.304,training/v_loss,4.1109185218811035
14680064,965.304,eval/episode_reward,364.9442443847656
14680064,965.304,eval/episode_reward/ctrl,-0.23972631990909576
14680064,965.304,eval/episode_reward/forward,370.4493103027344
14680064,965.304,eval/episode_reward/joint,-0.07719635963439941
14680064,965.304,eval/episode_reward/orient,-5.18814754486084
14680064,965.304,eval/episode_reward/total,364.9442443847656
14680064,965.304,eval/episode_state/forward_vel,16.307270050048828
14680064,965.304,eval/episode_state/up_z,937.76416015625
14680064,965.304,eval/episode_reward_std,23.41167640686035
14680064,965.304,eval/episode_reward/ctrl_std,0.0017021663952618837
14680064,965.304,eval/episode_reward/forward_std,23.342933654785156
14680064,965.304,eval/episode_reward/joint_std,0.003831842914223671
14680064,965.304,eval/episode_reward/orient_std,1.450036644935608
14680064,965.304,eval/episode_reward/total_std,23.41167640686035
14680064,965.304,eval/episode_state/forward_vel_std,14.328197479248047
14680064,965.304,eval/episode_state/up_z_std,6.205574989318848
14680064,965.304,eval/avg_episode_length,1000.0
14680064,965.304,eval/std_episode_length,0.0
14680064,965.304,eval/epoch_eval_time,9.640418767929077
14680064,965.304,eval/sps,3319.3578796032048
15204352,989.150,episode/sps,15650.292488671943
15204352,989.150,episode/length,1000.0
15204352,989.150,episode/reward/ctrl,-0.23991296619176863
15204352,989.150,episode/reward/forward,369.7085876464844
15204352,989.150,episode/reward/joint,-0.07766428366303443
15204352,989.150,episode/reward/orient,-33.04321307659149
15204352,989.150,episode/reward/total,336.34782623291017
15204352,989.150,episode/state/forward_vel,16.771102590560915
15204352,989.150,episode/state/up_z,924.0612222290039
15204352,989.150,episode/sum_reward,336.34782623291017
15204352,989.150,episode/entropy_loss,-0.11596386767923832
15204352,989.150,episode/kl_mean,0.0028859145892784
15204352,989.150,episode/learning_rate,0.0003000000142492354
15204352,989.150,episode/policy_dist_max_loc,1.3354655587673188
15204352,989.150,episode/policy_dist_max_std,1.3909058773517609
15204352,989.150,episode/policy_dist_mean_loc,-0.07976085506379604
15204352,989.150,episode/policy_dist_mean_std,0.7468226128816604
15204352,989.150,episode/policy_dist_min_loc,-0.8807453101873398
15204352,989.150,episode/policy_dist_min_std,0.32623381197452544
15204352,989.150,episode/policy_loss,-0.0009565334201761289
15204352,989.150,episode/total_loss,5.251786929368973
15204352,989.150,episode/v_loss,5.368707336187363
15204352,998.853,eval/walltime,304.09042167663574
15204352,998.853,training/sps,21981.169719244754
15204352,998.853,training/walltime,674.5159800052643
15204352,998.853,training/entropy_loss,-0.11600872129201889
15204352,998.853,training/kl_mean,0.0031186281703412533
15204352,998.853,training/learning_rate,0.0003000000142492354
15204352,998.853,training/policy_dist_max_loc,1.3825429677963257
15204352,998.853,training/policy_dist_max_std,1.3601192235946655
15204352,998.853,training/policy_dist_mean_loc,-0.08241006731987
15204352,998.853,training/policy_dist_mean_std,0.7497200965881348
15204352,998.853,training/policy_dist_min_loc,-0.9040988683700562
15204352,998.853,training/policy_dist_min_std,0.33016377687454224
15204352,998.853,training/policy_loss,-0.0009674847824499011
15204352,998.853,training/total_loss,4.889891624450684
15204352,998.853,training/v_loss,5.006867408752441
15204352,998.853,eval/episode_reward,372.43255615234375
15204352,998.853,eval/episode_reward/ctrl,-0.24067994952201843
15204352,998.853,eval/episode_reward/forward,377.838134765625
15204352,998.853,eval/episode_reward/joint,-0.07786927372217178
15204352,998.853,eval/episode_reward/orient,-5.087116718292236
15204352,998.853,eval/episode_reward/total,372.43255615234375
15204352,998.853,eval/episode_state/forward_vel,20.563730239868164
15204352,998.853,eval/episode_state/up_z,940.163818359375
15204352,998.853,eval/episode_reward_std,17.268310546875
15204352,998.853,eval/episode_reward/ctrl_std,0.0019494774751365185
15204352,998.853,eval/episode_reward/forward_std,16.974185943603516
15204352,998.853,eval/episode_reward/joint_std,0.00403124513104558
15204352,998.853,eval/episode_reward/orient_std,2.0500376224517822
15204352,998.853,eval/episode_reward/total_std,17.268310546875
15204352,998.853,eval/episode_state/forward_vel_std,10.672739028930664
15204352,998.853,eval/episode_state/up_z_std,8.72204875946045
15204352,998.853,eval/avg_episode_length,1000.0
15204352,998.853,eval/std_episode_length,0.0
15204352,998.853,eval/epoch_eval_time,9.688984394073486
15204352,998.853,eval/sps,3302.7197380536204
15728640,1022.964,episode/sps,15505.14644072845
15728640,1022.964,episode/length,1000.0
15728640,1022.964,episode/reward/ctrl,-0.24000082448124885
15728640,1022.964,episode/reward/forward,373.7032977294922
15728640,1022.964,episode/reward/joint,-0.07814386934041977
15728640,1022.964,episode/reward/orient,-24.2809298658371
15728640,1022.964,episode/reward/total,349.1041815185547
15728640,1022.964,episode/state/forward_vel,18.5945187112689
15728640,1022.964,episode/state/up_z,927.6289558947086
15728640,1022.964,episode/sum_reward,349.1041815185547
15728640,1022.964,episode/entropy_loss,-0.11591769628226757
15728640,1022.964,episode/kl_mean,0.003055572085431777
15728640,1022.964,episode/learning_rate,0.0003000000142492354
15728640,1022.964,episode/policy_dist_max_loc,1.3701316511631012
15728640,1022.964,episode/policy_dist_max_std,1.363561477661133
15728640,1022.964,episode/policy_dist_mean_loc,-0.08353924609720707
15728640,1022.964,episode/policy_dist_mean_std,0.7492308992147446
15728640,1022.964,episode/policy_dist_min_loc,-0.8876434707641602
15728640,1022.964,episode/policy_dist_min_std,0.3225479590892792
15728640,1022.964,episode/policy_loss,-0.0010271026349073509
15728640,1022.964,episode/total_loss,4.568050779104233
15728640,1022.964,episode/v_loss,4.6849955666065215
15728640,1030.126,eval/walltime,311.2382574081421
15728640,1030.126,training/sps,21740.102458882404
15728640,1030.126,training/walltime,698.6321496963501
15728640,1030.126,training/entropy_loss,-0.11590301990509033
15728640,1030.126,training/kl_mean,0.002646380104124546
15728640,1030.126,training/learning_rate,0.0003000000142492354
15728640,1030.126,training/policy_dist_max_loc,1.366294503211975
15728640,1030.126,training/policy_dist_max_std,1.3529959917068481
15728640,1030.126,training/policy_dist_mean_loc,-0.08742670714855194
15728640,1030.126,training/policy_dist_mean_std,0.7512404322624207
15728640,1030.126,training/policy_dist_min_loc,-0.874975860118866
15728640,1030.126,training/policy_dist_min_std,0.317078173160553
15728640,1030.126,training/policy_loss,-0.0010271321516484022
15728640,1030.126,training/total_loss,4.433675765991211
15728640,1030.126,training/v_loss,4.550605773925781
15728640,1030.126,eval/episode_reward,346.50677490234375
15728640,1030.126,eval/episode_reward/ctrl,-0.24139927327632904
15728640,1030.126,eval/episode_reward/forward,374.70263671875
15728640,1030.126,eval/episode_reward/joint,-0.0809083804488182
15728640,1030.126,eval/episode_reward/orient,-27.873586654663086
15728640,1030.126,eval/episode_reward/total,346.50677490234375
15728640,1030.126,eval/episode_state/forward_vel,19.877422332763672
15728640,1030.126,eval/episode_state/up_z,926.23193359375
15728640,1030.126,eval/episode_reward_std,128.4552764892578
15728640,1030.126,eval/episode_reward/ctrl_std,0.001817908720113337
15728640,1030.126,eval/episode_reward/forward_std,21.547208786010742
15728640,1030.126,eval/episode_reward/joint_std,0.004056104924529791
15728640,1030.126,eval/episode_reward/orient_std,125.71987915039062
15728640,1030.126,eval/episode_reward/total_std,128.4552764892578
15728640,1030.126,eval/episode_state/forward_vel_std,14.030193328857422
15728640,1030.126,eval/episode_state/up_z_std,67.04287719726562
15728640,1030.126,eval/avg_episode_length,1000.0
15728640,1030.126,eval/std_episode_length,0.0
15728640,1030.126,eval/epoch_eval_time,7.147835731506348
15728640,1030.126,eval/sps,4476.879604122668
16252928,1053.138,episode/sps,17375.536726338247
16252928,1053.138,episode/length,1000.0
16252928,1053.138,episode/reward/ctrl,-0.24076759681105614
16252928,1053.138,episode/reward/forward,373.52065521240235
16252928,1053.138,episode/reward/joint,-0.0790846011042595
16252928,1053.138,episode/reward/orient,-30.37814118385315
16252928,1053.138,episode/reward/total,342.8226220703125
16252928,1053.138,episode/state/forward_vel,18.319481981992723
16252928,1053.138,episode/state/up_z,926.4278475952149
16252928,1053.138,episode/sum_reward,342.8226220703125
16252928,1053.138,episode/entropy_loss,-0.11591046117246151
16252928,1053.138,episode/kl_mean,0.002990344069839921
16252928,1053.138,episode/learning_rate,0.0003000000142492354
16252928,1053.138,episode/policy_dist_max_loc,1.4054023492336274
16252928,1053.138,episode/policy_dist_max_std,1.3620257937908173
16252928,1053.138,episode/policy_dist_mean_loc,-0.08545531839132309
16252928,1053.138,episode/policy_dist_mean_std,0.7504675024747849
16252928,1053.138,episode/policy_dist_min_loc,-0.8989543592929841
16252928,1053.138,episode/policy_dist_min_std,0.3211902718245983
16252928,1053.138,episode/policy_loss,-0.0011513840769475793
16252928,1053.138,episode/total_loss,4.195123227834702
16252928,1053.138,episode/v_loss,4.31218504011631
16252928,1062.857,eval/walltime,320.9442129135132
16252928,1062.857,training/sps,22778.647560455436
16252928,1062.857,training/walltime,721.6487927436829
16252928,1062.857,training/entropy_loss,-0.11579757183790207
16252928,1062.857,training/kl_mean,0.0029892369639128447
16252928,1062.857,training/learning_rate,0.0003000000142492354
16252928,1062.857,training/policy_dist_max_loc,1.4669549465179443
16252928,1062.857,training/policy_dist_max_std,1.3758859634399414
16252928,1062.857,training/policy_dist_mean_loc,-0.08738265931606293
16252928,1062.857,training/policy_dist_mean_std,0.7508082389831543
16252928,1062.857,training/policy_dist_min_loc,-0.9178580045700073
16252928,1062.857,training/policy_dist_min_std,0.31532323360443115
16252928,1062.857,training/policy_loss,-0.0014098035171627998
16252928,1062.857,training/total_loss,3.2875449657440186
16252928,1062.857,training/v_loss,3.404752254486084
16252928,1062.857,eval/episode_reward,370.1986083984375
16252928,1062.857,eval/episode_reward/ctrl,-0.24118173122406006
16252928,1062.857,eval/episode_reward/forward,376.0296630859375
16252928,1062.857,eval/episode_reward/joint,-0.07737433910369873
16252928,1062.857,eval/episode_reward/orient,-5.512478828430176
16252928,1062.857,eval/episode_reward/total,370.1986083984375
16252928,1062.857,eval/episode_state/forward_vel,21.18174934387207
16252928,1062.857,eval/episode_state/up_z,939.1103515625
16252928,1062.857,eval/episode_reward_std,24.10443878173828
16252928,1062.857,eval/episode_reward/ctrl_std,0.00187906704377383
16252928,1062.857,eval/episode_reward/forward_std,23.619171142578125
16252928,1062.857,eval/episode_reward/joint_std,0.004510608967393637
16252928,1062.857,eval/episode_reward/orient_std,2.2322285175323486
16252928,1062.857,eval/episode_reward/total_std,24.10443878173828
16252928,1062.857,eval/episode_state/forward_vel_std,14.830779075622559
16252928,1062.857,eval/episode_state/up_z_std,8.224482536315918
16252928,1062.857,eval/avg_episode_length,1000.0
16252928,1062.857,eval/std_episode_length,0.0
16252928,1062.857,eval/epoch_eval_time,9.705955505371094
16252928,1062.857,eval/sps,3296.944848169951
16777216,1086.805,episode/sps,15572.617060520499
16777216,1086.805,episode/length,1000.0
16777216,1086.805,episode/reward/ctrl,-0.24061275899410248
16777216,1086.805,episode/reward/forward,374.51323638916017
16777216,1086.805,episode/reward/joint,-0.07857917666435242
16777216,1086.805,episode/reward/orient,-19.3437984752655
16777216,1086.805,episode/reward/total,354.8502682495117
16777216,1086.805,episode/state/forward_vel,19.081006462574006
16777216,1086.805,episode/state/up_z,933.0818716430664
16777216,1086.805,episode/sum_reward,354.8502682495117
16777216,1086.805,episode/entropy_loss,-0.11589524514973164
16777216,1086.805,episode/kl_mean,0.0029337551511707718
16777216,1086.805,episode/learning_rate,0.0003000000142492354
16777216,1086.805,episode/policy_dist_max_loc,1.4075001323223113
16777216,1086.805,episode/policy_dist_max_std,1.3493684220314026
16777216,1086.805,episode/policy_dist_mean_loc,-0.08571656189858913
16777216,1086.805,episode/policy_dist_mean_std,0.7507749140262604
16777216,1086.805,episode/policy_dist_min_loc,-0.8994914537668228
16777216,1086.805,episode/policy_dist_min_std,0.317525764554739
16777216,1086.805,episode/policy_loss,-0.0011646871555421967
16777216,1086.805,episode/total_loss,4.211061713695526
16777216,1086.805,episode/v_loss,4.328121629357338
16777216,1096.482,eval/walltime,330.6072828769684
16777216,1096.482,training/sps,21888.506814524837
16777216,1096.482,training/walltime,745.6014544963837
16777216,1096.482,training/entropy_loss,-0.11598175764083862
16777216,1096.482,training/kl_mean,0.0029818532057106495
16777216,1096.482,training/learning_rate,0.0003000000142492354
16777216,1096.482,training/policy_dist_max_loc,1.3975253105163574
16777216,1096.482,training/policy_dist_max_std,1.3225362300872803
16777216,1096.482,training/policy_dist_mean_loc,-0.08227857947349548
16777216,1096.482,training/policy_dist_mean_std,0.7503566741943359
16777216,1096.482,training/policy_dist_min_loc,-0.8994568586349487
16777216,1096.482,training/policy_dist_min_std,0.32042238116264343
16777216,1096.482,training/policy_loss,-0.0009404263691976666
16777216,1096.482,training/total_loss,4.831341743469238
16777216,1096.482,training/v_loss,4.9482645988464355
16777216,1096.482,eval/episode_reward,223.5238800048828
16777216,1096.482,eval/episode_reward/ctrl,-0.24109745025634766
16777216,1096.482,eval/episode_reward/forward,377.71551513671875
16777216,1096.482,eval/episode_reward/joint,-0.07589975744485855
16777216,1096.482,eval/episode_reward/orient,-153.87481689453125
16777216,1096.482,eval/episode_reward/total,223.5238800048828
16777216,1096.482,eval/episode_state/forward_vel,21.085865020751953
16777216,1096.482,eval/episode_state/up_z,866.8833618164062
16777216,1096.482,eval/episode_reward_std,657.923828125
16777216,1096.482,eval/episode_reward/ctrl_std,0.001967253629118204
16777216,1096.482,eval/episode_reward/forward_std,23.436277389526367
16777216,1096.482,eval/episode_reward/joint_std,0.0034242088440805674
16777216,1096.482,eval/episode_reward/orient_std,654.0247802734375
16777216,1096.482,eval/episode_reward/total_std,657.923828125
16777216,1096.482,eval/episode_state/forward_vel_std,15.42618179321289
16777216,1096.482,eval/episode_state/up_z_std,327.8642578125
16777216,1096.482,eval/avg_episode_length,1000.0
16777216,1096.482,eval/std_episode_length,0.0
16777216,1096.482,eval/epoch_eval_time,9.6630699634552
16777216,1096.482,eval/sps,3311.5769751249777
17301504,1117.772,episode/sps,16930.53686558763
17301504,1117.772,episode/length,1000.0
17301504,1117.772,episode/reward/ctrl,-0.2411142686009407
17301504,1117.772,episode/reward/forward,377.37172332763674
17301504,1117.772,episode/reward/joint,-0.0777610519528389
17301504,1117.772,episode/reward/orient,-27.229813475608825
17301504,1117.772,episode/reward/total,349.8230038452148
17301504,1117.772,episode/state/forward_vel,21.087300081551074
17301504,1117.772,episode/state/up_z,928.0902786254883
17301504,1117.772,episode/sum_reward,349.8230038452148
17301504,1117.772,episode/entropy_loss,-0.11590262345969676
17301504,1117.772,episode/kl_mean,0.002499329395359382
17301504,1117.772,episode/learning_rate,0.0003000000142492354
17301504,1117.772,episode/policy_dist_max_loc,1.4322376620769501
17301504,1117.772,episode/policy_dist_max_std,1.3594829726219178
17301504,1117.772,episode/policy_dist_mean_loc,-0.08468217246234416
17301504,1117.772,episode/policy_dist_mean_std,0.7507891649007797
17301504,1117.772,episode/policy_dist_min_loc,-0.8984927201271057
17301504,1117.772,episode/policy_dist_min_std,0.3168571981787682
17301504,1117.772,episode/policy_loss,-0.0009920522529864684
17301504,1117.772,episode/total_loss,6.1358912920951845
17301504,1117.772,episode/v_loss,6.252785959839821
17301504,1126.472,eval/walltime,339.2944197654724
17301504,1126.472,training/sps,24620.5732187895
17301504,1126.472,training/walltime,766.8961658477783
17301504,1126.472,training/entropy_loss,-0.11592666804790497
17301504,1126.472,training/kl_mean,0.0013959675561636686
17301504,1126.472,training/learning_rate,0.0003000000142492354
17301504,1126.472,training/policy_dist_max_loc,1.4365344047546387
17301504,1126.472,training/policy_dist_max_std,1.384213924407959
17301504,1126.472,training/policy_dist_mean_loc,-0.08387570083141327
17301504,1126.472,training/policy_dist_mean_std,0.7512212991714478
17301504,1126.472,training/policy_dist_min_loc,-0.8788048028945923
17301504,1126.472,training/policy_dist_min_std,0.31607094407081604
17301504,1126.472,training/policy_loss,-0.00047814392019063234
17301504,1126.472,training/total_loss,10.42695426940918
17301504,1126.472,training/v_loss,10.543357849121094
17301504,1126.472,eval/episode_reward,374.3404541015625
17301504,1126.472,eval/episode_reward/ctrl,-0.24184611439704895
17301504,1126.472,eval/episode_reward/forward,381.248779296875
17301504,1126.472,eval/episode_reward/joint,-0.07847146689891815
17301504,1126.472,eval/episode_reward/orient,-6.587998867034912
17301504,1126.472,eval/episode_reward/total,374.3404541015625
17301504,1126.472,eval/episode_state/forward_vel,23.891834259033203
17301504,1126.472,eval/episode_state/up_z,937.7039794921875
17301504,1126.472,eval/episode_reward_std,17.335063934326172
17301504,1126.472,eval/episode_reward/ctrl_std,0.0019407151266932487
17301504,1126.472,eval/episode_reward/forward_std,15.984170913696289
17301504,1126.472,eval/episode_reward/joint_std,0.0046725524589419365
17301504,1126.472,eval/episode_reward/orient_std,5.062167644500732
17301504,1126.472,eval/episode_reward/total_std,17.335063934326172
17301504,1126.472,eval/episode_state/forward_vel_std,10.850664138793945
17301504,1126.472,eval/episode_state/up_z_std,14.250669479370117
17301504,1126.472,eval/avg_episode_length,1000.0
17301504,1126.472,eval/std_episode_length,0.0
17301504,1126.472,eval/epoch_eval_time,8.687136888504028
17301504,1126.472,eval/sps,3683.6072011650517
17825792,1150.431,episode/sps,16053.262620873182
17825792,1150.431,episode/length,1000.0
17825792,1150.431,episode/reward/ctrl,-0.2414080461859703
17825792,1150.431,episode/reward/forward,379.77849639892577
17825792,1150.431,episode/reward/joint,-0.07633418291807174
17825792,1150.431,episode/reward/orient,-96.0231377840042
17825792,1150.431,episode/reward/total,283.4376708984375
17825792,1150.431,episode/state/forward_vel,22.484465778023004
17825792,1150.431,episode/state/up_z,893.7561584472656
17825792,1150.431,episode/sum_reward,283.4376708984375
17825792,1150.431,episode/entropy_loss,-0.11591967552900315
17825792,1150.431,episode/kl_mean,0.0022692977989208886
17825792,1150.431,episode/learning_rate,0.0003000000142492354
17825792,1150.431,episode/policy_dist_max_loc,1.4463816499710083
17825792,1150.431,episode/policy_dist_max_std,1.3517009806632996
17825792,1150.431,episode/policy_dist_mean_loc,-0.08407393090426922
17825792,1150.431,episode/policy_dist_mean_std,0.7520148909091949
17825792,1150.431,episode/policy_dist_min_loc,-0.9106986981630325
17825792,1150.431,episode/policy_dist_min_std,0.3180245018005371
17825792,1150.431,episode/policy_loss,-0.0008415851312020095
17825792,1150.431,episode/total_loss,7.048906418085099
17825792,1150.431,episode/v_loss,7.16566766500473
17825792,1160.190,eval/walltime,349.03948616981506
17825792,1160.190,training/sps,21877.801222370166
17825792,1160.190,training/walltime,790.8605484962463
17825792,1160.190,training/entropy_loss,-0.11585652083158493
17825792,1160.190,training/kl_mean,0.002141098491847515
17825792,1160.190,training/learning_rate,0.0003000000142492354
17825792,1160.190,training/policy_dist_max_loc,1.5095336437225342
17825792,1160.190,training/policy_dist_max_std,1.3402998447418213
17825792,1160.190,training/policy_dist_mean_loc,-0.0858536958694458
17825792,1160.190,training/policy_dist_mean_std,0.7545778751373291
17825792,1160.190,training/policy_dist_min_loc,-0.9503088593482971
17825792,1160.190,training/policy_dist_min_std,0.3175990581512451
17825792,1160.190,training/policy_loss,-0.0008999023702926934
17825792,1160.190,training/total_loss,6.260171413421631
17825792,1160.190,training/v_loss,6.376928329467773
17825792,1160.190,eval/episode_reward,309.5061340332031
17825792,1160.190,eval/episode_reward/ctrl,-0.24339035153388977
17825792,1160.190,eval/episode_reward/forward,386.71051025390625
17825792,1160.190,eval/episode_reward/joint,-0.07876865565776825
17825792,1160.190,eval/episode_reward/orient,-76.88221740722656
17825792,1160.190,eval/episode_reward/total,309.5061340332031
17825792,1160.190,eval/episode_state/forward_vel,27.55502700805664
17825792,1160.190,eval/episode_state/up_z,897.8106689453125
17825792,1160.190,eval/episode_reward_std,303.14227294921875
17825792,1160.190,eval/episode_reward/ctrl_std,0.001752993674017489
17825792,1160.190,eval/episode_reward/forward_std,28.289093017578125
17825792,1160.190,eval/episode_reward/joint_std,0.004481183830648661
17825792,1160.190,eval/episode_reward/orient_std,283.1806945800781
17825792,1160.190,eval/episode_reward/total_std,303.14227294921875
17825792,1160.190,eval/episode_state/forward_vel_std,18.01168441772461
17825792,1160.190,eval/episode_state/up_z_std,155.31732177734375
17825792,1160.190,eval/avg_episode_length,1000.0
17825792,1160.190,eval/std_episode_length,0.0
17825792,1160.190,eval/epoch_eval_time,9.745066404342651
17825792,1160.190,eval/sps,3283.712872981551
18350080,1184.315,episode/sps,15473.160913971926
18350080,1184.315,episode/length,1000.0
18350080,1184.315,episode/reward/ctrl,-0.2421768406033516
18350080,1184.315,episode/reward/forward,381.3425311279297
18350080,1184.315,episode/reward/joint,-0.0773915096372366
18350080,1184.315,episode/reward/orient,-5.692601737976074
18350080,1184.315,episode/reward/total,375.3303619384766
18350080,1184.315,episode/state/forward_vel,23.12481063336134
18350080,1184.315,episode/state/up_z,940.2875506591797
18350080,1184.315,episode/sum_reward,375.3303619384766
18350080,1184.315,episode/entropy_loss,-0.11589045435190201
18350080,1184.315,episode/kl_mean,0.002198289389780257
18350080,1184.315,episode/learning_rate,0.0003000000142492354
18350080,1184.315,episode/policy_dist_max_loc,1.4862878549098968
18350080,1184.315,episode/policy_dist_max_std,1.3747423028945922
18350080,1184.315,episode/policy_dist_mean_loc,-0.08321760989725589
18350080,1184.315,episode/policy_dist_mean_std,0.7538935333490372
18350080,1184.315,episode/policy_dist_min_loc,-0.9324911957979203
18350080,1184.315,episode/policy_dist_min_std,0.31492280155420305
18350080,1184.315,episode/policy_loss,-0.0008875658795295749
18350080,1184.315,episode/total_loss,6.833271683454513
18350080,1184.315,episode/v_loss,6.950049684047699
18350080,1193.589,eval/walltime,358.2997441291809
18350080,1193.589,training/sps,21727.9447567857
18350080,1193.589,training/walltime,814.9902122020721
18350080,1193.589,training/entropy_loss,-0.11590024828910828
18350080,1193.589,training/kl_mean,0.0027452711947262287
18350080,1193.589,training/learning_rate,0.0003000000142492354
18350080,1193.589,training/policy_dist_max_loc,1.5170066356658936
18350080,1193.589,training/policy_dist_max_std,1.4029897451400757
18350080,1193.589,training/policy_dist_mean_loc,-0.07953903079032898
18350080,1193.589,training/policy_dist_mean_std,0.7561324834823608
18350080,1193.589,training/policy_dist_min_loc,-0.9644433856010437
18350080,1193.589,training/policy_dist_min_std,0.3110376298427582
18350080,1193.589,training/policy_loss,-0.001139389001764357
18350080,1193.589,training/total_loss,4.0183610916137695
18350080,1193.589,training/v_loss,4.135401248931885
18350080,1193.589,eval/episode_reward,346.81475830078125
18350080,1193.589,eval/episode_reward/ctrl,-0.2426540106534958
18350080,1193.589,eval/episode_reward/forward,382.537353515625
18350080,1193.589,eval/episode_reward/joint,-0.07814839482307434
18350080,1193.589,eval/episode_reward/orient,-35.40182113647461
18350080,1193.589,eval/episode_reward/total,346.81475830078125
18350080,1193.589,eval/episode_state/forward_vel,24.22350311279297
18350080,1193.589,eval/episode_state/up_z,917.3472900390625
18350080,1193.589,eval/episode_reward_std,164.6742706298828
18350080,1193.589,eval/episode_reward/ctrl_std,0.0015914911637082696
18350080,1193.589,eval/episode_reward/forward_std,24.910924911499023
18350080,1193.589,eval/episode_reward/joint_std,0.0049045505002141
18350080,1193.589,eval/episode_reward/orient_std,160.47840881347656
18350080,1193.589,eval/episode_reward/total_std,164.6742706298828
18350080,1193.589,eval/episode_state/forward_vel_std,15.841625213623047
18350080,1193.589,eval/episode_state/up_z_std,89.62798309326172
18350080,1193.589,eval/avg_episode_length,1000.0
18350080,1193.589,eval/std_episode_length,0.0
18350080,1193.589,eval/epoch_eval_time,9.260257959365845
18350080,1193.589,eval/sps,3455.627277384334
18874368,1214.206,episode/sps,17540.345057583087
18874368,1214.206,episode/length,1000.0
18874368,1214.206,episode/reward/ctrl,-0.243225978910923
18874368,1214.206,episode/reward/forward,381.5030108642578
18874368,1214.206,episode/reward/joint,-0.07869033806025982
18874368,1214.206,episode/reward/orient,-57.17879958629608
18874368,1214.206,episode/reward/total,324.0022854614258
18874368,1214.206,episode/state/forward_vel,23.456227476596833
18874368,1214.206,episode/state/up_z,910.9429826354981
18874368,1214.206,episode/sum_reward,324.0022854614258
18874368,1214.206,episode/entropy_loss,-0.11593475252389908
18874368,1214.206,episode/kl_mean,0.002219010714616161
18874368,1214.206,episode/learning_rate,0.0003000000142492354
18874368,1214.206,episode/policy_dist_max_loc,1.508418506383896
18874368,1214.206,episode/policy_dist_max_std,1.379181501865387
18874368,1214.206,episode/policy_dist_mean_loc,-0.08077681563794613
18874368,1214.206,episode/policy_dist_mean_std,0.7553583109378814
18874368,1214.206,episode/policy_dist_min_loc,-0.9400772267580032
18874368,1214.206,episode/policy_dist_min_std,0.31041946947574617
18874368,1214.206,episode/policy_loss,-0.000926465607190039
18874368,1214.206,episode/total_loss,5.534704503417015
18874368,1214.206,episode/v_loss,5.651565707921982
18874368,1223.888,eval/walltime,367.966748714447
18874368,1223.888,training/sps,25423.09825966339
18874368,1223.888,training/walltime,835.6127183437347
18874368,1223.888,training/entropy_loss,-0.11605432629585266
18874368,1223.888,training/kl_mean,0.001765884575434029
18874368,1223.888,training/learning_rate,0.0003000000142492354
18874368,1223.888,training/policy_dist_max_loc,1.5044896602630615
18874368,1223.888,training/policy_dist_max_std,1.3993074893951416
18874368,1223.888,training/policy_dist_mean_loc,-0.0763910710811615
18874368,1223.888,training/policy_dist_mean_std,0.755715012550354
18874368,1223.888,training/policy_dist_min_loc,-0.9132856130599976
18874368,1223.888,training/policy_dist_min_std,0.29891371726989746
18874368,1223.888,training/policy_loss,-0.0007072220905683935
18874368,1223.888,training/total_loss,5.711296558380127
18874368,1223.888,training/v_loss,5.828058242797852
18874368,1223.888,eval/episode_reward,312.5037841796875
18874368,1223.888,eval/episode_reward/ctrl,-0.24310320615768433
18874368,1223.888,eval/episode_reward/forward,387.25628662109375
18874368,1223.888,eval/episode_reward/joint,-0.0753665417432785
18874368,1223.888,eval/episode_reward/orient,-74.43401336669922
18874368,1223.888,eval/episode_reward/total,312.5037841796875
18874368,1223.888,eval/episode_state/forward_vel,27.741777420043945
18874368,1223.888,eval/episode_state/up_z,895.2940673828125
18874368,1223.888,eval/episode_reward_std,262.313720703125
18874368,1223.888,eval/episode_reward/ctrl_std,0.001914982800371945
18874368,1223.888,eval/episode_reward/forward_std,29.09592056274414
18874368,1223.888,eval/episode_reward/joint_std,0.00508346501737833
18874368,1223.888,eval/episode_reward/orient_std,247.9413299560547
18874368,1223.888,eval/episode_reward/total_std,262.313720703125
18874368,1223.888,eval/episode_state/forward_vel_std,18.791465759277344
18874368,1223.888,eval/episode_state/up_z_std,133.9888153076172
18874368,1223.888,eval/avg_episode_length,1000.0
18874368,1223.888,eval/std_episode_length,0.0
18874368,1223.888,eval/epoch_eval_time,9.667004585266113
18874368,1223.888,eval/sps,3310.229111587734
19398656,1247.780,episode/sps,15615.627717040128
19398656,1247.780,episode/length,1000.0
19398656,1247.780,episode/reward/ctrl,-0.2428166663646698
19398656,1247.780,episode/reward/forward,382.611867980957
19398656,1247.780,episode/reward/joint,-0.0775060448795557
19398656,1247.780,episode/reward/orient,-44.59129440307617
19398656,1247.780,episode/reward/total,337.7002194213867
19398656,1247.780,episode/state/forward_vel,24.47235181182623
19398656,1247.780,episode/state/up_z,913.5025706481933
19398656,1247.780,episode/sum_reward,337.7002194213867
19398656,1247.780,episode/entropy_loss,-0.11605818115174771
19398656,1247.780,episode/kl_mean,0.0020525230516796
19398656,1247.780,episode/learning_rate,0.0003000000142492354
19398656,1247.780,episode/policy_dist_max_loc,1.5238873088359832
19398656,1247.780,episode/policy_dist_max_std,1.4006160748004914
19398656,1247.780,episode/policy_dist_mean_loc,-0.07811156213283539
19398656,1247.780,episode/policy_dist_mean_std,0.7564138740301132
19398656,1247.780,episode/policy_dist_min_loc,-0.962353720664978
19398656,1247.780,episode/policy_dist_min_std,0.3016670463979244
19398656,1247.780,episode/policy_loss,-0.0009237580568878911
19398656,1247.780,episode/total_loss,6.750905765891075
19398656,1247.780,episode/v_loss,6.867887700796127
19398656,1257.475,eval/walltime,377.6474072933197
19398656,1257.475,training/sps,21939.050286934103
19398656,1257.475,training/walltime,859.5101976394653
19398656,1257.475,training/entropy_loss,-0.11624264717102051
19398656,1257.475,training/kl_mean,0.0014850650914013386
19398656,1257.475,training/learning_rate,0.0003000000142492354
19398656,1257.475,training/policy_dist_max_loc,1.5438814163208008
19398656,1257.475,training/policy_dist_max_std,1.4117412567138672
19398656,1257.475,training/policy_dist_mean_loc,-0.07771792262792587
19398656,1257.475,training/policy_dist_mean_std,0.7574995756149292
19398656,1257.475,training/policy_dist_min_loc,-1.0144404172897339
19398656,1257.475,training/policy_dist_min_std,0.29326146841049194
19398656,1257.475,training/policy_loss,-0.0007868001703172922
19398656,1257.475,training/total_loss,10.741568565368652
19398656,1257.475,training/v_loss,10.858598709106445
19398656,1257.475,eval/episode_reward,288.408935546875
19398656,1257.475,eval/episode_reward/ctrl,-0.24390031397342682
19398656,1257.475,eval/episode_reward/forward,382.7464904785156
19398656,1257.475,eval/episode_reward/joint,-0.07466517388820648
19398656,1257.475,eval/episode_reward/orient,-94.01897430419922
19398656,1257.475,eval/episode_reward/total,288.408935546875
19398656,1257.475,eval/episode_state/forward_vel,25.236053466796875
19398656,1257.475,eval/episode_state/up_z,890.3668212890625
19398656,1257.475,eval/episode_reward_std,357.1868896484375
19398656,1257.475,eval/episode_reward/ctrl_std,0.002033487195149064
19398656,1257.475,eval/episode_reward/forward_std,28.1566219329834
19398656,1257.475,eval/episode_reward/joint_std,0.004278738051652908
19398656,1257.475,eval/episode_reward/orient_std,339.95751953125
19398656,1257.475,eval/episode_reward/total_std,357.1868896484375
19398656,1257.475,eval/episode_state/forward_vel_std,17.898107528686523
19398656,1257.475,eval/episode_state/up_z_std,181.68296813964844
19398656,1257.475,eval/avg_episode_length,1000.0
19398656,1257.475,eval/std_episode_length,0.0
19398656,1257.475,eval/epoch_eval_time,9.68065857887268
19398656,1257.475,eval/sps,3305.5602301518647
19922944,1281.192,episode/sps,15691.702332638168
19922944,1281.192,episode/length,1000.0
19922944,1281.192,episode/reward/ctrl,-0.24290933087468147
19922944,1281.192,episode/reward/forward,389.09193145751954
19922944,1281.192,episode/reward/joint,-0.07479744534939528
19922944,1281.192,episode/reward/orient,-64.0513677740097
19922944,1281.192,episode/reward/total,324.7227941894531
19922944,1281.192,episode/state/forward_vel,29.164875071048737
19922944,1281.192,episode/state/up_z,902.491190071106
19922944,1281.192,episode/sum_reward,324.7227941894531
19922944,1281.192,episode/entropy_loss,-0.11618947863578796
19922944,1281.192,episode/kl_mean,0.0016687152242229786
19922944,1281.192,episode/learning_rate,0.0003000000142492354
19922944,1281.192,episode/policy_dist_max_loc,1.4968462824821471
19922944,1281.192,episode/policy_dist_max_std,1.4298799955844879
19922944,1281.192,episode/policy_dist_mean_loc,-0.0782175464183092
19922944,1281.192,episode/policy_dist_mean_std,0.7575363588333129
19922944,1281.192,episode/policy_dist_min_loc,-0.9984271556138993
19922944,1281.192,episode/policy_dist_min_std,0.2966532279551029
19922944,1281.192,episode/policy_loss,-0.0007970754112466238
19922944,1281.192,episode/total_loss,9.709388521909714
19922944,1281.192,episode/v_loss,9.826375076770782
19922944,1287.677,eval/walltime,384.1193187236786
19922944,1287.677,training/sps,22101.40749754229
19922944,1287.677,training/walltime,883.2321257591248
19922944,1287.677,training/entropy_loss,-0.11631748080253601
19922944,1287.677,training/kl_mean,0.001470461138524115
19922944,1287.677,training/learning_rate,0.0003000000142492354
19922944,1287.677,training/policy_dist_max_loc,1.4313474893569946
19922944,1287.677,training/policy_dist_max_std,1.4787054061889648
19922944,1287.677,training/policy_dist_mean_loc,-0.08036631345748901
19922944,1287.677,training/policy_dist_mean_std,0.7594285607337952
19922944,1287.677,training/policy_dist_min_loc,-1.0690183639526367
19922944,1287.677,training/policy_dist_min_std,0.2971038222312927
19922944,1287.677,training/policy_loss,-0.0007288968190550804
19922944,1287.677,training/total_loss,13.387530326843262
19922944,1287.677,training/v_loss,13.50457763671875
19922944,1287.677,eval/episode_reward,148.93319702148438
19922944,1287.677,eval/episode_reward/ctrl,-0.2446732521057129
19922944,1287.677,eval/episode_reward/forward,378.40753173828125
19922944,1287.677,eval/episode_reward/joint,-0.07479310035705566
19922944,1287.677,eval/episode_reward/orient,-229.15499877929688
19922944,1287.677,eval/episode_reward/total,148.93319702148438
19922944,1287.677,eval/episode_state/forward_vel,22.527442932128906
19922944,1287.677,eval/episode_state/up_z,820.346923828125
19922944,1287.677,eval/episode_reward_std,700.5844116210938
19922944,1287.677,eval/episode_reward/ctrl_std,0.002043940359726548
19922944,1287.677,eval/episode_reward/forward_std,20.227252960205078
19922944,1287.677,eval/episode_reward/joint_std,0.005966143682599068
19922944,1287.677,eval/episode_reward/orient_std,702.98828125
19922944,1287.677,eval/episode_reward/total_std,700.5844116210938
19922944,1287.677,eval/episode_state/forward_vel_std,14.944485664367676
19922944,1287.677,eval/episode_state/up_z_std,361.4815673828125
19922944,1287.677,eval/avg_episode_length,1000.0
19922944,1287.677,eval/std_episode_length,0.0
19922944,1287.677,eval/epoch_eval_time,6.471911430358887
19922944,1287.677,eval/sps,4944.443437512479
20447232,1311.549,episode/sps,17270.589561409644
20447232,1311.549,episode/length,1000.0
20447232,1311.549,episode/reward/ctrl,-0.24408795505762101
20447232,1311.549,episode/reward/forward,387.04566314697263
20447232,1311.549,episode/reward/joint,-0.07502269476652146
20447232,1311.549,episode/reward/orient,-60.900147906541825
20447232,1311.549,episode/reward/total,325.82638458251955
20447232,1311.549,episode/state/forward_vel,27.396565589904785
20447232,1311.549,episode/state/up_z,908.6137348175049
20447232,1311.549,episode/sum_reward,325.82638458251955
20447232,1311.549,episode/entropy_loss,-0.1162780188024044
20447232,1311.549,episode/kl_mean,0.0014917821598646698
20447232,1311.549,episode/learning_rate,0.0003000000142492354
20447232,1311.549,episode/policy_dist_max_loc,1.5004291260242462
20447232,1311.549,episode/policy_dist_max_std,1.430203411579132
20447232,1311.549,episode/policy_dist_mean_loc,-0.07933504968881606
20447232,1311.549,episode/policy_dist_mean_std,0.7593215197324753
20447232,1311.549,episode/policy_dist_min_loc,-1.0372024774551392
20447232,1311.549,episode/policy_dist_min_std,0.2978415101766586
20447232,1311.549,episode/policy_loss,-0.0007749530678120209
20447232,1311.549,episode/total_loss,11.574865868091583
20447232,1311.549,episode/v_loss,11.691918845176696
20447232,1321.321,eval/walltime,393.87579107284546
20447232,1321.321,training/sps,21956.866900577883
20447232,1321.321,training/walltime,907.1102137565613
20447232,1321.321,training/entropy_loss,-0.11629077047109604
20447232,1321.321,training/kl_mean,0.0012766971485689282
20447232,1321.321,training/learning_rate,0.0003000000142492354
20447232,1321.321,training/policy_dist_max_loc,1.523022174835205
20447232,1321.321,training/policy_dist_max_std,1.405301809310913
20447232,1321.321,training/policy_dist_mean_loc,-0.08020967990159988
20447232,1321.321,training/policy_dist_mean_std,0.7612375617027283
20447232,1321.321,training/policy_dist_min_loc,-1.0413861274719238
20447232,1321.321,training/policy_dist_min_std,0.3019822835922241
20447232,1321.321,training/policy_loss,-0.0007417495362460613
20447232,1321.321,training/total_loss,11.211064338684082
20447232,1321.321,training/v_loss,11.328096389770508
20447232,1321.321,eval/episode_reward,199.77197265625
20447232,1321.321,eval/episode_reward/ctrl,-0.24655146896839142
20447232,1321.321,eval/episode_reward/forward,380.97344970703125
20447232,1321.321,eval/episode_reward/joint,-0.0758717954158783
20447232,1321.321,eval/episode_reward/orient,-180.87901306152344
20447232,1321.321,eval/episode_reward/total,199.77197265625
20447232,1321.321,eval/episode_state/forward_vel,24.71405792236328
20447232,1321.321,eval/episode_state/up_z,849.8378295898438
20447232,1321.321,eval/episode_reward_std,702.276123046875
20447232,1321.321,eval/episode_reward/ctrl_std,0.0019905748777091503
20447232,1321.321,eval/episode_reward/forward_std,29.014280319213867
20447232,1321.321,eval/episode_reward/joint_std,0.004159851931035519
20447232,1321.321,eval/episode_reward/orient_std,688.1130981445312
20447232,1321.321,eval/episode_reward/total_std,702.276123046875
20447232,1321.321,eval/episode_state/forward_vel_std,16.874771118164062
20447232,1321.321,eval/episode_state/up_z_std,364.98175048828125
20447232,1321.321,eval/avg_episode_length,1000.0
20447232,1321.321,eval/std_episode_length,0.0
20447232,1321.321,eval/epoch_eval_time,9.75647234916687
20447232,1321.321,eval/sps,3279.8740010504475
20971520,1345.350,episode/sps,15511.070653212444
20971520,1345.350,episode/length,1000.0
20971520,1345.350,episode/reward/ctrl,-0.2444112069904804
20971520,1345.350,episode/reward/forward,384.79112548828124
20971520,1345.350,episode/reward/joint,-0.07394400358200073
20971520,1345.350,episode/reward/orient,-82.8515820479393
20971520,1345.350,episode/reward/total,301.6211181640625
20971520,1345.350,episode/state/forward_vel,25.859556182026864
20971520,1345.350,episode/state/up_z,901.0589863586425
20971520,1345.350,episode/sum_reward,301.6211181640625
20971520,1345.350,episode/entropy_loss,-0.11627437181770801
20971520,1345.350,episode/kl_mean,0.0014064648191560991
20971520,1345.350,episode/learning_rate,0.0003000000142492354
20971520,1345.350,episode/policy_dist_max_loc,1.4868028366565704
20971520,1345.350,episode/policy_dist_max_std,1.4354085230827331
20971520,1345.350,episode/policy_dist_mean_loc,-0.0802813033014536
20971520,1345.350,episode/policy_dist_mean_std,0.7611547845602036
20971520,1345.350,episode/policy_dist_min_loc,-1.0685929995775223
20971520,1345.350,episode/policy_dist_min_std,0.3001811157166958
20971520,1345.350,episode/policy_loss,-0.0007536338935460662
20971520,1345.350,episode/total_loss,12.03111516714096
20971520,1345.350,episode/v_loss,12.148143196105957
20971520,1355.080,eval/walltime,403.5906023979187
20971520,1355.080,training/sps,21813.60928806717
20971520,1355.080,training/walltime,931.145117521286
20971520,1355.080,training/entropy_loss,-0.11621751636266708
20971520,1355.080,training/kl_mean,0.0012192080030217767
20971520,1355.080,training/learning_rate,0.0003000000142492354
20971520,1355.080,training/policy_dist_max_loc,1.5000951290130615
20971520,1355.080,training/policy_dist_max_std,1.4243924617767334
20971520,1355.080,training/policy_dist_mean_loc,-0.08021669834852219
20971520,1355.080,training/policy_dist_mean_std,0.7631021738052368
20971520,1355.080,training/policy_dist_min_loc,-1.0991954803466797
20971520,1355.080,training/policy_dist_min_std,0.3030570149421692
20971520,1355.080,training/policy_loss,-0.0006514294072985649
20971520,1355.080,training/total_loss,11.359541893005371
20971520,1355.080,training/v_loss,11.476409912109375
20971520,1355.080,eval/episode_reward,383.4842529296875
20971520,1355.080,eval/episode_reward/ctrl,-0.24584108591079712
20971520,1355.080,eval/episode_reward/forward,390.383544921875
20971520,1355.080,eval/episode_reward/joint,-0.07354333251714706
20971520,1355.080,eval/episode_reward/orient,-6.579864978790283
20971520,1355.080,eval/episode_reward/total,383.4842529296875
20971520,1355.080,eval/episode_state/forward_vel,29.35906410217285
20971520,1355.080,eval/episode_state/up_z,940.2547607421875
20971520,1355.080,eval/episode_reward_std,27.007944107055664
20971520,1355.080,eval/episode_reward/ctrl_std,0.002057119505479932
20971520,1355.080,eval/episode_reward/forward_std,23.574169158935547
20971520,1355.080,eval/episode_reward/joint_std,0.005025205668061972
20971520,1355.080,eval/episode_reward/orient_std,9.166276931762695
20971520,1355.080,eval/episode_reward/total_std,27.007944107055664
20971520,1355.080,eval/episode_state/forward_vel_std,15.414970397949219
20971520,1355.080,eval/episode_state/up_z_std,19.74859046936035
20971520,1355.080,eval/avg_episode_length,1000.0
20971520,1355.080,eval/std_episode_length,0.0
20971520,1355.080,eval/epoch_eval_time,9.714811325073242
20971520,1355.080,eval/sps,3293.939421902128
21495808,1375.286,episode/sps,17513.768908855785
21495808,1375.286,episode/length,1000.0
21495808,1375.286,episode/reward/ctrl,-0.2453892122209072
21495808,1375.286,episode/reward/forward,383.90741638183596
21495808,1375.286,episode/reward/joint,-0.07524534501135349
21495808,1375.286,episode/reward/orient,-61.2347909283638
21495808,1375.286,episode/reward/total,322.3520053100586
21495808,1375.286,episode/state/forward_vel,25.78555781722069
21495808,1375.286,episode/state/up_z,912.5059712982178
21495808,1375.286,episode/sum_reward,322.3520053100586
21495808,1375.286,episode/entropy_loss,-0.11623137935996056
21495808,1375.286,episode/kl_mean,0.0011919822075287811
21495808,1375.286,episode/learning_rate,0.0003000000142492354
21495808,1375.286,episode/policy_dist_max_loc,1.510800063610077
21495808,1375.286,episode/policy_dist_max_std,1.4097361314296721
21495808,1375.286,episode/policy_dist_mean_loc,-0.08148934744298458
21495808,1375.286,episode/policy_dist_mean_std,0.7633409506082535
21495808,1375.286,episode/policy_dist_min_loc,-1.0811053425073625
21495808,1375.286,episode/policy_dist_min_std,0.2950320339202881
21495808,1375.286,episode/policy_loss,-0.0006973991521954303
21495808,1375.286,episode/total_loss,13.469258096218109
21495808,1375.286,episode/v_loss,13.586186900138856
21495808,1385.091,eval/walltime,413.3812806606293
21495808,1385.091,training/sps,25939.6724569089
21495808,1385.091,training/walltime,951.3569378852844
21495808,1385.091,training/entropy_loss,-0.11616401374340057
21495808,1385.091,training/kl_mean,0.0007908641127869487
21495808,1385.091,training/learning_rate,0.0003000000142492354
21495808,1385.091,training/policy_dist_max_loc,1.513413429260254
21495808,1385.091,training/policy_dist_max_std,1.3927364349365234
21495808,1385.091,training/policy_dist_mean_loc,-0.0839325562119484
21495808,1385.091,training/policy_dist_mean_std,0.7659879326820374
21495808,1385.091,training/policy_dist_min_loc,-1.10718834400177
21495808,1385.091,training/policy_dist_min_std,0.2772272229194641
21495808,1385.091,training/policy_loss,-0.000595798424910754
21495808,1385.091,training/total_loss,17.91703987121582
21495808,1385.091,training/v_loss,18.033802032470703
21495808,1385.091,eval/episode_reward,311.17510986328125
21495808,1385.091,eval/episode_reward/ctrl,-0.24774065613746643
21495808,1385.091,eval/episode_reward/forward,379.18701171875
21495808,1385.091,eval/episode_reward/joint,-0.07705388218164444
21495808,1385.091,eval/episode_reward/orient,-67.68704223632812
21495808,1385.091,eval/episode_reward/total,311.17510986328125
21495808,1385.091,eval/episode_state/forward_vel,22.33588981628418
21495808,1385.091,eval/episode_state/up_z,907.8834228515625
21495808,1385.091,eval/episode_reward_std,323.0892028808594
21495808,1385.091,eval/episode_reward/ctrl_std,0.002927432768046856
21495808,1385.091,eval/episode_reward/forward_std,24.6669921875
21495808,1385.091,eval/episode_reward/joint_std,0.005168781615793705
21495808,1385.091,eval/episode_reward/orient_std,312.69024658203125
21495808,1385.091,eval/episode_reward/total_std,323.0892028808594
21495808,1385.091,eval/episode_state/forward_vel_std,15.298519134521484
21495808,1385.091,eval/episode_state/up_z_std,165.1219024658203
21495808,1385.091,eval/avg_episode_length,1000.0
21495808,1385.091,eval/std_episode_length,0.0
21495808,1385.091,eval/epoch_eval_time,9.790678262710571
21495808,1385.091,eval/sps,3268.415031252465
22020096,1409.245,episode/sps,15438.718381893204
22020096,1409.245,episode/length,1000.0
22020096,1409.245,episode/reward/ctrl,-0.24799062862992285
22020096,1409.245,episode/reward/forward,383.713967590332
22020096,1409.245,episode/reward/joint,-0.07756576143205166
22020096,1409.245,episode/reward/orient,-36.8232968211174
22020096,1409.245,episode/reward/total,346.5651626586914
22020096,1409.245,episode/state/forward_vel,25.42468101501465
22020096,1409.245,episode/state/up_z,927.7450549316407
22020096,1409.245,episode/sum_reward,346.5651626586914
22020096,1409.245,episode/entropy_loss,-0.11613877698779106
22020096,1409.245,episode/kl_mean,0.001258998106350191
22020096,1409.245,episode/learning_rate,0.0003000000142492354
22020096,1409.245,episode/policy_dist_max_loc,1.5093345379829406
22020096,1409.245,episode/policy_dist_max_std,1.4212260127067566
22020096,1409.245,episode/policy_dist_mean_loc,-0.08381782591342926
22020096,1409.245,episode/policy_dist_mean_std,0.7656805104017258
22020096,1409.245,episode/policy_dist_min_loc,-1.1238352376222611
22020096,1409.245,episode/policy_dist_min_std,0.28946459099650385
22020096,1409.245,episode/policy_loss,-0.0007698631349194329
22020096,1409.245,episode/total_loss,13.300693616867065
22020096,1409.245,episode/v_loss,13.417602248191834
22020096,1419.118,eval/walltime,423.2393388748169
22020096,1419.118,training/sps,21700.71528365609
22020096,1419.118,training/walltime,975.5168788433075
22020096,1419.118,training/entropy_loss,-0.11601134389638901
22020096,1419.118,training/kl_mean,0.001606081728823483
22020096,1419.118,training/learning_rate,0.0003000000142492354
22020096,1419.118,training/policy_dist_max_loc,1.5170414447784424
22020096,1419.118,training/policy_dist_max_std,1.4577100276947021
22020096,1419.118,training/policy_dist_mean_loc,-0.08763255923986435
22020096,1419.118,training/policy_dist_mean_std,0.76838219165802
22020096,1419.118,training/policy_dist_min_loc,-1.1790297031402588
22020096,1419.118,training/policy_dist_min_std,0.2860373854637146
22020096,1419.118,training/policy_loss,-0.0009707637946121395
22020096,1419.118,training/total_loss,11.05538558959961
22020096,1419.118,training/v_loss,11.172368049621582
22020096,1419.118,eval/episode_reward,340.0257263183594
22020096,1419.118,eval/episode_reward/ctrl,-0.24916920065879822
22020096,1419.118,eval/episode_reward/forward,385.7266540527344
22020096,1419.118,eval/episode_reward/joint,-0.07976225763559341
22020096,1419.118,eval/episode_reward/orient,-45.371944427490234
22020096,1419.118,eval/episode_reward/total,340.0257263183594
22020096,1419.118,eval/episode_state/forward_vel,26.210866928100586
22020096,1419.118,eval/episode_state/up_z,927.7715454101562
22020096,1419.118,eval/episode_reward_std,236.85475158691406
22020096,1419.118,eval/episode_reward/ctrl_std,0.0025973378214985132
22020096,1419.118,eval/episode_reward/forward_std,22.162046432495117
22020096,1419.118,eval/episode_reward/joint_std,0.005306743551045656
22020096,1419.118,eval/episode_reward/orient_std,229.6840362548828
22020096,1419.118,eval/episode_reward/total_std,236.85475158691406
22020096,1419.118,eval/episode_state/forward_vel_std,13.755008697509766
22020096,1419.118,eval/episode_state/up_z_std,123.61548614501953
22020096,1419.118,eval/avg_episode_length,1000.0
22020096,1419.118,eval/std_episode_length,0.0
22020096,1419.118,eval/epoch_eval_time,9.858058214187622
22020096,1419.118,eval/sps,3246.0753735401877
22544384,1443.175,episode/sps,15452.08814812141
22544384,1443.175,episode/length,1000.0
22544384,1443.175,episode/reward/ctrl,-0.24920157998800277
22544384,1443.175,episode/reward/forward,384.18573608398435
22544384,1443.175,episode/reward/joint,-0.07878786817193031
22544384,1443.175,episode/reward/orient,-41.307485799789426
22544384,1443.175,episode/reward/total,342.5502410888672
22544384,1443.175,episode/state/forward_vel,25.744119402766227
22544384,1443.175,episode/state/up_z,923.8259644699096
22544384,1443.175,episode/sum_reward,342.5502410888672
22544384,1443.175,episode/entropy_loss,-0.11601079426705838
22544384,1443.175,episode/kl_mean,0.0013545007801440078
22544384,1443.175,episode/learning_rate,0.0003000000142492354
22544384,1443.175,episode/policy_dist_max_loc,1.556006405353546
22544384,1443.175,episode/policy_dist_max_std,1.4243364417552948
22544384,1443.175,episode/policy_dist_mean_loc,-0.0851520324498415
22544384,1443.175,episode/policy_dist_mean_std,0.7675092726945877
22544384,1443.175,episode/policy_dist_min_loc,-1.1600325083732606
22544384,1443.175,episode/policy_dist_min_std,0.283963682949543
22544384,1443.175,episode/policy_loss,-0.0008451308283838443
22544384,1443.175,episode/total_loss,13.760129299163818
22544384,1443.175,episode/v_loss,13.876985173225403
22544384,1451.216,eval/walltime,431.26670837402344
22544384,1451.216,training/sps,21788.594798448612
22544384,1451.216,training/walltime,999.5793759822845
22544384,1451.216,training/entropy_loss,-0.11584886908531189
22544384,1451.216,training/kl_mean,0.0014938263921067119
22544384,1451.216,training/learning_rate,0.0003000000142492354
22544384,1451.216,training/policy_dist_max_loc,1.6384679079055786
22544384,1451.216,training/policy_dist_max_std,1.4231112003326416
22544384,1451.216,training/policy_dist_mean_loc,-0.0843021422624588
22544384,1451.216,training/policy_dist_mean_std,0.7685510516166687
22544384,1451.216,training/policy_dist_min_loc,-1.1935690641403198
22544384,1451.216,training/policy_dist_min_std,0.2879863381385803
22544384,1451.216,training/policy_loss,-0.0008781180949881673
22544384,1451.216,training/total_loss,12.514359474182129
22544384,1451.216,training/v_loss,12.631087303161621
22544384,1451.216,eval/episode_reward,279.44488525390625
22544384,1451.216,eval/episode_reward/ctrl,-0.24799901247024536
22544384,1451.216,eval/episode_reward/forward,386.7547607421875
22544384,1451.216,eval/episode_reward/joint,-0.078295037150383
22544384,1451.216,eval/episode_reward/orient,-106.98352813720703
22544384,1451.216,eval/episode_reward/total,279.44488525390625
22544384,1451.216,eval/episode_state/forward_vel,26.950328826904297
22544384,1451.216,eval/episode_state/up_z,881.4852294921875
22544384,1451.216,eval/episode_reward_std,372.8414306640625
22544384,1451.216,eval/episode_reward/ctrl_std,0.002447469625622034
22544384,1451.216,eval/episode_reward/forward_std,18.038684844970703
22544384,1451.216,eval/episode_reward/joint_std,0.004923634696751833
22544384,1451.216,eval/episode_reward/orient_std,370.3481750488281
22544384,1451.216,eval/episode_reward/total_std,372.8414306640625
22544384,1451.216,eval/episode_state/forward_vel_std,11.037275314331055
22544384,1451.216,eval/episode_state/up_z_std,203.05580139160156
22544384,1451.216,eval/avg_episode_length,1000.0
22544384,1451.216,eval/std_episode_length,0.0
22544384,1451.216,eval/epoch_eval_time,8.027369499206543
22544384,1451.216,eval/sps,3986.3619088623
23068672,1473.241,episode/sps,17437.930800223257
23068672,1473.241,episode/length,1000.0
23068672,1473.241,episode/reward/ctrl,-0.24848324328660965
23068672,1473.241,episode/reward/forward,383.7092578125
23068672,1473.241,episode/reward/joint,-0.07847871288657188
23068672,1473.241,episode/reward/orient,-86.37331144809723
23068672,1473.241,episode/reward/total,297.00893249511716
23068672,1473.241,episode/state/forward_vel,25.04769939661026
23068672,1473.241,episode/state/up_z,900.1604492950439
23068672,1473.241,episode/sum_reward,297.00893249511716
23068672,1473.241,episode/entropy_loss,-0.11594492524862289
23068672,1473.241,episode/kl_mean,0.0014304932253435254
23068672,1473.241,episode/learning_rate,0.0003000000142492354
23068672,1473.241,episode/policy_dist_max_loc,1.5953643417358399
23068672,1473.241,episode/policy_dist_max_std,1.4141134071350097
23068672,1473.241,episode/policy_dist_mean_loc,-0.08462213553488254
23068672,1473.241,episode/policy_dist_mean_std,0.7687177896499634
23068672,1473.241,episode/policy_dist_min_loc,-1.212135796546936
23068672,1473.241,episode/policy_dist_min_std,0.28399690821766854
23068672,1473.241,episode/policy_loss,-0.0008777817901864183
23068672,1473.241,episode/total_loss,12.898865785598755
23068672,1473.241,episode/v_loss,13.01568838596344
23068672,1482.984,eval/walltime,440.9958245754242
23068672,1482.984,training/sps,23798.46104427928
23068672,1482.984,training/walltime,1021.609708070755
23068672,1482.984,training/entropy_loss,-0.11594058573246002
23068672,1482.984,training/kl_mean,0.0011383043602108955
23068672,1482.984,training/learning_rate,0.0003000000142492354
23068672,1482.984,training/policy_dist_max_loc,1.6342557668685913
23068672,1482.984,training/policy_dist_max_std,1.366563081741333
23068672,1482.984,training/policy_dist_mean_loc,-0.08189193904399872
23068672,1482.984,training/policy_dist_mean_std,0.7694723606109619
23068672,1482.984,training/policy_dist_min_loc,-1.2677886486053467
23068672,1482.984,training/policy_dist_min_std,0.2780517637729645
23068672,1482.984,training/policy_loss,-0.000749617931433022
23068672,1482.984,training/total_loss,14.468891143798828
23068672,1482.984,training/v_loss,14.585580825805664
23068672,1482.984,eval/episode_reward,326.84808349609375
23068672,1482.984,eval/episode_reward/ctrl,-0.2486037164926529
23068672,1482.984,eval/episode_reward/forward,377.5853271484375
23068672,1482.984,eval/episode_reward/joint,-0.07974138855934143
23068672,1482.984,eval/episode_reward/orient,-50.408790588378906
23068672,1482.984,eval/episode_reward/total,326.84808349609375
23068672,1482.984,eval/episode_state/forward_vel,21.25650978088379
23068672,1482.984,eval/episode_state/up_z,913.8102416992188
23068672,1482.984,eval/episode_reward_std,243.7173309326172
23068672,1482.984,eval/episode_reward/ctrl_std,0.0031782386358827353
23068672,1482.984,eval/episode_reward/forward_std,21.12096405029297
23068672,1482.984,eval/episode_reward/joint_std,0.0048232595436275005
23068672,1482.984,eval/episode_reward/orient_std,233.30677795410156
23068672,1482.984,eval/episode_reward/total_std,243.7173309326172
23068672,1482.984,eval/episode_state/forward_vel_std,12.538527488708496
23068672,1482.984,eval/episode_state/up_z_std,132.53919982910156
23068672,1482.984,eval/avg_episode_length,1000.0
23068672,1482.984,eval/std_episode_length,0.0
23068672,1482.984,eval/epoch_eval_time,9.729116201400757
23068672,1482.984,eval/sps,3289.096289691018
23592960,1506.982,episode/sps,15538.670876287122
23592960,1506.982,episode/length,1000.0
23592960,1506.982,episode/reward/ctrl,-0.24958697736263274
23592960,1506.982,episode/reward/forward,383.8605596923828
23592960,1506.982,episode/reward/joint,-0.07906706526875495
23592960,1506.982,episode/reward/orient,-8.86547114610672
23592960,1506.982,episode/reward/total,374.66644165039065
23592960,1506.982,episode/state/forward_vel,25.23638054847717
23592960,1506.982,episode/state/up_z,939.7206683349609
23592960,1506.982,episode/sum_reward,374.66644165039065
23592960,1506.982,episode/entropy_loss,-0.11592634044587612
23592960,1506.982,episode/kl_mean,0.0013631045032525436
23592960,1506.982,episode/learning_rate,0.0003000000142492354
23592960,1506.982,episode/policy_dist_max_loc,1.6373196136951447
23592960,1506.982,episode/policy_dist_max_std,1.4032782447338104
23592960,1506.982,episode/policy_dist_mean_loc,-0.08231358624994754
23592960,1506.982,episode/policy_dist_mean_std,0.7696108847856522
23592960,1506.982,episode/policy_dist_min_loc,-1.2221513426303863
23592960,1506.982,episode/policy_dist_min_std,0.2761193284392357
23592960,1506.982,episode/policy_loss,-0.0008752123916201526
23592960,1506.982,episode/total_loss,13.075312051773071
23592960,1506.982,episode/v_loss,13.192113528251648
23592960,1516.674,eval/walltime,450.67467737197876
23592960,1516.674,training/sps,21842.75334293398
23592960,1516.674,training/walltime,1045.6125428676605
23592960,1516.674,training/entropy_loss,-0.11598534137010574
23592960,1516.674,training/kl_mean,0.0011968659237027168
23592960,1516.674,training/learning_rate,0.0003000000142492354
23592960,1516.674,training/policy_dist_max_loc,1.665698766708374
23592960,1516.674,training/policy_dist_max_std,1.409030556678772
23592960,1516.674,training/policy_dist_mean_loc,-0.07966698706150055
23592960,1516.674,training/policy_dist_mean_std,0.7707817554473877
23592960,1516.674,training/policy_dist_min_loc,-1.2035014629364014
23592960,1516.674,training/policy_dist_min_std,0.25931280851364136
23592960,1516.674,training/policy_loss,-0.0008530073682777584
23592960,1516.674,training/total_loss,12.448837280273438
23592960,1516.674,training/v_loss,12.565675735473633
23592960,1516.674,eval/episode_reward,151.67495727539062
23592960,1516.674,eval/episode_reward/ctrl,-0.24858856201171875
23592960,1516.674,eval/episode_reward/forward,384.8913269042969
23592960,1516.674,eval/episode_reward/joint,-0.07904830574989319
23592960,1516.674,eval/episode_reward/orient,-232.88894653320312
23592960,1516.674,eval/episode_reward/total,151.67495727539062
23592960,1516.674,eval/episode_state/forward_vel,25.979598999023438
23592960,1516.674,eval/episode_state/up_z,820.881591796875
23592960,1516.674,eval/episode_reward_std,718.0604248046875
23592960,1516.674,eval/episode_reward/ctrl_std,0.004758541937917471
23592960,1516.674,eval/episode_reward/forward_std,23.65800666809082
23592960,1516.674,eval/episode_reward/joint_std,0.004962624981999397
23592960,1516.674,eval/episode_reward/orient_std,711.3153076171875
23592960,1516.674,eval/episode_reward/total_std,718.0604248046875
23592960,1516.674,eval/episode_state/forward_vel_std,14.486991882324219
23592960,1516.674,eval/episode_state/up_z_std,373.2284240722656
23592960,1516.674,eval/avg_episode_length,1000.0
23592960,1516.674,eval/std_episode_length,0.0
23592960,1516.674,eval/epoch_eval_time,9.678852796554565
23592960,1516.674,eval/sps,3306.176948097735
24117248,1539.013,episode/sps,16368.25500850441
24117248,1539.013,episode/length,1000.0
24117248,1539.013,episode/reward/ctrl,-0.24960499241948128
24117248,1539.013,episode/reward/forward,384.1250405883789
24117248,1539.013,episode/reward/joint,-0.07919216565787793
24117248,1539.013,episode/reward/orient,-132.01188455462454
24117248,1539.013,episode/reward/total,251.78429901123047
24117248,1539.013,episode/state/forward_vel,25.78824630856514
24117248,1539.013,episode/state/up_z,876.0272047805786
24117248,1539.013,episode/sum_reward,251.78429901123047
24117248,1539.013,episode/entropy_loss,-0.11596676528453827
24117248,1539.013,episode/kl_mean,0.001233021176449256
24117248,1539.013,episode/learning_rate,0.0003000000142492354
24117248,1539.013,episode/policy_dist_max_loc,1.6430742156505584
24117248,1539.013,episode/policy_dist_max_std,1.397996450662613
24117248,1539.013,episode/policy_dist_mean_loc,-0.0812289322167635
24117248,1539.013,episode/policy_dist_mean_std,0.771032395362854
24117248,1539.013,episode/policy_dist_min_loc,-1.23581880569458
24117248,1539.013,episode/policy_dist_min_std,0.26167525619268417
24117248,1539.013,episode/policy_loss,-0.0008497983577399282
24117248,1539.013,episode/total_loss,15.630779161453248
24117248,1539.013,episode/v_loss,15.747595634460449
24117248,1546.886,eval/walltime,458.53460812568665
24117248,1546.886,training/sps,23464.71137389223
24117248,1546.886,training/walltime,1067.9562227725983
24117248,1546.886,training/entropy_loss,-0.11599120497703552
24117248,1546.886,training/kl_mean,0.0010756243718788028
24117248,1546.886,training/learning_rate,0.0003000000142492354
24117248,1546.886,training/policy_dist_max_loc,1.6341720819473267
24117248,1546.886,training/policy_dist_max_std,1.416947603225708
24117248,1546.886,training/policy_dist_mean_loc,-0.08166933804750443
24117248,1546.886,training/policy_dist_mean_std,0.7730605602264404
24117248,1546.886,training/policy_dist_min_loc,-1.2366589307785034
24117248,1546.886,training/policy_dist_min_std,0.24500751495361328
24117248,1546.886,training/policy_loss,-0.0008157549891620874
24117248,1546.886,training/total_loss,20.40471649169922
24117248,1546.886,training/v_loss,20.521526336669922
24117248,1546.886,eval/episode_reward,320.6858825683594
24117248,1546.886,eval/episode_reward/ctrl,-0.24984876811504364
24117248,1546.886,eval/episode_reward/forward,381.8515625
24117248,1546.886,eval/episode_reward/joint,-0.08082274347543716
24117248,1546.886,eval/episode_reward/orient,-60.83498764038086
24117248,1546.886,eval/episode_reward/total,320.6858825683594
24117248,1546.886,eval/episode_state/forward_vel,24.1919002532959
24117248,1546.886,eval/episode_state/up_z,911.8179931640625
24117248,1546.886,eval/episode_reward_std,291.210205078125
24117248,1546.886,eval/episode_reward/ctrl_std,0.0038070566952228546
24117248,1546.886,eval/episode_reward/forward_std,25.27212905883789
24117248,1546.886,eval/episode_reward/joint_std,0.003965664189308882
24117248,1546.886,eval/episode_reward/orient_std,280.15936279296875
24117248,1546.886,eval/episode_reward/total_std,291.210205078125
24117248,1546.886,eval/episode_state/forward_vel_std,15.249798774719238
24117248,1546.886,eval/episode_state/up_z_std,157.52142333984375
24117248,1546.886,eval/avg_episode_length,1000.0
24117248,1546.886,eval/std_episode_length,0.0
24117248,1546.886,eval/epoch_eval_time,7.859930753707886
24117248,1546.886,eval/sps,4071.2826871794196
24641536,1570.885,episode/sps,16449.55543853771
24641536,1570.885,episode/length,1000.0
24641536,1570.885,episode/reward/ctrl,-0.2509734135866165
24641536,1570.885,episode/reward/forward,382.4667742919922
24641536,1570.885,episode/reward/joint,-0.08029576897621155
24641536,1570.885,episode/reward/orient,-74.75445720255375
24641536,1570.885,episode/reward/total,307.3809651184082
24641536,1570.885,episode/state/forward_vel,24.03516608119011
24641536,1570.885,episode/state/up_z,911.7733993530273
24641536,1570.885,episode/sum_reward,307.3809651184082
24641536,1570.885,episode/entropy_loss,-0.11600138224661351
24641536,1570.885,episode/kl_mean,0.0010854711053252687
24641536,1570.885,episode/learning_rate,0.0003000000142492354
24641536,1570.885,episode/policy_dist_max_loc,1.643421207666397
24641536,1570.885,episode/policy_dist_max_std,1.384878830909729
24641536,1570.885,episode/policy_dist_mean_loc,-0.08226716838777065
24641536,1570.885,episode/policy_dist_mean_std,0.7728640866279602
24641536,1570.885,episode/policy_dist_min_loc,-1.2601378679275512
24641536,1570.885,episode/policy_dist_min_std,0.24593922719359398
24641536,1570.885,episode/policy_loss,-0.0008468930610251846
24641536,1570.885,episode/total_loss,16.38506042480469
24641536,1570.885,episode/v_loss,16.501908626556396
24641536,1580.600,eval/walltime,468.2356255054474
24641536,1580.600,training/sps,21841.069842672263
24641536,1580.600,training/walltime,1091.9609076976776
24641536,1580.600,training/entropy_loss,-0.11603514850139618
24641536,1580.600,training/kl_mean,0.0008250107057392597
24641536,1580.600,training/learning_rate,0.0003000000142492354
24641536,1580.600,training/policy_dist_max_loc,1.6273175477981567
24641536,1580.600,training/policy_dist_max_std,1.3373901844024658
24641536,1580.600,training/policy_dist_mean_loc,-0.08553792536258698
24641536,1580.600,training/policy_dist_mean_std,0.7750948071479797
24641536,1580.600,training/policy_dist_min_loc,-1.3376319408416748
24641536,1580.600,training/policy_dist_min_std,0.22927364706993103
24641536,1580.600,training/policy_loss,-0.0007896086317487061
24641536,1580.600,training/total_loss,16.642677307128906
24641536,1580.600,training/v_loss,16.759502410888672
24641536,1580.600,eval/episode_reward,313.2620849609375
24641536,1580.600,eval/episode_reward/ctrl,-0.2517838180065155
24641536,1580.600,eval/episode_reward/forward,383.65924072265625
24641536,1580.600,eval/episode_reward/joint,-0.08188249170780182
24641536,1580.600,eval/episode_reward/orient,-70.06341552734375
24641536,1580.600,eval/episode_reward/total,313.2620849609375
24641536,1580.600,eval/episode_state/forward_vel,25.643733978271484
24641536,1580.600,eval/episode_state/up_z,918.9034423828125
24641536,1580.600,eval/episode_reward_std,269.6266784667969
24641536,1580.600,eval/episode_reward/ctrl_std,0.002280846005305648
24641536,1580.600,eval/episode_reward/forward_std,18.14435386657715
24641536,1580.600,eval/episode_reward/joint_std,0.0046543884091079235
24641536,1580.600,eval/episode_reward/orient_std,259.2733459472656
24641536,1580.600,eval/episode_reward/total_std,269.6266784667969
24641536,1580.600,eval/episode_state/forward_vel_std,11.05618953704834
24641536,1580.600,eval/episode_state/up_z_std,141.80271911621094
24641536,1580.600,eval/avg_episode_length,1000.0
24641536,1580.600,eval/std_episode_length,0.0
24641536,1580.600,eval/epoch_eval_time,9.701017379760742
24641536,1580.600,eval/sps,3298.623097692999
25165824,1604.532,episode/sps,15581.811164365497
25165824,1604.532,episode/length,1000.0
25165824,1604.532,episode/reward/ctrl,-0.25084609165787697
25165824,1604.532,episode/reward/forward,379.7414340209961
25165824,1604.532,episode/reward/joint,-0.07947563663125039
25165824,1604.532,episode/reward/orient,-109.61050726771354
25165824,1604.532,episode/reward/total,269.80060546875
25165824,1604.532,episode/state/forward_vel,23.019393217265606
25165824,1604.532,episode/state/up_z,896.8189304351806
25165824,1604.532,episode/sum_reward,269.80060546875
25165824,1604.532,episode/entropy_loss,-0.11606402717530727
25165824,1604.532,episode/kl_mean,0.0008550312758598011
25165824,1604.532,episode/learning_rate,0.0003000000142492354
25165824,1604.532,episode/policy_dist_max_loc,1.6221042561531067
25165824,1604.532,episode/policy_dist_max_std,1.3785806345939635
25165824,1604.532,episode/policy_dist_mean_loc,-0.08560231812298298
25165824,1604.532,episode/policy_dist_mean_std,0.7749340271949768
25165824,1604.532,episode/policy_dist_min_loc,-1.3014348030090332
25165824,1604.532,episode/policy_dist_min_std,0.24146947309374808
25165824,1604.532,episode/policy_loss,-0.0007597898578387685
25165824,1604.532,episode/total_loss,17.286575274467467
25165824,1604.532,episode/v_loss,17.40339903354645
25165824,1614.361,eval/walltime,478.0494911670685
25165824,1614.361,training/sps,21902.7315809089
25165824,1614.361,training/walltime,1115.8980133533478
25165824,1614.361,training/entropy_loss,-0.11617222428321838
25165824,1614.361,training/kl_mean,0.000509998993948102
25165824,1614.361,training/learning_rate,0.0003000000142492354
25165824,1614.361,training/policy_dist_max_loc,1.602009654045105
25165824,1614.361,training/policy_dist_max_std,1.3706562519073486
25165824,1614.361,training/policy_dist_mean_loc,-0.09026418626308441
25165824,1614.361,training/policy_dist_mean_std,0.7770421504974365
25165824,1614.361,training/policy_dist_min_loc,-1.3462728261947632
25165824,1614.361,training/policy_dist_min_std,0.2477704882621765
25165824,1614.361,training/policy_loss,-0.0005507536698132753
25165824,1614.361,training/total_loss,15.48853588104248
25165824,1614.361,training/v_loss,15.60525894165039
25165824,1614.361,eval/episode_reward,336.91693115234375
25165824,1614.361,eval/episode_reward/ctrl,-0.25216689705848694
25165824,1614.361,eval/episode_reward/forward,385.1244812011719
25165824,1614.361,eval/episode_reward/joint,-0.08208887279033661
25165824,1614.361,eval/episode_reward/orient,-47.87324905395508
25165824,1614.361,eval/episode_reward/total,336.91693115234375
25165824,1614.361,eval/episode_state/forward_vel,26.244476318359375
25165824,1614.361,eval/episode_state/up_z,932.342529296875
25165824,1614.361,eval/episode_reward_std,244.43572998046875
25165824,1614.361,eval/episode_reward/ctrl_std,0.0025856629945337772
25165824,1614.361,eval/episode_reward/forward_std,21.914119720458984
25165824,1614.361,eval/episode_reward/joint_std,0.005864853970706463
25165824,1614.361,eval/episode_reward/orient_std,236.5111846923828
25165824,1614.361,eval/episode_reward/total_std,244.43572998046875
25165824,1614.361,eval/episode_state/forward_vel_std,13.446332931518555
25165824,1614.361,eval/episode_state/up_z_std,132.86192321777344
25165824,1614.361,eval/avg_episode_length,1000.0
25165824,1614.361,eval/std_episode_length,0.0
25165824,1614.361,eval/epoch_eval_time,9.813865661621094
25165824,1614.361,eval/sps,3260.6926876064567
25690112,1634.591,episode/sps,17442.52969196713
25690112,1634.591,episode/length,1000.0
25690112,1634.591,episode/reward/ctrl,-0.25234525218605997
25690112,1634.591,episode/reward/forward,380.6322607421875
25690112,1634.591,episode/reward/joint,-0.08250108845531941
25690112,1634.591,episode/reward/orient,-47.74375497937203
25690112,1634.591,episode/reward/total,332.5536483764648
25690112,1634.591,episode/state/forward_vel,23.46775530576706
25690112,1634.591,episode/state/up_z,926.9208901846409
25690112,1634.591,episode/sum_reward,332.5536483764648
25690112,1634.591,episode/entropy_loss,-0.11612989485263825
25690112,1634.591,episode/kl_mean,0.001131236507644644
25690112,1634.591,episode/learning_rate,0.0003000000142492354
25690112,1634.591,episode/policy_dist_max_loc,1.583151022195816
25690112,1634.591,episode/policy_dist_max_std,1.3619599425792694
25690112,1634.591,episode/policy_dist_mean_loc,-0.09201167978346347
25690112,1634.591,episode/policy_dist_mean_std,0.7776476663351058
25690112,1634.591,episode/policy_dist_min_loc,-1.3332000720500945
25690112,1634.591,episode/policy_dist_min_std,0.24966163516044618
25690112,1634.591,episode/policy_loss,-0.0008274277072632685
25690112,1634.591,episode/total_loss,13.445541779994965
25690112,1634.591,episode/v_loss,13.562499086856842
25690112,1644.341,eval/walltime,487.78533124923706
25690112,1644.341,training/sps,25910.511313754014
25690112,1644.341,training/walltime,1136.1325812339783
25690112,1644.341,training/entropy_loss,-0.11619719117879868
25690112,1644.341,training/kl_mean,0.001912408391945064
25690112,1644.341,training/learning_rate,0.0003000000142492354
25690112,1644.341,training/policy_dist_max_loc,1.513401746749878
25690112,1644.341,training/policy_dist_max_std,1.3672280311584473
25690112,1644.341,training/policy_dist_mean_loc,-0.10117994248867035
25690112,1644.341,training/policy_dist_mean_std,0.7811925411224365
25690112,1644.341,training/policy_dist_min_loc,-1.3328872919082642
25690112,1644.341,training/policy_dist_min_std,0.2746438980102539
25690112,1644.341,training/policy_loss,-0.0010412870906293392
25690112,1644.341,training/total_loss,7.5165019035339355
25690112,1644.341,training/v_loss,7.633739948272705
25690112,1644.341,eval/episode_reward,378.60748291015625
25690112,1644.341,eval/episode_reward/ctrl,-0.25254732370376587
25690112,1644.341,eval/episode_reward/forward,384.4475402832031
25690112,1644.341,eval/episode_reward/joint,-0.08534189313650131
25690112,1644.341,eval/episode_reward/orient,-5.502270221710205
25690112,1644.341,eval/episode_reward/total,378.60748291015625
25690112,1644.341,eval/episode_state/forward_vel,25.909828186035156
25690112,1644.341,eval/episode_state/up_z,951.8489990234375
25690112,1644.341,eval/episode_reward_std,19.10557746887207
25690112,1644.341,eval/episode_reward/ctrl_std,0.0019668261520564556
25690112,1644.341,eval/episode_reward/forward_std,18.30048370361328
25690112,1644.341,eval/episode_reward/joint_std,0.004383578896522522
25690112,1644.341,eval/episode_reward/orient_std,7.234554767608643
25690112,1644.341,eval/episode_reward/total_std,19.10557746887207
25690112,1644.341,eval/episode_state/forward_vel_std,11.776679039001465
25690112,1644.341,eval/episode_state/up_z_std,14.721053123474121
25690112,1644.341,eval/avg_episode_length,1000.0
25690112,1644.341,eval/std_episode_length,0.0
25690112,1644.341,eval/epoch_eval_time,9.735840082168579
25690112,1644.341,eval/sps,3286.8247351976083
26214400,1668.438,episode/sps,15489.673736840086
26214400,1668.438,episode/length,1000.0
26214400,1668.438,episode/reward/ctrl,-0.25307706609368325
26214400,1668.438,episode/reward/forward,384.03801666259767
26214400,1668.438,episode/reward/joint,-0.08452477246522903
26214400,1668.438,episode/reward/orient,-22.079364461898805
26214400,1668.438,episode/reward/total,361.62105346679687
26214400,1668.438,episode/state/forward_vel,25.35959122300148
26214400,1668.438,episode/state/up_z,946.3404119873047
26214400,1668.438,episode/sum_reward,361.62105346679687
26214400,1668.438,episode/entropy_loss,-0.11623794242739677
26214400,1668.438,episode/kl_mean,0.0017757720783993136
26214400,1668.438,episode/learning_rate,0.0003000000142492354
26214400,1668.438,episode/policy_dist_max_loc,1.561644207239151
26214400,1668.438,episode/policy_dist_max_std,1.3743245148658751
26214400,1668.438,episode/policy_dist_mean_loc,-0.09699714034795762
26214400,1668.438,episode/policy_dist_mean_std,0.7794791841506958
26214400,1668.438,episode/policy_dist_min_loc,-1.334655193090439
26214400,1668.438,episode/policy_dist_min_std,0.26055410131812096
26214400,1668.438,episode/policy_loss,-0.0009598523374006617
26214400,1668.438,episode/total_loss,10.094148256778716
26214400,1668.438,episode/v_loss,10.211346054077149
26214400,1678.193,eval/walltime,497.5268864631653
26214400,1678.193,training/sps,21752.51799353414
26214400,1678.193,training/walltime,1160.2349863052368
26214400,1678.193,training/entropy_loss,-0.11636662483215332
26214400,1678.193,training/kl_mean,0.002968725748360157
26214400,1678.193,training/learning_rate,0.0003000000142492354
26214400,1678.193,training/policy_dist_max_loc,1.5614796876907349
26214400,1678.193,training/policy_dist_max_std,1.390998125076294
26214400,1678.193,training/policy_dist_mean_loc,-0.10084960609674454
26214400,1678.193,training/policy_dist_mean_std,0.7806980013847351
26214400,1678.193,training/policy_dist_min_loc,-1.329086184501648
26214400,1678.193,training/policy_dist_min_std,0.2627733051776886
26214400,1678.193,training/policy_loss,-0.0012098101433366537
26214400,1678.193,training/total_loss,6.5072431564331055
26214400,1678.193,training/v_loss,6.624819278717041
26214400,1678.193,eval/episode_reward,292.4998474121094
26214400,1678.193,eval/episode_reward/ctrl,-0.2524643540382385
26214400,1678.193,eval/episode_reward/forward,382.97003173828125
26214400,1678.193,eval/episode_reward/joint,-0.08308345079421997
26214400,1678.193,eval/episode_reward/orient,-90.13459014892578
26214400,1678.193,eval/episode_reward/total,292.4998474121094
26214400,1678.193,eval/episode_state/forward_vel,25.115333557128906
26214400,1678.193,eval/episode_state/up_z,909.6788330078125
26214400,1678.193,eval/episode_reward_std,353.79339599609375
26214400,1678.193,eval/episode_reward/ctrl_std,0.002324633998796344
26214400,1678.193,eval/episode_reward/forward_std,20.751955032348633
26214400,1678.193,eval/episode_reward/joint_std,0.004927387926727533
26214400,1678.193,eval/episode_reward/orient_std,350.7566223144531
26214400,1678.193,eval/episode_reward/total_std,353.79339599609375
26214400,1678.193,eval/episode_state/forward_vel_std,13.688006401062012
26214400,1678.193,eval/episode_state/up_z_std,185.7166290283203
26214400,1678.193,eval/avg_episode_length,1000.0
26214400,1678.193,eval/std_episode_length,0.0
26214400,1678.193,eval/epoch_eval_time,9.741555213928223
26214400,1678.193,eval/sps,3284.896435658162
26738688,1702.123,episode/sps,15564.286291021008
26738688,1702.123,episode/length,1000.0
26738688,1702.123,episode/reward/ctrl,-0.252215743213892
26738688,1702.123,episode/reward/forward,383.94890625
26738688,1702.123,episode/reward/joint,-0.08235155776143074
26738688,1702.123,episode/reward/orient,-34.92858429312706
26738688,1702.123,episode/reward/total,348.685771484375
26738688,1702.123,episode/state/forward_vel,25.42547074198723
26738688,1702.123,episode/state/up_z,937.7468098449707
26738688,1702.123,episode/sum_reward,348.685771484375
26738688,1702.123,episode/entropy_loss,-0.11633471250534058
26738688,1702.123,episode/kl_mean,0.0022889130425755868
26738688,1702.123,episode/learning_rate,0.0003000000142492354
26738688,1702.123,episode/policy_dist_max_loc,1.5098098933696746
26738688,1702.123,episode/policy_dist_max_std,1.3816341292858123
26738688,1702.123,episode/policy_dist_mean_loc,-0.09978285819292068
26738688,1702.123,episode/policy_dist_mean_std,0.7807523381710052
26738688,1702.123,episode/policy_dist_min_loc,-1.3666399919986725
26738688,1702.123,episode/policy_dist_min_std,0.2737739773094654
26738688,1702.123,episode/policy_loss,-0.0010222132100898306
26738688,1702.123,episode/total_loss,7.353015205860138
26738688,1702.123,episode/v_loss,7.470372142791748
26738688,1708.773,eval/walltime,504.162584066391
26738688,1708.773,training/sps,21903.81608702634
26738688,1708.773,training/walltime,1184.1709067821503
26738688,1708.773,training/entropy_loss,-0.11646459251642227
26738688,1708.773,training/kl_mean,0.0021585738286376
26738688,1708.773,training/learning_rate,0.0003000000142492354
26738688,1708.773,training/policy_dist_max_loc,1.447988748550415
26738688,1708.773,training/policy_dist_max_std,1.3842246532440186
26738688,1708.773,training/policy_dist_mean_loc,-0.09832316637039185
26738688,1708.773,training/policy_dist_mean_std,0.7807143926620483
26738688,1708.773,training/policy_dist_min_loc,-1.4435157775878906
26738688,1708.773,training/policy_dist_min_std,0.2873932123184204
26738688,1708.773,training/policy_loss,-0.0008238726295530796
26738688,1708.773,training/total_loss,6.92372989654541
26738688,1708.773,training/v_loss,7.041018486022949
26738688,1708.773,eval/episode_reward,353.2431945800781
26738688,1708.773,eval/episode_reward/ctrl,-0.25167733430862427
26738688,1708.773,eval/episode_reward/forward,386.65008544921875
26738688,1708.773,eval/episode_reward/joint,-0.08081040531396866
26738688,1708.773,eval/episode_reward/orient,-33.07434844970703
26738688,1708.773,eval/episode_reward/total,353.2431945800781
26738688,1708.773,eval/episode_state/forward_vel,27.82333755493164
26738688,1708.773,eval/episode_state/up_z,938.3751831054688
26738688,1708.773,eval/episode_reward_std,172.30487060546875
26738688,1708.773,eval/episode_reward/ctrl_std,0.0023882368113845587
26738688,1708.773,eval/episode_reward/forward_std,24.664642333984375
26738688,1708.773,eval/episode_reward/joint_std,0.005580776836723089
26738688,1708.773,eval/episode_reward/orient_std,163.78086853027344
26738688,1708.773,eval/episode_reward/total_std,172.30487060546875
26738688,1708.773,eval/episode_state/forward_vel_std,16.05978775024414
26738688,1708.773,eval/episode_state/up_z_std,91.26425170898438
26738688,1708.773,eval/avg_episode_length,1000.0
26738688,1708.773,eval/std_episode_length,0.0
26738688,1708.773,eval/epoch_eval_time,6.635697603225708
26738688,1708.773,eval/sps,4822.401790046059
27262976,1732.003,episode/sps,17546.93123948255
27262976,1732.003,episode/length,1000.0
27262976,1732.003,episode/reward/ctrl,-0.2513235558569431
27262976,1732.003,episode/reward/forward,383.3756628417969
27262976,1732.003,episode/reward/joint,-0.08233941860496997
27262976,1732.003,episode/reward/orient,-3.3359875643253325
27262976,1732.003,episode/reward/total,379.70604583740237
27262976,1732.003,episode/state/forward_vel,24.53656689502299
27262976,1732.003,episode/state/up_z,953.8328228759766
27262976,1732.003,episode/sum_reward,379.70604583740237
27262976,1732.003,episode/entropy_loss,-0.11642677500844002
27262976,1732.003,episode/kl_mean,0.0024808422394562513
27262976,1732.003,episode/learning_rate,0.0003000000142492354
27262976,1732.003,episode/policy_dist_max_loc,1.4929665458202361
27262976,1732.003,episode/policy_dist_max_std,1.3849142134189605
27262976,1732.003,episode/policy_dist_mean_loc,-0.09923589922487736
27262976,1732.003,episode/policy_dist_mean_std,0.7802112144231796
27262976,1732.003,episode/policy_dist_min_loc,-1.3621362435817719
27262976,1732.003,episode/policy_dist_min_std,0.2783524361252785
27262976,1732.003,episode/policy_loss,-0.001021063293737825
27262976,1732.003,episode/total_loss,6.7085493266582485
27262976,1732.003,episode/v_loss,6.825997172594071
27262976,1741.650,eval/walltime,513.7963287830353
27262976,1741.650,training/sps,22564.79149231599
27262976,1741.650,training/walltime,1207.4056882858276
27262976,1741.650,training/entropy_loss,-0.11647912114858627
27262976,1741.650,training/kl_mean,0.0021459569688886404
27262976,1741.650,training/learning_rate,0.0003000000142492354
27262976,1741.650,training/policy_dist_max_loc,1.47004234790802
27262976,1741.650,training/policy_dist_max_std,1.3848519325256348
27262976,1741.650,training/policy_dist_mean_loc,-0.09786441922187805
27262976,1741.650,training/policy_dist_mean_std,0.7790355682373047
27262976,1741.650,training/policy_dist_min_loc,-1.3127026557922363
27262976,1741.650,training/policy_dist_min_std,0.28383034467697144
27262976,1741.650,training/policy_loss,-0.0009003477753140032
27262976,1741.650,training/total_loss,6.485220909118652
27262976,1741.650,training/v_loss,6.602601051330566
27262976,1741.650,eval/episode_reward,337.14971923828125
27262976,1741.650,eval/episode_reward/ctrl,-0.2519276738166809
27262976,1741.650,eval/episode_reward/forward,387.32867431640625
27262976,1741.650,eval/episode_reward/joint,-0.08285726606845856
27262976,1741.650,eval/episode_reward/orient,-49.84423065185547
27262976,1741.650,eval/episode_reward/total,337.14971923828125
27262976,1741.650,eval/episode_state/forward_vel,27.87118911743164
27262976,1741.650,eval/episode_state/up_z,931.5029296875
27262976,1741.650,eval/episode_reward_std,271.07965087890625
27262976,1741.650,eval/episode_reward/ctrl_std,0.0023938710801303387
27262976,1741.650,eval/episode_reward/forward_std,18.78122329711914
27262976,1741.650,eval/episode_reward/joint_std,0.0063388957642018795
27262976,1741.650,eval/episode_reward/orient_std,260.7558898925781
27262976,1741.650,eval/episode_reward/total_std,271.07965087890625
27262976,1741.650,eval/episode_state/forward_vel_std,11.039506912231445
27262976,1741.650,eval/episode_state/up_z_std,136.7598876953125
27262976,1741.650,eval/avg_episode_length,1000.0
27262976,1741.650,eval/std_episode_length,0.0
27262976,1741.650,eval/epoch_eval_time,9.633744716644287
27262976,1741.650,eval/sps,3321.6574594003287
27787264,1765.429,episode/sps,15684.650245585488
27787264,1765.429,episode/length,1000.0
27787264,1765.429,episode/reward/ctrl,-0.2519890144467354
27787264,1765.429,episode/reward/forward,388.46245330810547
27787264,1765.429,episode/reward/joint,-0.08193412266671657
27787264,1765.429,episode/reward/orient,-49.78460546135902
27787264,1765.429,episode/reward/total,338.34398468017577
27787264,1765.429,episode/state/forward_vel,28.266290419101715
27787264,1765.429,episode/state/up_z,929.6602154541016
27787264,1765.429,episode/sum_reward,338.34398468017577
27787264,1765.429,episode/entropy_loss,-0.1164738142490387
27787264,1765.429,episode/kl_mean,0.0023812869816902094
27787264,1765.429,episode/learning_rate,0.0003000000142492354
27787264,1765.429,episode/policy_dist_max_loc,1.4519481086730956
27787264,1765.429,episode/policy_dist_max_std,1.407224508523941
27787264,1765.429,episode/policy_dist_mean_loc,-0.09875711090862752
27787264,1765.429,episode/policy_dist_mean_std,0.7801513111591339
27787264,1765.429,episode/policy_dist_min_loc,-1.379141560792923
27787264,1765.429,episode/policy_dist_min_std,0.2823238332569599
27787264,1765.429,episode/policy_loss,-0.0010235371620365185
27787264,1765.429,episode/total_loss,6.807751837968826
27787264,1765.429,episode/v_loss,6.925249201059342
27787264,1775.016,eval/walltime,523.3689606189728
27787264,1775.016,training/sps,22043.047255884154
27787264,1775.016,training/walltime,1231.1904215812683
27787264,1775.016,training/entropy_loss,-0.11647829413414001
27787264,1775.016,training/kl_mean,0.0025335056707262993
27787264,1775.016,training/learning_rate,0.0003000000142492354
27787264,1775.016,training/policy_dist_max_loc,1.4303884506225586
27787264,1775.016,training/policy_dist_max_std,1.4613761901855469
27787264,1775.016,training/policy_dist_mean_loc,-0.09984932839870453
27787264,1775.016,training/policy_dist_mean_std,0.7804696559906006
27787264,1775.016,training/policy_dist_min_loc,-1.3959928750991821
27787264,1775.016,training/policy_dist_min_std,0.27830082178115845
27787264,1775.016,training/policy_loss,-0.001200420898385346
27787264,1775.016,training/total_loss,6.832443714141846
27787264,1775.016,training/v_loss,6.950122833251953
27787264,1775.016,eval/episode_reward,330.13836669921875
27787264,1775.016,eval/episode_reward/ctrl,-0.25171399116516113
27787264,1775.016,eval/episode_reward/forward,383.37158203125
27787264,1775.016,eval/episode_reward/joint,-0.07949940860271454
27787264,1775.016,eval/episode_reward/orient,-52.90193176269531
27787264,1775.016,eval/episode_reward/total,330.13836669921875
27787264,1775.016,eval/episode_state/forward_vel,25.606189727783203
27787264,1775.016,eval/episode_state/up_z,927.46044921875
27787264,1775.016,eval/episode_reward_std,237.61090087890625
27787264,1775.016,eval/episode_reward/ctrl_std,0.0019822355825453997
27787264,1775.016,eval/episode_reward/forward_std,20.799720764160156
27787264,1775.016,eval/episode_reward/joint_std,0.004253020044416189
27787264,1775.016,eval/episode_reward/orient_std,226.5137481689453
27787264,1775.016,eval/episode_reward/total_std,237.61090087890625
27787264,1775.016,eval/episode_state/forward_vel_std,13.078965187072754
27787264,1775.016,eval/episode_state/up_z_std,127.4660415649414
27787264,1775.016,eval/avg_episode_length,1000.0
27787264,1775.016,eval/std_episode_length,0.0
27787264,1775.016,eval/epoch_eval_time,9.5726318359375
27787264,1775.016,eval/sps,3342.863336691363
28311552,1795.808,episode/sps,17258.6056339037
28311552,1795.808,episode/length,1000.0
28311552,1795.808,episode/reward/ctrl,-0.2520597279071808
28311552,1795.808,episode/reward/forward,390.1321624755859
28311552,1795.808,episode/reward/joint,-0.08108543805778026
28311552,1795.808,episode/reward/orient,-54.4720086658001
28311552,1795.808,episode/reward/total,335.3269911193848
28311552,1795.808,episode/state/forward_vel,30.095710562467573
28311552,1795.808,episode/state/up_z,927.6411603355408
28311552,1795.808,episode/sum_reward,335.3269911193848
28311552,1795.808,episode/entropy_loss,-0.11647519804537296
28311552,1795.808,episode/kl_mean,0.002469687796838116
28311552,1795.808,episode/learning_rate,0.0003000000142492354
28311552,1795.808,episode/policy_dist_max_loc,1.437873250246048
28311552,1795.808,episode/policy_dist_max_std,1.4099678719043731
28311552,1795.808,episode/policy_dist_mean_loc,-0.09767476409673691
28311552,1795.808,episode/policy_dist_mean_std,0.7798554915189743
28311552,1795.808,episode/policy_dist_min_loc,-1.3870003771781922
28311552,1795.808,episode/policy_dist_min_std,0.2860797022283077
28311552,1795.808,episode/policy_loss,-0.0011668412181461462
28311552,1795.808,episode/total_loss,6.343997128009796
28311552,1795.808,episode/v_loss,6.461639156341553
28311552,1804.666,eval/walltime,532.2126181125641
28311552,1804.666,training/sps,25209.4974849006
28311552,1804.666,training/walltime,1251.9876627922058
28311552,1804.666,training/entropy_loss,-0.11646237224340439
28311552,1804.666,training/kl_mean,0.0025381706655025482
28311552,1804.666,training/learning_rate,0.0003000000142492354
28311552,1804.666,training/policy_dist_max_loc,1.4063639640808105
28311552,1804.666,training/policy_dist_max_std,1.383270025253296
28311552,1804.666,training/policy_dist_mean_loc,-0.09538544714450836
28311552,1804.666,training/policy_dist_mean_std,0.7799807786941528
28311552,1804.666,training/policy_dist_min_loc,-1.4509966373443604
28311552,1804.666,training/policy_dist_min_std,0.29546117782592773
28311552,1804.666,training/policy_loss,-0.0013666745508089662
28311552,1804.666,training/total_loss,5.7199554443359375
28311552,1804.666,training/v_loss,5.837784290313721
28311552,1804.666,eval/episode_reward,318.8772888183594
28311552,1804.666,eval/episode_reward/ctrl,-0.2517736554145813
28311552,1804.666,eval/episode_reward/forward,386.79022216796875
28311552,1804.666,eval/episode_reward/joint,-0.08101171255111694
28311552,1804.666,eval/episode_reward/orient,-67.58012390136719
28311552,1804.666,eval/episode_reward/total,318.8772888183594
28311552,1804.666,eval/episode_state/forward_vel,27.79358673095703
28311552,1804.666,eval/episode_state/up_z,918.353515625
28311552,1804.666,eval/episode_reward_std,249.6779022216797
28311552,1804.666,eval/episode_reward/ctrl_std,0.002680503996089101
28311552,1804.666,eval/episode_reward/forward_std,30.53091812133789
28311552,1804.666,eval/episode_reward/joint_std,0.006814645603299141
28311552,1804.666,eval/episode_reward/orient_std,233.47813415527344
28311552,1804.666,eval/episode_reward/total_std,249.6779022216797
28311552,1804.666,eval/episode_state/forward_vel_std,18.72380828857422
28311552,1804.666,eval/episode_state/up_z_std,131.00308227539062
28311552,1804.666,eval/avg_episode_length,1000.0
28311552,1804.666,eval/std_episode_length,0.0
28311552,1804.666,eval/epoch_eval_time,8.843657493591309
28311552,1804.666,eval/sps,3618.412407218313
28835840,1828.393,episode/sps,16089.94733387262
28835840,1828.393,episode/length,1000.0
28835840,1828.393,episode/reward/ctrl,-0.25237161681056025
28835840,1828.393,episode/reward/forward,391.7905541992188
28835840,1828.393,episode/reward/joint,-0.08132765047252179
28835840,1828.393,episode/reward/orient,-29.704937353134156
28835840,1828.393,episode/reward/total,361.751884765625
28835840,1828.393,episode/state/forward_vel,30.628515045642853
28835840,1828.393,episode/state/up_z,941.1722967529297
28835840,1828.393,episode/sum_reward,361.751884765625
28835840,1828.393,episode/entropy_loss,-0.11640107534825801
28835840,1828.393,episode/kl_mean,0.0027036116646195294
28835840,1828.393,episode/learning_rate,0.0003000000142492354
28835840,1828.393,episode/policy_dist_max_loc,1.457375010251999
28835840,1828.393,episode/policy_dist_max_std,1.4140388643741608
28835840,1828.393,episode/policy_dist_mean_loc,-0.09695531353354454
28835840,1828.393,episode/policy_dist_mean_std,0.7800554895401001
28835840,1828.393,episode/policy_dist_min_loc,-1.4309513664245606
28835840,1828.393,episode/policy_dist_min_std,0.2867193016409874
28835840,1828.393,episode/policy_loss,-0.0012811005177354672
28835840,1828.393,episode/total_loss,6.205176213979721
28835840,1828.393,episode/v_loss,6.322858390808105
28835840,1838.128,eval/walltime,541.9331414699554
28835840,1838.128,training/sps,22091.719040870285
28835840,1838.128,training/walltime,1275.7199943065643
28835840,1838.128,training/entropy_loss,-0.11626209318637848
28835840,1838.128,training/kl_mean,0.0028095499146729708
28835840,1838.128,training/learning_rate,0.0003000000142492354
28835840,1838.128,training/policy_dist_max_loc,1.531825065612793
28835840,1838.128,training/policy_dist_max_std,1.3956236839294434
28835840,1838.128,training/policy_dist_mean_loc,-0.09572633355855942
28835840,1838.128,training/policy_dist_mean_std,0.7797583341598511
28835840,1838.128,training/policy_dist_min_loc,-1.4611713886260986
28835840,1838.128,training/policy_dist_min_std,0.28645721077919006
28835840,1838.128,training/policy_loss,-0.001213948940858245
28835840,1838.128,training/total_loss,5.909354209899902
28835840,1838.128,training/v_loss,6.026829719543457
28835840,1838.128,eval/episode_reward,293.9976501464844
28835840,1838.128,eval/episode_reward/ctrl,-0.25421327352523804
28835840,1838.128,eval/episode_reward/forward,385.2387390136719
28835840,1838.128,eval/episode_reward/joint,-0.08399869501590729
28835840,1838.128,eval/episode_reward/orient,-90.90296936035156
28835840,1838.128,eval/episode_reward/total,293.9976501464844
28835840,1838.128,eval/episode_state/forward_vel,26.827163696289062
28835840,1838.128,eval/episode_state/up_z,907.1132202148438
28835840,1838.128,eval/episode_reward_std,286.8849792480469
28835840,1838.128,eval/episode_reward/ctrl_std,0.0028483099304139614
28835840,1838.128,eval/episode_reward/forward_std,24.687803268432617
28835840,1838.128,eval/episode_reward/joint_std,0.0063517456874251366
28835840,1838.128,eval/episode_reward/orient_std,274.7183532714844
28835840,1838.128,eval/episode_reward/total_std,286.8849792480469
28835840,1838.128,eval/episode_state/forward_vel_std,15.332071304321289
28835840,1838.128,eval/episode_state/up_z_std,147.02798461914062
28835840,1838.128,eval/avg_episode_length,1000.0
28835840,1838.128,eval/std_episode_length,0.0
28835840,1838.128,eval/epoch_eval_time,9.720523357391357
28835840,1838.128,eval/sps,3292.003817435161
29360128,1862.066,episode/sps,15569.85880609017
29360128,1862.066,episode/length,1000.0
29360128,1862.066,episode/reward/ctrl,-0.25312026470899585
29360128,1862.066,episode/reward/forward,386.13118072509764
29360128,1862.066,episode/reward/joint,-0.08278463572263718
29360128,1862.066,episode/reward/orient,-28.92727404356003
29360128,1862.066,episode/reward/total,356.8680661010742
29360128,1862.066,episode/state/forward_vel,27.101562201976776
29360128,1862.066,episode/state/up_z,941.2785385131835
29360128,1862.066,episode/sum_reward,356.8680661010742
29360128,1862.066,episode/entropy_loss,-0.11625570766627788
29360128,1862.066,episode/kl_mean,0.002499804984399816
29360128,1862.066,episode/learning_rate,0.0003000000142492354
29360128,1862.066,episode/policy_dist_max_loc,1.4689512288570403
29360128,1862.066,episode/policy_dist_max_std,1.4014603555202485
29360128,1862.066,episode/policy_dist_mean_loc,-0.09750938802957534
29360128,1862.066,episode/policy_dist_mean_std,0.7807958674430847
29360128,1862.066,episode/policy_dist_min_loc,-1.4592414212226867
29360128,1862.066,episode/policy_dist_min_std,0.28703435182571413
29360128,1862.066,episode/policy_loss,-0.001227408751292387
29360128,1862.066,episode/total_loss,6.143304039239883
29360128,1862.066,episode/v_loss,6.260787175893784
29360128,1871.171,eval/walltime,551.0242273807526
29360128,1871.171,training/sps,21897.039848775603
29360128,1871.171,training/walltime,1299.6633219718933
29360128,1871.171,training/entropy_loss,-0.11601067334413528
29360128,1871.171,training/kl_mean,0.0019571271259337664
29360128,1871.171,training/learning_rate,0.0003000000142492354
29360128,1871.171,training/policy_dist_max_loc,1.4816687107086182
29360128,1871.171,training/policy_dist_max_std,1.414961576461792
29360128,1871.171,training/policy_dist_mean_loc,-0.10122492164373398
29360128,1871.171,training/policy_dist_mean_std,0.7827069759368896
29360128,1871.171,training/policy_dist_min_loc,-1.468597173690796
29360128,1871.171,training/policy_dist_min_std,0.2780930995941162
29360128,1871.171,training/policy_loss,-0.0010090807918459177
29360128,1871.171,training/total_loss,6.807420253753662
29360128,1871.171,training/v_loss,6.924439907073975
29360128,1871.171,eval/episode_reward,358.42620849609375
29360128,1871.171,eval/episode_reward/ctrl,-0.25523388385772705
29360128,1871.171,eval/episode_reward/forward,389.30938720703125
29360128,1871.171,eval/episode_reward/joint,-0.08740976452827454
29360128,1871.171,eval/episode_reward/orient,-30.54044532775879
29360128,1871.171,eval/episode_reward/total,358.42620849609375
29360128,1871.171,eval/episode_state/forward_vel,29.798635482788086
29360128,1871.171,eval/episode_state/up_z,934.7814331054688
29360128,1871.171,eval/episode_reward_std,157.8269805908203
29360128,1871.171,eval/episode_reward/ctrl_std,0.002601905958727002
29360128,1871.171,eval/episode_reward/forward_std,25.887197494506836
29360128,1871.171,eval/episode_reward/joint_std,0.005029655527323484
29360128,1871.171,eval/episode_reward/orient_std,145.3922882080078
29360128,1871.171,eval/episode_reward/total_std,157.8269805908203
29360128,1871.171,eval/episode_state/forward_vel_std,15.239762306213379
29360128,1871.171,eval/episode_state/up_z_std,78.71464538574219
29360128,1871.171,eval/avg_episode_length,1000.0
29360128,1871.171,eval/std_episode_length,0.0
29360128,1871.171,eval/epoch_eval_time,9.09108591079712
29360128,1871.171,eval/sps,3519.93153667098
29884416,1892.131,episode/sps,17438.616282243784
29884416,1892.131,episode/length,1000.0
29884416,1892.131,episode/reward/ctrl,-0.2547106409072876
29884416,1892.131,episode/reward/forward,389.1231716918945
29884416,1892.131,episode/reward/joint,-0.08563241817057132
29884416,1892.131,episode/reward/orient,-21.226328052282334
29884416,1892.131,episode/reward/total,367.55650970458987
29884416,1892.131,episode/state/forward_vel,29.02923470258713
29884416,1892.131,episode/state/up_z,943.3901113891602
29884416,1892.131,episode/sum_reward,367.55650970458987
29884416,1892.131,episode/entropy_loss,-0.1160927101969719
29884416,1892.131,episode/kl_mean,0.002117249134607846
29884416,1892.131,episode/learning_rate,0.0003000000142492354
29884416,1892.131,episode/policy_dist_max_loc,1.5044317626953125
29884416,1892.131,episode/policy_dist_max_std,1.426197375059128
29884416,1892.131,episode/policy_dist_mean_loc,-0.09882233895361424
29884416,1892.131,episode/policy_dist_mean_std,0.7821006590127945
29884416,1892.131,episode/policy_dist_min_loc,-1.493823869228363
29884416,1892.131,episode/policy_dist_min_std,0.27568804427981375
29884416,1892.131,episode/policy_loss,-0.0010385065496666358
29884416,1892.131,episode/total_loss,7.860475122928619
29884416,1892.131,episode/v_loss,7.977606327533722
29884416,1901.928,eval/walltime,560.8081321716309
29884416,1901.928,training/sps,25007.341556450257
29884416,1901.928,training/walltime,1320.6286852359772
29884416,1901.928,training/entropy_loss,-0.1159663051366806
29884416,1901.928,training/kl_mean,0.0014116058591753244
29884416,1901.928,training/learning_rate,0.0003000000142492354
29884416,1901.928,training/policy_dist_max_loc,1.5135440826416016
29884416,1901.928,training/policy_dist_max_std,1.4680743217468262
29884416,1901.928,training/policy_dist_mean_loc,-0.09975367784500122
29884416,1901.928,training/policy_dist_mean_std,0.7839992046356201
29884416,1901.928,training/policy_dist_min_loc,-1.5534288883209229
29884416,1901.928,training/policy_dist_min_std,0.2611367702484131
29884416,1901.928,training/policy_loss,-0.0007173041813075542
29884416,1901.928,training/total_loss,11.097780227661133
29884416,1901.928,training/v_loss,11.21446418762207
29884416,1901.928,eval/episode_reward,382.2027587890625
29884416,1901.928,eval/episode_reward/ctrl,-0.2558821737766266
29884416,1901.928,eval/episode_reward/forward,386.6285705566406
29884416,1901.928,eval/episode_reward/joint,-0.0856834203004837
29884416,1901.928,eval/episode_reward/orient,-4.084196090698242
29884416,1901.928,eval/episode_reward/total,382.2027587890625
29884416,1901.928,eval/episode_state/forward_vel,26.879192352294922
29884416,1901.928,eval/episode_state/up_z,950.5333251953125
29884416,1901.928,eval/episode_reward_std,17.784528732299805
29884416,1901.928,eval/episode_reward/ctrl_std,0.0023116329684853554
29884416,1901.928,eval/episode_reward/forward_std,17.1965389251709
29884416,1901.928,eval/episode_reward/joint_std,0.005829998757690191
29884416,1901.928,eval/episode_reward/orient_std,2.595210313796997
29884416,1901.928,eval/episode_reward/total_std,17.784528732299805
29884416,1901.928,eval/episode_state/forward_vel_std,11.298338890075684
29884416,1901.928,eval/episode_state/up_z_std,7.6938982009887695
29884416,1901.928,eval/avg_episode_length,1000.0
29884416,1901.928,eval/std_episode_length,0.0
29884416,1901.928,eval/epoch_eval_time,9.783904790878296
29884416,1901.928,eval/sps,3270.6777798813164
30408704,1926.055,episode/sps,15454.702296131109
30408704,1926.055,episode/length,1000.0
30408704,1926.055,episode/reward/ctrl,-0.2550504191219807
30408704,1926.055,episode/reward/forward,385.9327508544922
30408704,1926.055,episode/reward/joint,-0.08553209446370602
30408704,1926.055,episode/reward/orient,-90.8148594713211
30408704,1926.055,episode/reward/total,294.7773455810547
30408704,1926.055,episode/state/forward_vel,27.407249512523414
30408704,1926.055,episode/state/up_z,902.2196567249298
30408704,1926.055,episode/sum_reward,294.7773455810547
30408704,1926.055,episode/entropy_loss,-0.11604826174676418
30408704,1926.055,episode/kl_mean,0.0015253173554083332
30408704,1926.055,episode/learning_rate,0.0003000000142492354
30408704,1926.055,episode/policy_dist_max_loc,1.4719424760341644
30408704,1926.055,episode/policy_dist_max_std,1.4424415612220765
30408704,1926.055,episode/policy_dist_mean_loc,-0.10091225862503052
30408704,1926.055,episode/policy_dist_mean_std,0.784440141916275
30408704,1926.055,episode/policy_dist_min_loc,-1.5133243882656098
30408704,1926.055,episode/policy_dist_min_std,0.26792688846588136
30408704,1926.055,episode/policy_loss,-0.000845644962246297
30408704,1926.055,episode/total_loss,9.470020225048065
30408704,1926.055,episode/v_loss,9.586914143562318
30408704,1935.945,eval/walltime,570.6839241981506
30408704,1935.945,training/sps,21726.194333052357
30408704,1935.945,training/walltime,1344.760293006897
30408704,1935.945,training/entropy_loss,-0.11614993959665298
30408704,1935.945,training/kl_mean,0.0009003120358102024
30408704,1935.945,training/learning_rate,0.0003000000142492354
30408704,1935.945,training/policy_dist_max_loc,1.4084789752960205
30408704,1935.945,training/policy_dist_max_std,1.4516067504882812
30408704,1935.945,training/policy_dist_mean_loc,-0.10236240923404694
30408704,1935.945,training/policy_dist_mean_std,0.7872124910354614
30408704,1935.945,training/policy_dist_min_loc,-1.5230774879455566
30408704,1935.945,training/policy_dist_min_std,0.26340949535369873
30408704,1935.945,training/policy_loss,-0.0005926717421971262
30408704,1935.945,training/total_loss,10.856634140014648
30408704,1935.945,training/v_loss,10.973377227783203
30408704,1935.945,eval/episode_reward,381.4639892578125
30408704,1935.945,eval/episode_reward/ctrl,-0.257052481174469
30408704,1935.945,eval/episode_reward/forward,385.4105224609375
30408704,1935.945,eval/episode_reward/joint,-0.08650869131088257
30408704,1935.945,eval/episode_reward/orient,-3.6030235290527344
30408704,1935.945,eval/episode_reward/total,381.4639892578125
30408704,1935.945,eval/episode_state/forward_vel,26.08544158935547
30408704,1935.945,eval/episode_state/up_z,951.0586547851562
30408704,1935.945,eval/episode_reward_std,21.418046951293945
30408704,1935.945,eval/episode_reward/ctrl_std,0.0021668903063982725
30408704,1935.945,eval/episode_reward/forward_std,21.073366165161133
30408704,1935.945,eval/episode_reward/joint_std,0.004052134230732918
30408704,1935.945,eval/episode_reward/orient_std,1.196070909500122
30408704,1935.945,eval/episode_reward/total_std,21.418046951293945
30408704,1935.945,eval/episode_state/forward_vel_std,13.703950881958008
30408704,1935.945,eval/episode_state/up_z_std,7.29621696472168
30408704,1935.945,eval/avg_episode_length,1000.0
30408704,1935.945,eval/std_episode_length,0.0
30408704,1935.945,eval/epoch_eval_time,9.875792026519775
30408704,1935.945,eval/sps,3240.2464444440902
30932992,1959.212,episode/sps,15812.408735907355
30932992,1959.212,episode/length,1000.0
30932992,1959.212,episode/reward/ctrl,-0.25574211835861205
30932992,1959.212,episode/reward/forward,388.5002767944336
30932992,1959.212,episode/reward/joint,-0.08621114328503608
30932992,1959.212,episode/reward/orient,-31.53910485982895
30932992,1959.212,episode/reward/total,356.61924438476564
30932992,1959.212,episode/state/forward_vel,28.90644567012787
30932992,1959.212,episode/state/up_z,933.078857421875
30932992,1959.212,episode/sum_reward,356.61924438476564
30932992,1959.212,episode/entropy_loss,-0.11603643111884594
30932992,1959.212,episode/kl_mean,0.0016597361028834713
30932992,1959.212,episode/learning_rate,0.0003000000142492354
30932992,1959.212,episode/policy_dist_max_loc,1.4591125786304473
30932992,1959.212,episode/policy_dist_max_std,1.437831758260727
30932992,1959.212,episode/policy_dist_mean_loc,-0.1021515616029501
30932992,1959.212,episode/policy_dist_mean_std,0.7870393687486649
30932992,1959.212,episode/policy_dist_min_loc,-1.5346453189849854
30932992,1959.212,episode/policy_dist_min_std,0.26361197501420974
30932992,1959.212,episode/policy_loss,-0.0008356653433293104
30932992,1959.212,episode/total_loss,9.217861580252647
30932992,1959.212,episode/v_loss,9.334733669757844
30932992,1966.488,eval/walltime,577.9463210105896
30932992,1966.488,training/sps,22528.37852160345
30932992,1966.488,training/walltime,1368.03262925148
30932992,1966.488,training/entropy_loss,-0.11599022150039673
30932992,1966.488,training/kl_mean,0.002413184382021427
30932992,1966.488,training/learning_rate,0.0003000000142492354
30932992,1966.488,training/policy_dist_max_loc,1.4553173780441284
30932992,1966.488,training/policy_dist_max_std,1.397428035736084
30932992,1966.488,training/policy_dist_mean_loc,-0.10444757342338562
30932992,1966.488,training/policy_dist_mean_std,0.7903977632522583
30932992,1966.488,training/policy_dist_min_loc,-1.534837007522583
30932992,1966.488,training/policy_dist_min_std,0.26332634687423706
30932992,1966.488,training/policy_loss,-0.0010492426808923483
30932992,1966.488,training/total_loss,6.041990756988525
30932992,1966.488,training/v_loss,6.159029960632324
30932992,1966.488,eval/episode_reward,332.6762390136719
30932992,1966.488,eval/episode_reward/ctrl,-0.2565702795982361
30932992,1966.488,eval/episode_reward/forward,386.8287658691406
30932992,1966.488,eval/episode_reward/joint,-0.08733804523944855
30932992,1966.488,eval/episode_reward/orient,-53.80858612060547
30932992,1966.488,eval/episode_reward/total,332.6762390136719
30932992,1966.488,eval/episode_state/forward_vel,27.54627799987793
30932992,1966.488,eval/episode_state/up_z,918.7335205078125
30932992,1966.488,eval/episode_reward_std,196.48013305664062
30932992,1966.488,eval/episode_reward/ctrl_std,0.0017109374748542905
30932992,1966.488,eval/episode_reward/forward_std,23.359359741210938
30932992,1966.488,eval/episode_reward/joint_std,0.005246091168373823
30932992,1966.488,eval/episode_reward/orient_std,188.5970001220703
30932992,1966.488,eval/episode_reward/total_std,196.48013305664062
30932992,1966.488,eval/episode_state/forward_vel_std,15.763630867004395
30932992,1966.488,eval/episode_state/up_z_std,107.7109375
30932992,1966.488,eval/avg_episode_length,1000.0
30932992,1966.488,eval/std_episode_length,0.0
30932992,1966.488,eval/epoch_eval_time,7.262396812438965
30932992,1966.488,eval/sps,4406.2588187402125
0,54.248,eval/walltime,32.59251403808594
0,54.248,eval/episode_reward,-1088.299560546875
0,54.248,eval/episode_reward/ctrl,-0.24477335810661316
0,54.248,eval/episode_reward/forward,342.0389709472656
0,54.248,eval/episode_reward/joint,-0.09823876619338989
0,54.248,eval/episode_reward/orient,-1429.9954833984375
0,54.248,eval/episode_reward/total,-1088.299560546875
0,54.248,eval/episode_state/forward_vel,1.7516984939575195
0,54.248,eval/episode_state/up_z,49.011383056640625
0,54.248,eval/episode_reward_std,1229.3995361328125
0,54.248,eval/episode_reward/ctrl_std,0.002110283123329282
0,54.248,eval/episode_reward/forward_std,36.57592010498047
0,54.248,eval/episode_reward/joint_std,0.004006991162896156
0,54.248,eval/episode_reward/orient_std,1236.738525390625
0,54.248,eval/episode_reward/total_std,1229.3995361328125
0,54.248,eval/episode_state/forward_vel_std,22.145309448242188
0,54.248,eval/episode_state/up_z_std,560.3197631835938
0,54.248,eval/avg_episode_length,1000.0
0,54.248,eval/std_episode_length,0.0
0,54.248,eval/epoch_eval_time,32.59251403808594
0,54.248,eval/sps,981.8205481972469
524288,92.757,episode/sps,6344.660230392535
524288,92.757,episode/length,1000.0
524288,92.757,episode/reward/ctrl,-0.24511196047067643
524288,92.757,episode/reward/forward,345.3133285522461
524288,92.757,episode/reward/joint,-0.09723315924406052
524288,92.757,episode/reward/orient,-1706.4467314147948
524288,92.757,episode/reward/total,-1361.4758173418045
524288,92.757,episode/state/forward_vel,4.083968877196312
524288,92.757,episode/state/up_z,-81.34750843048096
524288,92.757,episode/sum_reward,-1361.4758173418045
524288,92.757,episode/entropy_loss,-0.11503876862116158
524288,92.757,episode/kl_mean,3.0988349094986916
524288,92.757,episode/learning_rate,0.0003000000142492354
524288,92.757,episode/policy_dist_max_loc,1.2087641321122646
524288,92.757,episode/policy_dist_max_std,1.6258161552250385
524288,92.757,episode/policy_dist_mean_loc,0.0030627181331510656
524288,92.757,episode/policy_dist_mean_std,0.6951947826892138
524288,92.757,episode/policy_dist_min_loc,-0.9830524493008852
524288,92.757,episode/policy_dist_min_std,0.20341636915691197
524288,92.757,episode/policy_loss,0.3743754159659147
524288,92.757,episode/total_loss,244.97928142547607
524288,92.757,episode/v_loss,244.71994352340698
524288,124.939,eval/walltime,64.74253606796265
524288,124.939,training/sps,13612.382714697627
524288,124.939,training/walltime,38.515520095825195
524288,124.939,training/entropy_loss,-0.11503876745700836
524288,124.939,training/kl_mean,3.098834991455078
524288,124.939,training/learning_rate,0.0003000000142492354
524288,124.939,training/policy_dist_max_loc,1.2087640762329102
524288,124.939,training/policy_dist_max_std,1.6258161067962646
524288,124.939,training/policy_dist_mean_loc,0.0030627180822193623
524288,124.939,training/policy_dist_mean_std,0.6951947808265686
524288,124.939,training/policy_dist_min_loc,-0.9830524325370789
524288,124.939,training/policy_dist_min_std,0.2034163773059845
524288,124.939,training/policy_loss,0.3743754029273987
524288,124.939,training/total_loss,244.97927856445312
524288,124.939,training/v_loss,244.71994018554688
524288,124.939,eval/episode_reward,-1480.6697998046875
524288,124.939,eval/episode_reward/ctrl,-0.2246772050857544
524288,124.939,eval/episode_reward/forward,318.28948974609375
524288,124.939,eval/episode_reward/joint,-0.04991433024406433
524288,124.939,eval/episode_reward/orient,-1798.6846923828125
524288,124.939,eval/episode_reward/total,-1480.6697998046875
524288,124.939,eval/episode_state/forward_vel,-12.610872268676758
524288,124.939,eval/episode_state/up_z,-103.34679412841797
524288,124.939,eval/episode_reward_std,763.4119873046875
524288,124.939,eval/episode_reward/ctrl_std,0.0059080906212329865
524288,124.939,eval/episode_reward/forward_std,32.95320510864258
524288,124.939,eval/episode_reward/joint_std,0.01348851341754198
524288,124.939,eval/episode_reward/orient_std,767.21728515625
524288,124.939,eval/episode_reward/total_std,763.4119873046875
524288,124.939,eval/episode_state/forward_vel_std,19.555313110351562
524288,124.939,eval/episode_state/up_z_std,363.2139587402344
524288,124.939,eval/avg_episode_length,1000.0
524288,124.939,eval/std_episode_length,0.0
524288,124.939,eval/epoch_eval_time,32.15002202987671
524288,124.939,eval/sps,995.3336881157563
1048576,160.664,episode/sps,7720.6784801096555
1048576,160.664,episode/length,1000.0
1048576,160.664,episode/reward/ctrl,-0.22394003480672836
1048576,160.664,episode/reward/forward,324.7662579345703
1048576,160.664,episode/reward/joint,-0.049426635298877954
1048576,160.664,episode/reward/orient,-2142.9869107818604
1048576,160.664,episode/reward/total,-1818.4941583633422
1048576,160.664,episode/state/forward_vel,-9.845244302749634
1048576,160.664,episode/state/up_z,-271.87555286407473
1048576,160.664,episode/sum_reward,-1818.4941583633422
1048576,160.664,episode/entropy_loss,-0.11503942240960896
1048576,160.664,episode/kl_mean,1.931775045581162
1048576,160.664,episode/learning_rate,0.0003000000142492354
1048576,160.664,episode/policy_dist_max_loc,1.081131475046277
1048576,160.664,episode/policy_dist_max_std,1.6858759988099337
1048576,160.664,episode/policy_dist_mean_loc,0.004159322972554946
1048576,160.664,episode/policy_dist_mean_std,0.695734154433012
1048576,160.664,episode/policy_dist_min_loc,-0.9965840121731162
1048576,160.664,episode/policy_dist_min_std,0.2600955000380054
1048576,160.664,episode/policy_loss,0.27009584731422365
1048576,160.664,episode/total_loss,252.94719219207764
1048576,160.664,episode/v_loss,252.79213500022888
1048576,167.637,eval/walltime,71.69560122489929
1048576,167.637,training/sps,14673.503621080788
1048576,167.637,training/walltime,74.24577331542969
1048576,167.637,training/entropy_loss,-0.11504007875919342
1048576,167.637,training/kl_mean,0.7647151947021484
1048576,167.637,training/learning_rate,0.0003000000142492354
1048576,167.637,training/policy_dist_max_loc,0.9534988403320312
1048576,167.637,training/policy_dist_max_std,1.7459359169006348
1048576,167.637,training/policy_dist_mean_loc,0.005255927797406912
1048576,167.637,training/policy_dist_mean_std,0.6962735652923584
1048576,167.637,training/policy_dist_min_loc,-1.010115623474121
1048576,167.637,training/policy_dist_min_std,0.3167746365070343
1048576,167.637,training/policy_loss,0.1658162772655487
1048576,167.637,training/total_loss,260.91510009765625
1048576,167.637,training/v_loss,260.86431884765625
1048576,167.637,eval/episode_reward,-1117.1138916015625
1048576,167.637,eval/episode_reward/ctrl,-0.2169225513935089
1048576,167.637,eval/episode_reward/forward,323.6072998046875
1048576,167.637,eval/episode_reward/joint,-0.030155526474118233
1048576,167.637,eval/episode_reward/orient,-1440.4744873046875
1048576,167.637,eval/episode_reward/total,-1117.1138916015625
1048576,167.637,eval/episode_state/forward_vel,-8.879657745361328
1048576,167.637,eval/episode_state/up_z,116.0238037109375
1048576,167.637,eval/episode_reward_std,1134.6922607421875
1048576,167.637,eval/episode_reward/ctrl_std,0.002060770755633712
1048576,167.637,eval/episode_reward/forward_std,36.76823043823242
1048576,167.637,eval/episode_reward/joint_std,0.0036176436115056276
1048576,167.637,eval/episode_reward/orient_std,1132.5906982421875
1048576,167.637,eval/episode_reward/total_std,1134.6922607421875
1048576,167.637,eval/episode_state/forward_vel_std,22.147493362426758
1048576,167.637,eval/episode_state/up_z_std,521.908935546875
1048576,167.637,eval/avg_episode_length,1000.0
1048576,167.637,eval/std_episode_length,0.0
1048576,167.637,eval/epoch_eval_time,6.9530651569366455
1048576,167.637,eval/sps,4602.2868012498875
1572864,178.971,episode/sps,28637.616020523685
1572864,178.971,episode/length,1000.0
1572864,178.971,episode/reward/ctrl,-0.21663869231939314
1572864,178.971,episode/reward/forward,327.65172958374023
1572864,178.971,episode/reward/joint,-0.03192374780774117
1572864,178.971,episode/reward/orient,-1455.4677717208863
1572864,178.971,episode/reward/total,-1128.0643903160096
1572864,178.971,episode/state/forward_vel,-7.350882631540299
1572864,178.971,episode/state/up_z,91.8439803314209
1572864,178.971,episode/sum_reward,-1128.0643903160096
1572864,178.971,episode/entropy_loss,-0.11504260241053998
1572864,178.971,episode/kl_mean,1.2891988234987366
1572864,178.971,episode/learning_rate,0.0003000000142492354
1572864,178.971,episode/policy_dist_max_loc,1.0427453201264143
1572864,178.971,episode/policy_dist_max_std,1.6885471877952416
1572864,178.971,episode/policy_dist_mean_loc,0.0034517268782110477
1572864,178.971,episode/policy_dist_mean_std,0.6958849069972833
1572864,178.971,episode/policy_dist_min_loc,-1.00375052044789
1572864,178.971,episode/policy_dist_min_std,0.27816440638465184
1572864,178.971,episode/policy_loss,0.18065229440738526
1572864,178.971,episode/total_loss,243.24798186620077
1572864,178.971,episode/v_loss,243.18237161636353
1572864,185.968,eval/walltime,78.67479157447815
1572864,185.968,training/sps,46229.56585035591
1572864,185.968,training/walltime,85.586740732193
1572864,185.968,training/entropy_loss,-0.11504895985126495
1572864,185.968,training/kl_mean,0.004046379588544369
1572864,185.968,training/learning_rate,0.0003000000142492354
1572864,185.968,training/policy_dist_max_loc,0.9659730195999146
1572864,185.968,training/policy_dist_max_std,1.6938896179199219
1572864,185.968,training/policy_dist_mean_loc,0.0020365347154438496
1572864,185.968,training/policy_dist_mean_std,0.6961864233016968
1572864,185.968,training/policy_dist_min_loc,-1.0180835723876953
1572864,185.968,training/policy_dist_min_std,0.3143022060394287
1572864,185.968,training/policy_loss,0.0017651886446401477
1572864,185.968,training/total_loss,223.8495635986328
1572864,185.968,training/v_loss,223.9628448486328
1572864,185.968,eval/episode_reward,-808.246826171875
1572864,185.968,eval/episode_reward/ctrl,-0.21699132025241852
1572864,185.968,eval/episode_reward/forward,334.82232666015625
1572864,185.968,eval/episode_reward/joint,-0.031501490622758865
1572864,185.968,eval/episode_reward/orient,-1142.8203125
1572864,185.968,eval/episode_reward/total,-808.246826171875
1572864,185.968,eval/episode_state/forward_vel,-2.7294397354125977
1572864,185.968,eval/episode_state/up_z,243.89390563964844
1572864,185.968,eval/episode_reward_std,1176.4818115234375
1572864,185.968,eval/episode_reward/ctrl_std,0.0021569393575191498
1572864,185.968,eval/episode_reward/forward_std,28.854137420654297
1572864,185.968,eval/episode_reward/joint_std,0.005693951155990362
1572864,185.968,eval/episode_reward/orient_std,1168.9307861328125
1572864,185.968,eval/episode_reward/total_std,1176.4818115234375
1572864,185.968,eval/episode_state/forward_vel_std,17.88081932067871
1572864,185.968,eval/episode_state/up_z_std,548.1234741210938
1572864,185.968,eval/avg_episode_length,1000.0
1572864,185.968,eval/std_episode_length,0.0
1572864,185.968,eval/epoch_eval_time,6.979190349578857
1572864,185.968,eval/sps,4585.059068052351
2097152,197.257,episode/sps,28671.587110322034
2097152,197.257,episode/length,1000.0
2097152,197.257,episode/reward/ctrl,-0.21708221852779389
2097152,197.257,episode/reward/forward,321.30612686157224
2097152,197.257,episode/reward/joint,-0.031755665168166164
2097152,197.257,episode/reward/orient,-1521.6168755722047
2097152,197.257,episode/reward/total,-1200.5596683692931
2097152,197.257,episode/state/forward_vel,-11.253638120293617
2097152,197.257,episode/state/up_z,71.94212979078293
2097152,197.257,episode/sum_reward,-1200.5596683692931
2097152,197.257,episode/entropy_loss,-0.11507421821355819
2097152,197.257,episode/kl_mean,0.3669255982886534
2097152,197.257,episode/learning_rate,0.0003000000142492354
2097152,197.257,episode/policy_dist_max_loc,0.9422962528467178
2097152,197.257,episode/policy_dist_max_std,1.6898365116119385
2097152,197.257,episode/policy_dist_mean_loc,0.001896996754949214
2097152,197.257,episode/policy_dist_mean_std,0.6962805676460266
2097152,197.257,episode/policy_dist_min_loc,-0.9801155310869217
2097152,197.257,episode/policy_dist_min_std,0.3143737372756004
2097152,197.257,episode/policy_loss,0.06694074058119441
2097152,197.257,episode/total_loss,221.9995278930664
2097152,197.257,episode/v_loss,222.04766143798827
2097152,204.203,eval/walltime,85.60291171073914
2097152,204.203,training/sps,46415.97441428261
2097152,204.203,training/walltime,96.88216233253479
2097152,204.203,training/entropy_loss,-0.11513044685125351
2097152,204.203,training/kl_mean,0.002737472765147686
2097152,204.203,training/learning_rate,0.0003000000142492354
2097152,204.203,training/policy_dist_max_loc,0.8971240520477295
2097152,204.203,training/policy_dist_max_std,1.6306259632110596
2097152,204.203,training/policy_dist_mean_loc,-0.001740467851050198
2097152,204.203,training/policy_dist_mean_std,0.6963893175125122
2097152,204.203,training/policy_dist_min_loc,-0.9124516844749451
2097152,204.203,training/policy_dist_min_std,0.31984296441078186
2097152,204.203,training/policy_loss,-0.004151524975895882
2097152,204.203,training/total_loss,178.64633178710938
2097152,204.203,training/v_loss,178.76559448242188
2097152,204.203,eval/episode_reward,-609.8231811523438
2097152,204.203,eval/episode_reward/ctrl,-0.217145174741745
2097152,204.203,eval/episode_reward/forward,335.8077697753906
2097152,204.203,eval/episode_reward/joint,-0.029405612498521805
2097152,204.203,eval/episode_reward/orient,-945.384521484375
2097152,204.203,eval/episode_reward/total,-609.8231811523438
2097152,204.203,eval/episode_state/forward_vel,-3.0587334632873535
2097152,204.203,eval/episode_state/up_z,336.81494140625
2097152,204.203,eval/episode_reward_std,1027.7388916015625
2097152,204.203,eval/episode_reward/ctrl_std,0.0020294920541346073
2097152,204.203,eval/episode_reward/forward_std,34.23004150390625
2097152,204.203,eval/episode_reward/joint_std,0.0052708727307617664
2097152,204.203,eval/episode_reward/orient_std,1022.4849853515625
2097152,204.203,eval/episode_reward/total_std,1027.7388916015625
2097152,204.203,eval/episode_state/forward_vel_std,21.38666534423828
2097152,204.203,eval/episode_state/up_z_std,498.27874755859375
2097152,204.203,eval/avg_episode_length,1000.0
2097152,204.203,eval/std_episode_length,0.0
2097152,204.203,eval/epoch_eval_time,6.928120136260986
2097152,204.203,eval/sps,4618.857550191093
2621440,215.466,episode/sps,28793.709581706775
2621440,215.466,episode/length,1000.0
2621440,215.466,episode/reward/ctrl,-0.21741789296269418
2621440,215.466,episode/reward/forward,337.02808654785156
2621440,215.466,episode/reward/joint,-0.02998267225921154
2621440,215.466,episode/reward/orient,-806.6352736568451
2621440,215.466,episode/reward/total,-469.85448837280273
2621440,215.466,episode/state/forward_vel,-1.245919710099697
2621440,215.466,episode/state/up_z,398.7641622757912
2621440,215.466,episode/sum_reward,-469.85448837280273
2621440,215.466,episode/entropy_loss,-0.11515160985291004
2621440,215.466,episode/kl_mean,0.034137929163407535
2621440,215.466,episode/learning_rate,0.0003000000142492354
2621440,215.466,episode/policy_dist_max_loc,0.9073586696386338
2621440,215.466,episode/policy_dist_max_std,1.63856099486351
2621440,215.466,episode/policy_dist_mean_loc,-0.002566229735239176
2621440,215.466,episode/policy_dist_mean_std,0.6968711650371552
2621440,215.466,episode/policy_dist_min_loc,-0.9440956431627273
2621440,215.466,episode/policy_dist_min_std,0.32086554646492005
2621440,215.466,episode/policy_loss,0.004318159568647388
2621440,215.466,episode/total_loss,178.44354667663575
2621440,215.466,episode/v_loss,178.55438003540038
2621440,222.575,eval/walltime,92.69267725944519
2621440,222.575,training/sps,46523.02077215043
2621440,222.575,training/walltime,108.15159392356873
2621440,222.575,training/entropy_loss,-0.1152961254119873
2621440,222.575,training/kl_mean,0.003851755056530237
2621440,222.575,training/learning_rate,0.0003000000142492354
2621440,222.575,training/policy_dist_max_loc,0.8446600437164307
2621440,222.575,training/policy_dist_max_std,1.5647828578948975
2621440,222.575,training/policy_dist_mean_loc,-0.00903407298028469
2621440,222.575,training/policy_dist_mean_std,0.6980835199356079
2621440,222.575,training/policy_dist_min_loc,-0.8927056193351746
2621440,222.575,training/policy_dist_min_std,0.3293413519859314
2621440,222.575,training/policy_loss,-0.005211754702031612
2621440,222.575,training/total_loss,117.03363800048828
2621440,222.575,training/v_loss,117.15414428710938
2621440,222.575,eval/episode_reward,-23.63733673095703
2621440,222.575,eval/episode_reward/ctrl,-0.21802198886871338
2621440,222.575,eval/episode_reward/forward,340.603515625
2621440,222.575,eval/episode_reward/joint,-0.03130587935447693
2621440,222.575,eval/episode_reward/orient,-363.99151611328125
2621440,222.575,eval/episode_reward/total,-23.63733673095703
2621440,222.575,eval/episode_state/forward_vel,-1.3315536975860596
2621440,222.575,eval/episode_state/up_z,658.2586669921875
2621440,222.575,eval/episode_reward_std,938.9328002929688
2621440,222.575,eval/episode_reward/ctrl_std,0.0020893176551908255
2621440,222.575,eval/episode_reward/forward_std,22.619003295898438
2621440,222.575,eval/episode_reward/joint_std,0.0042686318047344685
2621440,222.575,eval/episode_reward/orient_std,942.23291015625
2621440,222.575,eval/episode_reward/total_std,938.9328002929688
2621440,222.575,eval/episode_state/forward_vel_std,13.640650749206543
2621440,222.575,eval/episode_state/up_z_std,469.5848083496094
2621440,222.575,eval/avg_episode_length,1000.0
2621440,222.575,eval/std_episode_length,0.0
2621440,222.575,eval/epoch_eval_time,7.089765548706055
2621440,222.575,eval/sps,4513.548407230516
3145728,233.952,episode/sps,28361.287857146173
3145728,233.952,episode/length,1000.0
3145728,233.952,episode/reward/ctrl,-0.21755641475319862
3145728,233.952,episode/reward/forward,337.4908129882813
3145728,233.952,episode/reward/joint,-0.032093001250177625
3145728,233.952,episode/reward/orient,-347.91569211959836
3145728,233.952,episode/reward/total,-10.674496350288392
3145728,233.952,episode/state/forward_vel,-2.1390532052516935
3145728,233.952,episode/state/up_z,628.839849243164
3145728,233.952,episode/sum_reward,-10.674496350288392
3145728,233.952,episode/entropy_loss,-0.11523783475160598
3145728,233.952,episode/kl_mean,0.0042486314382404085
3145728,233.952,episode/learning_rate,0.0003000000142492354
3145728,233.952,episode/policy_dist_max_loc,0.8899794709682465
3145728,233.952,episode/policy_dist_max_std,1.6018627238273622
3145728,233.952,episode/policy_dist_mean_loc,-0.008687732819089434
3145728,233.952,episode/policy_dist_mean_std,0.6977655905485153
3145728,233.952,episode/policy_dist_min_loc,-0.9111808151006698
3145728,233.952,episode/policy_dist_min_std,0.33050200253725054
3145728,233.952,episode/policy_loss,-0.0042848288468667305
3145728,233.952,episode/total_loss,121.92442016601562
3145728,233.952,episode/v_loss,122.04394336700439
3145728,241.190,eval/walltime,99.90258884429932
3145728,241.190,training/sps,46033.22470009117
3145728,241.190,training/walltime,119.54093289375305
3145728,241.190,training/entropy_loss,-0.11530210077762604
3145728,241.190,training/kl_mean,0.006242658011615276
3145728,241.190,training/learning_rate,0.0003000000142492354
3145728,241.190,training/policy_dist_max_loc,0.9241441488265991
3145728,241.190,training/policy_dist_max_std,1.6108829975128174
3145728,241.190,training/policy_dist_mean_loc,-0.01652962900698185
3145728,241.190,training/policy_dist_mean_std,0.6990275382995605
3145728,241.190,training/policy_dist_min_loc,-0.9233550429344177
3145728,241.190,training/policy_dist_min_std,0.34456875920295715
3145728,241.190,training/policy_loss,-0.004051567520946264
3145728,241.190,training/total_loss,57.99580383300781
3145728,241.190,training/v_loss,58.11515808105469
3145728,241.190,eval/episode_reward,161.50018310546875
3145728,241.190,eval/episode_reward/ctrl,-0.21838700771331787
3145728,241.190,eval/episode_reward/forward,339.0221862792969
3145728,241.190,eval/episode_reward/joint,-0.036856457591056824
3145728,241.190,eval/episode_reward/orient,-177.266845703125
3145728,241.190,eval/episode_reward/total,161.50018310546875
3145728,241.190,eval/episode_state/forward_vel,-3.481255531311035
3145728,241.190,eval/episode_state/up_z,765.3380126953125
3145728,241.190,eval/episode_reward_std,459.71795654296875
3145728,241.190,eval/episode_reward/ctrl_std,0.0016892418498173356
3145728,241.190,eval/episode_reward/forward_std,25.524837493896484
3145728,241.190,eval/episode_reward/joint_std,0.005198461003601551
3145728,241.190,eval/episode_reward/orient_std,448.8084716796875
3145728,241.190,eval/episode_reward/total_std,459.71795654296875
3145728,241.190,eval/episode_state/forward_vel_std,15.340934753417969
3145728,241.190,eval/episode_state/up_z_std,304.6294250488281
3145728,241.190,eval/avg_episode_length,1000.0
3145728,241.190,eval/std_episode_length,0.0
3145728,241.190,eval/epoch_eval_time,7.209911584854126
3145728,241.190,eval/sps,4438.334593065254
3670016,252.759,episode/sps,27877.51803342242
3670016,252.759,episode/length,1000.0
3670016,252.759,episode/reward/ctrl,-0.21786536440253257
3670016,252.759,episode/reward/forward,327.9859765625
3670016,252.759,episode/reward/joint,-0.03531593216583133
3670016,252.759,episode/reward/orient,-269.7874958252907
3670016,252.759,episode/reward/total,57.94523679733276
3670016,252.759,episode/state/forward_vel,-9.32294172167778
3670016,252.759,episode/state/up_z,707.2517999267578
3670016,252.759,episode/sum_reward,57.94523679733276
3670016,252.759,episode/entropy_loss,-0.11523916028439998
3670016,252.759,episode/kl_mean,0.005914571288740262
3670016,252.759,episode/learning_rate,0.0003000000142492354
3670016,252.759,episode/policy_dist_max_loc,0.859106469154358
3670016,252.759,episode/policy_dist_max_std,1.5764821588993072
3670016,252.759,episode/policy_dist_mean_loc,-0.014904917944222688
3670016,252.759,episode/policy_dist_mean_std,0.699004836678505
3670016,252.759,episode/policy_dist_min_loc,-0.8866883379220962
3670016,252.759,episode/policy_dist_min_std,0.3401753333210945
3670016,252.759,episode/policy_loss,-0.004505203048756812
3670016,252.759,episode/total_loss,75.29473766326905
3670016,252.759,episode/v_loss,75.41448238372803
3670016,260.103,eval/walltime,107.21867346763611
3670016,260.103,training/sps,45274.298623850875
3670016,260.103,training/walltime,131.1211895942688
3670016,260.103,training/entropy_loss,-0.115135058760643
3670016,260.103,training/kl_mean,0.007654536981135607
3670016,260.103,training/learning_rate,0.0003000000142492354
3670016,260.103,training/policy_dist_max_loc,0.8062076568603516
3670016,260.103,training/policy_dist_max_std,1.5516095161437988
3670016,260.103,training/policy_dist_mean_loc,-0.020351335406303406
3670016,260.103,training/policy_dist_mean_std,0.7002015113830566
3670016,260.103,training/policy_dist_min_loc,-0.8497185707092285
3670016,260.103,training/policy_dist_min_std,0.3497563898563385
3670016,260.103,training/policy_loss,-0.0037585683166980743
3670016,260.103,training/total_loss,38.58189392089844
3670016,260.103,training/v_loss,38.70079040527344
3670016,260.103,eval/episode_reward,45.025787353515625
3670016,260.103,eval/episode_reward/ctrl,-0.2182331085205078
3670016,260.103,eval/episode_reward/forward,339.60430908203125
3670016,260.103,eval/episode_reward/joint,-0.04055146872997284
3670016,260.103,eval/episode_reward/orient,-294.3197937011719
3670016,260.103,eval/episode_reward/total,45.025787353515625
3670016,260.103,eval/episode_state/forward_vel,-2.5051519870758057
3670016,260.103,eval/episode_state/up_z,764.1610717773438
3670016,260.103,eval/episode_reward_std,786.4898071289062
3670016,260.103,eval/episode_reward/ctrl_std,0.001443946035578847
3670016,260.103,eval/episode_reward/forward_std,27.29749870300293
3670016,260.103,eval/episode_reward/joint_std,0.00471630459651351
3670016,260.103,eval/episode_reward/orient_std,781.4627075195312
3670016,260.103,eval/episode_reward/total_std,786.4898071289062
3670016,260.103,eval/episode_state/forward_vel_std,16.063547134399414
3670016,260.103,eval/episode_state/up_z_std,445.6236572265625
3670016,260.103,eval/avg_episode_length,1000.0
3670016,260.103,eval/std_episode_length,0.0
3670016,260.103,eval/epoch_eval_time,7.316084623336792
3670016,260.103,eval/sps,4373.924256962069
4194304,271.745,episode/sps,27613.38706447937
4194304,271.745,episode/length,1000.0
4194304,271.745,episode/reward/ctrl,-0.21818670123815537
4194304,271.745,episode/reward/forward,334.22216033935547
4194304,271.745,episode/reward/joint,-0.03865947874262929
4194304,271.745,episode/reward/orient,-158.46716432571412
4194304,271.745,episode/reward/total,175.49820247650146
4194304,271.745,episode/state/forward_vel,-6.009261061139405
4194304,271.745,episode/state/up_z,833.0564009857178
4194304,271.745,episode/sum_reward,175.49820247650146
4194304,271.745,episode/entropy_loss,-0.11516953840851783
4194304,271.745,episode/kl_mean,0.006756876686122269
4194304,271.745,episode/learning_rate,0.0003000000142492354
4194304,271.745,episode/policy_dist_max_loc,0.848247092962265
4194304,271.745,episode/policy_dist_max_std,1.5505539357662201
4194304,271.745,episode/policy_dist_mean_loc,-0.017994864117354153
4194304,271.745,episode/policy_dist_mean_std,0.6997016936540603
4194304,271.745,episode/policy_dist_min_loc,-0.8705730617046357
4194304,271.745,episode/policy_dist_min_std,0.35230241298675535
4194304,271.745,episode/policy_loss,-0.003517577843449544
4194304,271.745,episode/total_loss,44.505484123229984
4194304,271.745,episode/v_loss,44.62417163848877
4194304,279.126,eval/walltime,114.56948566436768
4194304,279.126,training/sps,44985.97727968274
4194304,279.126,training/walltime,142.77566576004028
4194304,279.126,training/entropy_loss,-0.11506293714046478
4194304,279.126,training/kl_mean,0.006253047380596399
4194304,279.126,training/learning_rate,0.0003000000142492354
4194304,279.126,training/policy_dist_max_loc,0.8262633085250854
4194304,279.126,training/policy_dist_max_std,1.4826935529708862
4194304,279.126,training/policy_dist_mean_loc,-0.017841096967458725
4194304,279.126,training/policy_dist_mean_std,0.7000567317008972
4194304,279.126,training/policy_dist_min_loc,-0.8352025747299194
4194304,279.126,training/policy_dist_min_std,0.36318734288215637
4194304,279.126,training/policy_loss,-0.0020147375762462616
4194304,279.126,training/total_loss,28.849143981933594
4194304,279.126,training/v_loss,28.966222763061523
4194304,279.126,eval/episode_reward,163.740966796875
4194304,279.126,eval/episode_reward/ctrl,-0.21940171718597412
4194304,279.126,eval/episode_reward/forward,345.7209777832031
4194304,279.126,eval/episode_reward/joint,-0.04072590172290802
4194304,279.126,eval/episode_reward/orient,-181.71978759765625
4194304,279.126,eval/episode_reward/total,163.740966796875
4194304,279.126,eval/episode_state/forward_vel,0.9780493378639221
4194304,279.126,eval/episode_state/up_z,848.22265625
4194304,279.126,eval/episode_reward_std,671.196044921875
4194304,279.126,eval/episode_reward/ctrl_std,0.0017799772322177887
4194304,279.126,eval/episode_reward/forward_std,15.893885612487793
4194304,279.126,eval/episode_reward/joint_std,0.004740220494568348
4194304,279.126,eval/episode_reward/orient_std,671.0910034179688
4194304,279.126,eval/episode_reward/total_std,671.196044921875
4194304,279.126,eval/episode_state/forward_vel_std,10.06775188446045
4194304,279.126,eval/episode_state/up_z_std,358.3851013183594
4194304,279.126,eval/avg_episode_length,1000.0
4194304,279.126,eval/std_episode_length,0.0
4194304,279.126,eval/epoch_eval_time,7.350812196731567
4194304,279.126,eval/sps,4353.260448447906
4718592,290.835,episode/sps,27464.6338739498
4718592,290.835,episode/length,1000.0
4718592,290.835,episode/reward/ctrl,-0.21886484131217002
4718592,290.835,episode/reward/forward,345.2832632446289
4718592,290.835,episode/reward/joint,-0.04042115399613976
4718592,290.835,episode/reward/orient,-81.08602476239204
4718592,290.835,episode/reward/total,263.9380062866211
4718592,290.835,episode/state/forward_vel,0.7857359007745981
4718592,290.835,episode/state/up_z,904.8828372192382
4718592,290.835,episode/sum_reward,263.9380062866211
4718592,290.835,episode/entropy_loss,-0.11513528615236282
4718592,290.835,episode/kl_mean,0.006699387482367456
4718592,290.835,episode/learning_rate,0.0003000000142492354
4718592,290.835,episode/policy_dist_max_loc,0.8144714331626892
4718592,290.835,episode/policy_dist_max_std,1.473514462709427
4718592,290.835,episode/policy_dist_mean_loc,-0.01859670301899314
4718592,290.835,episode/policy_dist_mean_std,0.7005039221048355
4718592,290.835,episode/policy_dist_min_loc,-0.8467559987306594
4718592,290.835,episode/policy_dist_min_std,0.3594829055666924
4718592,290.835,episode/policy_loss,-0.002710763192299055
4718592,290.835,episode/total_loss,28.644390954971314
4718592,290.835,episode/v_loss,28.762236976623534
4718592,298.293,eval/walltime,121.9965124130249
4718592,298.293,training/sps,44725.995575122426
4718592,298.293,training/walltime,154.49788665771484
4718592,298.293,training/entropy_loss,-0.11519080400466919
4718592,298.293,training/kl_mean,0.0058425478637218475
4718592,298.293,training/learning_rate,0.0003000000142492354
4718592,298.293,training/policy_dist_max_loc,0.7903791069984436
4718592,298.293,training/policy_dist_max_std,1.3744642734527588
4718592,298.293,training/policy_dist_mean_loc,-0.017556242644786835
4718592,298.293,training/policy_dist_mean_std,0.7013633251190186
4718592,298.293,training/policy_dist_min_loc,-0.8462390899658203
4718592,298.293,training/policy_dist_min_std,0.3694746494293213
4718592,298.293,training/policy_loss,-0.0017949969042092562
4718592,298.293,training/total_loss,14.836427688598633
4718592,298.293,training/v_loss,14.953413009643555
4718592,298.293,eval/episode_reward,252.56594848632812
4718592,298.293,eval/episode_reward/ctrl,-0.21978679299354553
4718592,298.293,eval/episode_reward/forward,340.7256164550781
4718592,298.293,eval/episode_reward/joint,-0.0432465635240078
4718592,298.293,eval/episode_reward/orient,-87.89653778076172
4718592,298.293,eval/episode_reward/total,252.56594848632812
4718592,298.293,eval/episode_state/forward_vel,-2.2624454498291016
4718592,298.293,eval/episode_state/up_z,882.397705078125
4718592,298.293,eval/episode_reward_std,291.5901794433594
4718592,298.293,eval/episode_reward/ctrl_std,0.0015558029990643263
4718592,298.293,eval/episode_reward/forward_std,26.585172653198242
4718592,298.293,eval/episode_reward/joint_std,0.0054132333025336266
4718592,298.293,eval/episode_reward/orient_std,284.2668151855469
4718592,298.293,eval/episode_reward/total_std,291.5901794433594
4718592,298.293,eval/episode_state/forward_vel_std,16.261898040771484
4718592,298.293,eval/episode_state/up_z_std,219.86509704589844
4718592,298.293,eval/avg_episode_length,1000.0
4718592,298.293,eval/std_episode_length,0.0
4718592,298.293,eval/epoch_eval_time,7.427026748657227
4718592,298.293,eval/sps,4308.588225535266
5242880,310.019,episode/sps,27329.311758961718
5242880,310.019,episode/length,1000.0
5242880,310.019,episode/reward/ctrl,-0.21956536084413528
5242880,310.019,episode/reward/forward,349.6178088378906
5242880,310.019,episode/reward/joint,-0.04333165884017944
5242880,310.019,episode/reward/orient,-40.518534958958625
5242880,310.019,episode/reward/total,308.836325378418
5242880,310.019,episode/state/forward_vel,2.964477397352457
5242880,310.019,episode/state/up_z,916.2477734375
5242880,310.019,episode/sum_reward,308.836325378418
5242880,310.019,episode/entropy_loss,-0.1151357750594616
5242880,310.019,episode/kl_mean,0.006273791645653546
5242880,310.019,episode/learning_rate,0.0003000000142492354
5242880,310.019,episode/policy_dist_max_loc,0.8398818033933639
5242880,310.019,episode/policy_dist_max_std,1.435738615989685
5242880,310.019,episode/policy_dist_mean_loc,-0.017667586579918862
5242880,310.019,episode/policy_dist_mean_std,0.7013600164651871
5242880,310.019,episode/policy_dist_min_loc,-0.8255000168085098
5242880,310.019,episode/policy_dist_min_std,0.36457159638404846
5242880,310.019,episode/policy_loss,-0.002210952721798094
5242880,310.019,episode/total_loss,17.999691228866578
5242880,310.019,episode/v_loss,18.117038021087648
5242880,317.547,eval/walltime,129.4925696849823
5242880,317.547,training/sps,44656.09485690899
5242880,317.547,training/walltime,166.23845648765564
5242880,317.547,training/entropy_loss,-0.11516952514648438
5242880,317.547,training/kl_mean,0.006216789595782757
5242880,317.547,training/learning_rate,0.0003000000142492354
5242880,317.547,training/policy_dist_max_loc,0.9052079916000366
5242880,317.547,training/policy_dist_max_std,1.4379969835281372
5242880,317.547,training/policy_dist_mean_loc,-0.017201706767082214
5242880,317.547,training/policy_dist_mean_std,0.7027758359909058
5242880,317.547,training/policy_dist_min_loc,-0.7941343188285828
5242880,317.547,training/policy_dist_min_std,0.36376023292541504
5242880,317.547,training/policy_loss,-0.0022438885644078255
5242880,317.547,training/total_loss,7.845990180969238
5242880,317.547,training/v_loss,7.963404178619385
5242880,317.547,eval/episode_reward,261.2943115234375
5242880,317.547,eval/episode_reward/ctrl,-0.22110971808433533
5242880,317.547,eval/episode_reward/forward,354.2147521972656
5242880,317.547,eval/episode_reward/joint,-0.05069887638092041
5242880,317.547,eval/episode_reward/orient,-92.64863586425781
5242880,317.547,eval/episode_reward/total,261.2943115234375
5242880,317.547,eval/episode_state/forward_vel,5.630156517028809
5242880,317.547,eval/episode_state/up_z,865.06005859375
5242880,317.547,eval/episode_reward_std,314.9412536621094
5242880,317.547,eval/episode_reward/ctrl_std,0.0022133549209684134
5242880,317.547,eval/episode_reward/forward_std,18.957250595092773
5242880,317.547,eval/episode_reward/joint_std,0.00548159796744585
5242880,317.547,eval/episode_reward/orient_std,305.7750549316406
5242880,317.547,eval/episode_reward/total_std,314.9412536621094
5242880,317.547,eval/episode_state/forward_vel_std,11.842276573181152
5242880,317.547,eval/episode_state/up_z_std,211.7523651123047
5242880,317.547,eval/avg_episode_length,1000.0
5242880,317.547,eval/std_episode_length,0.0
5242880,317.547,eval/epoch_eval_time,7.4960572719573975
5242880,317.547,eval/sps,4268.91082058716
5767168,329.393,episode/sps,27061.071410409313
5767168,329.393,episode/length,1000.0
5767168,329.393,episode/reward/ctrl,-0.2207186535000801
5767168,329.393,episode/reward/forward,357.59322143554687
5767168,329.393,episode/reward/joint,-0.04817791327834129
5767168,329.393,episode/reward/orient,-93.59951146185398
5767168,329.393,episode/reward/total,263.72485198974607
5767168,329.393,episode/state/forward_vel,7.712650458812714
5767168,329.393,episode/state/up_z,888.6031741333007
5767168,329.393,episode/sum_reward,263.72485198974607
5767168,329.393,episode/entropy_loss,-0.11512868106365204
5767168,329.393,episode/kl_mean,0.00550236880662851
5767168,329.393,episode/learning_rate,0.0003000000142492354
5767168,329.393,episode/policy_dist_max_loc,0.8945427137613297
5767168,329.393,episode/policy_dist_max_std,1.4113662040233612
5767168,329.393,episode/policy_dist_mean_loc,-0.019131321981549262
5767168,329.393,episode/policy_dist_mean_std,0.7028159117698669
5767168,329.393,episode/policy_dist_min_loc,-0.8352901011705398
5767168,329.393,episode/policy_dist_min_std,0.36238043069839476
5767168,329.393,episode/policy_loss,-0.0019198284116282594
5767168,329.393,episode/total_loss,10.643786883354187
5767168,329.393,episode/v_loss,10.760835361480712
5767168,336.945,eval/walltime,137.01255130767822
5767168,336.945,training/sps,44202.6186317595
5767168,336.945,training/walltime,178.09947323799133
5767168,336.945,training/entropy_loss,-0.11503284424543381
5767168,336.945,training/kl_mean,0.004154247231781483
5767168,336.945,training/learning_rate,0.0003000000142492354
5767168,336.945,training/policy_dist_max_loc,0.9922296404838562
5767168,336.945,training/policy_dist_max_std,1.408261775970459
5767168,336.945,training/policy_dist_mean_loc,-0.02270616963505745
5767168,336.945,training/policy_dist_mean_std,0.7045350074768066
5767168,336.945,training/policy_dist_min_loc,-0.863743782043457
5767168,336.945,training/policy_dist_min_std,0.35307565331459045
5767168,336.945,training/policy_loss,-0.0014058745000511408
5767168,336.945,training/total_loss,7.338473796844482
5767168,336.945,training/v_loss,7.454912185668945
5767168,336.945,eval/episode_reward,352.59979248046875
5767168,336.945,eval/episode_reward/ctrl,-0.22109323740005493
5767168,336.945,eval/episode_reward/forward,360.43402099609375
5767168,336.945,eval/episode_reward/joint,-0.05147572234272957
5767168,336.945,eval/episode_reward/orient,-7.561718940734863
5767168,336.945,eval/episode_reward/total,352.59979248046875
5767168,336.945,eval/episode_state/forward_vel,9.451377868652344
5767168,336.945,eval/episode_state/up_z,941.7056884765625
5767168,336.945,eval/episode_reward_std,17.3796329498291
5767168,336.945,eval/episode_reward/ctrl_std,0.001250188797712326
5767168,336.945,eval/episode_reward/forward_std,14.990011215209961
5767168,336.945,eval/episode_reward/joint_std,0.002969656838104129
5767168,336.945,eval/episode_reward/orient_std,9.573224067687988
5767168,336.945,eval/episode_reward/total_std,17.3796329498291
5767168,336.945,eval/episode_state/forward_vel_std,9.477335929870605
5767168,336.945,eval/episode_state/up_z_std,35.46895217895508
5767168,336.945,eval/avg_episode_length,1000.0
5767168,336.945,eval/std_episode_length,0.0
5767168,336.945,eval/epoch_eval_time,7.519981622695923
5767168,336.945,eval/sps,4255.329548069821
6291456,348.799,episode/sps,27017.900753903104
6291456,348.799,episode/length,1000.0
6291456,348.799,episode/reward/ctrl,-0.221580648124218
6291456,348.799,episode/reward/forward,357.26319702148436
6291456,348.799,episode/reward/joint,-0.051814531311392784
6291456,348.799,episode/reward/orient,-39.44072960197926
6291456,348.799,episode/reward/total,317.5490576171875
6291456,348.799,episode/state/forward_vel,8.160497061759234
6291456,348.799,episode/state/up_z,921.7492971801757
6291456,348.799,episode/sum_reward,317.5490576171875
6291456,348.799,episode/entropy_loss,-0.11511028945446014
6291456,348.799,episode/kl_mean,0.005091570728691295
6291456,348.799,episode/learning_rate,0.0003000000142492354
6291456,348.799,episode/policy_dist_max_loc,0.9299283134937286
6291456,348.799,episode/policy_dist_max_std,1.4018798923492433
6291456,348.799,episode/policy_dist_mean_loc,-0.023009444940835237
6291456,348.799,episode/policy_dist_mean_std,0.7042615181207657
6291456,348.799,episode/policy_dist_min_loc,-0.8103168612718582
6291456,348.799,episode/policy_dist_min_std,0.35992647498846053
6291456,348.799,episode/policy_loss,-0.0019844771255156956
6291456,348.799,episode/total_loss,7.350595409870148
6291456,348.799,episode/v_loss,7.467690184116363
6291456,356.310,eval/walltime,144.4934799671173
6291456,356.310,training/sps,44182.35283774384
6291456,356.310,training/walltime,189.96593046188354
6291456,356.310,training/entropy_loss,-0.11512348055839539
6291456,356.310,training/kl_mean,0.004751686938107014
6291456,356.310,training/learning_rate,0.0003000000142492354
6291456,356.310,training/policy_dist_max_loc,0.9099236130714417
6291456,356.310,training/policy_dist_max_std,1.3608486652374268
6291456,356.310,training/policy_dist_mean_loc,-0.029892347753047943
6291456,356.310,training/policy_dist_mean_std,0.7058111429214478
6291456,356.310,training/policy_dist_min_loc,-0.7732913494110107
6291456,356.310,training/policy_dist_min_std,0.36121195554733276
6291456,356.310,training/policy_loss,-0.0021396055817604065
6291456,356.310,training/total_loss,5.951912879943848
6291456,356.310,training/v_loss,6.06917667388916
6291456,356.310,eval/episode_reward,352.3431091308594
6291456,356.310,eval/episode_reward/ctrl,-0.22216357290744781
6291456,356.310,eval/episode_reward/forward,360.6819763183594
6291456,356.310,eval/episode_reward/joint,-0.05156021565198898
6291456,356.310,eval/episode_reward/orient,-8.065085411071777
6291456,356.310,eval/episode_reward/total,352.3431091308594
6291456,356.310,eval/episode_state/forward_vel,9.421573638916016
6291456,356.310,eval/episode_state/up_z,936.776123046875
6291456,356.310,eval/episode_reward_std,26.14621353149414
6291456,356.310,eval/episode_reward/ctrl_std,0.0017662362661212683
6291456,356.310,eval/episode_reward/forward_std,21.776596069335938
6291456,356.310,eval/episode_reward/joint_std,0.0031991589348763227
6291456,356.310,eval/episode_reward/orient_std,9.904093742370605
6291456,356.310,eval/episode_reward/total_std,26.14621353149414
6291456,356.310,eval/episode_state/forward_vel_std,13.78826904296875
6291456,356.310,eval/episode_state/up_z_std,32.978668212890625
6291456,356.310,eval/avg_episode_length,1000.0
6291456,356.310,eval/std_episode_length,0.0
6291456,356.310,eval/epoch_eval_time,7.480928659439087
6291456,356.310,eval/sps,4277.543799274692
6815744,368.170,episode/sps,27065.32864206913
6815744,368.170,episode/length,1000.0
6815744,368.170,episode/reward/ctrl,-0.22210313603281975
6815744,368.170,episode/reward/forward,360.1611138916016
6815744,368.170,episode/reward/joint,-0.05196780782192945
6815744,368.170,episode/reward/orient,-9.589413974285126
6815744,368.170,episode/reward/total,350.29764472961426
6815744,368.170,episode/state/forward_vel,9.190497591495514
6815744,368.170,episode/state/up_z,939.4651550292969
6815744,368.170,episode/sum_reward,350.29764472961426
6815744,368.170,episode/entropy_loss,-0.11514537565410138
6815744,368.170,episode/kl_mean,0.004618912943406031
6815744,368.170,episode/learning_rate,0.0003000000142492354
6815744,368.170,episode/policy_dist_max_loc,0.9526473271846772
6815744,368.170,episode/policy_dist_max_std,1.4111938536167146
6815744,368.170,episode/policy_dist_mean_loc,-0.0264654584787786
6815744,368.170,episode/policy_dist_mean_std,0.7055894643068313
6815744,368.170,episode/policy_dist_min_loc,-0.8308545821905136
6815744,368.170,episode/policy_dist_min_std,0.35882567763328554
6815744,368.170,episode/policy_loss,-0.0019070642917358783
6815744,368.170,episode/total_loss,6.960910608768463
6815744,368.170,episode/v_loss,7.077963035106659
6815744,375.746,eval/walltime,152.0396625995636
6815744,375.746,training/sps,44156.543744877075
6815744,375.746,training/walltime,201.8393235206604
6815744,375.746,training/entropy_loss,-0.11527630686759949
6815744,375.746,training/kl_mean,0.0046204691752791405
6815744,375.746,training/learning_rate,0.0003000000142492354
6815744,375.746,training/policy_dist_max_loc,0.9653810858726501
6815744,375.746,training/policy_dist_max_std,1.4694209098815918
6815744,375.746,training/policy_dist_mean_loc,-0.027808116748929024
6815744,375.746,training/policy_dist_mean_std,0.70672607421875
6815744,375.746,training/policy_dist_min_loc,-0.868205189704895
6815744,375.746,training/policy_dist_min_std,0.36002427339553833
6815744,375.746,training/policy_loss,-0.0020263376645743847
6815744,375.746,training/total_loss,7.462446212768555
6815744,375.746,training/v_loss,7.579748153686523
6815744,375.746,eval/episode_reward,354.39501953125
6815744,375.746,eval/episode_reward/ctrl,-0.22246994078159332
6815744,375.746,eval/episode_reward/forward,361.4236145019531
6815744,375.746,eval/episode_reward/joint,-0.05346154049038887
6815744,375.746,eval/episode_reward/orient,-6.752566337585449
6815744,375.746,eval/episode_reward/total,354.39501953125
6815744,375.746,eval/episode_state/forward_vel,9.53187370300293
6815744,375.746,eval/episode_state/up_z,935.8642578125
6815744,375.746,eval/episode_reward_std,24.509389877319336
6815744,375.746,eval/episode_reward/ctrl_std,0.0015728161670267582
6815744,375.746,eval/episode_reward/forward_std,23.855579376220703
6815744,375.746,eval/episode_reward/joint_std,0.00486616138368845
6815744,375.746,eval/episode_reward/orient_std,5.322482109069824
6815744,375.746,eval/episode_reward/total_std,24.509389877319336
6815744,375.746,eval/episode_state/forward_vel_std,15.251506805419922
6815744,375.746,eval/episode_state/up_z_std,18.44712257385254
6815744,375.746,eval/avg_episode_length,1000.0
6815744,375.746,eval/std_episode_length,0.0
6815744,375.746,eval/epoch_eval_time,7.546182632446289
6815744,375.746,eval/sps,4240.55466964313
7340032,387.674,episode/sps,26880.37123544847
7340032,387.674,episode/length,1000.0
7340032,387.674,episode/reward/ctrl,-0.2227644908428192
7340032,387.674,episode/reward/forward,357.55658081054685
7340032,387.674,episode/reward/joint,-0.05340867459774017
7340032,387.674,episode/reward/orient,-46.334025402069095
7340032,387.674,episode/reward/total,310.9463600158691
7340032,387.674,episode/state/forward_vel,7.8479390086978675
7340032,387.674,episode/state/up_z,906.8189880371094
7340032,387.674,episode/sum_reward,310.9463600158691
7340032,387.674,episode/entropy_loss,-0.1152298054844141
7340032,387.674,episode/kl_mean,0.004652404967928305
7340032,387.674,episode/learning_rate,0.0003000000142492354
7340032,387.674,episode/policy_dist_max_loc,0.9467635047435761
7340032,387.674,episode/policy_dist_max_std,1.3912909293174744
7340032,387.674,episode/policy_dist_mean_loc,-0.02913053810596466
7340032,387.674,episode/policy_dist_mean_std,0.7071961343288422
7340032,387.674,episode/policy_dist_min_loc,-0.8068118745088577
7340032,387.674,episode/policy_dist_min_std,0.3654746025800705
7340032,387.674,episode/policy_loss,-0.0020984458159364295
7340032,387.674,episode/total_loss,7.562260358333588
7340032,387.674,episode/v_loss,7.679588582515716
7340032,395.299,eval/walltime,159.63325691223145
7340032,395.299,training/sps,43902.44432113913
7340032,395.299,training/walltime,213.78143763542175
7340032,395.299,training/entropy_loss,-0.11531668901443481
7340032,395.299,training/kl_mean,0.004589457996189594
7340032,395.299,training/learning_rate,0.0003000000142492354
7340032,395.299,training/policy_dist_max_loc,0.9681030511856079
7340032,395.299,training/policy_dist_max_std,1.3473033905029297
7340032,395.299,training/policy_dist_mean_loc,-0.03027617372572422
7340032,395.299,training/policy_dist_mean_std,0.7093313932418823
7340032,395.299,training/policy_dist_min_loc,-0.7826448082923889
7340032,395.299,training/policy_dist_min_std,0.37490376830101013
7340032,395.299,training/policy_loss,-0.0020461424719542265
7340032,395.299,training/total_loss,9.297260284423828
7340032,395.299,training/v_loss,9.414623260498047
7340032,395.299,eval/episode_reward,318.61474609375
7340032,395.299,eval/episode_reward/ctrl,-0.22376582026481628
7340032,395.299,eval/episode_reward/forward,361.7200012207031
7340032,395.299,eval/episode_reward/joint,-0.05763440206646919
7340032,395.299,eval/episode_reward/orient,-42.82386779785156
7340032,395.299,eval/episode_reward/total,318.61474609375
7340032,395.299,eval/episode_state/forward_vel,9.821613311767578
7340032,395.299,eval/episode_state/up_z,898.156494140625
7340032,395.299,eval/episode_reward_std,142.11077880859375
7340032,395.299,eval/episode_reward/ctrl_std,0.0013291286304593086
7340032,395.299,eval/episode_reward/forward_std,15.560612678527832
7340032,395.299,eval/episode_reward/joint_std,0.005309181287884712
7340032,395.299,eval/episode_reward/orient_std,144.11473083496094
7340032,395.299,eval/episode_reward/total_std,142.11077880859375
7340032,395.299,eval/episode_state/forward_vel_std,10.278566360473633
7340032,395.299,eval/episode_state/up_z_std,154.13546752929688
7340032,395.299,eval/avg_episode_length,1000.0
7340032,395.299,eval/std_episode_length,0.0
7340032,395.299,eval/epoch_eval_time,7.593594312667847
7340032,395.299,eval/sps,4214.0781667275405
7864320,407.278,episode/sps,26744.879767958555
7864320,407.278,episode/length,1000.0
7864320,407.278,episode/reward/ctrl,-0.22333761379122735
7864320,407.278,episode/reward/forward,356.68617431640627
7864320,407.278,episode/reward/joint,-0.05573503091931343
7864320,407.278,episode/reward/orient,-47.911386013031006
7864320,407.278,episode/reward/total,308.4956694841385
7864320,407.278,episode/state/forward_vel,7.113127174898982
7864320,407.278,episode/state/up_z,907.6190796661377
7864320,407.278,episode/sum_reward,308.4956694841385
7864320,407.278,episode/entropy_loss,-0.11531459920108318
7864320,407.278,episode/kl_mean,0.004717403346439823
7864320,407.278,episode/learning_rate,0.0003000000142492354
7864320,407.278,episode/policy_dist_max_loc,0.9935068154335022
7864320,407.278,episode/policy_dist_max_std,1.3763466262817383
7864320,407.278,episode/policy_dist_mean_loc,-0.030132136251777412
7864320,407.278,episode/policy_dist_mean_std,0.7091969454288483
7864320,407.278,episode/policy_dist_min_loc,-0.813280298113823
7864320,407.278,episode/policy_dist_min_std,0.35977996289730074
7864320,407.278,episode/policy_loss,-0.0021628315189445857
7864320,407.278,episode/total_loss,7.466513185501099
7864320,407.278,episode/v_loss,7.583990588188171
7864320,414.953,eval/walltime,167.27744960784912
7864320,414.953,training/sps,43721.65390630853
7864320,414.953,training/walltime,225.77293276786804
7864320,414.953,training/entropy_loss,-0.11537005752325058
7864320,414.953,training/kl_mean,0.004777976777404547
7864320,414.953,training/learning_rate,0.0003000000142492354
7864320,414.953,training/policy_dist_max_loc,1.0689247846603394
7864320,414.953,training/policy_dist_max_std,1.331880807876587
7864320,414.953,training/policy_dist_mean_loc,-0.03239821642637253
7864320,414.953,training/policy_dist_mean_std,0.7119333744049072
7864320,414.953,training/policy_dist_min_loc,-0.806530237197876
7864320,414.953,training/policy_dist_min_std,0.34324896335601807
7864320,414.953,training/policy_loss,-0.0022194087505340576
7864320,414.953,training/total_loss,5.8248491287231445
7864320,414.953,training/v_loss,5.942438125610352
7864320,414.953,eval/episode_reward,331.871826171875
7864320,414.953,eval/episode_reward/ctrl,-0.22452384233474731
7864320,414.953,eval/episode_reward/forward,365.972412109375
7864320,414.953,eval/episode_reward/joint,-0.05845634639263153
7864320,414.953,eval/episode_reward/orient,-33.817588806152344
7864320,414.953,eval/episode_reward/total,331.871826171875
7864320,414.953,eval/episode_state/forward_vel,12.609003067016602
7864320,414.953,eval/episode_state/up_z,920.9708251953125
7864320,414.953,eval/episode_reward_std,121.82894134521484
7864320,414.953,eval/episode_reward/ctrl_std,0.0017207355704158545
7864320,414.953,eval/episode_reward/forward_std,19.00968360900879
7864320,414.953,eval/episode_reward/joint_std,0.0038920333608984947
7864320,414.953,eval/episode_reward/orient_std,126.63214874267578
7864320,414.953,eval/episode_reward/total_std,121.82894134521484
7864320,414.953,eval/episode_state/forward_vel_std,12.27946949005127
7864320,414.953,eval/episode_state/up_z_std,75.86470794677734
7864320,414.953,eval/avg_episode_length,1000.0
7864320,414.953,eval/std_episode_length,0.0
7864320,414.953,eval/epoch_eval_time,7.644192695617676
7864320,414.953,eval/sps,4186.184372137193
8388608,426.944,episode/sps,26659.3862430902
8388608,426.944,episode/length,1000.0
8388608,426.944,episode/reward/ctrl,-0.2243768736720085
8388608,426.944,episode/reward/forward,357.90206756591795
8388608,426.944,episode/reward/joint,-0.057314629480242726
8388608,426.944,episode/reward/orient,-38.502597435712815
8388608,426.944,episode/reward/total,319.1177653503418
8388608,426.944,episode/state/forward_vel,7.532252873778344
8388608,426.944,episode/state/up_z,912.7797265434265
8388608,426.944,episode/sum_reward,319.1177653503418
8388608,426.944,episode/entropy_loss,-0.1153706207871437
8388608,426.944,episode/kl_mean,0.004346848333370872
8388608,426.944,episode/learning_rate,0.0003000000142492354
8388608,426.944,episode/policy_dist_max_loc,1.0474418979883193
8388608,426.944,episode/policy_dist_max_std,1.324445674419403
8388608,426.944,episode/policy_dist_mean_loc,-0.03130922123789787
8388608,426.944,episode/policy_dist_mean_std,0.7114445185661316
8388608,426.944,episode/policy_dist_min_loc,-0.7918841528892517
8388608,426.944,episode/policy_dist_min_std,0.3601250717043877
8388608,426.944,episode/policy_loss,-0.0019867636117851363
8388608,426.944,episode/total_loss,7.686467533111572
8388608,426.944,episode/v_loss,7.803824877738952
8388608,434.662,eval/walltime,174.96299076080322
8388608,434.662,training/sps,43673.03489611369
8388608,434.662,training/walltime,237.77777743339539
8388608,434.662,training/entropy_loss,-0.11544285714626312
8388608,434.662,training/kl_mean,0.003474308643490076
8388608,434.662,training/learning_rate,0.0003000000142492354
8388608,434.662,training/policy_dist_max_loc,1.110655426979065
8388608,434.662,training/policy_dist_max_std,1.2787392139434814
8388608,434.662,training/policy_dist_mean_loc,-0.03144315257668495
8388608,434.662,training/policy_dist_mean_std,0.7136076092720032
8388608,434.662,training/policy_dist_min_loc,-0.773281455039978
8388608,434.662,training/policy_dist_min_std,0.36226898431777954
8388608,434.662,training/policy_loss,-0.0015388000756502151
8388608,434.662,training/total_loss,7.763940811157227
8388608,434.662,training/v_loss,7.880922317504883
8388608,434.662,eval/episode_reward,358.050048828125
8388608,434.662,eval/episode_reward/ctrl,-0.22598084807395935
8388608,434.662,eval/episode_reward/forward,363.30322265625
8388608,434.662,eval/episode_reward/joint,-0.063939668238163
8388608,434.662,eval/episode_reward/orient,-4.963265419006348
8388608,434.662,eval/episode_reward/total,358.050048828125
8388608,434.662,eval/episode_state/forward_vel,10.80378532409668
8388608,434.662,eval/episode_state/up_z,938.6837158203125
8388608,434.662,eval/episode_reward_std,19.882715225219727
8388608,434.662,eval/episode_reward/ctrl_std,0.0013624471612274647
8388608,434.662,eval/episode_reward/forward_std,19.599994659423828
8388608,434.662,eval/episode_reward/joint_std,0.004577328450977802
8388608,434.662,eval/episode_reward/orient_std,1.2317808866500854
8388608,434.662,eval/episode_reward/total_std,19.882715225219727
8388608,434.662,eval/episode_state/forward_vel_std,12.15354061126709
8388608,434.662,eval/episode_state/up_z_std,7.5919365882873535
8388608,434.662,eval/avg_episode_length,1000.0
8388608,434.662,eval/std_episode_length,0.0
8388608,434.662,eval/epoch_eval_time,7.685541152954102
8388608,434.662,eval/sps,4163.662566259257
8912896,446.802,episode/sps,26401.452110669237
8912896,446.802,episode/length,1000.0
8912896,446.802,episode/reward/ctrl,-0.22551245257258415
8912896,446.802,episode/reward/forward,365.0443997192383
8912896,446.802,episode/reward/joint,-0.06096044223755598
8912896,446.802,episode/reward/orient,-5.527531137466431
8912896,446.802,episode/reward/total,359.2304022216797
8912896,446.802,episode/state/forward_vel,11.889310133606195
8912896,446.802,episode/state/up_z,939.2774243164063
8912896,446.802,episode/sum_reward,359.2304022216797
8912896,446.802,episode/entropy_loss,-0.11545994997024536
8912896,446.802,episode/kl_mean,0.004194136199075728
8912896,446.802,episode/learning_rate,0.0003000000142492354
8912896,446.802,episode/policy_dist_max_loc,1.0957502597570419
8912896,446.802,episode/policy_dist_max_std,1.319975390434265
8912896,446.802,episode/policy_dist_mean_loc,-0.031544932648539546
8912896,446.802,episode/policy_dist_mean_std,0.7140077733993531
8912896,446.802,episode/policy_dist_min_loc,-0.7667043775320053
8912896,446.802,episode/policy_dist_min_std,0.3557302072644234
8912896,446.802,episode/policy_loss,-0.001786542922782246
8912896,446.802,episode/total_loss,6.862493612766266
8912896,446.802,episode/v_loss,6.979740068912506
8912896,454.522,eval/walltime,182.6510043144226
8912896,454.522,training/sps,43133.934895672784
8912896,454.522,training/walltime,249.93266201019287
8912896,454.522,training/entropy_loss,-0.11559706181287766
8912896,454.522,training/kl_mean,0.004136312752962112
8912896,454.522,training/learning_rate,0.0003000000142492354
8912896,454.522,training/policy_dist_max_loc,1.1271798610687256
8912896,454.522,training/policy_dist_max_std,1.3571231365203857
8912896,454.522,training/policy_dist_mean_loc,-0.03067144751548767
8912896,454.522,training/policy_dist_mean_std,0.7169516086578369
8912896,454.522,training/policy_dist_min_loc,-0.7245256900787354
8912896,454.522,training/policy_dist_min_std,0.3594098389148712
8912896,454.522,training/policy_loss,-0.0014759977348148823
8912896,454.522,training/total_loss,6.526878833770752
8912896,454.522,training/v_loss,6.643951416015625
8912896,454.522,eval/episode_reward,367.0878601074219
8912896,454.522,eval/episode_reward/ctrl,-0.22667399048805237
8912896,454.522,eval/episode_reward/forward,371.9820861816406
8912896,454.522,eval/episode_reward/joint,-0.06150314211845398
8912896,454.522,eval/episode_reward/orient,-4.606040000915527
8912896,454.522,eval/episode_reward/total,367.0878601074219
8912896,454.522,eval/episode_state/forward_vel,15.972021102905273
8912896,454.522,eval/episode_state/up_z,940.72607421875
8912896,454.522,eval/episode_reward_std,18.380767822265625
8912896,454.522,eval/episode_reward/ctrl_std,0.0013113182503730059
8912896,454.522,eval/episode_reward/forward_std,18.53708267211914
8912896,454.522,eval/episode_reward/joint_std,0.004607683047652245
8912896,454.522,eval/episode_reward/orient_std,1.1342594623565674
8912896,454.522,eval/episode_reward/total_std,18.380767822265625
8912896,454.522,eval/episode_state/forward_vel_std,11.481839179992676
8912896,454.522,eval/episode_state/up_z_std,7.642627716064453
8912896,454.522,eval/avg_episode_length,1000.0
8912896,454.522,eval/std_episode_length,0.0
8912896,454.522,eval/epoch_eval_time,7.688013553619385
8912896,454.522,eval/sps,4162.323567306271
9437184,466.542,episode/sps,26560.497638670775
9437184,466.542,episode/length,1000.0
9437184,466.542,episode/reward/ctrl,-0.2268372032046318
9437184,466.542,episode/reward/forward,367.4110888671875
9437184,466.542,episode/reward/joint,-0.06287250440567732
9437184,466.542,episode/reward/orient,-8.869379804134368
9437184,466.542,episode/reward/total,358.2519549560547
9437184,466.542,episode/state/forward_vel,13.016273308247328
9437184,466.542,episode/state/up_z,935.8877606201172
9437184,466.542,episode/sum_reward,358.2519549560547
9437184,466.542,episode/entropy_loss,-0.11557774931192398
9437184,466.542,episode/kl_mean,0.004070172427454963
9437184,466.542,episode/learning_rate,0.0003000000142492354
9437184,466.542,episode/policy_dist_max_loc,1.1376456260681151
9437184,466.542,episode/policy_dist_max_std,1.3152249813079835
9437184,466.542,episode/policy_dist_mean_loc,-0.030391377434134483
9437184,466.542,episode/policy_dist_mean_std,0.7164645248651504
9437184,466.542,episode/policy_dist_min_loc,-0.7596469980478286
9437184,466.542,episode/policy_dist_min_std,0.3621784916520119
9437184,466.542,episode/policy_loss,-0.0017650545309879817
9437184,466.542,episode/total_loss,6.281634947061539
9437184,466.542,episode/v_loss,6.398977741599083
9437184,474.335,eval/walltime,190.4109628200531
9437184,474.335,training/sps,43565.83856957212
9437184,474.335,training/walltime,261.9670453071594
9437184,474.335,training/entropy_loss,-0.11572349071502686
9437184,474.335,training/kl_mean,0.004384573083370924
9437184,474.335,training/learning_rate,0.0003000000142492354
9437184,474.335,training/policy_dist_max_loc,1.1772387027740479
9437184,474.335,training/policy_dist_max_std,1.3076918125152588
9437184,474.335,training/policy_dist_mean_loc,-0.028867876157164574
9437184,474.335,training/policy_dist_mean_std,0.7193037271499634
9437184,474.335,training/policy_dist_min_loc,-0.772661566734314
9437184,474.335,training/policy_dist_min_std,0.3662443161010742
9437184,474.335,training/policy_loss,-0.002082140650600195
9437184,474.335,training/total_loss,4.487209320068359
9437184,474.335,training/v_loss,4.605014801025391
9437184,474.335,eval/episode_reward,371.2547607421875
9437184,474.335,eval/episode_reward/ctrl,-0.2274550199508667
9437184,474.335,eval/episode_reward/forward,376.77032470703125
9437184,474.335,eval/episode_reward/joint,-0.062246669083833694
9437184,474.335,eval/episode_reward/orient,-5.225870132446289
9437184,474.335,eval/episode_reward/total,371.2547607421875
9437184,474.335,eval/episode_state/forward_vel,19.257320404052734
9437184,474.335,eval/episode_state/up_z,940.626953125
9437184,474.335,eval/episode_reward_std,18.27657699584961
9437184,474.335,eval/episode_reward/ctrl_std,0.0016790536465123296
9437184,474.335,eval/episode_reward/forward_std,19.168617248535156
9437184,474.335,eval/episode_reward/joint_std,0.00491238571703434
9437184,474.335,eval/episode_reward/orient_std,2.665501117706299
9437184,474.335,eval/episode_reward/total_std,18.27657699584961
9437184,474.335,eval/episode_state/forward_vel_std,12.519670486450195
9437184,474.335,eval/episode_state/up_z_std,10.24068546295166
9437184,474.335,eval/avg_episode_length,1000.0
9437184,474.335,eval/std_episode_length,0.0
9437184,474.335,eval/epoch_eval_time,7.759958505630493
9437184,474.335,eval/sps,4123.733390685188
9961472,486.443,episode/sps,26343.877922383675
9961472,486.443,episode/length,1000.0
9961472,486.443,episode/reward/ctrl,-0.22711581483483315
9961472,486.443,episode/reward/forward,373.5929580688477
9961472,486.443,episode/reward/joint,-0.06151693504303694
9961472,486.443,episode/reward/orient,-26.48759666323662
9961472,486.443,episode/reward/total,346.81671447753905
9961472,486.443,episode/state/forward_vel,17.09115389406681
9961472,486.443,episode/state/up_z,929.2544589233398
9961472,486.443,episode/sum_reward,346.81671447753905
9961472,486.443,episode/entropy_loss,-0.11572444632649422
9961472,486.443,episode/kl_mean,0.003939802969689481
9961472,486.443,episode/learning_rate,0.0003000000142492354
9961472,486.443,episode/policy_dist_max_loc,1.176196563243866
9961472,486.443,episode/policy_dist_max_std,1.32997722864151
9961472,486.443,episode/policy_dist_mean_loc,-0.029553382620215417
9961472,486.443,episode/policy_dist_mean_std,0.7188198226690292
9961472,486.443,episode/policy_dist_min_loc,-0.7461121028661728
9961472,486.443,episode/policy_dist_min_std,0.3571498012542725
9961472,486.443,episode/policy_loss,-0.0016123453038744628
9961472,486.443,episode/total_loss,5.681899372339249
9961472,486.443,episode/v_loss,5.799236152768135
9961472,494.265,eval/walltime,198.20597505569458
9961472,494.265,training/sps,43261.194966071205
9961472,494.265,training/walltime,274.08617424964905
9961472,494.265,training/entropy_loss,-0.1159016489982605
9961472,494.265,training/kl_mean,0.0030106226913630962
9961472,494.265,training/learning_rate,0.0003000000142492354
9961472,494.265,training/policy_dist_max_loc,1.2259936332702637
9961472,494.265,training/policy_dist_max_std,1.3269500732421875
9961472,494.265,training/policy_dist_mean_loc,-0.028777003288269043
9961472,494.265,training/policy_dist_mean_std,0.7206354737281799
9961472,494.265,training/policy_dist_min_loc,-0.736478328704834
9961472,494.265,training/policy_dist_min_std,0.3476257622241974
9961472,494.265,training/policy_loss,-0.0011252895928919315
9961472,494.265,training/total_loss,5.7980146408081055
9961472,494.265,training/v_loss,5.915040969848633
9961472,494.265,eval/episode_reward,367.9278564453125
9961472,494.265,eval/episode_reward/ctrl,-0.2288881540298462
9961472,494.265,eval/episode_reward/forward,373.34930419921875
9961472,494.265,eval/episode_reward/joint,-0.06273388117551804
9961472,494.265,eval/episode_reward/orient,-5.129850387573242
9961472,494.265,eval/episode_reward/total,367.9278564453125
9961472,494.265,eval/episode_state/forward_vel,17.207666397094727
9961472,494.265,eval/episode_state/up_z,938.8351440429688
9961472,494.265,eval/episode_reward_std,16.6471004486084
9961472,494.265,eval/episode_reward/ctrl_std,0.001582849072292447
9961472,494.265,eval/episode_reward/forward_std,16.237010955810547
9961472,494.265,eval/episode_reward/joint_std,0.00556688429787755
9961472,494.265,eval/episode_reward/orient_std,1.9527521133422852
9961472,494.265,eval/episode_reward/total_std,16.6471004486084
9961472,494.265,eval/episode_state/forward_vel_std,9.738757133483887
9961472,494.265,eval/episode_state/up_z_std,10.36713695526123
9961472,494.265,eval/avg_episode_length,1000.0
9961472,494.265,eval/std_episode_length,0.0
9961472,494.265,eval/epoch_eval_time,7.7950122356414795
9961472,494.265,eval/sps,4105.189194403696
10485760,506.389,episode/sps,26284.983588907107
10485760,506.389,episode/length,1000.0
10485760,506.389,episode/reward/ctrl,-0.22770703196525574
10485760,506.389,episode/reward/forward,376.33022552490235
10485760,506.389,episode/reward/joint,-0.06234512183815241
10485760,506.389,episode/reward/orient,-11.458273758888245
10485760,506.389,episode/reward/total,364.58189361572266
10485760,506.389,episode/state/forward_vel,18.53782645344734
10485760,506.389,episode/state/up_z,936.8684600830078
10485760,506.389,episode/sum_reward,364.58189361572266
10485760,506.389,episode/entropy_loss,-0.11585997112095356
10485760,506.389,episode/kl_mean,0.003624133533157874
10485760,506.389,episode/learning_rate,0.0003000000142492354
10485760,506.389,episode/policy_dist_max_loc,1.2202735787630081
10485760,506.389,episode/policy_dist_max_std,1.3268050098419188
10485760,506.389,episode/policy_dist_mean_loc,-0.029814084209501743
10485760,506.389,episode/policy_dist_mean_std,0.7212980645895004
10485760,506.389,episode/policy_dist_min_loc,-0.7485540080070495
10485760,506.389,episode/policy_dist_min_std,0.35020281076431276
10485760,506.389,episode/policy_loss,-0.0016816255211597308
10485760,506.389,episode/total_loss,4.570978007316589
10485760,506.389,episode/v_loss,4.688519589304924
10485760,514.246,eval/walltime,206.03050804138184
10485760,514.246,training/sps,43192.662053893655
10485760,514.246,training/walltime,286.22453236579895
10485760,514.246,training/entropy_loss,-0.1159791648387909
10485760,514.246,training/kl_mean,0.0032850182615220547
10485760,514.246,training/learning_rate,0.0003000000142492354
10485760,514.246,training/policy_dist_max_loc,1.2703354358673096
10485760,514.246,training/policy_dist_max_std,1.3383533954620361
10485760,514.246,training/policy_dist_mean_loc,-0.03182297945022583
10485760,514.246,training/policy_dist_mean_std,0.7243027687072754
10485760,514.246,training/policy_dist_min_loc,-0.7400591373443604
10485760,514.246,training/policy_dist_min_std,0.33410903811454773
10485760,514.246,training/policy_loss,-0.0017352215945720673
10485760,514.246,training/total_loss,3.1815338134765625
10485760,514.246,training/v_loss,3.299247980117798
10485760,514.246,eval/episode_reward,368.0538635253906
10485760,514.246,eval/episode_reward/ctrl,-0.22900506854057312
10485760,514.246,eval/episode_reward/forward,374.0408020019531
10485760,514.246,eval/episode_reward/joint,-0.06484576314687729
10485760,514.246,eval/episode_reward/orient,-5.6930694580078125
10485760,514.246,eval/episode_reward/total,368.0538635253906
10485760,514.246,eval/episode_state/forward_vel,17.155963897705078
10485760,514.246,eval/episode_state/up_z,935.2861328125
10485760,514.246,eval/episode_reward_std,28.744922637939453
10485760,514.246,eval/episode_reward/ctrl_std,0.0017476433422416449
10485760,514.246,eval/episode_reward/forward_std,27.922090530395508
10485760,514.246,eval/episode_reward/joint_std,0.005021780729293823
10485760,514.246,eval/episode_reward/orient_std,1.8208478689193726
10485760,514.246,eval/episode_reward/total_std,28.744922637939453
10485760,514.246,eval/episode_state/forward_vel_std,16.836816787719727
10485760,514.246,eval/episode_state/up_z_std,8.170933723449707
10485760,514.246,eval/avg_episode_length,1000.0
10485760,514.246,eval/std_episode_length,0.0
10485760,514.246,eval/epoch_eval_time,7.824532985687256
10485760,514.246,eval/sps,4089.7009519334692
11010048,526.337,episode/sps,26282.62709768317
11010048,526.337,episode/length,1000.0
11010048,526.337,episode/reward/ctrl,-0.22890732914209366
11010048,526.337,episode/reward/forward,375.15223876953127
11010048,526.337,episode/reward/joint,-0.06350623778998851
11010048,526.337,episode/reward/orient,-25.85307494878769
11010048,526.337,episode/reward/total,349.0067680358887
11010048,526.337,episode/state/forward_vel,18.0182670044899
11010048,526.337,episode/state/up_z,927.6086529541016
11010048,526.337,episode/sum_reward,349.0067680358887
11010048,526.337,episode/entropy_loss,-0.1160073808580637
11010048,526.337,episode/kl_mean,0.00313285199314123
11010048,526.337,episode/learning_rate,0.0003000000142492354
11010048,526.337,episode/policy_dist_max_loc,1.2146476846933365
11010048,526.337,episode/policy_dist_max_std,1.311530350446701
11010048,526.337,episode/policy_dist_mean_loc,-0.030338360760360956
11010048,526.337,episode/policy_dist_mean_std,0.72359728038311
11010048,526.337,episode/policy_dist_min_loc,-0.7414658033847809
11010048,526.337,episode/policy_dist_min_std,0.34687032759189607
11010048,526.337,episode/policy_loss,-0.0015188576377113349
11010048,526.337,episode/total_loss,4.395980728268623
11010048,526.337,episode/v_loss,4.513506944179535
11010048,534.118,eval/walltime,213.78013110160828
11010048,534.118,training/sps,43311.94182403074
11010048,534.118,training/walltime,298.329461812973
11010048,534.118,training/entropy_loss,-0.11619883030653
11010048,534.118,training/kl_mean,0.002730992389842868
11010048,534.118,training/learning_rate,0.0003000000142492354
11010048,534.118,training/policy_dist_max_loc,1.139997124671936
11010048,534.118,training/policy_dist_max_std,1.2733485698699951
11010048,534.118,training/policy_dist_mean_loc,-0.030597999691963196
11010048,534.118,training/policy_dist_mean_std,0.7263319492340088
11010048,534.118,training/policy_dist_min_loc,-0.7421376705169678
11010048,534.118,training/policy_dist_min_std,0.3559495508670807
11010048,534.118,training/policy_loss,-0.0014797741314396262
11010048,534.118,training/total_loss,4.04193115234375
11010048,534.118,training/v_loss,4.159609794616699
11010048,534.118,eval/episode_reward,372.21044921875
11010048,534.118,eval/episode_reward/ctrl,-0.2302427440881729
11010048,534.118,eval/episode_reward/forward,378.0821533203125
11010048,534.118,eval/episode_reward/joint,-0.06298176944255829
11010048,534.118,eval/episode_reward/orient,-5.578493118286133
11010048,534.118,eval/episode_reward/total,372.21044921875
11010048,534.118,eval/episode_state/forward_vel,19.814861297607422
11010048,534.118,eval/episode_state/up_z,935.7315673828125
11010048,534.118,eval/episode_reward_std,22.3559513092041
11010048,534.118,eval/episode_reward/ctrl_std,0.0018487556371837854
11010048,534.118,eval/episode_reward/forward_std,22.05573081970215
11010048,534.118,eval/episode_reward/joint_std,0.005019483622163534
11010048,534.118,eval/episode_reward/orient_std,2.152045726776123
11010048,534.118,eval/episode_reward/total_std,22.3559513092041
11010048,534.118,eval/episode_state/forward_vel_std,13.6155424118042
11010048,534.118,eval/episode_state/up_z_std,9.506497383117676
11010048,534.118,eval/avg_episode_length,1000.0
11010048,534.118,eval/std_episode_length,0.0
11010048,534.118,eval/epoch_eval_time,7.74962306022644
11010048,534.118,eval/sps,4129.233093185435
11534336,546.261,episode/sps,26314.4248832445
11534336,546.261,episode/length,1000.0
11534336,546.261,episode/reward/ctrl,-0.22938691988587379
11534336,546.261,episode/reward/forward,373.75001922607424
11534336,546.261,episode/reward/joint,-0.0627145978063345
11534336,546.261,episode/reward/orient,-33.00185866355896
11534336,546.261,episode/reward/total,340.45607791900636
11534336,546.261,episode/state/forward_vel,17.278768458366393
11534336,546.261,episode/state/up_z,919.7422124481201
11534336,546.261,episode/sum_reward,340.45607791900636
11534336,546.261,episode/entropy_loss,-0.11618075609207153
11534336,546.261,episode/kl_mean,0.002981770764454268
11534336,546.261,episode/learning_rate,0.0003000000142492354
11534336,546.261,episode/policy_dist_max_loc,1.2062874162197113
11534336,546.261,episode/policy_dist_max_std,1.318330978155136
11534336,546.261,episode/policy_dist_mean_loc,-0.032366824131459
11534336,546.261,episode/policy_dist_mean_std,0.7266849899291992
11534336,546.261,episode/policy_dist_min_loc,-0.7687297481298446
11534336,546.261,episode/policy_dist_min_std,0.34712515950202943
11534336,546.261,episode/policy_loss,-0.0016417901561362669
11534336,546.261,episode/total_loss,3.9391799622774126
11534336,546.261,episode/v_loss,4.057002503871917
11534336,554.096,eval/walltime,221.58474946022034
11534336,554.096,training/sps,43129.48923519731
11534336,554.096,training/walltime,310.4855992794037
11534336,554.096,training/entropy_loss,-0.11639977991580963
11534336,554.096,training/kl_mean,0.002689407207071781
11534336,554.096,training/learning_rate,0.0003000000142492354
11534336,554.096,training/policy_dist_max_loc,1.2096517086029053
11534336,554.096,training/policy_dist_max_std,1.3443659543991089
11534336,554.096,training/policy_dist_mean_loc,-0.035105105489492416
11534336,554.096,training/policy_dist_mean_std,0.7299166321754456
11534336,554.096,training/policy_dist_min_loc,-0.8267987966537476
11534336,554.096,training/policy_dist_min_std,0.3512171506881714
11534336,554.096,training/policy_loss,-0.0016675791703164577
11534336,554.096,training/total_loss,4.384018898010254
11534336,554.096,training/v_loss,4.502086162567139
11534336,554.096,eval/episode_reward,375.8671569824219
11534336,554.096,eval/episode_reward/ctrl,-0.23097744584083557
11534336,554.096,eval/episode_reward/forward,382.5834045410156
11534336,554.096,eval/episode_reward/joint,-0.061782196164131165
11534336,554.096,eval/episode_reward/orient,-6.423588752746582
11534336,554.096,eval/episode_reward/total,375.8671569824219
11534336,554.096,eval/episode_state/forward_vel,22.322050094604492
11534336,554.096,eval/episode_state/up_z,933.9393310546875
11534336,554.096,eval/episode_reward_std,20.559598922729492
11534336,554.096,eval/episode_reward/ctrl_std,0.0017948218155652285
11534336,554.096,eval/episode_reward/forward_std,17.207759857177734
11534336,554.096,eval/episode_reward/joint_std,0.005258551333099604
11534336,554.096,eval/episode_reward/orient_std,6.057288646697998
11534336,554.096,eval/episode_reward/total_std,20.559598922729492
11534336,554.096,eval/episode_state/forward_vel_std,10.58298397064209
11534336,554.096,eval/episode_state/up_z_std,10.25518798828125
11534336,554.096,eval/avg_episode_length,1000.0
11534336,554.096,eval/std_episode_length,0.0
11534336,554.096,eval/epoch_eval_time,7.8046183586120605
11534336,554.096,eval/sps,4100.136423030778
12058624,566.220,episode/sps,26268.990935110265
12058624,566.220,episode/length,1000.0
12058624,566.220,episode/reward/ctrl,-0.23081989839673042
12058624,566.220,episode/reward/forward,376.03141540527344
12058624,566.220,episode/reward/joint,-0.06209918819367886
12058624,566.220,episode/reward/orient,-5.6846585988998415
12058624,566.220,episode/reward/total,370.05385345458984
12058624,566.220,episode/state/forward_vel,18.484171487390995
12058624,566.220,episode/state/up_z,935.279263305664
12058624,566.220,episode/sum_reward,370.05385345458984
12058624,566.220,episode/entropy_loss,-0.11637837775051593
12058624,566.220,episode/kl_mean,0.0026995135995093733
12058624,566.220,episode/learning_rate,0.0003000000142492354
12058624,566.220,episode/policy_dist_max_loc,1.161127051115036
12058624,566.220,episode/policy_dist_max_std,1.30787052154541
12058624,566.220,episode/policy_dist_mean_loc,-0.03493650401011109
12058624,566.220,episode/policy_dist_mean_std,0.7293674325942994
12058624,566.220,episode/policy_dist_min_loc,-0.7803037703037262
12058624,566.220,episode/policy_dist_min_std,0.3499338322877884
12058624,566.220,episode/policy_loss,-0.0014461808235500938
12058624,566.220,episode/total_loss,4.177590863108635
12058624,566.220,episode/v_loss,4.295415427684784
12058624,573.954,eval/walltime,229.28828382492065
12058624,573.954,training/sps,43199.15822354367
12058624,573.954,training/walltime,322.622132062912
12058624,573.954,training/entropy_loss,-0.1165848895907402
12058624,573.954,training/kl_mean,0.002526327036321163
12058624,573.954,training/learning_rate,0.0003000000142492354
12058624,573.954,training/policy_dist_max_loc,1.1271588802337646
12058624,573.954,training/policy_dist_max_std,1.3084328174591064
12058624,573.954,training/policy_dist_mean_loc,-0.03960587829351425
12058624,573.954,training/policy_dist_mean_std,0.732474148273468
12058624,573.954,training/policy_dist_min_loc,-0.7775953412055969
12058624,573.954,training/policy_dist_min_std,0.34394121170043945
12058624,573.954,training/policy_loss,-0.0009778174571692944
12058624,573.954,training/total_loss,4.322312355041504
12058624,573.954,training/v_loss,4.439874649047852
12058624,573.954,eval/episode_reward,324.635498046875
12058624,573.954,eval/episode_reward/ctrl,-0.23211276531219482
12058624,573.954,eval/episode_reward/forward,375.9373474121094
12058624,573.954,eval/episode_reward/joint,-0.06207461655139923
12058624,573.954,eval/episode_reward/orient,-51.00771713256836
12058624,573.954,eval/episode_reward/total,324.635498046875
12058624,573.954,eval/episode_state/forward_vel,18.66946029663086
12058624,573.954,eval/episode_state/up_z,909.119873046875
12058624,573.954,eval/episode_reward_std,249.8003387451172
12058624,573.954,eval/episode_reward/ctrl_std,0.0015705403639003634
12058624,573.954,eval/episode_reward/forward_std,25.785154342651367
12058624,573.954,eval/episode_reward/joint_std,0.006464093923568726
12058624,573.954,eval/episode_reward/orient_std,239.5983123779297
12058624,573.954,eval/episode_reward/total_std,249.8003387451172
12058624,573.954,eval/episode_state/forward_vel_std,15.701671600341797
12058624,573.954,eval/episode_state/up_z_std,129.82460021972656
12058624,573.954,eval/avg_episode_length,1000.0
12058624,573.954,eval/std_episode_length,0.0
12058624,573.954,eval/epoch_eval_time,7.703534364700317
12058624,573.954,eval/sps,4153.937463644308
12582912,586.066,episode/sps,26417.476387920917
12582912,586.066,episode/length,1000.0
12582912,586.066,episode/reward/ctrl,-0.2318928523361683
12582912,586.066,episode/reward/forward,378.1214129638672
12582912,586.066,episode/reward/joint,-0.062243434228003026
12582912,586.066,episode/reward/orient,-33.40258218765259
12582912,586.066,episode/reward/total,344.42473236083987
12582912,586.066,episode/state/forward_vel,20.289008362293245
12582912,586.066,episode/state/up_z,919.8020416736603
12582912,586.066,episode/sum_reward,344.42473236083987
12582912,586.066,episode/entropy_loss,-0.11651419326663018
12582912,586.066,episode/kl_mean,0.002680636750883423
12582912,586.066,episode/learning_rate,0.0003000000142492354
12582912,586.066,episode/policy_dist_max_loc,1.1738629782199859
12582912,586.066,episode/policy_dist_max_std,1.3228989279270171
12582912,586.066,episode/policy_dist_mean_loc,-0.04004010431468487
12582912,586.066,episode/policy_dist_mean_std,0.7327551758289337
12582912,586.066,episode/policy_dist_min_loc,-0.7972806066274643
12582912,586.066,episode/policy_dist_min_std,0.34847685337066653
12582912,586.066,episode/policy_loss,-0.001347248747770209
12582912,586.066,episode/total_loss,4.170356967449188
12582912,586.066,episode/v_loss,4.288218396902084
12582912,593.869,eval/walltime,237.05869960784912
12582912,593.869,training/sps,43234.525998932106
12582912,593.869,training/walltime,334.74873661994934
12582912,593.869,training/entropy_loss,-0.11658217757940292
12582912,593.869,training/kl_mean,0.002622979925945401
12582912,593.869,training/learning_rate,0.0003000000142492354
12582912,593.869,training/policy_dist_max_loc,1.1958699226379395
12582912,593.869,training/policy_dist_max_std,1.3259856700897217
12582912,593.869,training/policy_dist_mean_loc,-0.04655779153108597
12582912,593.869,training/policy_dist_mean_std,0.7364794015884399
12582912,593.869,training/policy_dist_min_loc,-0.7964375019073486
12582912,593.869,training/policy_dist_min_std,0.3521411716938019
12582912,593.869,training/policy_loss,-0.0012252092128619552
12582912,593.869,training/total_loss,3.828009843826294
12582912,593.869,training/v_loss,3.945817232131958
12582912,593.869,eval/episode_reward,382.89044189453125
12582912,593.869,eval/episode_reward/ctrl,-0.23392431437969208
12582912,593.869,eval/episode_reward/forward,388.092529296875
12582912,593.869,eval/episode_reward/joint,-0.06374900043010712
12582912,593.869,eval/episode_reward/orient,-4.904361724853516
12582912,593.869,eval/episode_reward/total,382.89044189453125
12582912,593.869,eval/episode_state/forward_vel,26.420459747314453
12582912,593.869,eval/episode_state/up_z,939.4739379882812
12582912,593.869,eval/episode_reward_std,20.62207794189453
12582912,593.869,eval/episode_reward/ctrl_std,0.0015499587170779705
12582912,593.869,eval/episode_reward/forward_std,20.16546630859375
12582912,593.869,eval/episode_reward/joint_std,0.005460610147565603
12582912,593.869,eval/episode_reward/orient_std,1.3433247804641724
12582912,593.869,eval/episode_reward/total_std,20.62207794189453
12582912,593.869,eval/episode_state/forward_vel_std,13.05083179473877
12582912,593.869,eval/episode_state/up_z_std,7.941011428833008
12582912,593.869,eval/avg_episode_length,1000.0
12582912,593.869,eval/std_episode_length,0.0
12582912,593.869,eval/epoch_eval_time,7.770415782928467
12582912,593.869,eval/sps,4118.183748970513
13107200,605.920,episode/sps,26407.931096232198
13107200,605.920,episode/length,1000.0
13107200,605.920,episode/reward/ctrl,-0.23341187328100205
13107200,605.920,episode/reward/forward,376.96989288330076
13107200,605.920,episode/reward/joint,-0.06325737144798041
13107200,605.920,episode/reward/orient,-6.2070888018608095
13107200,605.920,episode/reward/total,370.46616516113284
13107200,605.920,episode/state/forward_vel,19.311388098299503
13107200,605.920,episode/state/up_z,933.7988397216797
13107200,605.920,episode/sum_reward,370.46616516113284
13107200,605.920,episode/entropy_loss,-0.11660833105444908
13107200,605.920,episode/kl_mean,0.002701876551436726
13107200,605.920,episode/learning_rate,0.0003000000142492354
13107200,605.920,episode/policy_dist_max_loc,1.1761875867843627
13107200,605.920,episode/policy_dist_max_std,1.32902024269104
13107200,605.920,episode/policy_dist_mean_loc,-0.04550962343811989
13107200,605.920,episode/policy_dist_mean_std,0.7352904099225998
13107200,605.920,episode/policy_dist_min_loc,-0.7965590977668762
13107200,605.920,episode/policy_dist_min_std,0.3473321723937988
13107200,605.920,episode/policy_loss,-0.0011767758222413249
13107200,605.920,episode/total_loss,3.9285059934854507
13107200,605.920,episode/v_loss,4.046291097998619
13107200,613.661,eval/walltime,244.76819705963135
13107200,613.661,training/sps,43456.79508580976
13107200,613.661,training/walltime,346.8133170604706
13107200,613.661,training/entropy_loss,-0.11667679250240326
13107200,613.661,training/kl_mean,0.0026894020847976208
13107200,613.661,training/learning_rate,0.0003000000142492354
13107200,613.661,training/policy_dist_max_loc,1.1984622478485107
13107200,613.661,training/policy_dist_max_std,1.3519463539123535
13107200,613.661,training/policy_dist_mean_loc,-0.051423799246549606
13107200,613.661,training/policy_dist_mean_std,0.737427294254303
13107200,613.661,training/policy_dist_min_loc,-0.8088181018829346
13107200,613.661,training/policy_dist_min_std,0.34523019194602966
13107200,613.661,training/policy_loss,-0.0011394438333809376
13107200,613.661,training/total_loss,3.5402135848999023
13107200,613.661,training/v_loss,3.6580300331115723
13107200,613.661,eval/episode_reward,368.12054443359375
13107200,613.661,eval/episode_reward/ctrl,-0.23526562750339508
13107200,613.661,eval/episode_reward/forward,384.75457763671875
13107200,613.661,eval/episode_reward/joint,-0.06346245855093002
13107200,613.661,eval/episode_reward/orient,-16.33535385131836
13107200,613.661,eval/episode_reward/total,368.12054443359375
13107200,613.661,eval/episode_state/forward_vel,25.619091033935547
13107200,613.661,eval/episode_state/up_z,936.184814453125
13107200,613.661,eval/episode_reward_std,62.39439392089844
13107200,613.661,eval/episode_reward/ctrl_std,0.0016597016947343946
13107200,613.661,eval/episode_reward/forward_std,22.5396785736084
13107200,613.661,eval/episode_reward/joint_std,0.004894433543086052
13107200,613.661,eval/episode_reward/orient_std,63.531211853027344
13107200,613.661,eval/episode_reward/total_std,62.39439392089844
13107200,613.661,eval/episode_state/forward_vel_std,14.814811706542969
13107200,613.661,eval/episode_state/up_z_std,36.911651611328125
13107200,613.661,eval/avg_episode_length,1000.0
13107200,613.661,eval/std_episode_length,0.0
13107200,613.661,eval/epoch_eval_time,7.709497451782227
13107200,613.661,eval/sps,4150.724505733181
13631488,625.737,episode/sps,26455.99401658552
13631488,625.737,episode/length,1000.0
13631488,625.737,episode/reward/ctrl,-0.2344961403310299
13631488,625.737,episode/reward/forward,385.1884637451172
13631488,625.737,episode/reward/joint,-0.06349378444254399
13631488,625.737,episode/reward/orient,-5.348739275932312
13631488,625.737,episode/reward/total,379.54171112060544
13631488,625.737,episode/state/forward_vel,24.71853936612606
13631488,625.737,episode/state/up_z,939.4694805908204
13631488,625.737,episode/sum_reward,379.54171112060544
13631488,625.737,episode/entropy_loss,-0.11663598731160164
13631488,625.737,episode/kl_mean,0.0028100530106166845
13631488,625.737,episode/learning_rate,0.0003000000142492354
13631488,625.737,episode/policy_dist_max_loc,1.1989397370815278
13631488,625.737,episode/policy_dist_max_std,1.3623339176177978
13631488,625.737,episode/policy_dist_mean_loc,-0.049628923647105694
13631488,625.737,episode/policy_dist_mean_std,0.7379663825035095
13631488,625.737,episode/policy_dist_min_loc,-0.8250577378273011
13631488,625.737,episode/policy_dist_min_std,0.35172433316707613
13631488,625.737,episode/policy_loss,-0.0012862815463449806
13631488,625.737,episode/total_loss,3.470974303483963
13631488,625.737,episode/v_loss,3.5888965648412703
13631488,633.543,eval/walltime,252.54823660850525
13631488,633.543,training/sps,43378.441745124466
13631488,633.543,training/walltime,358.89968943595886
13631488,633.543,training/entropy_loss,-0.11666122823953629
13631488,633.543,training/kl_mean,0.0028936159797012806
13631488,633.543,training/learning_rate,0.0003000000142492354
13631488,633.543,training/policy_dist_max_loc,1.2116506099700928
13631488,633.543,training/policy_dist_max_std,1.4114941358566284
13631488,633.543,training/policy_dist_mean_loc,-0.05175839364528656
13631488,633.543,training/policy_dist_mean_std,0.7403881549835205
13631488,633.543,training/policy_dist_min_loc,-0.8717061877250671
13631488,633.543,training/policy_dist_min_std,0.3594004213809967
13631488,633.543,training/policy_loss,-0.0014689946547150612
13631488,633.543,training/total_loss,2.9412875175476074
13631488,633.543,training/v_loss,3.059417724609375
13631488,633.543,eval/episode_reward,342.43896484375
13631488,633.543,eval/episode_reward/ctrl,-0.23631975054740906
13631488,633.543,eval/episode_reward/forward,372.4323425292969
13631488,633.543,eval/episode_reward/joint,-0.06668271124362946
13631488,633.543,eval/episode_reward/orient,-29.690349578857422
13631488,633.543,eval/episode_reward/total,342.43896484375
13631488,633.543,eval/episode_state/forward_vel,16.865327835083008
13631488,633.543,eval/episode_state/up_z,929.7568359375
13631488,633.543,eval/episode_reward_std,149.65829467773438
13631488,633.543,eval/episode_reward/ctrl_std,0.001808438217267394
13631488,633.543,eval/episode_reward/forward_std,26.017044067382812
13631488,633.543,eval/episode_reward/joint_std,0.004554831422865391
13631488,633.543,eval/episode_reward/orient_std,141.74407958984375
13631488,633.543,eval/episode_reward/total_std,149.65829467773438
13631488,633.543,eval/episode_state/forward_vel_std,15.633935928344727
13631488,633.543,eval/episode_state/up_z_std,81.41331481933594
13631488,633.543,eval/avg_episode_length,1000.0
13631488,633.543,eval/std_episode_length,0.0
13631488,633.543,eval/epoch_eval_time,7.780039548873901
13631488,633.543,eval/sps,4113.089631354348
14155776,645.668,episode/sps,26305.50803579515
14155776,645.668,episode/length,1000.0
14155776,645.668,episode/reward/ctrl,-0.2351291871070862
14155776,645.668,episode/reward/forward,380.6298638916016
14155776,645.668,episode/reward/joint,-0.06399292849004269
14155776,645.668,episode/reward/orient,-15.30263993024826
14155776,645.668,episode/reward/total,365.02808044433596
14155776,645.668,episode/state/forward_vel,22.388376946896315
14155776,645.668,episode/state/up_z,936.5666156005859
14155776,645.668,episode/sum_reward,365.02808044433596
14155776,645.668,episode/entropy_loss,-0.11664523243904114
14155776,645.668,episode/kl_mean,0.0024706005876942074
14155776,645.668,episode/learning_rate,0.0003000000142492354
14155776,645.668,episode/policy_dist_max_loc,1.203744522333145
14155776,645.668,episode/policy_dist_max_std,1.3925823187828064
14155776,645.668,episode/policy_dist_mean_loc,-0.0514119990170002
14155776,645.668,episode/policy_dist_mean_std,0.7394793075323105
14155776,645.668,episode/policy_dist_min_loc,-0.8397761642932892
14155776,645.668,episode/policy_dist_min_std,0.3456950730085373
14155776,645.668,episode/policy_loss,-0.0011788330230046995
14155776,645.668,episode/total_loss,4.4180364775657655
14155776,645.668,episode/v_loss,4.535860521197319
14155776,653.440,eval/walltime,260.29057908058167
14155776,653.440,training/sps,43193.670800572174
14155776,653.440,training/walltime,371.0377640724182
14155776,653.440,training/entropy_loss,-0.11660455167293549
14155776,653.440,training/kl_mean,0.0015778510132804513
14155776,653.440,training/learning_rate,0.0003000000142492354
14155776,653.440,training/policy_dist_max_loc,1.1981630325317383
14155776,653.440,training/policy_dist_max_std,1.4188082218170166
14155776,653.440,training/policy_dist_mean_loc,-0.05141681432723999
14155776,653.440,training/policy_dist_mean_std,0.7408109903335571
14155776,653.440,training/policy_dist_min_loc,-0.8331639766693115
14155776,653.440,training/policy_dist_min_std,0.33070695400238037
14155776,653.440,training/policy_loss,-0.0008414851617999375
14155776,653.440,training/total_loss,6.815887451171875
14155776,653.440,training/v_loss,6.933333396911621
14155776,653.440,eval/episode_reward,372.93133544921875
14155776,653.440,eval/episode_reward/ctrl,-0.23728865385055542
14155776,653.440,eval/episode_reward/forward,377.9111328125
14155776,653.440,eval/episode_reward/joint,-0.07027055323123932
14155776,653.440,eval/episode_reward/orient,-4.672153949737549
14155776,653.440,eval/episode_reward/total,372.93133544921875
14155776,653.440,eval/episode_state/forward_vel,21.161834716796875
14155776,653.440,eval/episode_state/up_z,941.576904296875
14155776,653.440,eval/episode_reward_std,25.177932739257812
14155776,653.440,eval/episode_reward/ctrl_std,0.0017085722647607327
14155776,653.440,eval/episode_reward/forward_std,24.586565017700195
14155776,653.440,eval/episode_reward/joint_std,0.003695004153996706
14155776,653.440,eval/episode_reward/orient_std,1.6458498239517212
14155776,653.440,eval/episode_reward/total_std,25.177932739257812
14155776,653.440,eval/episode_state/forward_vel_std,15.540495872497559
14155776,653.440,eval/episode_state/up_z_std,6.6424479484558105
14155776,653.440,eval/avg_episode_length,1000.0
14155776,653.440,eval/std_episode_length,0.0
14155776,653.440,eval/epoch_eval_time,7.742342472076416
14155776,653.440,eval/sps,4133.116058274535
14680064,665.550,episode/sps,26369.874779386577
14680064,665.550,episode/length,1000.0
14680064,665.550,episode/reward/ctrl,-0.23623555824160575
14680064,665.550,episode/reward/forward,373.5023638916016
14680064,665.550,episode/reward/joint,-0.0670643513277173
14680064,665.550,episode/reward/orient,-45.888152871131894
14680064,665.550,episode/reward/total,327.3108750152588
14680064,665.550,episode/state/forward_vel,17.96233870431781
14680064,665.550,episode/state/up_z,920.6852829742431
14680064,665.550,episode/sum_reward,327.3108750152588
14680064,665.550,episode/entropy_loss,-0.11657595828175545
14680064,665.550,episode/kl_mean,0.002454002431331901
14680064,665.550,episode/learning_rate,0.0003000000142492354
14680064,665.550,episode/policy_dist_max_loc,1.228280851840973
14680064,665.550,episode/policy_dist_max_std,1.3980546331405639
14680064,665.550,episode/policy_dist_mean_loc,-0.053892971128225324
14680064,665.550,episode/policy_dist_mean_std,0.7423445612192154
14680064,665.550,episode/policy_dist_min_loc,-0.8574771827459335
14680064,665.550,episode/policy_dist_min_std,0.3387890672683716
14680064,665.550,episode/policy_loss,-0.0012328253488522022
14680064,665.550,episode/total_loss,4.949537163376808
14680064,665.550,episode/v_loss,5.06734593629837
14680064,673.307,eval/walltime,268.01242113113403
14680064,673.307,training/sps,43231.52816944645
14680064,673.307,training/walltime,383.16520953178406
14680064,673.307,training/entropy_loss,-0.11645150184631348
14680064,673.307,training/kl_mean,0.002734686713665724
14680064,673.307,training/learning_rate,0.0003000000142492354
14680064,673.307,training/policy_dist_max_loc,1.2759219408035278
14680064,673.307,training/policy_dist_max_std,1.3701503276824951
14680064,673.307,training/policy_dist_mean_loc,-0.058745402842760086
14680064,673.307,training/policy_dist_mean_std,0.7462717294692993
14680064,673.307,training/policy_dist_min_loc,-0.8698242902755737
14680064,673.307,training/policy_dist_min_std,0.3267345130443573
14680064,673.307,training/policy_loss,-0.00132177141495049
14680064,673.307,training/total_loss,5.219871520996094
14680064,673.307,training/v_loss,5.337645530700684
14680064,673.307,eval/episode_reward,378.299072265625
14680064,673.307,eval/episode_reward/ctrl,-0.23812496662139893
14680064,673.307,eval/episode_reward/forward,382.4835205078125
14680064,673.307,eval/episode_reward/joint,-0.07104706764221191
14680064,673.307,eval/episode_reward/orient,-3.8753206729888916
14680064,673.307,eval/episode_reward/total,378.299072265625
14680064,673.307,eval/episode_state/forward_vel,23.28407096862793
14680064,673.307,eval/episode_state/up_z,943.8675537109375
14680064,673.307,eval/episode_reward_std,28.504718780517578
14680064,673.307,eval/episode_reward/ctrl_std,0.0018161876359954476
14680064,673.307,eval/episode_reward/forward_std,28.140045166015625
14680064,673.307,eval/episode_reward/joint_std,0.0039617824368178844
14680064,673.307,eval/episode_reward/orient_std,0.8618432283401489
14680064,673.307,eval/episode_reward/total_std,28.504718780517578
14680064,673.307,eval/episode_state/forward_vel_std,17.46622085571289
14680064,673.307,eval/episode_state/up_z_std,5.478921890258789
14680064,673.307,eval/avg_episode_length,1000.0
14680064,673.307,eval/std_episode_length,0.0
14680064,673.307,eval/epoch_eval_time,7.721842050552368
14680064,673.307,eval/sps,4144.0889091626705
15204352,685.439,episode/sps,26359.809931434524
15204352,685.439,episode/length,1000.0
15204352,685.439,episode/reward/ctrl,-0.23812291994690896
15204352,685.439,episode/reward/forward,377.92346435546875
15204352,685.439,episode/reward/joint,-0.0703699479997158
15204352,685.439,episode/reward/orient,-33.078306214809416
15204352,685.439,episode/reward/total,344.53669891357424
15204352,685.439,episode/state/forward_vel,21.696004682481288
15204352,685.439,episode/state/up_z,927.3870166015626
15204352,685.439,episode/sum_reward,344.53669891357424
15204352,685.439,episode/entropy_loss,-0.11656056523323059
15204352,685.439,episode/kl_mean,0.002460672458837507
15204352,685.439,episode/learning_rate,0.0003000000142492354
15204352,685.439,episode/policy_dist_max_loc,1.2278211843967437
15204352,685.439,episode/policy_dist_max_std,1.4020848965644837
15204352,685.439,episode/policy_dist_mean_loc,-0.05517575349658728
15204352,685.439,episode/policy_dist_mean_std,0.744872887134552
15204352,685.439,episode/policy_dist_min_loc,-0.8731694155931473
15204352,685.439,episode/policy_dist_min_std,0.3310322540998459
15204352,685.439,episode/policy_loss,-0.0012070728540129493
15204352,685.439,episode/total_loss,5.260413963794708
15204352,685.439,episode/v_loss,5.378181605935096
15204352,693.171,eval/walltime,275.71278285980225
15204352,693.171,training/sps,43164.45659825438
15204352,693.171,training/walltime,395.3114993572235
15204352,693.171,training/entropy_loss,-0.1166178286075592
15204352,693.171,training/kl_mean,0.002794053638353944
15204352,693.171,training/learning_rate,0.0003000000142492354
15204352,693.171,training/policy_dist_max_loc,1.2082030773162842
15204352,693.171,training/policy_dist_max_std,1.4095211029052734
15204352,693.171,training/policy_dist_mean_loc,-0.055879343301057816
15204352,693.171,training/policy_dist_mean_std,0.7481495141983032
15204352,693.171,training/policy_dist_min_loc,-0.9116195440292358
15204352,693.171,training/policy_dist_min_std,0.33243685960769653
15204352,693.171,training/policy_loss,-0.0012747116852551699
15204352,693.171,training/total_loss,4.080654144287109
15204352,693.171,training/v_loss,4.198546886444092
15204352,693.171,eval/episode_reward,371.55859375
15204352,693.171,eval/episode_reward/ctrl,-0.2385806441307068
15204352,693.171,eval/episode_reward/forward,376.404052734375
15204352,693.171,eval/episode_reward/joint,-0.06886514276266098
15204352,693.171,eval/episode_reward/orient,-4.538041114807129
15204352,693.171,eval/episode_reward/total,371.55859375
15204352,693.171,eval/episode_state/forward_vel,19.675395965576172
15204352,693.171,eval/episode_state/up_z,944.2738037109375
15204352,693.171,eval/episode_reward_std,20.573680877685547
15204352,693.171,eval/episode_reward/ctrl_std,0.001986230257898569
15204352,693.171,eval/episode_reward/forward_std,20.740924835205078
15204352,693.171,eval/episode_reward/joint_std,0.005796388257294893
15204352,693.171,eval/episode_reward/orient_std,2.456899404525757
15204352,693.171,eval/episode_reward/total_std,20.573680877685547
15204352,693.171,eval/episode_state/forward_vel_std,13.699727058410645
15204352,693.171,eval/episode_state/up_z_std,10.074390411376953
15204352,693.171,eval/avg_episode_length,1000.0
15204352,693.171,eval/std_episode_length,0.0
15204352,693.171,eval/epoch_eval_time,7.700361728668213
15204352,693.171,eval/sps,4155.648932811166
15728640,705.241,episode/sps,26476.371129414307
15728640,705.241,episode/length,1000.0
15728640,705.241,episode/reward/ctrl,-0.23839023232460022
15728640,705.241,episode/reward/forward,379.48155029296873
15728640,705.241,episode/reward/joint,-0.0709231374412775
15728640,705.241,episode/reward/orient,-21.266374547481536
15728640,705.241,episode/reward/total,357.90590606689454
15728640,705.241,episode/state/forward_vel,21.98135987505317
15728640,705.241,episode/state/up_z,933.7262280273437
15728640,705.241,episode/sum_reward,357.90590606689454
15728640,705.241,episode/entropy_loss,-0.11657887406647205
15728640,705.241,episode/kl_mean,0.003047343065554742
15728640,705.241,episode/learning_rate,0.0003000000142492354
15728640,705.241,episode/policy_dist_max_loc,1.2263496613502503
15728640,705.241,episode/policy_dist_max_std,1.4107998371124268
15728640,705.241,episode/policy_dist_mean_loc,-0.05739721402525902
15728640,705.241,episode/policy_dist_mean_std,0.7481733483076095
15728640,705.241,episode/policy_dist_min_loc,-0.9086598712205887
15728640,705.241,episode/policy_dist_min_std,0.3213617435097694
15728640,705.241,episode/policy_loss,-0.0014025175482674968
15728640,705.241,episode/total_loss,4.622245807647705
15728640,705.241,episode/v_loss,4.7402272206544875
15728640,713.007,eval/walltime,283.45278000831604
15728640,713.007,training/sps,43398.16673699306
15728640,713.007,training/walltime,407.3923783302307
15728640,713.007,training/entropy_loss,-0.11667230725288391
15728640,713.007,training/kl_mean,0.0034691467881202698
15728640,713.007,training/learning_rate,0.0003000000142492354
15728640,713.007,training/policy_dist_max_loc,1.1962158679962158
15728640,713.007,training/policy_dist_max_std,1.4465221166610718
15728640,713.007,training/policy_dist_mean_loc,-0.05796540156006813
15728640,713.007,training/policy_dist_mean_std,0.7507648468017578
15728640,713.007,training/policy_dist_min_loc,-0.9503729939460754
15728640,713.007,training/policy_dist_min_std,0.3032372295856476
15728640,713.007,training/policy_loss,-0.0015676124021410942
15728640,713.007,training/total_loss,4.1594624519348145
15728640,713.007,training/v_loss,4.277702331542969
15728640,713.007,eval/episode_reward,375.0997314453125
15728640,713.007,eval/episode_reward/ctrl,-0.24032002687454224
15728640,713.007,eval/episode_reward/forward,385.6512145996094
15728640,713.007,eval/episode_reward/joint,-0.0725935697555542
15728640,713.007,eval/episode_reward/orient,-10.238541603088379
15728640,713.007,eval/episode_reward/total,375.0997314453125
15728640,713.007,eval/episode_state/forward_vel,26.222457885742188
15728640,713.007,eval/episode_state/up_z,937.9075927734375
15728640,713.007,eval/episode_reward_std,42.22704315185547
15728640,713.007,eval/episode_reward/ctrl_std,0.001878591370768845
15728640,713.007,eval/episode_reward/forward_std,26.806020736694336
15728640,713.007,eval/episode_reward/joint_std,0.004849645774811506
15728640,713.007,eval/episode_reward/orient_std,28.51272964477539
15728640,713.007,eval/episode_reward/total_std,42.22704315185547
15728640,713.007,eval/episode_state/forward_vel_std,17.498388290405273
15728640,713.007,eval/episode_state/up_z_std,20.020103454589844
15728640,713.007,eval/avg_episode_length,1000.0
15728640,713.007,eval/std_episode_length,0.0
15728640,713.007,eval/epoch_eval_time,7.739997148513794
15728640,713.007,eval/sps,4134.368448203437
16252928,725.096,episode/sps,26406.669608688684
16252928,725.096,episode/length,1000.0
16252928,725.096,episode/reward/ctrl,-0.23918938264250755
16252928,725.096,episode/reward/forward,380.84428802490237
16252928,725.096,episode/reward/joint,-0.07103987496346235
16252928,725.096,episode/reward/orient,-30.285251173973084
16252928,725.096,episode/reward/total,350.24878784179685
16252928,725.096,episode/state/forward_vel,22.909040035903455
16252928,725.096,episode/state/up_z,930.375802078247
16252928,725.096,episode/sum_reward,350.24878784179685
16252928,725.096,episode/entropy_loss,-0.11665965132415294
16252928,725.096,episode/kl_mean,0.003380921239440795
16252928,725.096,episode/learning_rate,0.0003000000142492354
16252928,725.096,episode/policy_dist_max_loc,1.23134661257267
16252928,725.096,episode/policy_dist_max_std,1.4190878307819366
16252928,725.096,episode/policy_dist_mean_loc,-0.05723923560231924
16252928,725.096,episode/policy_dist_mean_std,0.7499204856157303
16252928,725.096,episode/policy_dist_min_loc,-0.935409500002861
16252928,725.096,episode/policy_dist_min_std,0.31196784317493437
16252928,725.096,episode/policy_loss,-0.001576231828512391
16252928,725.096,episode/total_loss,3.7978266423940656
16252928,725.096,episode/v_loss,3.9160625499486925
16252928,732.775,eval/walltime,291.1024956703186
16252928,732.775,training/sps,43322.456777578926
16252928,732.775,training/walltime,419.4943697452545
16252928,732.775,training/entropy_loss,-0.11669231951236725
16252928,732.775,training/kl_mean,0.0038452448789030313
16252928,732.775,training/learning_rate,0.0003000000142492354
16252928,732.775,training/policy_dist_max_loc,1.3029226064682007
16252928,732.775,training/policy_dist_max_std,1.4068409204483032
16252928,732.775,training/policy_dist_mean_loc,-0.057967230677604675
16252928,732.775,training/policy_dist_mean_std,0.7511935830116272
16252928,732.775,training/policy_dist_min_loc,-0.9529581069946289
16252928,732.775,training/policy_dist_min_std,0.2987744212150574
16252928,732.775,training/policy_loss,-0.0017941123805940151
16252928,732.775,training/total_loss,2.9367923736572266
16252928,732.775,training/v_loss,3.055278778076172
16252928,732.775,eval/episode_reward,381.91265869140625
16252928,732.775,eval/episode_reward/ctrl,-0.23990388214588165
16252928,732.775,eval/episode_reward/forward,387.58599853515625
16252928,732.775,eval/episode_reward/joint,-0.06944172084331512
16252928,732.775,eval/episode_reward/orient,-5.364002227783203
16252928,732.775,eval/episode_reward/total,381.91265869140625
16252928,732.775,eval/episode_state/forward_vel,27.824901580810547
16252928,732.775,eval/episode_state/up_z,943.595947265625
16252928,732.775,eval/episode_reward_std,25.024703979492188
16252928,732.775,eval/episode_reward/ctrl_std,0.0019558535423129797
16252928,732.775,eval/episode_reward/forward_std,24.108869552612305
16252928,732.775,eval/episode_reward/joint_std,0.00501029659062624
16252928,732.775,eval/episode_reward/orient_std,3.800687551498413
16252928,732.775,eval/episode_reward/total_std,25.024703979492188
16252928,732.775,eval/episode_state/forward_vel_std,16.227725982666016
16252928,732.775,eval/episode_state/up_z_std,12.7373685836792
16252928,732.775,eval/avg_episode_length,1000.0
16252928,732.775,eval/std_episode_length,0.0
16252928,732.775,eval/epoch_eval_time,7.6497156620025635
16252928,732.775,eval/sps,4183.1620172432595
16777216,744.839,episode/sps,26554.99951917969
16777216,744.839,episode/length,1000.0
16777216,744.839,episode/reward/ctrl,-0.23961235523223878
16777216,744.839,episode/reward/forward,382.32862548828126
16777216,744.839,episode/reward/joint,-0.07022513825446368
16777216,744.839,episode/reward/orient,-9.951220512390137
16777216,744.839,episode/reward/total,372.0675762939453
16777216,744.839,episode/state/forward_vel,23.855764898210765
16777216,744.839,episode/state/up_z,940.9921069335937
16777216,744.839,episode/sum_reward,372.0675762939453
16777216,744.839,episode/entropy_loss,-0.11668777748942376
16777216,744.839,episode/kl_mean,0.003205269954778487
16777216,744.839,episode/learning_rate,0.0003000000142492354
16777216,744.839,episode/policy_dist_max_loc,1.2005953711271287
16777216,744.839,episode/policy_dist_max_std,1.4275876736640931
16777216,744.839,episode/policy_dist_mean_loc,-0.05895298957824707
16777216,744.839,episode/policy_dist_mean_std,0.751186375617981
16777216,744.839,episode/policy_dist_min_loc,-0.940038731098175
16777216,744.839,episode/policy_dist_min_std,0.3102689528465271
16777216,744.839,episode/policy_loss,-0.0015384173349593767
16777216,744.839,episode/total_loss,4.088764729499817
16777216,744.839,episode/v_loss,4.206990928649902
16777216,752.601,eval/walltime,298.83293771743774
16777216,752.601,training/sps,43408.86756112334
16777216,752.601,training/walltime,431.57227063179016
16777216,752.601,training/entropy_loss,-0.11670239269733429
16777216,752.601,training/kl_mean,0.0021521111484616995
16777216,752.601,training/learning_rate,0.0003000000142492354
16777216,752.601,training/policy_dist_max_loc,1.0996602773666382
16777216,752.601,training/policy_dist_max_std,1.4371261596679688
16777216,752.601,training/policy_dist_mean_loc,-0.06116943433880806
16777216,752.601,training/policy_dist_mean_std,0.7518802881240845
16777216,752.601,training/policy_dist_min_loc,-0.9181975722312927
16777216,752.601,training/policy_dist_min_std,0.32809942960739136
16777216,752.601,training/policy_loss,-0.0011484234128147364
16777216,752.601,training/total_loss,5.123486518859863
16777216,752.601,training/v_loss,5.241336822509766
16777216,752.601,eval/episode_reward,340.9307861328125
16777216,752.601,eval/episode_reward/ctrl,-0.2409103661775589
16777216,752.601,eval/episode_reward/forward,378.5870056152344
16777216,752.601,eval/episode_reward/joint,-0.07373543083667755
16777216,752.601,eval/episode_reward/orient,-37.34157180786133
16777216,752.601,eval/episode_reward/total,340.9307861328125
16777216,752.601,eval/episode_state/forward_vel,22.586872100830078
16777216,752.601,eval/episode_state/up_z,927.023193359375
16777216,752.601,eval/episode_reward_std,188.7869415283203
16777216,752.601,eval/episode_reward/ctrl_std,0.002071104943752289
16777216,752.601,eval/episode_reward/forward_std,28.046480178833008
16777216,752.601,eval/episode_reward/joint_std,0.00433619087561965
16777216,752.601,eval/episode_reward/orient_std,182.38185119628906
16777216,752.601,eval/episode_reward/total_std,188.7869415283203
16777216,752.601,eval/episode_state/forward_vel_std,18.08040428161621
16777216,752.601,eval/episode_state/up_z_std,99.72946166992188
16777216,752.601,eval/avg_episode_length,1000.0
16777216,752.601,eval/std_episode_length,0.0
16777216,752.601,eval/epoch_eval_time,7.730442047119141
16777216,752.601,eval/sps,4139.478674693029
17301504,764.703,episode/sps,26393.772441985475
17301504,764.703,episode/length,1000.0
17301504,764.703,episode/reward/ctrl,-0.2402234335243702
17301504,764.703,episode/reward/forward,383.4287338256836
17301504,764.703,episode/reward/joint,-0.07092111632227897
17301504,764.703,episode/reward/orient,-17.778303495645524
17301504,764.703,episode/reward/total,365.33929260253905
17301504,764.703,episode/state/forward_vel,24.8963917927444
17301504,764.703,episode/state/up_z,938.8446008300781
17301504,764.703,episode/sum_reward,365.33929260253905
17301504,764.703,episode/entropy_loss,-0.11665843315422535
17301504,764.703,episode/kl_mean,0.002844252437935211
17301504,764.703,episode/learning_rate,0.0003000000142492354
17301504,764.703,episode/policy_dist_max_loc,1.2105191719532014
17301504,764.703,episode/policy_dist_max_std,1.417974648475647
17301504,764.703,episode/policy_dist_mean_loc,-0.06106943733990192
17301504,764.703,episode/policy_dist_mean_std,0.7522186881303787
17301504,764.703,episode/policy_dist_min_loc,-0.9382713651657104
17301504,764.703,episode/policy_dist_min_std,0.3078925022482872
17301504,764.703,episode/policy_loss,-0.0013979380938690155
17301504,764.703,episode/total_loss,6.600915077328682
17301504,764.703,episode/v_loss,6.7189714407920835
17301504,772.514,eval/walltime,306.61211705207825
17301504,772.514,training/sps,43275.057440724035
17301504,772.514,training/walltime,443.6875174045563
17301504,772.514,training/entropy_loss,-0.11656026542186737
17301504,772.514,training/kl_mean,0.002228386700153351
17301504,772.514,training/learning_rate,0.0003000000142492354
17301504,772.514,training/policy_dist_max_loc,1.2382532358169556
17301504,772.514,training/policy_dist_max_std,1.4104676246643066
17301504,772.514,training/policy_dist_mean_loc,-0.06446787714958191
17301504,772.514,training/policy_dist_mean_std,0.7537336349487305
17301504,772.514,training/policy_dist_min_loc,-0.9432218074798584
17301504,772.514,training/policy_dist_min_std,0.2989466190338135
17301504,772.514,training/policy_loss,-0.0010691545903682709
17301504,772.514,training/total_loss,11.949372291564941
17301504,772.514,training/v_loss,12.067002296447754
17301504,772.514,eval/episode_reward,380.264404296875
17301504,772.514,eval/episode_reward/ctrl,-0.24178113043308258
17301504,772.514,eval/episode_reward/forward,387.0299072265625
17301504,772.514,eval/episode_reward/joint,-0.07638534903526306
17301504,772.514,eval/episode_reward/orient,-6.447396278381348
17301504,772.514,eval/episode_reward/total,380.264404296875
17301504,772.514,eval/episode_state/forward_vel,27.301624298095703
17301504,772.514,eval/episode_state/up_z,938.7120361328125
17301504,772.514,eval/episode_reward_std,25.040552139282227
17301504,772.514,eval/episode_reward/ctrl_std,0.0018340457463636994
17301504,772.514,eval/episode_reward/forward_std,22.685291290283203
17301504,772.514,eval/episode_reward/joint_std,0.004366476554423571
17301504,772.514,eval/episode_reward/orient_std,5.272829532623291
17301504,772.514,eval/episode_reward/total_std,25.040552139282227
17301504,772.514,eval/episode_state/forward_vel_std,14.336719512939453
17301504,772.514,eval/episode_state/up_z_std,12.98287296295166
17301504,772.514,eval/avg_episode_length,1000.0
17301504,772.514,eval/std_episode_length,0.0
17301504,772.514,eval/epoch_eval_time,7.779179334640503
17301504,772.514,eval/sps,4113.5444528839635
17825792,784.711,episode/sps,26205.063313490944
17825792,784.711,episode/length,1000.0
17825792,784.711,episode/reward/ctrl,-0.24126775026321412
17825792,784.711,episode/reward/forward,379.9116421508789
17825792,784.711,episode/reward/joint,-0.07435321100056172
17825792,784.711,episode/reward/orient,-51.5574592089653
17825792,784.711,episode/reward/total,328.0384790039063
17825792,784.711,episode/state/forward_vel,23.343024973869323
17825792,784.711,episode/state/up_z,918.3385800170898
17825792,784.711,episode/sum_reward,328.0384790039063
17825792,784.711,episode/entropy_loss,-0.11657599061727524
17825792,784.711,episode/kl_mean,0.0024362627154914662
17825792,784.711,episode/learning_rate,0.0003000000142492354
17825792,784.711,episode/policy_dist_max_loc,1.2036477416753768
17825792,784.711,episode/policy_dist_max_std,1.4337765526771546
17825792,784.711,episode/policy_dist_mean_loc,-0.06256726510822773
17825792,784.711,episode/policy_dist_mean_std,0.7539785492420197
17825792,784.711,episode/policy_dist_min_loc,-0.97092464864254
17825792,784.711,episode/policy_dist_min_std,0.3079810416698456
17825792,784.711,episode/policy_loss,-0.001221384778909851
17825792,784.711,episode/total_loss,8.127942990064621
17825792,784.711,episode/v_loss,8.24574036002159
17825792,792.563,eval/walltime,314.4353258609772
17825792,792.563,training/sps,42940.45166574092
17825792,792.563,training/walltime,455.8971700668335
17825792,792.563,training/entropy_loss,-0.11642475426197052
17825792,792.563,training/kl_mean,0.002479173941537738
17825792,792.563,training/learning_rate,0.0003000000142492354
17825792,792.563,training/policy_dist_max_loc,1.2584344148635864
17825792,792.563,training/policy_dist_max_std,1.4580291509628296
17825792,792.563,training/policy_dist_mean_loc,-0.06292484700679779
17825792,792.563,training/policy_dist_mean_std,0.7566158771514893
17825792,792.563,training/policy_dist_min_loc,-1.0531632900238037
17825792,792.563,training/policy_dist_min_std,0.29884371161460876
17825792,792.563,training/policy_loss,-0.001316525274887681
17825792,792.563,training/total_loss,8.042468070983887
17825792,792.563,training/v_loss,8.160209655761719
17825792,792.563,eval/episode_reward,297.8992919921875
17825792,792.563,eval/episode_reward/ctrl,-0.24344733357429504
17825792,792.563,eval/episode_reward/forward,388.6329345703125
17825792,792.563,eval/episode_reward/joint,-0.07723495364189148
17825792,792.563,eval/episode_reward/orient,-90.41300964355469
17825792,792.563,eval/episode_reward/total,297.8992919921875
17825792,792.563,eval/episode_state/forward_vel,29.219472885131836
17825792,792.563,eval/episode_state/up_z,891.1829223632812
17825792,792.563,eval/episode_reward_std,387.09515380859375
17825792,792.563,eval/episode_reward/ctrl_std,0.0016763103194534779
17825792,792.563,eval/episode_reward/forward_std,29.222658157348633
17825792,792.563,eval/episode_reward/joint_std,0.004000311717391014
17825792,792.563,eval/episode_reward/orient_std,381.8995361328125
17825792,792.563,eval/episode_reward/total_std,387.09515380859375
17825792,792.563,eval/episode_state/forward_vel_std,19.36722755432129
17825792,792.563,eval/episode_state/up_z_std,205.8057861328125
17825792,792.563,eval/avg_episode_length,1000.0
17825792,792.563,eval/std_episode_length,0.0
17825792,792.563,eval/epoch_eval_time,7.823208808898926
17825792,792.563,eval/sps,4090.393185415158
18350080,804.835,episode/sps,26051.90632197619
18350080,804.835,episode/length,1000.0
18350080,804.835,episode/reward/ctrl,-0.24223512142896653
18350080,804.835,episode/reward/forward,380.96766510009763
18350080,804.835,episode/reward/joint,-0.07644526783376931
18350080,804.835,episode/reward/orient,-18.181370148658754
18350080,804.835,episode/reward/total,362.46762954711915
18350080,804.835,episode/state/forward_vel,23.764209797978403
18350080,804.835,episode/state/up_z,932.4522369384765
18350080,804.835,episode/sum_reward,362.46762954711915
18350080,804.835,episode/entropy_loss,-0.11647539123892785
18350080,804.835,episode/kl_mean,0.002156528726918623
18350080,804.835,episode/learning_rate,0.0003000000142492354
18350080,804.835,episode/policy_dist_max_loc,1.2946784061193466
18350080,804.835,episode/policy_dist_max_std,1.4387154018878936
18350080,804.835,episode/policy_dist_mean_loc,-0.06116130691021681
18350080,804.835,episode/policy_dist_mean_std,0.7561157953739166
18350080,804.835,episode/policy_dist_min_loc,-1.0190058928728103
18350080,804.835,episode/policy_dist_min_std,0.2865013588964939
18350080,804.835,episode/policy_loss,-0.001089891554438509
18350080,804.835,episode/total_loss,9.205569295883178
18350080,804.835,episode/v_loss,9.323134579658507
18350080,812.713,eval/walltime,322.28160190582275
18350080,812.713,training/sps,42673.2834373368
18350080,812.713,training/walltime,468.18326473236084
18350080,812.713,training/entropy_loss,-0.11643379926681519
18350080,812.713,training/kl_mean,0.00146307866089046
18350080,812.713,training/learning_rate,0.0003000000142492354
18350080,812.713,training/policy_dist_max_loc,1.414406180381775
18350080,812.713,training/policy_dist_max_std,1.455502986907959
18350080,812.713,training/policy_dist_mean_loc,-0.05581614747643471
18350080,812.713,training/policy_dist_mean_std,0.7584465146064758
18350080,812.713,training/policy_dist_min_loc,-1.0649611949920654
18350080,812.713,training/policy_dist_min_std,0.2585930824279785
18350080,812.713,training/policy_loss,-0.0007356119458563626
18350080,812.713,training/total_loss,8.135754585266113
18350080,812.713,training/v_loss,8.252923965454102
18350080,812.713,eval/episode_reward,302.8323974609375
18350080,812.713,eval/episode_reward/ctrl,-0.24466067552566528
18350080,812.713,eval/episode_reward/forward,386.55841064453125
18350080,812.713,eval/episode_reward/joint,-0.07993120700120926
18350080,812.713,eval/episode_reward/orient,-83.40145874023438
18350080,812.713,eval/episode_reward/total,302.8323974609375
18350080,812.713,eval/episode_state/forward_vel,27.868560791015625
18350080,812.713,eval/episode_state/up_z,896.5263671875
18350080,812.713,eval/episode_reward_std,432.5074462890625
18350080,812.713,eval/episode_reward/ctrl_std,0.0015090424567461014
18350080,812.713,eval/episode_reward/forward_std,23.774967193603516
18350080,812.713,eval/episode_reward/joint_std,0.004637269303202629
18350080,812.713,eval/episode_reward/orient_std,435.0234375
18350080,812.713,eval/episode_reward/total_std,432.5074462890625
18350080,812.713,eval/episode_state/forward_vel_std,15.786574363708496
18350080,812.713,eval/episode_state/up_z_std,235.45254516601562
18350080,812.713,eval/avg_episode_length,1000.0
18350080,812.713,eval/std_episode_length,0.0
18350080,812.713,eval/epoch_eval_time,7.846276044845581
18350080,812.713,eval/sps,4078.367854648909
18874368,825.124,episode/sps,25841.76156158783
18874368,825.124,episode/length,1000.0
18874368,825.124,episode/reward/ctrl,-0.24340395078063012
18874368,825.124,episode/reward/forward,383.2011831665039
18874368,825.124,episode/reward/joint,-0.0778872349113226
18874368,825.124,episode/reward/orient,-72.02855422735215
18874368,825.124,episode/reward/total,310.85137008666993
18874368,825.124,episode/state/forward_vel,25.396186764985323
18874368,825.124,episode/state/up_z,902.5664138317109
18874368,825.124,episode/sum_reward,310.85137008666993
18874368,825.124,episode/entropy_loss,-0.11636254042387009
18874368,825.124,episode/kl_mean,0.0021773593008401803
18874368,825.124,episode/learning_rate,0.0003000000142492354
18874368,825.124,episode/policy_dist_max_loc,1.3283678340911864
18874368,825.124,episode/policy_dist_max_std,1.4716366136074066
18874368,825.124,episode/policy_dist_mean_loc,-0.059054863527417185
18874368,825.124,episode/policy_dist_mean_std,0.7585362559556961
18874368,825.124,episode/policy_dist_min_loc,-1.0472962009906768
18874368,825.124,episode/policy_dist_min_std,0.2765840807557106
18874368,825.124,episode/policy_loss,-0.001046371470001759
18874368,825.124,episode/total_loss,8.48572552204132
18874368,825.124,episode/v_loss,8.603134455680847
18874368,833.044,eval/walltime,330.15970826148987
18874368,833.044,training/sps,42174.025903016605
18874368,833.044,training/walltime,480.61480259895325
18874368,833.044,training/entropy_loss,-0.11621632426977158
18874368,833.044,training/kl_mean,0.0022989551071077585
18874368,833.044,training/learning_rate,0.0003000000142492354
18874368,833.044,training/policy_dist_max_loc,1.3172059059143066
18874368,833.044,training/policy_dist_max_std,1.5076371431350708
18874368,833.044,training/policy_dist_mean_loc,-0.05769840255379677
18874368,833.044,training/policy_dist_mean_std,0.7609621286392212
18874368,833.044,training/policy_dist_min_loc,-1.0350407361984253
18874368,833.044,training/policy_dist_min_std,0.2673756182193756
18874368,833.044,training/policy_loss,-0.0009346562437713146
18874368,833.044,training/total_loss,9.054792404174805
18874368,833.044,training/v_loss,9.171943664550781
18874368,833.044,eval/episode_reward,273.2103271484375
18874368,833.044,eval/episode_reward/ctrl,-0.24557872116565704
18874368,833.044,eval/episode_reward/forward,372.107177734375
18874368,833.044,eval/episode_reward/joint,-0.08093501627445221
18874368,833.044,eval/episode_reward/orient,-98.5702896118164
18874368,833.044,eval/episode_reward/total,273.2103271484375
18874368,833.044,eval/episode_state/forward_vel,19.7110652923584
18874368,833.044,eval/episode_state/up_z,881.6347045898438
18874368,833.044,eval/episode_reward_std,394.08697509765625
18874368,833.044,eval/episode_reward/ctrl_std,0.0020671626552939415
18874368,833.044,eval/episode_reward/forward_std,26.497516632080078
18874368,833.044,eval/episode_reward/joint_std,0.005084700416773558
18874368,833.044,eval/episode_reward/orient_std,389.062744140625
18874368,833.044,eval/episode_reward/total_std,394.08697509765625
18874368,833.044,eval/episode_state/forward_vel_std,17.841957092285156
18874368,833.044,eval/episode_state/up_z_std,213.502685546875
18874368,833.044,eval/avg_episode_length,1000.0
18874368,833.044,eval/std_episode_length,0.0
18874368,833.044,eval/epoch_eval_time,7.878106355667114
18874368,833.044,eval/sps,4061.889819116342
19398656,845.423,episode/sps,25828.213663155384
19398656,845.423,episode/length,1000.0
19398656,845.423,episode/reward/ctrl,-0.24468260735273362
19398656,845.423,episode/reward/forward,378.4414682006836
19398656,845.423,episode/reward/joint,-0.08044754691421986
19398656,845.423,episode/reward/orient,-65.9371946310997
19398656,845.423,episode/reward/total,312.1791061401367
19398656,845.423,episode/state/forward_vel,22.905626769661904
19398656,845.423,episode/state/up_z,900.9936779785156
19398656,845.423,episode/sum_reward,312.1791061401367
19398656,845.423,episode/entropy_loss,-0.11632278941571712
19398656,845.423,episode/kl_mean,0.0017651972692692653
19398656,845.423,episode/learning_rate,0.0003000000142492354
19398656,845.423,episode/policy_dist_max_loc,1.3265781331062316
19398656,845.423,episode/policy_dist_max_std,1.474119611978531
19398656,845.423,episode/policy_dist_mean_loc,-0.057339654117822644
19398656,845.423,episode/policy_dist_mean_std,0.7602123045921325
19398656,845.423,episode/policy_dist_min_loc,-1.0555694669485092
19398656,845.423,episode/policy_dist_min_std,0.26900800928473473
19398656,845.423,episode/policy_loss,-0.0008129646276938729
19398656,845.423,episode/total_loss,10.689640593528747
19398656,845.423,episode/v_loss,10.806776366233827
19398656,853.321,eval/walltime,338.02720952033997
19398656,853.321,training/sps,42311.55113625901
19398656,853.321,training/walltime,493.00593423843384
19398656,853.321,training/entropy_loss,-0.11629777401685715
19398656,853.321,training/kl_mean,0.0013058945769444108
19398656,853.321,training/learning_rate,0.0003000000142492354
19398656,853.321,training/policy_dist_max_loc,1.2487850189208984
19398656,853.321,training/policy_dist_max_std,1.473257064819336
19398656,853.321,training/policy_dist_mean_loc,-0.058138005435466766
19398656,853.321,training/policy_dist_mean_std,0.7616094350814819
19398656,853.321,training/policy_dist_min_loc,-1.078892707824707
19398656,853.321,training/policy_dist_min_std,0.2776051163673401
19398656,853.321,training/policy_loss,-0.0005383740062825382
19398656,853.321,training/total_loss,15.348196029663086
19398656,853.321,training/v_loss,15.465032577514648
19398656,853.321,eval/episode_reward,268.57818603515625
19398656,853.321,eval/episode_reward/ctrl,-0.2459748089313507
19398656,853.321,eval/episode_reward/forward,380.2498474121094
19398656,853.321,eval/episode_reward/joint,-0.07848457247018814
19398656,853.321,eval/episode_reward/orient,-111.34732055664062
19398656,853.321,eval/episode_reward/total,268.57818603515625
19398656,853.321,eval/episode_state/forward_vel,24.729873657226562
19398656,853.321,eval/episode_state/up_z,881.4925537109375
19398656,853.321,eval/episode_reward_std,417.13262939453125
19398656,853.321,eval/episode_reward/ctrl_std,0.0018007559701800346
19398656,853.321,eval/episode_reward/forward_std,18.9365234375
19398656,853.321,eval/episode_reward/joint_std,0.00530878733843565
19398656,853.321,eval/episode_reward/orient_std,412.6842346191406
19398656,853.321,eval/episode_reward/total_std,417.13262939453125
19398656,853.321,eval/episode_state/forward_vel_std,11.417874336242676
19398656,853.321,eval/episode_state/up_z_std,220.4752197265625
19398656,853.321,eval/avg_episode_length,1000.0
19398656,853.321,eval/std_episode_length,0.0
19398656,853.321,eval/epoch_eval_time,7.867501258850098
19398656,853.321,eval/sps,4067.3650943498
19922944,865.731,episode/sps,25816.511985082427
19922944,865.731,episode/length,1000.0
19922944,865.731,episode/reward/ctrl,-0.24524101704359055
19922944,865.731,episode/reward/forward,375.02602142333984
19922944,865.731,episode/reward/joint,-0.07964424610137939
19922944,865.731,episode/reward/orient,-68.24316831111908
19922944,865.731,episode/reward/total,306.45795617580416
19922944,865.731,episode/state/forward_vel,21.331391385793687
19922944,865.731,episode/state/up_z,897.913383026123
19922944,865.731,episode/sum_reward,306.45795617580416
19922944,865.731,episode/entropy_loss,-0.11627868324518204
19922944,865.731,episode/kl_mean,0.0018687432364095002
19922944,865.731,episode/learning_rate,0.0003000000142492354
19922944,865.731,episode/policy_dist_max_loc,1.3097721338272095
19922944,865.731,episode/policy_dist_max_std,1.4809319269657135
19922944,865.731,episode/policy_dist_mean_loc,-0.06030634686350823
19922944,865.731,episode/policy_dist_mean_std,0.7620507234334946
19922944,865.731,episode/policy_dist_min_loc,-1.0687484127283096
19922944,865.731,episode/policy_dist_min_std,0.275029766112566
19922944,865.731,episode/policy_loss,-0.0008156873780535534
19922944,865.731,episode/total_loss,13.107440996170045
19922944,865.731,episode/v_loss,13.224535403251648
19922944,873.703,eval/walltime,345.9694333076477
19922944,873.703,training/sps,42202.585806113544
19922944,873.703,training/walltime,505.42905926704407
19922944,873.703,training/entropy_loss,-0.11631114780902863
19922944,873.703,training/kl_mean,0.0018433285877108574
19922944,873.703,training/learning_rate,0.0003000000142492354
19922944,873.703,training/policy_dist_max_loc,1.3604366779327393
19922944,873.703,training/policy_dist_max_std,1.4631507396697998
19922944,873.703,training/policy_dist_mean_loc,-0.06551589071750641
19922944,873.703,training/policy_dist_mean_std,0.7638498544692993
19922944,873.703,training/policy_dist_min_loc,-1.0931179523468018
19922944,873.703,training/policy_dist_min_std,0.28235045075416565
19922944,873.703,training/policy_loss,-0.0008803769014775753
19922944,873.703,training/total_loss,15.601985931396484
19922944,873.703,training/v_loss,15.719178199768066
19922944,873.703,eval/episode_reward,306.4908752441406
19922944,873.703,eval/episode_reward/ctrl,-0.24676044285297394
19922944,873.703,eval/episode_reward/forward,382.62017822265625
19922944,873.703,eval/episode_reward/joint,-0.08091863989830017
19922944,873.703,eval/episode_reward/orient,-75.80158996582031
19922944,873.703,eval/episode_reward/total,306.4908752441406
19922944,873.703,eval/episode_state/forward_vel,25.794025421142578
19922944,873.703,eval/episode_state/up_z,901.78076171875
19922944,873.703,eval/episode_reward_std,295.5801086425781
19922944,873.703,eval/episode_reward/ctrl_std,0.0018067663768306375
19922944,873.703,eval/episode_reward/forward_std,25.890504837036133
19922944,873.703,eval/episode_reward/joint_std,0.004662184976041317
19922944,873.703,eval/episode_reward/orient_std,290.3329162597656
19922944,873.703,eval/episode_reward/total_std,295.5801086425781
19922944,873.703,eval/episode_state/forward_vel_std,16.001537322998047
19922944,873.703,eval/episode_state/up_z_std,155.13027954101562
19922944,873.703,eval/avg_episode_length,1000.0
19922944,873.703,eval/std_episode_length,0.0
19922944,873.703,eval/epoch_eval_time,7.942223787307739
19922944,873.703,eval/sps,4029.098254715306
20447232,886.081,episode/sps,25764.044694220902
20447232,886.081,episode/length,1000.0
20447232,886.081,episode/reward/ctrl,-0.24578492000699043
20447232,886.081,episode/reward/forward,381.29537994384765
20447232,886.081,episode/reward/joint,-0.0794872672110796
20447232,886.081,episode/reward/orient,-39.080828862190245
20447232,886.081,episode/reward/total,341.8892819213867
20447232,886.081,episode/state/forward_vel,24.337391850948332
20447232,886.081,episode/state/up_z,920.0636199951172
20447232,886.081,episode/sum_reward,341.8892819213867
20447232,886.081,episode/entropy_loss,-0.1163322838395834
20447232,886.081,episode/kl_mean,0.0015969478758051992
20447232,886.081,episode/learning_rate,0.0003000000142492354
20447232,886.081,episode/policy_dist_max_loc,1.331994127035141
20447232,886.081,episode/policy_dist_max_std,1.463836020231247
20447232,886.081,episode/policy_dist_mean_loc,-0.06282298322767019
20447232,886.081,episode/policy_dist_mean_std,0.7635395377874374
20447232,886.081,episode/policy_dist_min_loc,-1.0761613166332245
20447232,886.081,episode/policy_dist_min_std,0.2807754223048687
20447232,886.081,episode/policy_loss,-0.0007075114775216207
20447232,886.081,episode/total_loss,14.415168204307555
20447232,886.081,episode/v_loss,14.532208070755004
20447232,894.055,eval/walltime,353.91175627708435
20447232,894.055,training/sps,42310.76226932749
20447232,894.055,training/walltime,517.8204219341278
20447232,894.055,training/entropy_loss,-0.1163972020149231
20447232,894.055,training/kl_mean,0.0013130638981238008
20447232,894.055,training/learning_rate,0.0003000000142492354
20447232,894.055,training/policy_dist_max_loc,1.393654465675354
20447232,894.055,training/policy_dist_max_std,1.4418787956237793
20447232,894.055,training/policy_dist_mean_loc,-0.06525827944278717
20447232,894.055,training/policy_dist_mean_std,0.7654163837432861
20447232,894.055,training/policy_dist_min_loc,-1.0540629625320435
20447232,894.055,training/policy_dist_min_std,0.2833576202392578
20447232,894.055,training/policy_loss,-0.0006183068035170436
20447232,894.055,training/total_loss,12.966496467590332
20447232,894.055,training/v_loss,13.083511352539062
20447232,894.055,eval/episode_reward,342.507080078125
20447232,894.055,eval/episode_reward/ctrl,-0.24724534153938293
20447232,894.055,eval/episode_reward/forward,369.040771484375
20447232,894.055,eval/episode_reward/joint,-0.07831773161888123
20447232,894.055,eval/episode_reward/orient,-26.208091735839844
20447232,894.055,eval/episode_reward/total,342.507080078125
20447232,894.055,eval/episode_state/forward_vel,17.55110740661621
20447232,894.055,eval/episode_state/up_z,929.141845703125
20447232,894.055,eval/episode_reward_std,113.046875
20447232,894.055,eval/episode_reward/ctrl_std,0.0020309085957705975
20447232,894.055,eval/episode_reward/forward_std,31.783437728881836
20447232,894.055,eval/episode_reward/joint_std,0.004383824300020933
20447232,894.055,eval/episode_reward/orient_std,90.87283325195312
20447232,894.055,eval/episode_reward/total_std,113.046875
20447232,894.055,eval/episode_state/forward_vel_std,19.236440658569336
20447232,894.055,eval/episode_state/up_z_std,55.653289794921875
20447232,894.055,eval/avg_episode_length,1000.0
20447232,894.055,eval/std_episode_length,0.0
20447232,894.055,eval/epoch_eval_time,7.9423229694366455
20447232,894.055,eval/sps,4029.047940148143
20971520,906.453,episode/sps,25735.468727430296
20971520,906.453,episode/length,1000.0
20971520,906.453,episode/reward/ctrl,-0.24645895645022392
20971520,906.453,episode/reward/forward,378.95861267089845
20971520,906.453,episode/reward/joint,-0.07886483944952488
20971520,906.453,episode/reward/orient,-117.04059922933578
20971520,906.453,episode/reward/total,261.5927294921875
20971520,906.453,episode/state/forward_vel,22.97326567173004
20971520,906.453,episode/state/up_z,882.7440226745606
20971520,906.453,episode/sum_reward,261.5927294921875
20971520,906.453,episode/entropy_loss,-0.11635651275515556
20971520,906.453,episode/kl_mean,0.0016187506934511476
20971520,906.453,episode/learning_rate,0.0003000000142492354
20971520,906.453,episode/policy_dist_max_loc,1.3411141383647918
20971520,906.453,episode/policy_dist_max_std,1.4234574115276337
20971520,906.453,episode/policy_dist_mean_loc,-0.06575217556208372
20971520,906.453,episode/policy_dist_mean_std,0.7652999287843705
20971520,906.453,episode/policy_dist_min_loc,-1.0766151887178421
20971520,906.453,episode/policy_dist_min_std,0.28984838172793387
20971520,906.453,episode/policy_loss,-0.0008149342490651179
20971520,906.453,episode/total_loss,13.999002385139466
20971520,906.453,episode/v_loss,14.11617392539978
20971520,914.422,eval/walltime,361.8486611843109
20971520,914.422,training/sps,42243.72584630539
20971520,914.422,training/walltime,530.2314484119415
20971520,914.422,training/entropy_loss,-0.11636997759342194
20971520,914.422,training/kl_mean,0.0015272197779268026
20971520,914.422,training/learning_rate,0.0003000000142492354
20971520,914.422,training/policy_dist_max_loc,1.2825064659118652
20971520,914.422,training/policy_dist_max_std,1.3632066249847412
20971520,914.422,training/policy_dist_mean_loc,-0.06711964309215546
20971520,914.422,training/policy_dist_mean_std,0.767019510269165
20971520,914.422,training/policy_dist_min_loc,-1.0857396125793457
20971520,914.422,training/policy_dist_min_std,0.30432528257369995
20971520,914.422,training/policy_loss,-0.0008640802698209882
20971520,914.422,training/total_loss,13.19637393951416
20971520,914.422,training/v_loss,13.313608169555664
20971520,914.422,eval/episode_reward,369.52996826171875
20971520,914.422,eval/episode_reward/ctrl,-0.24728381633758545
20971520,914.422,eval/episode_reward/forward,375.61004638671875
20971520,914.422,eval/episode_reward/joint,-0.08020775020122528
20971520,914.422,eval/episode_reward/orient,-5.752607345581055
20971520,914.422,eval/episode_reward/total,369.52996826171875
20971520,914.422,eval/episode_state/forward_vel,20.76702308654785
20971520,914.422,eval/episode_state/up_z,943.9071044921875
20971520,914.422,eval/episode_reward_std,24.456125259399414
20971520,914.422,eval/episode_reward/ctrl_std,0.001825887942686677
20971520,914.422,eval/episode_reward/forward_std,22.757104873657227
20971520,914.422,eval/episode_reward/joint_std,0.0037049551028758287
20971520,914.422,eval/episode_reward/orient_std,5.131103038787842
20971520,914.422,eval/episode_reward/total_std,24.456125259399414
20971520,914.422,eval/episode_state/forward_vel_std,14.500738143920898
20971520,914.422,eval/episode_state/up_z_std,14.408025741577148
20971520,914.422,eval/avg_episode_length,1000.0
20971520,914.422,eval/std_episode_length,0.0
20971520,914.422,eval/epoch_eval_time,7.9369049072265625
20971520,914.422,eval/sps,4031.7983362587547
21495808,926.830,episode/sps,25729.04965223322
21495808,926.830,episode/length,1000.0
21495808,926.830,episode/reward/ctrl,-0.2465504515171051
21495808,926.830,episode/reward/forward,377.5017987060547
21495808,926.830,episode/reward/joint,-0.0791076884418726
21495808,926.830,episode/reward/orient,-84.33456354141235
21495808,926.830,episode/reward/total,292.84158737182617
21495808,926.830,episode/state/forward_vel,21.994994325339793
21495808,926.830,episode/state/up_z,901.7310639953613
21495808,926.830,episode/sum_reward,292.84158737182617
21495808,926.830,episode/entropy_loss,-0.11632650330662728
21495808,926.830,episode/kl_mean,0.0013854128518141805
21495808,926.830,episode/learning_rate,0.0003000000142492354
21495808,926.830,episode/policy_dist_max_loc,1.3374159371852874
21495808,926.830,episode/policy_dist_max_std,1.3884989297389985
21495808,926.830,episode/policy_dist_mean_loc,-0.06836870204657317
21495808,926.830,episode/policy_dist_mean_std,0.7668106460571289
21495808,926.830,episode/policy_dist_min_loc,-1.046744898557663
21495808,926.830,episode/policy_dist_min_std,0.2851846568286419
21495808,926.830,episode/policy_loss,-0.0007813994968455518
21495808,926.830,episode/total_loss,14.691187443733215
21495808,926.830,episode/v_loss,14.808295440673827
21495808,934.897,eval/walltime,369.88945865631104
21495808,934.897,training/sps,42216.93862263425
21495808,934.897,training/walltime,542.650349855423
21495808,934.897,training/entropy_loss,-0.11620639264583588
21495808,934.897,training/kl_mean,0.001037068199366331
21495808,934.897,training/learning_rate,0.0003000000142492354
21495808,934.897,training/policy_dist_max_loc,1.3331542015075684
21495808,934.897,training/policy_dist_max_std,1.356372594833374
21495808,934.897,training/policy_dist_mean_loc,-0.07288345694541931
21495808,934.897,training/policy_dist_mean_std,0.7682045698165894
21495808,934.897,training/policy_dist_min_loc,-0.997448742389679
21495808,934.897,training/policy_dist_min_std,0.26851481199264526
21495808,934.897,training/policy_loss,-0.0007477806648239493
21495808,934.897,training/total_loss,17.930156707763672
21495808,934.897,training/v_loss,18.047107696533203
21495808,934.897,eval/episode_reward,204.2519989013672
21495808,934.897,eval/episode_reward/ctrl,-0.24952253699302673
21495808,934.897,eval/episode_reward/forward,373.2945556640625
21495808,934.897,eval/episode_reward/joint,-0.08301390707492828
21495808,934.897,eval/episode_reward/orient,-168.70999145507812
21495808,934.897,eval/episode_reward/total,204.2519989013672
21495808,934.897,eval/episode_state/forward_vel,19.187015533447266
21495808,934.897,eval/episode_state/up_z,869.79150390625
21495808,934.897,eval/episode_reward_std,668.7510986328125
21495808,934.897,eval/episode_reward/ctrl_std,0.00234801578335464
21495808,934.897,eval/episode_reward/forward_std,18.72210121154785
21495808,934.897,eval/episode_reward/joint_std,0.0052801938727498055
21495808,934.897,eval/episode_reward/orient_std,665.4890747070312
21495808,934.897,eval/episode_reward/total_std,668.7510986328125
21495808,934.897,eval/episode_state/forward_vel_std,11.152347564697266
21495808,934.897,eval/episode_state/up_z_std,343.4729309082031
21495808,934.897,eval/avg_episode_length,1000.0
21495808,934.897,eval/std_episode_length,0.0
21495808,934.897,eval/epoch_eval_time,8.040797472000122
21495808,934.897,eval/sps,3979.7047632938456
22020096,947.352,episode/sps,25547.68391643517
22020096,947.352,episode/length,1000.0
22020096,947.352,episode/reward/ctrl,-0.24918159425258637
22020096,947.352,episode/reward/forward,374.4749365234375
22020096,947.352,episode/reward/joint,-0.08271805673837662
22020096,947.352,episode/reward/orient,-54.5100243473053
22020096,947.352,episode/reward/total,319.632991027832
22020096,947.352,episode/state/forward_vel,20.164837818592787
22020096,947.352,episode/state/up_z,924.7173150777817
22020096,947.352,episode/sum_reward,319.632991027832
22020096,947.352,episode/entropy_loss,-0.11620055019855499
22020096,947.352,episode/kl_mean,0.0014693001910927705
22020096,947.352,episode/learning_rate,0.0003000000142492354
22020096,947.352,episode/policy_dist_max_loc,1.291460086107254
22020096,947.352,episode/policy_dist_max_std,1.3665570867061616
22020096,947.352,episode/policy_dist_mean_loc,-0.07347979355603457
22020096,947.352,episode/policy_dist_mean_std,0.7684499764442444
22020096,947.352,episode/policy_dist_min_loc,-1.044168599843979
22020096,947.352,episode/policy_dist_min_std,0.2822721284627914
22020096,947.352,episode/policy_loss,-0.0008446977470157435
22020096,947.352,episode/total_loss,14.304136066436767
22020096,947.352,episode/v_loss,14.421181354522705
22020096,955.357,eval/walltime,377.86161065101624
22020096,955.357,training/sps,42042.61825182486
22020096,955.357,training/walltime,555.1207435131073
22020096,955.357,training/entropy_loss,-0.11599154025316238
22020096,955.357,training/kl_mean,0.001654559513553977
22020096,955.357,training/learning_rate,0.0003000000142492354
22020096,955.357,training/policy_dist_max_loc,1.2471383810043335
22020096,955.357,training/policy_dist_max_std,1.3737108707427979
22020096,955.357,training/policy_dist_mean_loc,-0.08135593682527542
22020096,955.357,training/policy_dist_mean_std,0.7704198360443115
22020096,955.357,training/policy_dist_min_loc,-1.053109049797058
22020096,955.357,training/policy_dist_min_std,0.27511388063430786
22020096,955.357,training/policy_loss,-0.0008850317681208253
22020096,955.357,training/total_loss,12.163236618041992
22020096,955.357,training/v_loss,12.280113220214844
22020096,955.357,eval/episode_reward,252.91099548339844
22020096,955.357,eval/episode_reward/ctrl,-0.249074786901474
22020096,955.357,eval/episode_reward/forward,372.13629150390625
22020096,955.357,eval/episode_reward/joint,-0.08338429033756256
22020096,955.357,eval/episode_reward/orient,-118.89273071289062
22020096,955.357,eval/episode_reward/total,252.91099548339844
22020096,955.357,eval/episode_state/forward_vel,17.917884826660156
22020096,955.357,eval/episode_state/up_z,900.6151733398438
22020096,955.357,eval/episode_reward_std,489.0212097167969
22020096,955.357,eval/episode_reward/ctrl_std,0.0029965960420668125
22020096,955.357,eval/episode_reward/forward_std,24.039508819580078
22020096,955.357,eval/episode_reward/joint_std,0.005498844664543867
22020096,955.357,eval/episode_reward/orient_std,485.3045349121094
22020096,955.357,eval/episode_reward/total_std,489.0212097167969
22020096,955.357,eval/episode_state/forward_vel_std,15.36314868927002
22020096,955.357,eval/episode_state/up_z_std,254.5770721435547
22020096,955.357,eval/avg_episode_length,1000.0
22020096,955.357,eval/std_episode_length,0.0
22020096,955.357,eval/epoch_eval_time,7.9721519947052
22020096,955.357,eval/sps,4013.9726414214356
22544384,967.817,episode/sps,25618.533727106817
22544384,967.817,episode/length,1000.0
22544384,967.817,episode/reward/ctrl,-0.24992088064551354
22544384,967.817,episode/reward/forward,373.8795281982422
22544384,967.817,episode/reward/joint,-0.08291593804955483
22544384,967.817,episode/reward/orient,-115.77698581188918
22544384,967.817,episode/reward/total,257.7697120666504
22544384,967.817,episode/state/forward_vel,19.838879570960998
22544384,967.817,episode/state/up_z,895.3791020965576
22544384,967.817,episode/sum_reward,257.7697120666504
22544384,967.817,episode/entropy_loss,-0.11606024101376533
22544384,967.817,episode/kl_mean,0.0012756317679304629
22544384,967.817,episode/learning_rate,0.0003000000142492354
22544384,967.817,episode/policy_dist_max_loc,1.3132120883464813
22544384,967.817,episode/policy_dist_max_std,1.3505757641792298
22544384,967.817,episode/policy_dist_mean_loc,-0.07817914120852948
22544384,967.817,episode/policy_dist_mean_std,0.7690657347440719
22544384,967.817,episode/policy_dist_min_loc,-1.0419183784723283
22544384,967.817,episode/policy_dist_min_std,0.2718159604072571
22544384,967.817,episode/policy_loss,-0.000724505807593232
22544384,967.817,episode/total_loss,15.943483142852783
22544384,967.817,episode/v_loss,16.060267906188965
22544384,975.791,eval/walltime,385.80553150177
22544384,975.791,training/sps,42034.01771060426
22544384,975.791,training/walltime,567.5936887264252
22544384,975.791,training/entropy_loss,-0.11597193777561188
22544384,975.791,training/kl_mean,0.0008184955804608762
22544384,975.791,training/learning_rate,0.0003000000142492354
22544384,975.791,training/policy_dist_max_loc,1.355515956878662
22544384,975.791,training/policy_dist_max_std,1.3199186325073242
22544384,975.791,training/policy_dist_mean_loc,-0.08123788237571716
22544384,975.791,training/policy_dist_mean_std,0.7686837911605835
22544384,975.791,training/policy_dist_min_loc,-1.062207818031311
22544384,975.791,training/policy_dist_min_std,0.2684028148651123
22544384,975.791,training/policy_loss,-0.0004038565675728023
22544384,975.791,training/total_loss,18.172487258911133
22544384,975.791,training/v_loss,18.288862228393555
22544384,975.791,eval/episode_reward,284.7063293457031
22544384,975.791,eval/episode_reward/ctrl,-0.2485763430595398
22544384,975.791,eval/episode_reward/forward,368.8096923828125
22544384,975.791,eval/episode_reward/joint,-0.08081839233636856
22544384,975.791,eval/episode_reward/orient,-83.77385711669922
22544384,975.791,eval/episode_reward/total,284.7063293457031
22544384,975.791,eval/episode_state/forward_vel,16.20424461364746
22544384,975.791,eval/episode_state/up_z,917.49853515625
22544384,975.791,eval/episode_reward_std,452.5146789550781
22544384,975.791,eval/episode_reward/ctrl_std,0.001490990980528295
22544384,975.791,eval/episode_reward/forward_std,25.444082260131836
22544384,975.791,eval/episode_reward/joint_std,0.004686485044658184
22544384,975.791,eval/episode_reward/orient_std,439.31793212890625
22544384,975.791,eval/episode_reward/total_std,452.5146789550781
22544384,975.791,eval/episode_state/forward_vel_std,15.557039260864258
22544384,975.791,eval/episode_state/up_z_std,224.55323791503906
22544384,975.791,eval/avg_episode_length,1000.0
22544384,975.791,eval/std_episode_length,0.0
22544384,975.791,eval/epoch_eval_time,7.943920850753784
22544384,975.791,eval/sps,4028.237516611659
23068672,988.234,episode/sps,25678.55511807326
23068672,988.234,episode/length,1000.0
23068672,988.234,episode/reward/ctrl,-0.24856644526124
23068672,988.234,episode/reward/forward,367.1525451660156
23068672,988.234,episode/reward/joint,-0.0813052861392498
23068672,988.234,episode/reward/orient,-106.38966756254435
23068672,988.234,episode/reward/total,260.43294006347656
23068672,988.234,episode/state/forward_vel,15.586804424077272
23068672,988.234,episode/state/up_z,900.3097539758683
23068672,988.234,episode/sum_reward,260.43294006347656
23068672,988.234,episode/entropy_loss,-0.11599153488874435
23068672,988.234,episode/kl_mean,0.0012116283594514243
23068672,988.234,episode/learning_rate,0.0003000000142492354
23068672,988.234,episode/policy_dist_max_loc,1.287248558998108
23068672,988.234,episode/policy_dist_max_std,1.350770332813263
23068672,988.234,episode/policy_dist_mean_loc,-0.08176648825407028
23068672,988.234,episode/policy_dist_mean_std,0.769226501584053
23068672,988.234,episode/policy_dist_min_loc,-1.0659568285942078
23068672,988.234,episode/policy_dist_min_std,0.27427235797047617
23068672,988.234,episode/policy_loss,-0.0006793118200585013
23068672,988.234,episode/total_loss,16.313173289299012
23068672,988.234,episode/v_loss,16.429844102859498
23068672,996.288,eval/walltime,393.83167910575867
23068672,996.288,training/sps,42095.081149939695
23068672,996.288,training/walltime,580.0485405921936
23068672,996.288,training/entropy_loss,-0.11599096655845642
23068672,996.288,training/kl_mean,0.0009682521922513843
23068672,996.288,training/learning_rate,0.0003000000142492354
23068672,996.288,training/policy_dist_max_loc,1.254538655281067
23068672,996.288,training/policy_dist_max_std,1.3532516956329346
23068672,996.288,training/policy_dist_mean_loc,-0.08334082365036011
23068672,996.288,training/policy_dist_mean_std,0.7685703039169312
23068672,996.288,training/policy_dist_min_loc,-1.0862667560577393
23068672,996.288,training/policy_dist_min_std,0.2782500982284546
23068672,996.288,training/policy_loss,-0.0006270972080528736
23068672,996.288,training/total_loss,18.164321899414062
23068672,996.288,training/v_loss,18.28093910217285
23068672,996.288,eval/episode_reward,265.654052734375
23068672,996.288,eval/episode_reward/ctrl,-0.2495468407869339
23068672,996.288,eval/episode_reward/forward,370.74395751953125
23068672,996.288,eval/episode_reward/joint,-0.08276405185461044
23068672,996.288,eval/episode_reward/orient,-104.75768280029297
23068672,996.288,eval/episode_reward/total,265.654052734375
23068672,996.288,eval/episode_state/forward_vel,17.166465759277344
23068672,996.288,eval/episode_state/up_z,905.8375244140625
23068672,996.288,eval/episode_reward_std,574.3455810546875
23068672,996.288,eval/episode_reward/ctrl_std,0.0021995711140334606
23068672,996.288,eval/episode_reward/forward_std,25.4224910736084
23068672,996.288,eval/episode_reward/joint_std,0.003750476287677884
23068672,996.288,eval/episode_reward/orient_std,561.314208984375
23068672,996.288,eval/episode_reward/total_std,574.3455810546875
23068672,996.288,eval/episode_state/forward_vel_std,15.546472549438477
23068672,996.288,eval/episode_state/up_z_std,301.3167724609375
23068672,996.288,eval/avg_episode_length,1000.0
23068672,996.288,eval/std_episode_length,0.0
23068672,996.288,eval/epoch_eval_time,8.026147603988647
23068672,996.288,eval/sps,3986.96878987092
23592960,1008.696,episode/sps,25623.120307682162
23592960,1008.696,episode/length,1000.0
23592960,1008.696,episode/reward/ctrl,-0.24987355783581733
23592960,1008.696,episode/reward/forward,370.74103607177733
23592960,1008.696,episode/reward/joint,-0.08135322451591492
23592960,1008.696,episode/reward/orient,-52.93725651204586
23592960,1008.696,episode/reward/total,317.4724951171875
23592960,1008.696,episode/state/forward_vel,17.502032993733884
23592960,1008.696,episode/state/up_z,936.5443609619141
23592960,1008.696,episode/sum_reward,317.4724951171875
23592960,1008.696,episode/entropy_loss,-0.11598264195024967
23592960,1008.696,episode/kl_mean,0.0012464189279126003
23592960,1008.696,episode/learning_rate,0.0003000000142492354
23592960,1008.696,episode/policy_dist_max_loc,1.326969919204712
23592960,1008.696,episode/policy_dist_max_std,1.3594085001945495
23592960,1008.696,episode/policy_dist_mean_loc,-0.08545196264982223
23592960,1008.696,episode/policy_dist_mean_std,0.7696144324541092
23592960,1008.696,episode/policy_dist_min_loc,-1.0923543620109557
23592960,1008.696,episode/policy_dist_min_std,0.2786620852351189
23592960,1008.696,episode/policy_loss,-0.0007430715184455039
23592960,1008.696,episode/total_loss,17.610146145820618
23592960,1008.696,episode/v_loss,17.726871881484985
23592960,1016.750,eval/walltime,401.8539607524872
23592960,1016.750,training/sps,42205.623267915566
23592960,1016.750,training/walltime,592.4707715511322
23592960,1016.750,training/entropy_loss,-0.11598144471645355
23592960,1016.750,training/kl_mean,0.0016565131954848766
23592960,1016.750,training/learning_rate,0.0003000000142492354
23592960,1016.750,training/policy_dist_max_loc,1.392967700958252
23592960,1016.750,training/policy_dist_max_std,1.3995413780212402
23592960,1016.750,training/policy_dist_mean_loc,-0.09173930436372757
23592960,1016.750,training/policy_dist_mean_std,0.7713392376899719
23592960,1016.750,training/policy_dist_min_loc,-1.1240718364715576
23592960,1016.750,training/policy_dist_min_std,0.2894488275051117
23592960,1016.750,training/policy_loss,-0.0010903723305091262
23592960,1016.750,training/total_loss,17.073551177978516
23592960,1016.750,training/v_loss,17.190622329711914
23592960,1016.750,eval/episode_reward,293.9039306640625
23592960,1016.750,eval/episode_reward/ctrl,-0.25022727251052856
23592960,1016.750,eval/episode_reward/forward,363.8197021484375
23592960,1016.750,eval/episode_reward/joint,-0.0837366133928299
23592960,1016.750,eval/episode_reward/orient,-69.58171844482422
23592960,1016.750,eval/episode_reward/total,293.9039306640625
23592960,1016.750,eval/episode_state/forward_vel,12.724373817443848
23592960,1016.750,eval/episode_state/up_z,931.425048828125
23592960,1016.750,eval/episode_reward_std,351.8500671386719
23592960,1016.750,eval/episode_reward/ctrl_std,0.0029067995492368937
23592960,1016.750,eval/episode_reward/forward_std,22.975910186767578
23592960,1016.750,eval/episode_reward/joint_std,0.005701477639377117
23592960,1016.750,eval/episode_reward/orient_std,363.2926330566406
23592960,1016.750,eval/episode_reward/total_std,351.8500671386719
23592960,1016.750,eval/episode_state/forward_vel_std,16.036609649658203
23592960,1016.750,eval/episode_state/up_z_std,187.11285400390625
23592960,1016.750,eval/avg_episode_length,1000.0
23592960,1016.750,eval/std_episode_length,0.0
23592960,1016.750,eval/epoch_eval_time,8.022281646728516
23592960,1016.750,eval/sps,3988.8901199385828
24117248,1029.234,episode/sps,25527.858103494113
24117248,1029.234,episode/length,1000.0
24117248,1029.234,episode/reward/ctrl,-0.25070860743522644
24117248,1029.234,episode/reward/forward,365.29341278076174
24117248,1029.234,episode/reward/joint,-0.08448543511331082
24117248,1029.234,episode/reward/orient,-93.56757946938276
24117248,1029.234,episode/reward/total,271.3906494140625
24117248,1029.234,episode/state/forward_vel,13.972727618813515
24117248,1029.234,episode/state/up_z,921.6543195211888
24117248,1029.234,episode/sum_reward,271.3906494140625
24117248,1029.234,episode/entropy_loss,-0.11589521497488021
24117248,1029.234,episode/kl_mean,0.0014784042963583489
24117248,1029.234,episode/learning_rate,0.0003000000142492354
24117248,1029.234,episode/policy_dist_max_loc,1.2938357502222062
24117248,1029.234,episode/policy_dist_max_std,1.3958807563781739
24117248,1029.234,episode/policy_dist_mean_loc,-0.09300089560449123
24117248,1029.234,episode/policy_dist_mean_std,0.7710837018489838
24117248,1029.234,episode/policy_dist_min_loc,-1.108900876045227
24117248,1029.234,episode/policy_dist_min_std,0.2799370875954628
24117248,1029.234,episode/policy_loss,-0.0009231943619670346
24117248,1029.234,episode/total_loss,16.899949617385865
24117248,1029.234,episode/v_loss,17.016768045425415
24117248,1037.277,eval/walltime,409.8650505542755
24117248,1037.277,training/sps,41953.2584889012
24117248,1037.277,training/walltime,604.9677269458771
24117248,1037.277,training/entropy_loss,-0.11569777131080627
24117248,1037.277,training/kl_mean,0.0017847681883722544
24117248,1037.277,training/learning_rate,0.0003000000142492354
24117248,1037.277,training/policy_dist_max_loc,1.2388651371002197
24117248,1037.277,training/policy_dist_max_std,1.440616250038147
24117248,1037.277,training/policy_dist_mean_loc,-0.10538189858198166
24117248,1037.277,training/policy_dist_mean_std,0.7736229300498962
24117248,1037.277,training/policy_dist_min_loc,-1.1133663654327393
24117248,1037.277,training/policy_dist_min_std,0.27590954303741455
24117248,1037.277,training/policy_loss,-0.00103620660956949
24117248,1037.277,training/total_loss,15.161372184753418
24117248,1037.277,training/v_loss,15.278105735778809
24117248,1037.277,eval/episode_reward,248.1157684326172
24117248,1037.277,eval/episode_reward/ctrl,-0.24988818168640137
24117248,1037.277,eval/episode_reward/forward,359.2031555175781
24117248,1037.277,eval/episode_reward/joint,-0.08523235470056534
24117248,1037.277,eval/episode_reward/orient,-110.75230407714844
24117248,1037.277,eval/episode_reward/total,248.1157684326172
24117248,1037.277,eval/episode_state/forward_vel,10.253941535949707
24117248,1037.277,eval/episode_state/up_z,904.9280395507812
24117248,1037.277,eval/episode_reward_std,503.25701904296875
24117248,1037.277,eval/episode_reward/ctrl_std,0.004003590904176235
24117248,1037.277,eval/episode_reward/forward_std,22.192543029785156
24117248,1037.277,eval/episode_reward/joint_std,0.00498405285179615
24117248,1037.277,eval/episode_reward/orient_std,515.1318969726562
24117248,1037.277,eval/episode_reward/total_std,503.25701904296875
24117248,1037.277,eval/episode_state/forward_vel_std,14.171939849853516
24117248,1037.277,eval/episode_state/up_z_std,268.265869140625
24117248,1037.277,eval/avg_episode_length,1000.0
24117248,1037.277,eval/std_episode_length,0.0
24117248,1037.277,eval/epoch_eval_time,8.01108980178833
24117248,1037.277,eval/sps,3994.462774946872
24641536,1049.839,episode/sps,25444.45731549723
24641536,1049.839,episode/length,1000.0
24641536,1049.839,episode/reward/ctrl,-0.2517034573853016
24641536,1049.839,episode/reward/forward,355.4867013549805
24641536,1049.839,episode/reward/joint,-0.08607331022620202
24641536,1049.839,episode/reward/orient,-57.69353806197643
24641536,1049.839,episode/reward/total,297.45534759521485
24641536,1049.839,episode/state/forward_vel,8.286182997226716
24641536,1049.839,episode/state/up_z,948.444359664917
24641536,1049.839,episode/sum_reward,297.45534759521485
24641536,1049.839,episode/entropy_loss,-0.11582756660878658
24641536,1049.839,episode/kl_mean,0.0015582957152219024
24641536,1049.839,episode/learning_rate,0.0003000000142492354
24641536,1049.839,episode/policy_dist_max_loc,1.2737387824058533
24641536,1049.839,episode/policy_dist_max_std,1.4032251346111297
24641536,1049.839,episode/policy_dist_mean_loc,-0.10004270441830158
24641536,1049.839,episode/policy_dist_mean_std,0.77259368121624
24641536,1049.839,episode/policy_dist_min_loc,-1.103504324555397
24641536,1049.839,episode/policy_dist_min_std,0.27619390860199927
24641536,1049.839,episode/policy_loss,-0.0008714568682626123
24641536,1049.839,episode/total_loss,16.06298432350159
24641536,1049.839,episode/v_loss,16.179683289527894
24641536,1057.954,eval/walltime,417.9500255584717
24641536,1057.954,training/sps,41694.799561661275
24641536,1057.954,training/walltime,617.5421488285065
24641536,1057.954,training/entropy_loss,-0.11578213423490524
24641536,1057.954,training/kl_mean,0.0012242380762472749
24641536,1057.954,training/learning_rate,0.0003000000142492354
24641536,1057.954,training/policy_dist_max_loc,1.2016851902008057
24641536,1057.954,training/policy_dist_max_std,1.3795154094696045
24641536,1057.954,training/policy_dist_mean_loc,-0.10498698800802231
24641536,1057.954,training/policy_dist_mean_std,0.7732830047607422
24641536,1057.954,training/policy_dist_min_loc,-1.0780726671218872
24641536,1057.954,training/policy_dist_min_std,0.26368212699890137
24641536,1057.954,training/policy_loss,-0.0004385380889289081
24641536,1057.954,training/total_loss,15.623164176940918
24641536,1057.954,training/v_loss,15.739383697509766
24641536,1057.954,eval/episode_reward,304.0981750488281
24641536,1057.954,eval/episode_reward/ctrl,-0.24983032047748566
24641536,1057.954,eval/episode_reward/forward,364.06622314453125
24641536,1057.954,eval/episode_reward/joint,-0.0844067931175232
24641536,1057.954,eval/episode_reward/orient,-59.633750915527344
24641536,1057.954,eval/episode_reward/total,304.0981750488281
24641536,1057.954,eval/episode_state/forward_vel,13.018720626831055
24641536,1057.954,eval/episode_state/up_z,935.75732421875
24641536,1057.954,eval/episode_reward_std,200.29238891601562
24641536,1057.954,eval/episode_reward/ctrl_std,0.0029175844974815845
24641536,1057.954,eval/episode_reward/forward_std,15.881628036499023
24641536,1057.954,eval/episode_reward/joint_std,0.0055698673240840435
24641536,1057.954,eval/episode_reward/orient_std,196.67706298828125
24641536,1057.954,eval/episode_reward/total_std,200.29238891601562
24641536,1057.954,eval/episode_state/forward_vel_std,10.189820289611816
24641536,1057.954,eval/episode_state/up_z_std,119.36677551269531
24641536,1057.954,eval/avg_episode_length,1000.0
24641536,1057.954,eval/std_episode_length,0.0
24641536,1057.954,eval/epoch_eval_time,8.084975004196167
24641536,1057.954,eval/sps,3957.959051622515
25165824,1070.452,episode/sps,25435.067544197398
25165824,1070.452,episode/length,1000.0
25165824,1070.452,episode/reward/ctrl,-0.24993985369801522
25165824,1070.452,episode/reward/forward,360.72068084716796
25165824,1070.452,episode/reward/joint,-0.08302591882646083
25165824,1070.452,episode/reward/orient,-69.40308813899756
25165824,1070.452,episode/reward/total,290.9845782470703
25165824,1070.452,episode/state/forward_vel,11.098277423083783
25165824,1070.452,episode/state/up_z,937.241880645752
25165824,1070.452,episode/sum_reward,290.9845782470703
25165824,1070.452,episode/entropy_loss,-0.11582957312464714
25165824,1070.452,episode/kl_mean,0.0013748044482781551
25165824,1070.452,episode/learning_rate,0.0003000000142492354
25165824,1070.452,episode/policy_dist_max_loc,1.2270254147052766
25165824,1070.452,episode/policy_dist_max_std,1.3953137958049775
25165824,1070.452,episode/policy_dist_mean_loc,-0.10164927802979946
25165824,1070.452,episode/policy_dist_mean_std,0.7730101537704468
25165824,1070.452,episode/policy_dist_min_loc,-1.1052146828174592
25165824,1070.452,episode/policy_dist_min_std,0.2685933293402195
25165824,1070.452,episode/policy_loss,-0.0006757920647214633
25165824,1070.452,episode/total_loss,17.424338302612306
25165824,1070.452,episode/v_loss,17.540843605995178
25165824,1078.489,eval/walltime,425.9554569721222
25165824,1078.489,training/sps,41903.78078155537
25165824,1078.489,training/walltime,630.0538599491119
25165824,1078.489,training/entropy_loss,-0.11600406467914581
25165824,1078.489,training/kl_mean,0.0007184591377153993
25165824,1078.489,training/learning_rate,0.0003000000142492354
25165824,1078.489,training/policy_dist_max_loc,1.233896017074585
25165824,1078.489,training/policy_dist_max_std,1.3657987117767334
25165824,1078.489,training/policy_dist_mean_loc,-0.09510749578475952
25165824,1078.489,training/policy_dist_mean_std,0.7722121477127075
25165824,1078.489,training/policy_dist_min_loc,-1.1179068088531494
25165824,1078.489,training/policy_dist_min_std,0.2606698274612427
25165824,1078.489,training/policy_loss,-0.0003658647765405476
25165824,1078.489,training/total_loss,21.095264434814453
25165824,1078.489,training/v_loss,21.21163558959961
25165824,1078.489,eval/episode_reward,348.240478515625
25165824,1078.489,eval/episode_reward/ctrl,-0.25075197219848633
25165824,1078.489,eval/episode_reward/forward,362.4788818359375
25165824,1078.489,eval/episode_reward/joint,-0.08512184023857117
25165824,1078.489,eval/episode_reward/orient,-13.902458190917969
25165824,1078.489,eval/episode_reward/total,348.240478515625
25165824,1078.489,eval/episode_state/forward_vel,11.904745101928711
25165824,1078.489,eval/episode_state/up_z,965.2454833984375
25165824,1078.489,eval/episode_reward_std,61.1593017578125
25165824,1078.489,eval/episode_reward/ctrl_std,0.002660532249137759
25165824,1078.489,eval/episode_reward/forward_std,17.26346206665039
25165824,1078.489,eval/episode_reward/joint_std,0.005655150394886732
25165824,1078.489,eval/episode_reward/orient_std,55.77070236206055
25165824,1078.489,eval/episode_reward/total_std,61.1593017578125
25165824,1078.489,eval/episode_state/forward_vel_std,10.661858558654785
25165824,1078.489,eval/episode_state/up_z_std,40.12464141845703
25165824,1078.489,eval/avg_episode_length,1000.0
25165824,1078.489,eval/std_episode_length,0.0
25165824,1078.489,eval/epoch_eval_time,8.005431413650513
25165824,1078.489,eval/sps,3997.286135689701
25690112,1090.969,episode/sps,25554.04576438542
25690112,1090.969,episode/length,1000.0
25690112,1090.969,episode/reward/ctrl,-0.2503104004263878
25690112,1090.969,episode/reward/forward,360.80390899658204
25690112,1090.969,episode/reward/joint,-0.08406038030982017
25690112,1090.969,episode/reward/orient,-85.13866197124123
25690112,1090.969,episode/reward/total,275.3307832336426
25690112,1090.969,episode/state/forward_vel,11.081829523444176
25690112,1090.969,episode/state/up_z,922.5094877624512
25690112,1090.969,episode/sum_reward,275.3307832336426
25690112,1090.969,episode/entropy_loss,-0.11595493845641613
25690112,1090.969,episode/kl_mean,0.0011112009806674905
25690112,1090.969,episode/learning_rate,0.0003000000142492354
25690112,1090.969,episode/policy_dist_max_loc,1.2257457691431046
25690112,1090.969,episode/policy_dist_max_std,1.359556075334549
25690112,1090.969,episode/policy_dist_mean_loc,-0.09910795159637928
25690112,1090.969,episode/policy_dist_mean_std,0.7732190066576003
25690112,1090.969,episode/policy_dist_min_loc,-1.1007665854692459
25690112,1090.969,episode/policy_dist_min_std,0.2629389180243015
25690112,1090.969,episode/policy_loss,-0.0005172307023894973
25690112,1090.969,episode/total_loss,17.935846281051635
25690112,1090.969,episode/v_loss,18.052318348884583
25690112,1099.012,eval/walltime,433.95787143707275
25690112,1099.012,training/sps,41955.46207790061
25690112,1099.012,training/walltime,642.5501589775085
25690112,1099.012,training/entropy_loss,-0.11611507087945938
25690112,1099.012,training/kl_mean,0.0010202245321124792
25690112,1099.012,training/learning_rate,0.0003000000142492354
25690112,1099.012,training/policy_dist_max_loc,1.2437098026275635
25690112,1099.012,training/policy_dist_max_std,1.3206285238265991
25690112,1099.012,training/policy_dist_mean_loc,-0.09606556594371796
25690112,1099.012,training/policy_dist_mean_std,0.7739723920822144
25690112,1099.012,training/policy_dist_min_loc,-1.1059165000915527
25690112,1099.012,training/policy_dist_min_std,0.2640928626060486
25690112,1099.012,training/policy_loss,-0.0005401987000368536
25690112,1099.012,training/total_loss,17.290828704833984
25690112,1099.012,training/v_loss,17.40748405456543
25690112,1099.012,eval/episode_reward,280.62921142578125
25690112,1099.012,eval/episode_reward/ctrl,-0.25027358531951904
25690112,1099.012,eval/episode_reward/forward,356.18365478515625
25690112,1099.012,eval/episode_reward/joint,-0.08402751386165619
25690112,1099.012,eval/episode_reward/orient,-75.22019958496094
25690112,1099.012,eval/episode_reward/total,280.62921142578125
25690112,1099.012,eval/episode_state/forward_vel,9.051915168762207
25690112,1099.012,eval/episode_state/up_z,928.4510498046875
25690112,1099.012,eval/episode_reward_std,350.3939208984375
25690112,1099.012,eval/episode_reward/ctrl_std,0.0022391970269382
25690112,1099.012,eval/episode_reward/forward_std,24.323965072631836
25690112,1099.012,eval/episode_reward/joint_std,0.0036905333399772644
25690112,1099.012,eval/episode_reward/orient_std,357.99658203125
25690112,1099.012,eval/episode_reward/total_std,350.3939208984375
25690112,1099.012,eval/episode_state/forward_vel_std,15.817745208740234
25690112,1099.012,eval/episode_state/up_z_std,194.5664520263672
25690112,1099.012,eval/avg_episode_length,1000.0
25690112,1099.012,eval/std_episode_length,0.0
25690112,1099.012,eval/epoch_eval_time,8.002414464950562
25690112,1099.012,eval/sps,3998.79313176735
26214400,1111.462,episode/sps,25583.562920548025
26214400,1111.462,episode/length,1000.0
26214400,1111.462,episode/reward/ctrl,-0.250885841101408
26214400,1111.462,episode/reward/forward,354.44445037841797
26214400,1111.462,episode/reward/joint,-0.0836258988827467
26214400,1111.462,episode/reward/orient,-97.63568935513496
26214400,1111.462,episode/reward/total,256.474231262207
26214400,1111.462,episode/state/forward_vel,7.350942079499364
26214400,1111.462,episode/state/up_z,922.8952764892579
26214400,1111.462,episode/sum_reward,256.474231262207
26214400,1111.462,episode/entropy_loss,-0.11610583990812301
26214400,1111.462,episode/kl_mean,0.0012712877326703164
26214400,1111.462,episode/learning_rate,0.0003000000142492354
26214400,1111.462,episode/policy_dist_max_loc,1.231067960858345
26214400,1111.462,episode/policy_dist_max_std,1.3375020945072174
26214400,1111.462,episode/policy_dist_mean_loc,-0.09584213577210904
26214400,1111.462,episode/policy_dist_mean_std,0.7741198652982711
26214400,1111.462,episode/policy_dist_min_loc,-1.1092878884077073
26214400,1111.462,episode/policy_dist_min_std,0.25512840315699575
26214400,1111.462,episode/policy_loss,-0.0006222565430653048
26214400,1111.462,episode/total_loss,17.829516983032228
26214400,1111.462,episode/v_loss,17.946245107650757
26214400,1119.484,eval/walltime,441.95041704177856
26214400,1119.484,training/sps,42070.22127807024
26214400,1119.484,training/walltime,655.0123705863953
26214400,1119.484,training/entropy_loss,-0.1162223219871521
26214400,1119.484,training/kl_mean,0.0018575896974653006
26214400,1119.484,training/learning_rate,0.0003000000142492354
26214400,1119.484,training/policy_dist_max_loc,1.2212610244750977
26214400,1119.484,training/policy_dist_max_std,1.3245062828063965
26214400,1119.484,training/policy_dist_mean_loc,-0.09548038244247437
26214400,1119.484,training/policy_dist_mean_std,0.7762702703475952
26214400,1119.484,training/policy_dist_min_loc,-1.107540249824524
26214400,1119.484,training/policy_dist_min_std,0.2399560958147049
26214400,1119.484,training/policy_loss,-0.0009316214127466083
26214400,1119.484,training/total_loss,15.638602256774902
26214400,1119.484,training/v_loss,15.755755424499512
26214400,1119.484,eval/episode_reward,245.7340850830078
26214400,1119.484,eval/episode_reward/ctrl,-0.25150489807128906
26214400,1119.484,eval/episode_reward/forward,353.91680908203125
26214400,1119.484,eval/episode_reward/joint,-0.08755871653556824
26214400,1119.484,eval/episode_reward/orient,-107.8436279296875
26214400,1119.484,eval/episode_reward/total,245.7340850830078
26214400,1119.484,eval/episode_state/forward_vel,6.713159561157227
26214400,1119.484,eval/episode_state/up_z,913.5382080078125
26214400,1119.484,eval/episode_reward_std,480.12554931640625
26214400,1119.484,eval/episode_reward/ctrl_std,0.0038060920778661966
26214400,1119.484,eval/episode_reward/forward_std,23.4173641204834
26214400,1119.484,eval/episode_reward/joint_std,0.005697422660887241
26214400,1119.484,eval/episode_reward/orient_std,481.4163818359375
26214400,1119.484,eval/episode_reward/total_std,480.12554931640625
26214400,1119.484,eval/episode_state/forward_vel_std,14.590899467468262
26214400,1119.484,eval/episode_state/up_z_std,250.4795379638672
26214400,1119.484,eval/avg_episode_length,1000.0
26214400,1119.484,eval/std_episode_length,0.0
26214400,1119.484,eval/epoch_eval_time,7.9925456047058105
26214400,1119.484,eval/sps,4003.730673886828
26738688,1132.050,episode/sps,25465.101784393606
26738688,1132.050,episode/length,1000.0
26738688,1132.050,episode/reward/ctrl,-0.25101926013827325
26738688,1132.050,episode/reward/forward,355.60735778808595
26738688,1132.050,episode/reward/joint,-0.08541730239987373
26738688,1132.050,episode/reward/orient,-68.95966095820069
26738688,1132.050,episode/reward/total,286.31118498802186
26738688,1132.050,episode/state/forward_vel,7.290476376712323
26738688,1132.050,episode/state/up_z,934.508475189209
26738688,1132.050,episode/sum_reward,286.31118498802186
26738688,1132.050,episode/entropy_loss,-0.11617980994284154
26738688,1132.050,episode/kl_mean,0.0013279244968725833
26738688,1132.050,episode/learning_rate,0.0003000000142492354
26738688,1132.050,episode/policy_dist_max_loc,1.2072242724895477
26738688,1132.050,episode/policy_dist_max_std,1.3225090777873993
26738688,1132.050,episode/policy_dist_mean_loc,-0.09570490397512912
26738688,1132.050,episode/policy_dist_mean_std,0.7753077846765518
26738688,1132.050,episode/policy_dist_min_loc,-1.138936774134636
26738688,1132.050,episode/policy_dist_min_std,0.24887866139411927
26738688,1132.050,episode/policy_loss,-0.000713223327184096
26738688,1132.050,episode/total_loss,15.801948289871216
26738688,1132.050,episode/v_loss,15.918841333389283
26738688,1140.100,eval/walltime,449.9644351005554
26738688,1140.100,training/sps,41672.75622347322
26738688,1140.100,training/walltime,667.5934438705444
26738688,1140.100,training/entropy_loss,-0.1162291169166565
26738688,1140.100,training/kl_mean,0.001104426570236683
26738688,1140.100,training/learning_rate,0.0003000000142492354
26738688,1140.100,training/policy_dist_max_loc,1.1487926244735718
26738688,1140.100,training/policy_dist_max_std,1.3177818059921265
26738688,1140.100,training/policy_dist_mean_loc,-0.09554684162139893
26738688,1140.100,training/policy_dist_mean_std,0.7759357690811157
26738688,1140.100,training/policy_dist_min_loc,-1.2009129524230957
26738688,1140.100,training/policy_dist_min_std,0.239990234375
26738688,1140.100,training/policy_loss,-0.0006309612072072923
26738688,1140.100,training/total_loss,13.757320404052734
26738688,1140.100,training/v_loss,13.87417984008789
26738688,1140.100,eval/episode_reward,177.14324951171875
26738688,1140.100,eval/episode_reward/ctrl,-0.2512728273868561
26738688,1140.100,eval/episode_reward/forward,348.3874206542969
26738688,1140.100,eval/episode_reward/joint,-0.08601289987564087
26738688,1140.100,eval/episode_reward/orient,-170.90673828125
26738688,1140.100,eval/episode_reward/total,177.14324951171875
26738688,1140.100,eval/episode_state/forward_vel,4.167108058929443
26738688,1140.100,eval/episode_state/up_z,885.879150390625
26738688,1140.100,eval/episode_reward_std,569.8380737304688
26738688,1140.100,eval/episode_reward/ctrl_std,0.0041765631176531315
26738688,1140.100,eval/episode_reward/forward_std,26.754709243774414
26738688,1140.100,eval/episode_reward/joint_std,0.006422820966690779
26738688,1140.100,eval/episode_reward/orient_std,577.7112426757812
26738688,1140.100,eval/episode_reward/total_std,569.8380737304688
26738688,1140.100,eval/episode_state/forward_vel_std,18.29119300842285
26738688,1140.100,eval/episode_state/up_z_std,304.40643310546875
26738688,1140.100,eval/avg_episode_length,1000.0
26738688,1140.100,eval/std_episode_length,0.0
26738688,1140.100,eval/epoch_eval_time,8.014018058776855
26738688,1140.100,eval/sps,3993.003230751893
27262976,1152.618,episode/sps,25491.439435505305
27262976,1152.618,episode/length,1000.0
27262976,1152.618,episode/reward/ctrl,-0.25043083682656286
27262976,1152.618,episode/reward/forward,351.2243078613281
27262976,1152.618,episode/reward/joint,-0.08524587109684945
27262976,1152.618,episode/reward/orient,-45.422363870292905
27262976,1152.618,episode/reward/total,305.4662707519531
27262976,1152.618,episode/state/forward_vel,5.174863305240869
27262976,1152.618,episode/state/up_z,948.0216877746582
27262976,1152.618,episode/sum_reward,305.4662707519531
27262976,1152.618,episode/entropy_loss,-0.11622662246227264
27262976,1152.618,episode/kl_mean,0.0014201141679950524
27262976,1152.618,episode/learning_rate,0.0003000000142492354
27262976,1152.618,episode/policy_dist_max_loc,1.1718923699855806
27262976,1152.618,episode/policy_dist_max_std,1.3304678905010223
27262976,1152.618,episode/policy_dist_mean_loc,-0.09617900170385837
27262976,1152.618,episode/policy_dist_mean_std,0.7759822380542755
27262976,1152.618,episode/policy_dist_min_loc,-1.18198994576931
27262976,1152.618,episode/policy_dist_min_std,0.24463268026709556
27262976,1152.618,episode/policy_loss,-0.000841492488179938
27262976,1152.618,episode/total_loss,15.929899368286133
27262976,1152.618,episode/v_loss,16.04696747779846
27262976,1160.710,eval/walltime,458.02523398399353
27262976,1160.710,training/sps,41843.70700710656
27262976,1160.710,training/walltime,680.123117685318
27262976,1160.710,training/entropy_loss,-0.11623425036668777
27262976,1160.710,training/kl_mean,0.0012046684278175235
27262976,1160.710,training/learning_rate,0.0003000000142492354
27262976,1160.710,training/policy_dist_max_loc,1.1533195972442627
27262976,1160.710,training/policy_dist_max_std,1.3548203706741333
27262976,1160.710,training/policy_dist_mean_loc,-0.0974968671798706
27262976,1160.710,training/policy_dist_mean_std,0.7759323716163635
27262976,1160.710,training/policy_dist_min_loc,-1.247685194015503
27262976,1160.710,training/policy_dist_min_std,0.25207334756851196
27262976,1160.710,training/policy_loss,-0.000921510043554008
27262976,1160.710,training/total_loss,18.167255401611328
27262976,1160.710,training/v_loss,18.28441047668457
27262976,1160.710,eval/episode_reward,301.52978515625
27262976,1160.710,eval/episode_reward/ctrl,-0.2512282133102417
27262976,1160.710,eval/episode_reward/forward,352.28033447265625
27262976,1160.710,eval/episode_reward/joint,-0.08773592114448547
27262976,1160.710,eval/episode_reward/orient,-50.41151809692383
27262976,1160.710,eval/episode_reward/total,301.52978515625
27262976,1160.710,eval/episode_state/forward_vel,5.463668346405029
27262976,1160.710,eval/episode_state/up_z,952.1353759765625
27262976,1160.710,eval/episode_reward_std,259.3714294433594
27262976,1160.710,eval/episode_reward/ctrl_std,0.0024964576587080956
27262976,1160.710,eval/episode_reward/forward_std,18.771623611450195
27262976,1160.710,eval/episode_reward/joint_std,0.005119188688695431
27262976,1160.710,eval/episode_reward/orient_std,260.5277099609375
27262976,1160.710,eval/episode_reward/total_std,259.3714294433594
27262976,1160.710,eval/episode_state/forward_vel_std,12.297248840332031
27262976,1160.710,eval/episode_state/up_z_std,141.92652893066406
27262976,1160.710,eval/avg_episode_length,1000.0
27262976,1160.710,eval/std_episode_length,0.0
27262976,1160.710,eval/epoch_eval_time,8.06079888343811
27262976,1160.710,eval/sps,3969.829847231133
27787264,1173.184,episode/sps,25491.9624829376
27787264,1173.184,episode/length,1000.0
27787264,1173.184,episode/reward/ctrl,-0.25102289736270905
27787264,1173.184,episode/reward/forward,352.2690689086914
27787264,1173.184,episode/reward/joint,-0.08822859093546867
27787264,1173.184,episode/reward/orient,-100.3288594044745
27787264,1173.184,episode/reward/total,251.60092445373536
27787264,1173.184,episode/state/forward_vel,5.92638581931591
27787264,1173.184,episode/state/up_z,918.7644689941407
27787264,1173.184,episode/sum_reward,251.60092445373536
27787264,1173.184,episode/entropy_loss,-0.11627254247665406
27787264,1173.184,episode/kl_mean,0.0013397528779751156
27787264,1173.184,episode/learning_rate,0.0003000000142492354
27787264,1173.184,episode/policy_dist_max_loc,1.188889821767807
27787264,1173.184,episode/policy_dist_max_std,1.3304490172863006
27787264,1173.184,episode/policy_dist_mean_loc,-0.09893516853451728
27787264,1173.184,episode/policy_dist_mean_std,0.7766095548868179
27787264,1173.184,episode/policy_dist_min_loc,-1.2403252935409546
27787264,1173.184,episode/policy_dist_min_std,0.24592900216579439
27787264,1173.184,episode/policy_loss,-0.0008318339498509886
27787264,1173.184,episode/total_loss,15.853454513549805
27787264,1173.184,episode/v_loss,15.9705588722229
27787264,1181.179,eval/walltime,465.9893877506256
27787264,1181.179,training/sps,41985.0588526737
27787264,1181.179,training/walltime,692.610607624054
27787264,1181.179,training/entropy_loss,-0.11635720729827881
27787264,1181.179,training/kl_mean,0.001321443822234869
27787264,1181.179,training/learning_rate,0.0003000000142492354
27787264,1181.179,training/policy_dist_max_loc,1.2554664611816406
27787264,1181.179,training/policy_dist_max_std,1.3227405548095703
27787264,1181.179,training/policy_dist_mean_loc,-0.10386361181735992
27787264,1181.179,training/policy_dist_mean_std,0.7778774499893188
27787264,1181.179,training/policy_dist_min_loc,-1.2839733362197876
27787264,1181.179,training/policy_dist_min_std,0.24726979434490204
27787264,1181.179,training/policy_loss,-0.0007818890735507011
27787264,1181.179,training/total_loss,15.534488677978516
27787264,1181.179,training/v_loss,15.651626586914062
27787264,1181.179,eval/episode_reward,323.22332763671875
27787264,1181.179,eval/episode_reward/ctrl,-0.25145262479782104
27787264,1181.179,eval/episode_reward/forward,346.469482421875
27787264,1181.179,eval/episode_reward/joint,-0.08906552940607071
27787264,1181.179,eval/episode_reward/orient,-22.905616760253906
27787264,1181.179,eval/episode_reward/total,323.22332763671875
27787264,1181.179,eval/episode_state/forward_vel,2.2665281295776367
27787264,1181.179,eval/episode_state/up_z,961.3312377929688
27787264,1181.179,eval/episode_reward_std,94.11566162109375
27787264,1181.179,eval/episode_reward/ctrl_std,0.002365031046792865
27787264,1181.179,eval/episode_reward/forward_std,20.14590072631836
27787264,1181.179,eval/episode_reward/joint_std,0.005330340471118689
27787264,1181.179,eval/episode_reward/orient_std,99.46378326416016
27787264,1181.179,eval/episode_reward/total_std,94.11566162109375
27787264,1181.179,eval/episode_state/forward_vel_std,12.725123405456543
27787264,1181.179,eval/episode_state/up_z_std,61.73332214355469
27787264,1181.179,eval/avg_episode_length,1000.0
27787264,1181.179,eval/std_episode_length,0.0
27787264,1181.179,eval/epoch_eval_time,7.96415376663208
27787264,1181.179,eval/sps,4018.003787680799
28311552,1193.680,episode/sps,25580.285424099024
28311552,1193.680,episode/length,1000.0
28311552,1193.680,episode/reward/ctrl,-0.25166260182857514
28311552,1193.680,episode/reward/forward,352.1476055908203
28311552,1193.680,episode/reward/joint,-0.08881466463208199
28311552,1193.680,episode/reward/orient,-122.5657054490596
28311552,1193.680,episode/reward/total,229.24135757446288
28311552,1193.680,episode/state/forward_vel,5.708550295084715
28311552,1193.680,episode/state/up_z,913.2935418701172
28311552,1193.680,episode/sum_reward,229.24135757446288
28311552,1193.680,episode/entropy_loss,-0.1163141093403101
28311552,1193.680,episode/kl_mean,0.0014048406446818262
28311552,1193.680,episode/learning_rate,0.0003000000142492354
28311552,1193.680,episode/policy_dist_max_loc,1.1822849106788635
28311552,1193.680,episode/policy_dist_max_std,1.3382167184352876
28311552,1193.680,episode/policy_dist_mean_loc,-0.10058882243931294
28311552,1193.680,episode/policy_dist_mean_std,0.7769759953022003
28311552,1193.680,episode/policy_dist_min_loc,-1.2686383378505708
28311552,1193.680,episode/policy_dist_min_std,0.24654651537537575
28311552,1193.680,episode/policy_loss,-0.0008787263194244588
28311552,1193.680,episode/total_loss,15.871847143173218
28311552,1193.680,episode/v_loss,15.989039945602418
28311552,1201.713,eval/walltime,473.99235439300537
28311552,1201.713,training/sps,41896.81340383583
28311552,1201.713,training/walltime,705.1243994235992
28311552,1201.713,training/entropy_loss,-0.11635442078113556
28311552,1201.713,training/kl_mean,0.001548950094729662
28311552,1201.713,training/learning_rate,0.0003000000142492354
28311552,1201.713,training/policy_dist_max_loc,1.1496717929840088
28311552,1201.713,training/policy_dist_max_std,1.334369421005249
28311552,1201.713,training/policy_dist_mean_loc,-0.10094137489795685
28311552,1201.713,training/policy_dist_mean_std,0.777226984500885
28311552,1201.713,training/policy_dist_min_loc,-1.276578664779663
28311552,1201.713,training/policy_dist_min_std,0.24065497517585754
28311552,1201.713,training/policy_loss,-0.0008896943763829768
28311552,1201.713,training/total_loss,14.078048706054688
28311552,1201.713,training/v_loss,14.195292472839355
28311552,1201.713,eval/episode_reward,240.83824157714844
28311552,1201.713,eval/episode_reward/ctrl,-0.250689297914505
28311552,1201.713,eval/episode_reward/forward,351.4281005859375
28311552,1201.713,eval/episode_reward/joint,-0.08910627663135529
28311552,1201.713,eval/episode_reward/orient,-110.24995422363281
28311552,1201.713,eval/episode_reward/total,240.83824157714844
28311552,1201.713,eval/episode_state/forward_vel,6.089215278625488
28311552,1201.713,eval/episode_state/up_z,915.594970703125
28311552,1201.713,eval/episode_reward_std,469.0555419921875
28311552,1201.713,eval/episode_reward/ctrl_std,0.0027102315798401833
28311552,1201.713,eval/episode_reward/forward_std,17.106042861938477
28311552,1201.713,eval/episode_reward/joint_std,0.0062988572753965855
28311552,1201.713,eval/episode_reward/orient_std,464.96368408203125
28311552,1201.713,eval/episode_reward/total_std,469.0555419921875
28311552,1201.713,eval/episode_state/forward_vel_std,10.777695655822754
28311552,1201.713,eval/episode_state/up_z_std,247.85227966308594
28311552,1201.713,eval/avg_episode_length,1000.0
28311552,1201.713,eval/std_episode_length,0.0
28311552,1201.713,eval/epoch_eval_time,8.00296664237976
28311552,1201.713,eval/sps,3998.5172286666543
28835840,1214.230,episode/sps,25513.25068676671
28835840,1214.230,episode/length,1000.0
28835840,1214.230,episode/reward/ctrl,-0.2513308082520962
28835840,1214.230,episode/reward/forward,350.0208374023438
28835840,1214.230,episode/reward/joint,-0.08830600321292877
28835840,1214.230,episode/reward/orient,-91.85676774844528
28835840,1214.230,episode/reward/total,257.8243938910961
28835840,1214.230,episode/state/forward_vel,4.054475279301405
28835840,1214.230,episode/state/up_z,926.4260103654861
28835840,1214.230,episode/sum_reward,257.8243938910961
28835840,1214.230,episode/entropy_loss,-0.11636563621461392
28835840,1214.230,episode/kl_mean,0.001363215605233563
28835840,1214.230,episode/learning_rate,0.0003000000142492354
28835840,1214.230,episode/policy_dist_max_loc,1.1810354483127594
28835840,1214.230,episode/policy_dist_max_std,1.3188818216323852
28835840,1214.230,episode/policy_dist_mean_loc,-0.10089295469224453
28835840,1214.230,episode/policy_dist_mean_std,0.7771389776468277
28835840,1214.230,episode/policy_dist_min_loc,-1.279180690050125
28835840,1214.230,episode/policy_dist_min_std,0.24467778995633124
28835840,1214.230,episode/policy_loss,-0.0008516248812520644
28835840,1214.230,episode/total_loss,16.003350057601928
28835840,1214.230,episode/v_loss,16.120567293167113
28835840,1222.290,eval/walltime,482.0210521221161
28835840,1222.290,training/sps,41839.09583667727
28835840,1222.290,training/walltime,717.655454158783
28835840,1222.290,training/entropy_loss,-0.11641737818717957
28835840,1222.290,training/kl_mean,0.0010759842116385698
28835840,1222.290,training/learning_rate,0.0003000000142492354
28835840,1222.290,training/policy_dist_max_loc,1.1374576091766357
28835840,1222.290,training/policy_dist_max_std,1.292325735092163
28835840,1222.290,training/policy_dist_mean_loc,-0.09801550209522247
28835840,1222.290,training/policy_dist_mean_std,0.7763922214508057
28835840,1222.290,training/policy_dist_min_loc,-1.273585319519043
28835840,1222.290,training/policy_dist_min_std,0.24557645618915558
28835840,1222.290,training/policy_loss,-0.0007386638317257166
28835840,1222.290,training/total_loss,17.900882720947266
28835840,1222.290,training/v_loss,18.01803970336914
28835840,1222.290,eval/episode_reward,199.69546508789062
28835840,1222.290,eval/episode_reward/ctrl,-0.2514597177505493
28835840,1222.290,eval/episode_reward/forward,356.6717834472656
28835840,1222.290,eval/episode_reward/joint,-0.08855849504470825
28835840,1222.290,eval/episode_reward/orient,-156.63613891601562
28835840,1222.290,eval/episode_reward/total,199.69546508789062
28835840,1222.290,eval/episode_state/forward_vel,8.254794120788574
28835840,1222.290,eval/episode_state/up_z,899.7562255859375
28835840,1222.290,eval/episode_reward_std,621.8922119140625
28835840,1222.290,eval/episode_reward/ctrl_std,0.002867497503757477
28835840,1222.290,eval/episode_reward/forward_std,16.711301803588867
28835840,1222.290,eval/episode_reward/joint_std,0.005884712561964989
28835840,1222.290,eval/episode_reward/orient_std,626.8967895507812
28835840,1222.290,eval/episode_reward/total_std,621.8922119140625
28835840,1222.290,eval/episode_state/forward_vel_std,12.228551864624023
28835840,1222.290,eval/episode_state/up_z_std,323.9175109863281
28835840,1222.290,eval/avg_episode_length,1000.0
28835840,1222.290,eval/std_episode_length,0.0
28835840,1222.290,eval/epoch_eval_time,8.028697729110718
28835840,1222.290,eval/sps,3985.702423940229
29360128,1234.771,episode/sps,25523.26616078606
29360128,1234.771,episode/length,1000.0
29360128,1234.771,episode/reward/ctrl,-0.25027598917484284
29360128,1234.771,episode/reward/forward,351.1211532592773
29360128,1234.771,episode/reward/joint,-0.08726946704089641
29360128,1234.771,episode/reward/orient,-81.85015290759503
29360128,1234.771,episode/reward/total,268.9333874511719
29360128,1234.771,episode/state/forward_vel,5.051266610845923
29360128,1234.771,episode/state/up_z,929.4731168365479
29360128,1234.771,episode/sum_reward,268.9333874511719
29360128,1234.771,episode/entropy_loss,-0.11641678519546986
29360128,1234.771,episode/kl_mean,0.0012291165477654432
29360128,1234.771,episode/learning_rate,0.0003000000142492354
29360128,1234.771,episode/policy_dist_max_loc,1.1699828654527664
29360128,1234.771,episode/policy_dist_max_std,1.331245275735855
29360128,1234.771,episode/policy_dist_mean_loc,-0.09996806271374226
29360128,1234.771,episode/policy_dist_mean_std,0.7767145967483521
29360128,1234.771,episode/policy_dist_min_loc,-1.277795603275299
29360128,1234.771,episode/policy_dist_min_std,0.2492881214618683
29360128,1234.771,episode/policy_loss,-0.0007781965862523066
29360128,1234.771,episode/total_loss,15.911729216575623
29360128,1234.771,episode/v_loss,16.02892415046692
29360128,1242.785,eval/walltime,490.0028147697449
29360128,1242.785,training/sps,41960.24945823861
29360128,1242.785,training/walltime,730.1503274440765
29360128,1242.785,training/entropy_loss,-0.11648975312709808
29360128,1242.785,training/kl_mean,0.0008366280235350132
29360128,1242.785,training/learning_rate,0.0003000000142492354
29360128,1242.785,training/policy_dist_max_loc,1.216749906539917
29360128,1242.785,training/policy_dist_max_std,1.3649134635925293
29360128,1242.785,training/policy_dist_mean_loc,-0.10052763670682907
29360128,1242.785,training/policy_dist_mean_std,0.7763608694076538
29360128,1242.785,training/policy_dist_min_loc,-1.2734050750732422
29360128,1242.785,training/policy_dist_min_std,0.2658092975616455
29360128,1242.785,training/policy_loss,-0.0005857849610038102
29360128,1242.785,training/total_loss,15.851630210876465
29360128,1242.785,training/v_loss,15.968705177307129
29360128,1242.785,eval/episode_reward,68.57745361328125
29360128,1242.785,eval/episode_reward/ctrl,-0.25089162588119507
29360128,1242.785,eval/episode_reward/forward,352.3564147949219
29360128,1242.785,eval/episode_reward/joint,-0.08804963529109955
29360128,1242.785,eval/episode_reward/orient,-283.44000244140625
29360128,1242.785,eval/episode_reward/total,68.57745361328125
29360128,1242.785,eval/episode_state/forward_vel,6.280967712402344
29360128,1242.785,eval/episode_state/up_z,835.9732666015625
29360128,1242.785,eval/episode_reward_std,915.283447265625
29360128,1242.785,eval/episode_reward/ctrl_std,0.002868060255423188
29360128,1242.785,eval/episode_reward/forward_std,23.027639389038086
29360128,1242.785,eval/episode_reward/joint_std,0.006233380641788244
29360128,1242.785,eval/episode_reward/orient_std,914.5159301757812
29360128,1242.785,eval/episode_reward/total_std,915.283447265625
29360128,1242.785,eval/episode_state/forward_vel_std,14.508136749267578
29360128,1242.785,eval/episode_state/up_z_std,466.80419921875
29360128,1242.785,eval/avg_episode_length,1000.0
29360128,1242.785,eval/std_episode_length,0.0
29360128,1242.785,eval/epoch_eval_time,7.981762647628784
29360128,1242.785,eval/sps,4009.1395112464957
29884416,1255.296,episode/sps,25543.89871184156
29884416,1255.296,episode/length,1000.0
29884416,1255.296,episode/reward/ctrl,-0.2510235367715359
29884416,1255.296,episode/reward/forward,353.19402282714844
29884416,1255.296,episode/reward/joint,-0.08900998152792454
29884416,1255.296,episode/reward/orient,-44.11880197152495
29884416,1255.296,episode/reward/total,308.73510635375976
29884416,1255.296,episode/state/forward_vel,6.183859515860677
29884416,1255.296,episode/state/up_z,957.4953671264649
29884416,1255.296,episode/sum_reward,308.73510635375976
29884416,1255.296,episode/entropy_loss,-0.11648162223398685
29884416,1255.296,episode/kl_mean,0.0010849947265523952
29884416,1255.296,episode/learning_rate,0.0003000000142492354
29884416,1255.296,episode/policy_dist_max_loc,1.1867726182937621
29884416,1255.296,episode/policy_dist_max_std,1.3370013046264648
29884416,1255.296,episode/policy_dist_mean_loc,-0.0997161564975977
29884416,1255.296,episode/policy_dist_mean_std,0.7766991084814072
29884416,1255.296,episode/policy_dist_min_loc,-1.2643547928333283
29884416,1255.296,episode/policy_dist_min_std,0.2597418773174286
29884416,1255.296,episode/policy_loss,-0.0006714534201455536
29884416,1255.296,episode/total_loss,16.76478751182556
29884416,1255.296,episode/v_loss,16.88194062232971
29884416,1263.370,eval/walltime,498.0467281341553
29884416,1263.370,training/sps,41862.522067340986
29884416,1263.370,training/walltime,742.6743698120117
29884416,1263.370,training/entropy_loss,-0.11655159294605255
29884416,1263.370,training/kl_mean,0.0010464780498296022
29884416,1263.370,training/learning_rate,0.0003000000142492354
29884416,1263.370,training/policy_dist_max_loc,1.207916498184204
29884416,1263.370,training/policy_dist_max_std,1.3474104404449463
29884416,1263.370,training/policy_dist_mean_loc,-0.10036243498325348
29884416,1263.370,training/policy_dist_mean_std,0.7771414518356323
29884416,1263.370,training/policy_dist_min_loc,-1.2413136959075928
29884416,1263.370,training/policy_dist_min_std,0.2693967819213867
29884416,1263.370,training/policy_loss,-0.0005768488044850528
29884416,1263.370,training/total_loss,16.907516479492188
29884416,1263.370,training/v_loss,17.024642944335938
29884416,1263.370,eval/episode_reward,348.09136962890625
29884416,1263.370,eval/episode_reward/ctrl,-0.2517918348312378
29884416,1263.370,eval/episode_reward/forward,351.9001770019531
29884416,1263.370,eval/episode_reward/joint,-0.08860839158296585
29884416,1263.370,eval/episode_reward/orient,-3.4684178829193115
29884416,1263.370,eval/episode_reward/total,348.09136962890625
29884416,1263.370,eval/episode_state/forward_vel,4.771930694580078
29884416,1263.370,eval/episode_state/up_z,978.0726318359375
29884416,1263.370,eval/episode_reward_std,20.373031616210938
29884416,1263.370,eval/episode_reward/ctrl_std,0.0020914652850478888
29884416,1263.370,eval/episode_reward/forward_std,19.92687225341797
29884416,1263.370,eval/episode_reward/joint_std,0.004262745846062899
29884416,1263.370,eval/episode_reward/orient_std,3.7571523189544678
29884416,1263.370,eval/episode_reward/total_std,20.373031616210938
29884416,1263.370,eval/episode_state/forward_vel_std,12.216625213623047
29884416,1263.370,eval/episode_state/up_z_std,11.553802490234375
29884416,1263.370,eval/avg_episode_length,1000.0
29884416,1263.370,eval/std_episode_length,0.0
29884416,1263.370,eval/epoch_eval_time,8.0439133644104
29884416,1263.370,eval/sps,3978.1631838032013
30408704,1275.876,episode/sps,25476.04663486945
30408704,1275.876,episode/length,1000.0
30408704,1275.876,episode/reward/ctrl,-0.25110620096325875
30408704,1275.876,episode/reward/forward,355.05742401123047
30408704,1275.876,episode/reward/joint,-0.08784187369048596
30408704,1275.876,episode/reward/orient,-143.0590785972029
30408704,1275.876,episode/reward/total,211.6593096923828
30408704,1275.876,episode/state/forward_vel,7.25246210232377
30408704,1275.876,episode/state/up_z,905.7164743041992
30408704,1275.876,episode/sum_reward,211.6593096923828
30408704,1275.876,episode/entropy_loss,-0.11651252083480358
30408704,1275.876,episode/kl_mean,0.0009844096974120475
30408704,1275.876,episode/learning_rate,0.0003000000142492354
30408704,1275.876,episode/policy_dist_max_loc,1.2006108498573302
30408704,1275.876,episode/policy_dist_max_std,1.3470049846172332
30408704,1275.876,episode/policy_dist_mean_loc,-0.10041934095323085
30408704,1275.876,episode/policy_dist_mean_std,0.7772840350866318
30408704,1275.876,episode/policy_dist_min_loc,-1.2587591481208802
30408704,1275.876,episode/policy_dist_min_std,0.2639120733737946
30408704,1275.876,episode/policy_loss,-0.0005974506210623076
30408704,1275.876,episode/total_loss,17.07167802333832
30408704,1275.876,episode/v_loss,17.188788022994995
30408704,1284.004,eval/walltime,506.1422939300537
30408704,1284.004,training/sps,41876.931561172634
30408704,1284.004,training/walltime,755.1941027641296
30408704,1284.004,training/entropy_loss,-0.11651279032230377
30408704,1284.004,training/kl_mean,0.0009722344111651182
30408704,1284.004,training/learning_rate,0.0003000000142492354
30408704,1284.004,training/policy_dist_max_loc,1.1854920387268066
30408704,1284.004,training/policy_dist_max_std,1.3341892957687378
30408704,1284.004,training/policy_dist_mean_loc,-0.10072392225265503
30408704,1284.004,training/policy_dist_mean_std,0.7785148024559021
30408704,1284.004,training/policy_dist_min_loc,-1.2588050365447998
30408704,1284.004,training/policy_dist_min_std,0.2596018314361572
30408704,1284.004,training/policy_loss,-0.0005440557142719626
30408704,1284.004,training/total_loss,18.3652400970459
30408704,1284.004,training/v_loss,18.482297897338867
30408704,1284.004,eval/episode_reward,342.58795166015625
30408704,1284.004,eval/episode_reward/ctrl,-0.2531138062477112
30408704,1284.004,eval/episode_reward/forward,346.3841552734375
30408704,1284.004,eval/episode_reward/joint,-0.08986823260784149
30408704,1284.004,eval/episode_reward/orient,-3.4532127380371094
30408704,1284.004,eval/episode_reward/total,342.58795166015625
30408704,1284.004,eval/episode_state/forward_vel,1.5493710041046143
30408704,1284.004,eval/episode_state/up_z,978.5904541015625
30408704,1284.004,eval/episode_reward_std,21.998432159423828
30408704,1284.004,eval/episode_reward/ctrl_std,0.002430237364023924
30408704,1284.004,eval/episode_reward/forward_std,21.361011505126953
30408704,1284.004,eval/episode_reward/joint_std,0.004982219077646732
30408704,1284.004,eval/episode_reward/orient_std,3.827641010284424
30408704,1284.004,eval/episode_reward/total_std,21.998432159423828
30408704,1284.004,eval/episode_state/forward_vel_std,12.810891151428223
30408704,1284.004,eval/episode_state/up_z_std,13.691010475158691
30408704,1284.004,eval/avg_episode_length,1000.0
30408704,1284.004,eval/std_episode_length,0.0
30408704,1284.004,eval/epoch_eval_time,8.095565795898438
30408704,1284.004,eval/sps,3952.781165241419
30932992,1296.566,episode/sps,25340.763454957625
30932992,1296.566,episode/length,1000.0
30932992,1296.566,episode/reward/ctrl,-0.25169574812054635
30932992,1296.566,episode/reward/forward,349.92430267333987
30932992,1296.566,episode/reward/joint,-0.08973684310913085
30932992,1296.566,episode/reward/orient,-35.59316247411072
30932992,1296.566,episode/reward/total,313.9896368408203
30932992,1296.566,episode/state/forward_vel,3.953124887794256
30932992,1296.566,episode/state/up_z,958.8487115478515
30932992,1296.566,episode/sum_reward,313.9896368408203
30932992,1296.566,episode/entropy_loss,-0.11651065163314342
30932992,1296.566,episode/kl_mean,0.0009233364883402828
30932992,1296.566,episode/learning_rate,0.0003000000142492354
30932992,1296.566,episode/policy_dist_max_loc,1.1796798139810563
30932992,1296.566,episode/policy_dist_max_std,1.3435703814029694
30932992,1296.566,episode/policy_dist_mean_loc,-0.10160490237176419
30932992,1296.566,episode/policy_dist_mean_std,0.7786927455663681
30932992,1296.566,episode/policy_dist_min_loc,-1.2681926023960113
30932992,1296.566,episode/policy_dist_min_std,0.26893034830689433
30932992,1296.566,episode/policy_loss,-0.0005815508741216036
30932992,1296.566,episode/total_loss,17.78005729198456
30932992,1296.566,episode/v_loss,17.897149505615236
30932992,1304.699,eval/walltime,514.2449667453766
30932992,1304.699,training/sps,41692.1205313852
30932992,1304.699,training/walltime,767.7693326473236
30932992,1304.699,training/entropy_loss,-0.1164628192782402
30932992,1304.699,training/kl_mean,0.0006554863648489118
30932992,1304.699,training/learning_rate,0.0003000000142492354
30932992,1304.699,training/policy_dist_max_loc,1.141533613204956
30932992,1304.699,training/policy_dist_max_std,1.3523057699203491
30932992,1304.699,training/policy_dist_mean_loc,-0.10377245396375656
30932992,1304.699,training/policy_dist_mean_std,0.7807077169418335
30932992,1304.699,training/policy_dist_min_loc,-1.303290605545044
30932992,1304.699,training/policy_dist_min_std,0.2790278196334839
30932992,1304.699,training/policy_loss,-0.0005693613202311099
30932992,1304.699,training/total_loss,18.44120979309082
30932992,1304.699,training/v_loss,18.55824089050293
30932992,1304.699,eval/episode_reward,-26.207626342773438
30932992,1304.699,eval/episode_reward/ctrl,-0.2535051703453064
30932992,1304.699,eval/episode_reward/forward,349.447998046875
30932992,1304.699,eval/episode_reward/joint,-0.09280060976743698
30932992,1304.699,eval/episode_reward/orient,-375.3089599609375
30932992,1304.699,eval/episode_reward/total,-26.207626342773438
30932992,1304.699,eval/episode_state/forward_vel,5.6164164543151855
30932992,1304.699,eval/episode_state/up_z,784.3119506835938
30932992,1304.699,eval/episode_reward_std,924.9564819335938
30932992,1304.699,eval/episode_reward/ctrl_std,0.004156825598329306
30932992,1304.699,eval/episode_reward/forward_std,25.497039794921875
30932992,1304.699,eval/episode_reward/joint_std,0.006280327215790749
30932992,1304.699,eval/episode_reward/orient_std,914.2015380859375
30932992,1304.699,eval/episode_reward/total_std,924.9564819335938
30932992,1304.699,eval/episode_state/forward_vel_std,16.043704986572266
30932992,1304.699,eval/episode_state/up_z_std,477.6712341308594
30932992,1304.699,eval/avg_episode_length,1000.0
30932992,1304.699,eval/std_episode_length,0.0
30932992,1304.699,eval/epoch_eval_time,8.102672815322876
30932992,1304.699,eval/sps,3949.3141003404644
