step,wall_time_s,metric,value
0,60.927,eval/walltime,49.32049751281738
0,60.927,eval/episode_reward,36.730133056640625
0,60.927,eval/episode_reward/ctrl,-0.23837026953697205
0,60.927,eval/episode_reward/forward,342.56439208984375
0,60.927,eval/episode_reward/joint,-0.11738517135381699
0,60.927,eval/episode_reward/orient,-305.47857666015625
0,60.927,eval/episode_reward/total,36.730133056640625
0,60.927,eval/episode_state/forward_vel,1.6048328876495361
0,60.927,eval/episode_state/up_z,630.2447509765625
0,60.927,eval/episode_reward_std,850.8289794921875
0,60.927,eval/episode_reward/ctrl_std,0.0036140107549726963
0,60.927,eval/episode_reward/forward_std,27.44900894165039
0,60.927,eval/episode_reward/joint_std,0.004383007995784283
0,60.927,eval/episode_reward/orient_std,854.2405395507812
0,60.927,eval/episode_reward/total_std,850.8289794921875
0,60.927,eval/episode_state/forward_vel_std,16.536548614501953
0,60.927,eval/episode_state/up_z_std,381.7674255371094
0,60.927,eval/avg_episode_length,1000.0
0,60.927,eval/std_episode_length,0.0
0,60.927,eval/epoch_eval_time,49.32049751281738
0,60.927,eval/sps,648.8174615773869
524288,150.604,episode/sps,3625.365777073754
524288,150.604,episode/length,1000.0
524288,150.604,episode/reward/ctrl,-0.2375764286518097
524288,150.604,episode/reward/forward,348.6362335205078
524288,150.604,episode/reward/joint,-0.11491585180163383
524288,150.604,episode/reward/orient,-454.67383632659914
524288,150.604,episode/reward/total,-106.39004318237305
524288,150.604,episode/state/forward_vel,5.451813605129718
524288,150.604,episode/state/up_z,563.6802639770508
524288,150.604,episode/sum_reward,-106.39004318237305
524288,150.604,episode/entropy_loss,-0.11497140116989613
524288,150.604,episode/kl_mean,3.117026522755623
524288,150.604,episode/learning_rate,0.0003000000142492354
524288,150.604,episode/policy_dist_max_loc,1.1195981297641993
524288,150.604,episode/policy_dist_max_std,1.314858891069889
524288,150.604,episode/policy_dist_mean_loc,0.00645120679109823
524288,150.604,episode/policy_dist_mean_std,0.6926049198955297
524288,150.604,episode/policy_dist_min_loc,-1.1203693114221096
524288,150.604,episode/policy_dist_min_std,0.2705545914359391
524288,150.604,episode/policy_loss,0.27091187285259366
524288,150.604,episode/total_loss,69.0130306482315
524288,150.604,episode/v_loss,68.85708963871002
524288,195.706,eval/walltime,94.40005373954773
524288,195.706,training/sps,5846.5186547064095
524288,195.706,training/walltime,89.6752462387085
524288,195.706,training/entropy_loss,-0.11497139930725098
524288,195.706,training/kl_mean,3.1170263290405273
524288,195.706,training/learning_rate,0.0003000000142492354
524288,195.706,training/policy_dist_max_loc,1.119598150253296
524288,195.706,training/policy_dist_max_std,1.3148589134216309
524288,195.706,training/policy_dist_mean_loc,0.006451206747442484
524288,195.706,training/policy_dist_mean_std,0.6926048994064331
524288,195.706,training/policy_dist_min_loc,-1.1203693151474
524288,195.706,training/policy_dist_min_std,0.2705546021461487
524288,195.706,training/policy_loss,0.2709118723869324
524288,195.706,training/total_loss,69.01303100585938
524288,195.706,training/v_loss,68.85708618164062
524288,195.706,eval/episode_reward,-228.0525665283203
524288,195.706,eval/episode_reward/ctrl,-0.22396209836006165
524288,195.706,eval/episode_reward/forward,341.509765625
524288,195.706,eval/episode_reward/joint,-0.0711631029844284
524288,195.706,eval/episode_reward/orient,-569.267333984375
524288,195.706,eval/episode_reward/total,-228.0525665283203
524288,195.706,eval/episode_state/forward_vel,1.3700201511383057
524288,195.706,eval/episode_state/up_z,482.35003662109375
524288,195.706,eval/episode_reward_std,1004.565185546875
524288,195.706,eval/episode_reward/ctrl_std,0.0031683319248259068
524288,195.706,eval/episode_reward/forward_std,27.52932357788086
524288,195.706,eval/episode_reward/joint_std,0.008118483237922192
524288,195.706,eval/episode_reward/orient_std,999.5167236328125
524288,195.706,eval/episode_reward/total_std,1004.565185546875
524288,195.706,eval/episode_state/forward_vel_std,16.99919891357422
524288,195.706,eval/episode_state/up_z_std,464.653564453125
524288,195.706,eval/avg_episode_length,1000.0
524288,195.706,eval/std_episode_length,0.0
524288,195.706,eval/epoch_eval_time,45.07955622673035
524288,195.706,eval/sps,709.8561449685545
1048576,280.080,episode/sps,4049.2946365975945
1048576,280.080,episode/length,1000.0
1048576,280.080,episode/reward/ctrl,-0.2241964827477932
1048576,280.080,episode/reward/forward,343.26893920898436
1048576,280.080,episode/reward/joint,-0.07090152330696582
1048576,280.080,episode/reward/orient,-660.9814105606079
1048576,280.080,episode/reward/total,-318.0076552963257
1048576,280.080,episode/state/forward_vel,2.130922620892525
1048576,280.080,episode/state/up_z,417.90401964187623
1048576,280.080,episode/sum_reward,-318.0076552963257
1048576,280.080,episode/entropy_loss,-0.1146759761031717
1048576,280.080,episode/kl_mean,1.702616621274501
1048576,280.080,episode/learning_rate,0.0003000000142492354
1048576,280.080,episode/policy_dist_max_loc,0.9871728140860796
1048576,280.080,episode/policy_dist_max_std,1.2912386860698462
1048576,280.080,episode/policy_dist_mean_loc,0.006484075071057305
1048576,280.080,episode/policy_dist_mean_std,0.6936320383101702
1048576,280.080,episode/policy_dist_min_loc,-0.9945346927270293
1048576,280.080,episode/policy_dist_min_std,0.3119026350323111
1048576,280.080,episode/policy_loss,0.19620190595742315
1048576,280.080,episode/total_loss,90.33863800764084
1048576,280.080,episode/v_loss,90.25711184740067
1048576,312.679,eval/walltime,126.9750452041626
1048576,312.679,training/sps,6213.364000915409
1048576,312.679,training/walltime,174.05594563484192
1048576,312.679,training/entropy_loss,-0.11438055336475372
1048576,312.679,training/kl_mean,0.28820672631263733
1048576,312.679,training/learning_rate,0.0003000000142492354
1048576,312.679,training/policy_dist_max_loc,0.8547475337982178
1048576,312.679,training/policy_dist_max_std,1.2676184177398682
1048576,312.679,training/policy_dist_mean_loc,0.006516943220049143
1048576,312.679,training/policy_dist_mean_std,0.6946591138839722
1048576,312.679,training/policy_dist_min_loc,-0.8687000274658203
1048576,312.679,training/policy_dist_min_std,0.3532506823539734
1048576,312.679,training/policy_loss,0.121491938829422
1048576,312.679,training/total_loss,111.66424560546875
1048576,312.679,training/v_loss,111.65713500976562
1048576,312.679,eval/episode_reward,-240.4991455078125
1048576,312.679,eval/episode_reward/ctrl,-0.22020405530929565
1048576,312.679,eval/episode_reward/forward,336.34033203125
1048576,312.679,eval/episode_reward/joint,-0.057221319526433945
1048576,312.679,eval/episode_reward/orient,-576.5618896484375
1048576,312.679,eval/episode_reward/total,-240.4991455078125
1048576,312.679,eval/episode_state/forward_vel,-0.7711149454116821
1048576,312.679,eval/episode_state/up_z,475.45477294921875
1048576,312.679,eval/episode_reward_std,1010.6450805664062
1048576,312.679,eval/episode_reward/ctrl_std,0.002679588505998254
1048576,312.679,eval/episode_reward/forward_std,31.0931396484375
1048576,312.679,eval/episode_reward/joint_std,0.01194678246974945
1048576,312.679,eval/episode_reward/orient_std,1020.6436157226562
1048576,312.679,eval/episode_reward/total_std,1010.6450805664062
1048576,312.679,eval/episode_state/forward_vel_std,19.1821346282959
1048576,312.679,eval/episode_state/up_z_std,471.9743347167969
1048576,312.679,eval/avg_episode_length,1000.0
1048576,312.679,eval/std_episode_length,0.0
1048576,312.679,eval/epoch_eval_time,32.57499146461487
1048576,312.679,eval/sps,982.3486841051221
1572864,385.560,episode/sps,4970.504740837227
1572864,385.560,episode/length,1000.0
1572864,385.560,episode/reward/ctrl,-0.22016199231147765
1572864,385.560,episode/reward/forward,338.12975814819333
1572864,385.560,episode/reward/joint,-0.05702111586928368
1572864,385.560,episode/reward/orient,-758.5960232543945
1572864,385.560,episode/reward/total,-420.74350227355956
1572864,385.560,episode/state/forward_vel,0.14246995598077775
1572864,385.560,episode/state/up_z,399.5336839294434
1572864,385.560,episode/sum_reward,-420.74350227355956
1572864,385.560,episode/entropy_loss,-0.11439916289721926
1572864,385.560,episode/kl_mean,1.1484237508460258
1572864,385.560,episode/learning_rate,0.0003000000142492354
1572864,385.560,episode/policy_dist_max_loc,0.980857772131761
1572864,385.560,episode/policy_dist_max_std,1.3286102538307507
1572864,385.560,episode/policy_dist_mean_loc,0.006975480520244067
1572864,385.560,episode/policy_dist_mean_std,0.6938733924180269
1572864,385.560,episode/policy_dist_min_loc,-0.9801731786380211
1572864,385.560,episode/policy_dist_min_std,0.3167542220714192
1572864,385.560,episode/policy_loss,0.1388549124239944
1572864,385.560,episode/total_loss,92.26642111937205
1572864,385.560,episode/v_loss,92.24196517467499
1572864,418.927,eval/walltime,160.32032370567322
1572864,418.927,training/sps,7193.1059866986125
1572864,418.927,training/walltime,246.9435133934021
1572864,418.927,training/entropy_loss,-0.11384553462266922
1572864,418.927,training/kl_mean,0.040038008242845535
1572864,418.927,training/learning_rate,0.0003000000142492354
1572864,418.927,training/policy_dist_max_loc,0.9682276844978333
1572864,418.927,training/policy_dist_max_std,1.4033534526824951
1572864,418.927,training/policy_dist_mean_loc,0.00795829202979803
1572864,418.927,training/policy_dist_mean_std,0.6943560838699341
1572864,418.927,training/policy_dist_min_loc,-0.9514501094818115
1572864,418.927,training/policy_dist_min_std,0.3264573812484741
1572864,418.927,training/policy_loss,0.024160925298929214
1572864,418.927,training/total_loss,96.12199401855469
1572864,418.927,training/v_loss,96.211669921875
1572864,418.927,eval/episode_reward,-792.389892578125
1572864,418.927,eval/episode_reward/ctrl,-0.2188778519630432
1572864,418.927,eval/episode_reward/forward,335.0915832519531
1572864,418.927,eval/episode_reward/joint,-0.046252429485321045
1572864,418.927,eval/episode_reward/orient,-1127.21630859375
1572864,418.927,eval/episode_reward/total,-792.389892578125
1572864,418.927,eval/episode_state/forward_vel,-2.4600672721862793
1572864,418.927,eval/episode_state/up_z,197.6132354736328
1572864,418.927,eval/episode_reward_std,1227.635986328125
1572864,418.927,eval/episode_reward/ctrl_std,0.0019265012815594673
1572864,418.927,eval/episode_reward/forward_std,38.792755126953125
1572864,418.927,eval/episode_reward/joint_std,0.009103811345994473
1572864,418.927,eval/episode_reward/orient_std,1218.983154296875
1572864,418.927,eval/episode_reward/total_std,1227.635986328125
1572864,418.927,eval/episode_state/forward_vel_std,24.020923614501953
1572864,418.927,eval/episode_state/up_z_std,558.7034912109375
1572864,418.927,eval/avg_episode_length,1000.0
1572864,418.927,eval/std_episode_length,0.0
1572864,418.927,eval/epoch_eval_time,33.34527850151062
1572864,418.927,eval/sps,959.6561023939363
2097152,490.106,episode/sps,5014.913257790898
2097152,490.106,episode/length,1000.0
2097152,490.106,episode/reward/ctrl,-0.2189079052209854
2097152,490.106,episode/reward/forward,340.23356201171873
2097152,490.106,episode/reward/joint,-0.04752146294340491
2097152,490.106,episode/reward/orient,-1219.4723001480102
2097152,490.106,episode/reward/total,-879.5052436542511
2097152,490.106,episode/state/forward_vel,-0.20231432601809501
2097152,490.106,episode/state/up_z,168.1443534088135
2097152,490.106,episode/sum_reward,-879.5052436542511
2097152,490.106,episode/entropy_loss,-0.1141066324710846
2097152,490.106,episode/kl_mean,0.22798645929899067
2097152,490.106,episode/learning_rate,0.0003000000142492354
2097152,490.106,episode/policy_dist_max_loc,0.9535697853565216
2097152,490.106,episode/policy_dist_max_std,1.3845574402809142
2097152,490.106,episode/policy_dist_mean_loc,0.007292914167046547
2097152,490.106,episode/policy_dist_mean_std,0.6948327696323395
2097152,490.106,episode/policy_dist_min_loc,-0.9704824966192246
2097152,490.106,episode/policy_dist_min_std,0.32916570097208026
2097152,490.106,episode/policy_loss,0.056981039784732276
2097152,490.106,episode/total_loss,110.87089084625244
2097152,490.106,episode/v_loss,110.92801635742188
2097152,516.883,eval/walltime,187.07530760765076
2097152,516.883,training/sps,7365.093307969814
2097152,516.883,training/walltime,318.1290338039398
2097152,516.883,training/entropy_loss,-0.11399691551923752
2097152,516.883,training/kl_mean,0.00450570834800601
2097152,516.883,training/learning_rate,0.0003000000142492354
2097152,516.883,training/policy_dist_max_loc,1.0153924226760864
2097152,516.883,training/policy_dist_max_std,1.4922064542770386
2097152,516.883,training/policy_dist_mean_loc,0.0074612535536289215
2097152,516.883,training/policy_dist_mean_std,0.6957283020019531
2097152,516.883,training/policy_dist_min_loc,-1.0761208534240723
2097152,516.883,training/policy_dist_min_std,0.31366121768951416
2097152,516.883,training/policy_loss,-0.0004051349242217839
2097152,516.883,training/total_loss,130.6180419921875
2097152,516.883,training/v_loss,130.73243713378906
2097152,516.883,eval/episode_reward,-1051.628662109375
2097152,516.883,eval/episode_reward/ctrl,-0.21804796159267426
2097152,516.883,eval/episode_reward/forward,338.1151123046875
2097152,516.883,eval/episode_reward/joint,-0.04224792495369911
2097152,516.883,eval/episode_reward/orient,-1389.4837646484375
2097152,516.883,eval/episode_reward/total,-1051.628662109375
2097152,516.883,eval/episode_state/forward_vel,-2.4104533195495605
2097152,516.883,eval/episode_state/up_z,98.04288482666016
2097152,516.883,eval/episode_reward_std,1221.65478515625
2097152,516.883,eval/episode_reward/ctrl_std,0.002421749522909522
2097152,516.883,eval/episode_reward/forward_std,33.7166633605957
2097152,516.883,eval/episode_reward/joint_std,0.009383185766637325
2097152,516.883,eval/episode_reward/orient_std,1227.563232421875
2097152,516.883,eval/episode_reward/total_std,1221.65478515625
2097152,516.883,eval/episode_state/forward_vel_std,21.03114128112793
2097152,516.883,eval/episode_state/up_z_std,557.2213745117188
2097152,516.883,eval/avg_episode_length,1000.0
2097152,516.883,eval/std_episode_length,0.0
2097152,516.883,eval/epoch_eval_time,26.75498390197754
2097152,516.883,eval/sps,1196.0388433511555
2621440,584.051,episode/sps,5580.785409601537
2621440,584.051,episode/length,1000.0
2621440,584.051,episode/reward/ctrl,-0.21816474631428717
2621440,584.051,episode/reward/forward,338.8487368774414
2621440,584.051,episode/reward/joint,-0.046526067778468135
2621440,584.051,episode/reward/orient,-1070.9709635162353
2621440,584.051,episode/reward/total,-732.386932926178
2621440,584.051,episode/state/forward_vel,-0.2529574900865555
2621440,584.051,episode/state/up_z,235.36495676279068
2621440,584.051,episode/sum_reward,-732.386932926178
2621440,584.051,episode/entropy_loss,-0.11406652234494687
2621440,584.051,episode/kl_mean,0.025660111100878565
2621440,584.051,episode/learning_rate,0.0003000000142492354
2621440,584.051,episode/policy_dist_max_loc,0.9905008733272552
2621440,584.051,episode/policy_dist_max_std,1.429939546585083
2621440,584.051,episode/policy_dist_mean_loc,0.007090258146636188
2621440,584.051,episode/policy_dist_mean_std,0.6953132349252701
2621440,584.051,episode/policy_dist_min_loc,-0.9974855035543442
2621440,584.051,episode/policy_dist_min_std,0.3241217905282974
2621440,584.051,episode/policy_loss,0.01183113841456361
2621440,584.051,episode/total_loss,119.15046295166016
2621440,584.051,episode/v_loss,119.2526985168457
2621440,615.708,eval/walltime,218.7097520828247
2621440,615.708,training/sps,7804.83695716114
2621440,615.708,training/walltime,385.3037874698639
2621440,615.708,training/entropy_loss,-0.11432552337646484
2621440,615.708,training/kl_mean,0.0015132769476622343
2621440,615.708,training/learning_rate,0.0003000000142492354
2621440,615.708,training/policy_dist_max_loc,1.0024161338806152
2621440,615.708,training/policy_dist_max_std,1.413439154624939
2621440,615.708,training/policy_dist_mean_loc,0.005938515067100525
2621440,615.708,training/policy_dist_mean_std,0.6959218978881836
2621440,615.708,training/policy_dist_min_loc,-0.9752424955368042
2621440,615.708,training/policy_dist_min_std,0.3295706808567047
2621440,615.708,training/policy_loss,-0.0014010865706950426
2621440,615.708,training/total_loss,131.96533203125
2621440,615.708,training/v_loss,132.08103942871094
2621440,615.708,eval/episode_reward,-850.8082275390625
2621440,615.708,eval/episode_reward/ctrl,-0.21816416084766388
2621440,615.708,eval/episode_reward/forward,344.71649169921875
2621440,615.708,eval/episode_reward/joint,-0.04239923134446144
2621440,615.708,eval/episode_reward/orient,-1195.2642822265625
2621440,615.708,eval/episode_reward/total,-850.8082275390625
2621440,615.708,eval/episode_state/forward_vel,2.334935188293457
2621440,615.708,eval/episode_state/up_z,220.32418823242188
2621440,615.708,eval/episode_reward_std,1296.1917724609375
2621440,615.708,eval/episode_reward/ctrl_std,0.002544788643717766
2621440,615.708,eval/episode_reward/forward_std,28.40607261657715
2621440,615.708,eval/episode_reward/joint_std,0.010139694437384605
2621440,615.708,eval/episode_reward/orient_std,1292.3829345703125
2621440,615.708,eval/episode_reward/total_std,1296.1917724609375
2621440,615.708,eval/episode_state/forward_vel_std,18.37201690673828
2621440,615.708,eval/episode_state/up_z_std,610.6038208007812
2621440,615.708,eval/avg_episode_length,1000.0
2621440,615.708,eval/std_episode_length,0.0
2621440,615.708,eval/epoch_eval_time,31.63444447517395
2621440,615.708,eval/sps,1011.5556170146415
3145728,686.423,episode/sps,5121.426313876072
3145728,686.423,episode/length,1000.0
3145728,686.423,episode/reward/ctrl,-0.21778194412589072
3145728,686.423,episode/reward/forward,338.2367269897461
3145728,686.423,episode/reward/joint,-0.04407962223514914
3145728,686.423,episode/reward/orient,-893.0070636558532
3145728,686.423,episode/reward/total,-555.0321002101898
3145728,686.423,episode/state/forward_vel,-1.1772750520706177
3145728,686.423,episode/state/up_z,327.54109565734865
3145728,686.423,episode/sum_reward,-555.0321002101898
3145728,686.423,episode/entropy_loss,-0.11422586135566234
3145728,686.423,episode/kl_mean,0.0034235043270746247
3145728,686.423,episode/learning_rate,0.0003000000142492354
3145728,686.423,episode/policy_dist_max_loc,0.9996020376682282
3145728,686.423,episode/policy_dist_max_std,1.4651057422161102
3145728,686.423,episode/policy_dist_mean_loc,0.006107640776317567
3145728,686.423,episode/policy_dist_mean_std,0.6956895047426224
3145728,686.423,episode/policy_dist_min_loc,-1.0277261239290238
3145728,686.423,episode/policy_dist_min_std,0.32399163246154783
3145728,686.423,episode/policy_loss,-0.00026751237164717167
3145728,686.423,episode/total_loss,128.20004638671875
3145728,686.423,episode/v_loss,128.31454010009764
3145728,719.831,eval/walltime,252.0928032398224
3145728,719.831,training/sps,7413.4028819094965
3145728,719.831,training/walltime,456.0254261493683
3145728,719.831,training/entropy_loss,-0.11443179845809937
3145728,719.831,training/kl_mean,0.0009216783801093698
3145728,719.831,training/learning_rate,0.0003000000142492354
3145728,719.831,training/policy_dist_max_loc,0.980701744556427
3145728,719.831,training/policy_dist_max_std,1.4902839660644531
3145728,719.831,training/policy_dist_mean_loc,0.004749198444187641
3145728,719.831,training/policy_dist_mean_std,0.6955370903015137
3145728,719.831,training/policy_dist_min_loc,-1.0347063541412354
3145728,719.831,training/policy_dist_min_std,0.3298247456550598
3145728,719.831,training/policy_loss,-0.001167867798358202
3145728,719.831,training/total_loss,125.88526916503906
3145728,719.831,training/v_loss,126.00086975097656
3145728,719.831,eval/episode_reward,-646.5526123046875
3145728,719.831,eval/episode_reward/ctrl,-0.21720808744430542
3145728,719.831,eval/episode_reward/forward,343.0889892578125
3145728,719.831,eval/episode_reward/joint,-0.042781680822372437
3145728,719.831,eval/episode_reward/orient,-989.3817138671875
3145728,719.831,eval/episode_reward/total,-646.5526123046875
3145728,719.831,eval/episode_state/forward_vel,2.085819721221924
3145728,719.831,eval/episode_state/up_z,303.358642578125
3145728,719.831,eval/episode_reward_std,1196.089599609375
3145728,719.831,eval/episode_reward/ctrl_std,0.002329710405319929
3145728,719.831,eval/episode_reward/forward_std,28.97589111328125
3145728,719.831,eval/episode_reward/joint_std,0.011800272390246391
3145728,719.831,eval/episode_reward/orient_std,1193.1552734375
3145728,719.831,eval/episode_reward/total_std,1196.089599609375
3145728,719.831,eval/episode_state/forward_vel_std,18.00565528869629
3145728,719.831,eval/episode_state/up_z_std,570.1082763671875
3145728,719.831,eval/avg_episode_length,1000.0
3145728,719.831,eval/std_episode_length,0.0
3145728,719.831,eval/epoch_eval_time,33.38305115699768
3145728,719.831,eval/sps,958.5702591865163
3670016,790.176,episode/sps,5053.194838516063
3670016,790.176,episode/length,1000.0
3670016,790.176,episode/reward/ctrl,-0.2173059493303299
3670016,790.176,episode/reward/forward,337.67069946289064
3670016,790.176,episode/reward/joint,-0.04516371889039874
3670016,790.176,episode/reward/orient,-857.1968764352798
3670016,790.176,episode/reward/total,-519.7887601470948
3670016,790.176,episode/state/forward_vel,-1.2222429287433625
3670016,790.176,episode/state/up_z,346.7101603770256
3670016,790.176,episode/sum_reward,-519.7887601470948
3670016,790.176,episode/entropy_loss,-0.1143487887084484
3670016,790.176,episode/kl_mean,0.0011005793223739602
3670016,790.176,episode/learning_rate,0.0003000000142492354
3670016,790.176,episode/policy_dist_max_loc,0.9846056121587753
3670016,790.176,episode/policy_dist_max_std,1.4448513174057007
3670016,790.176,episode/policy_dist_mean_loc,0.004722989759175107
3670016,790.176,episode/policy_dist_mean_std,0.6953304535150528
3670016,790.176,episode/policy_dist_min_loc,-1.0127172487974168
3670016,790.176,episode/policy_dist_min_std,0.328314728140831
3670016,790.176,episode/policy_loss,-0.0012417921170708723
3670016,790.176,episode/total_loss,124.00033599853515
3670016,790.176,episode/v_loss,124.11592681884765
3670016,822.983,eval/walltime,284.874568939209
3670016,822.983,training/sps,7452.372087153915
3670016,822.983,training/walltime,526.3772542476654
3670016,822.983,training/entropy_loss,-0.11433663964271545
3670016,822.983,training/kl_mean,0.0005074555519968271
3670016,822.983,training/learning_rate,0.0003000000142492354
3670016,822.983,training/policy_dist_max_loc,0.9642448425292969
3670016,822.983,training/policy_dist_max_std,1.4211235046386719
3670016,822.983,training/policy_dist_mean_loc,0.0032231956720352173
3670016,822.983,training/policy_dist_mean_std,0.6944663524627686
3670016,822.983,training/policy_dist_min_loc,-1.0185203552246094
3670016,822.983,training/policy_dist_min_std,0.3276742696762085
3670016,822.983,training/policy_loss,-0.0011305813677608967
3670016,822.983,training/total_loss,113.8677978515625
3670016,822.983,training/v_loss,113.98326873779297
3670016,822.983,eval/episode_reward,-410.6956787109375
3670016,822.983,eval/episode_reward/ctrl,-0.2173825204372406
3670016,822.983,eval/episode_reward/forward,338.7592468261719
3670016,822.983,eval/episode_reward/joint,-0.04659310728311539
3670016,822.983,eval/episode_reward/orient,-749.19091796875
3670016,822.983,eval/episode_reward/total,-410.6956787109375
3670016,822.983,eval/episode_state/forward_vel,0.4474110007286072
3670016,822.983,eval/episode_state/up_z,398.3605041503906
3670016,822.983,eval/episode_reward_std,1115.666015625
3670016,822.983,eval/episode_reward/ctrl_std,0.002723422134295106
3670016,822.983,eval/episode_reward/forward_std,33.33037567138672
3670016,822.983,eval/episode_reward/joint_std,0.01222299411892891
3670016,822.983,eval/episode_reward/orient_std,1124.1201171875
3670016,822.983,eval/episode_reward/total_std,1115.666015625
3670016,822.983,eval/episode_state/forward_vel_std,20.93191146850586
3670016,822.983,eval/episode_state/up_z_std,522.6054077148438
3670016,822.983,eval/avg_episode_length,1000.0
3670016,822.983,eval/std_episode_length,0.0
3670016,822.983,eval/epoch_eval_time,32.7817656993866
3670016,822.983,eval/sps,976.1524224608431
4194304,893.362,episode/sps,5081.03862516859
4194304,893.362,episode/length,1000.0
4194304,893.362,episode/reward/ctrl,-0.2171086147427559
4194304,893.362,episode/reward/forward,334.34324127197266
4194304,893.362,episode/reward/joint,-0.04541179403662682
4194304,893.362,episode/reward/orient,-741.8094780158997
4194304,893.362,episode/reward/total,-407.72873386383054
4194304,893.362,episode/state/forward_vel,-2.4892466570809484
4194304,893.362,episode/state/up_z,394.0315515136719
4194304,893.362,episode/sum_reward,-407.72873386383054
4194304,893.362,episode/entropy_loss,-0.1143758662045002
4194304,893.362,episode/kl_mean,0.0006617382302647457
4194304,893.362,episode/learning_rate,0.0003000000142492354
4194304,893.362,episode/policy_dist_max_loc,0.9636376839876175
4194304,893.362,episode/policy_dist_max_std,1.4412435102462768
4194304,893.362,episode/policy_dist_mean_loc,0.0030365767987359502
4194304,893.362,episode/policy_dist_mean_std,0.6947660058736801
4194304,893.362,episode/policy_dist_min_loc,-0.9898831516504287
4194304,893.362,episode/policy_dist_min_std,0.3338573062419891
4194304,893.362,episode/policy_loss,-0.001160015749046579
4194304,893.362,episode/total_loss,119.56850517272949
4194304,893.362,episode/v_loss,119.6840412902832
4194304,925.877,eval/walltime,317.3644621372223
4194304,925.877,training/sps,7448.739842369463
4194304,925.877,training/walltime,596.7633881568909
4194304,925.877,training/entropy_loss,-0.11437191069126129
4194304,925.877,training/kl_mean,0.0004394444986246526
4194304,925.877,training/learning_rate,0.0003000000142492354
4194304,925.877,training/policy_dist_max_loc,0.9393400549888611
4194304,925.877,training/policy_dist_max_std,1.415921688079834
4194304,925.877,training/policy_dist_mean_loc,0.0008623252506367862
4194304,925.877,training/policy_dist_mean_std,0.6941642165184021
4194304,925.877,training/policy_dist_min_loc,-0.9174419641494751
4194304,925.877,training/policy_dist_min_std,0.34569668769836426
4194304,925.877,training/policy_loss,-0.0010900754714384675
4194304,925.877,training/total_loss,116.93170166015625
4194304,925.877,training/v_loss,117.04715728759766
4194304,925.877,eval/episode_reward,-472.7337341308594
4194304,925.877,eval/episode_reward/ctrl,-0.21750634908676147
4194304,925.877,eval/episode_reward/forward,344.3848876953125
4194304,925.877,eval/episode_reward/joint,-0.04691902920603752
4194304,925.877,eval/episode_reward/orient,-816.8543090820312
4194304,925.877,eval/episode_reward/total,-472.7337341308594
4194304,925.877,eval/episode_state/forward_vel,2.5007505416870117
4194304,925.877,eval/episode_state/up_z,366.0732727050781
4194304,925.877,eval/episode_reward_std,1132.11181640625
4194304,925.877,eval/episode_reward/ctrl_std,0.002351888455450535
4194304,925.877,eval/episode_reward/forward_std,30.356552124023438
4194304,925.877,eval/episode_reward/joint_std,0.011950702406466007
4194304,925.877,eval/episode_reward/orient_std,1137.1092529296875
4194304,925.877,eval/episode_reward/total_std,1132.11181640625
4194304,925.877,eval/episode_state/forward_vel_std,18.921812057495117
4194304,925.877,eval/episode_state/up_z_std,529.264892578125
4194304,925.877,eval/avg_episode_length,1000.0
4194304,925.877,eval/std_episode_length,0.0
4194304,925.877,eval/epoch_eval_time,32.489893198013306
4194304,925.877,eval/sps,984.9216741025402
4718592,996.473,episode/sps,5084.651383093986
4718592,996.473,episode/length,1000.0
4718592,996.473,episode/reward/ctrl,-0.2172331264615059
4718592,996.473,episode/reward/forward,339.8296185302734
4718592,996.473,episode/reward/joint,-0.045205555763095616
4718592,996.473,episode/reward/orient,-797.2686298656464
4718592,996.473,episode/reward/total,-457.70138936042787
4718592,996.473,episode/state/forward_vel,-0.22487126190215348
4718592,996.473,episode/state/up_z,378.42980319976806
4718592,996.473,episode/sum_reward,-457.70138936042787
4718592,996.473,episode/entropy_loss,-0.11430533319711685
4718592,996.473,episode/kl_mean,0.00046393560856813567
4718592,996.473,episode/learning_rate,0.0003000000142492354
4718592,996.473,episode/policy_dist_max_loc,0.9554101490974426
4718592,996.473,episode/policy_dist_max_std,1.430217959880829
4718592,996.473,episode/policy_dist_mean_loc,0.000778197502918374
4718592,996.473,episode/policy_dist_mean_std,0.6942384952306747
4718592,996.473,episode/policy_dist_min_loc,-0.998905371427536
4718592,996.473,episode/policy_dist_min_std,0.3312510350346565
4718592,996.473,episode/policy_loss,-0.0010852116130990908
4718592,996.473,episode/total_loss,113.10774017333985
4718592,996.473,episode/v_loss,113.2231307220459
4718592,1027.937,eval/walltime,348.80285573005676
4718592,1027.937,training/sps,7425.8104730605255
4718592,1027.937,training/walltime,667.3668599128723
4718592,1027.937,training/entropy_loss,-0.11419116705656052
4718592,1027.937,training/kl_mean,0.00037159305065870285
4718592,1027.937,training/learning_rate,0.0003000000142492354
4718592,1027.937,training/policy_dist_max_loc,0.9596182107925415
4718592,1027.937,training/policy_dist_max_std,1.4417985677719116
4718592,1027.937,training/policy_dist_mean_loc,-0.002106796484440565
4718592,1027.937,training/policy_dist_mean_std,0.6939293146133423
4718592,1027.937,training/policy_dist_min_loc,-1.0547481775283813
4718592,1027.937,training/policy_dist_min_std,0.320782870054245
4718592,1027.937,training/policy_loss,-0.000949468812905252
4718592,1027.937,training/total_loss,106.95721435546875
4718592,1027.937,training/v_loss,107.07235717773438
4718592,1027.937,eval/episode_reward,-858.7476806640625
4718592,1027.937,eval/episode_reward/ctrl,-0.2176264226436615
4718592,1027.937,eval/episode_reward/forward,345.06585693359375
4718592,1027.937,eval/episode_reward/joint,-0.04790155589580536
4718592,1027.937,eval/episode_reward/orient,-1203.5478515625
4718592,1027.937,eval/episode_reward/total,-858.7476806640625
4718592,1027.937,eval/episode_state/forward_vel,3.093740224838257
4718592,1027.937,eval/episode_state/up_z,210.70455932617188
4718592,1027.937,eval/episode_reward_std,1391.7730712890625
4718592,1027.937,eval/episode_reward/ctrl_std,0.0021293528843671083
4718592,1027.937,eval/episode_reward/forward_std,24.739267349243164
4718592,1027.937,eval/episode_reward/joint_std,0.013381974771618843
4718592,1027.937,eval/episode_reward/orient_std,1395.2618408203125
4718592,1027.937,eval/episode_reward/total_std,1391.7730712890625
4718592,1027.937,eval/episode_state/forward_vel_std,15.084880828857422
4718592,1027.937,eval/episode_state/up_z_std,657.4072265625
4718592,1027.937,eval/avg_episode_length,1000.0
4718592,1027.937,eval/std_episode_length,0.0
4718592,1027.937,eval/epoch_eval_time,31.438393592834473
4718592,1027.937,eval/sps,1017.8637119453053
5242880,1099.048,episode/sps,5111.2757363117935
5242880,1099.048,episode/length,1000.0
5242880,1099.048,episode/reward/ctrl,-0.21721028298139572
5242880,1099.048,episode/reward/forward,342.3840698242187
5242880,1099.048,episode/reward/joint,-0.04635981073603034
5242880,1099.048,episode/reward/orient,-759.8184004330635
5242880,1099.048,episode/reward/total,-417.6981832027435
5242880,1099.048,episode/state/forward_vel,1.7446322292089462
5242880,1099.048,episode/state/up_z,395.9416230392456
5242880,1099.048,episode/sum_reward,-417.6981832027435
5242880,1099.048,episode/entropy_loss,-0.11419427342712879
5242880,1099.048,episode/kl_mean,0.00039200574232381766
5242880,1099.048,episode/learning_rate,0.0003000000142492354
5242880,1099.048,episode/policy_dist_max_loc,0.9455157309770584
5242880,1099.048,episode/policy_dist_max_std,1.4461793792247772
5242880,1099.048,episode/policy_dist_mean_loc,-0.00181653719282167
5242880,1099.048,episode/policy_dist_mean_std,0.6939287275075913
5242880,1099.048,episode/policy_dist_min_loc,-1.01886013507843
5242880,1099.048,episode/policy_dist_min_std,0.32679768741130827
5242880,1099.048,episode/policy_loss,-0.001000353669951437
5242880,1099.048,episode/total_loss,107.58832267761231
5242880,1099.048,episode/v_loss,107.70351722717285
5242880,1130.444,eval/walltime,380.17572712898254
5242880,1130.444,training/sps,7372.1059683533085
5242880,1130.444,training/walltime,738.4846656322479
5242880,1130.444,training/entropy_loss,-0.11400638520717621
5242880,1130.444,training/kl_mean,0.0003341476549394429
5242880,1130.444,training/learning_rate,0.0003000000142492354
5242880,1130.444,training/policy_dist_max_loc,0.9409111738204956
5242880,1130.444,training/policy_dist_max_std,1.4850058555603027
5242880,1130.444,training/policy_dist_mean_loc,-0.004718932323157787
5242880,1130.444,training/policy_dist_mean_std,0.693655252456665
5242880,1130.444,training/policy_dist_min_loc,-1.0862782001495361
5242880,1130.444,training/policy_dist_min_std,0.3118594288825989
5242880,1130.444,training/policy_loss,-0.0008634598925709724
5242880,1130.444,training/total_loss,98.99394226074219
5242880,1130.444,training/v_loss,99.10881042480469
5242880,1130.444,eval/episode_reward,-338.6221923828125
5242880,1130.444,eval/episode_reward/ctrl,-0.21655014157295227
5242880,1130.444,eval/episode_reward/forward,337.09893798828125
5242880,1130.444,eval/episode_reward/joint,-0.047965917736291885
5242880,1130.444,eval/episode_reward/orient,-675.4566650390625
5242880,1130.444,eval/episode_reward/total,-338.6221923828125
5242880,1130.444,eval/episode_state/forward_vel,-2.223001003265381
5242880,1130.444,eval/episode_state/up_z,446.4004821777344
5242880,1130.444,eval/episode_reward_std,1078.6097412109375
5242880,1130.444,eval/episode_reward/ctrl_std,0.0020341789349913597
5242880,1130.444,eval/episode_reward/forward_std,31.931018829345703
5242880,1130.444,eval/episode_reward/joint_std,0.010383563116192818
5242880,1130.444,eval/episode_reward/orient_std,1079.0997314453125
5242880,1130.444,eval/episode_reward/total_std,1078.6097412109375
5242880,1130.444,eval/episode_state/forward_vel_std,19.56745719909668
5242880,1130.444,eval/episode_state/up_z_std,518.5663452148438
5242880,1130.444,eval/avg_episode_length,1000.0
5242880,1130.444,eval/std_episode_length,0.0
5242880,1130.444,eval/epoch_eval_time,31.37287139892578
5242880,1130.444,eval/sps,1019.9895187501292
5767168,1201.501,episode/sps,5117.343804994474
5767168,1201.501,episode/length,1000.0
5767168,1201.501,episode/reward/ctrl,-0.21729309901595115
5767168,1201.501,episode/reward/forward,338.38454864501955
5767168,1201.501,episode/reward/joint,-0.04827422576025128
5767168,1201.501,episode/reward/orient,-493.36405984401705
5767168,1201.501,episode/reward/total,-155.24506723165513
5767168,1201.501,episode/state/forward_vel,-0.42444213390350344
5767168,1201.501,episode/state/up_z,522.5729757237434
5767168,1201.501,episode/sum_reward,-155.24506723165513
5767168,1201.501,episode/entropy_loss,-0.11405140824615956
5767168,1201.501,episode/kl_mean,0.0003568223361799028
5767168,1201.501,episode/learning_rate,0.0003000000142492354
5767168,1201.501,episode/policy_dist_max_loc,0.9464700907468796
5767168,1201.501,episode/policy_dist_max_std,1.4670923888683318
5767168,1201.501,episode/policy_dist_mean_loc,-0.004511881147077474
5767168,1201.501,episode/policy_dist_mean_std,0.6936432391405105
5767168,1201.501,episode/policy_dist_min_loc,-1.0787103724479676
5767168,1201.501,episode/policy_dist_min_std,0.31585164785385134
5767168,1201.501,episode/policy_loss,-0.000892346603795886
5767168,1201.501,episode/total_loss,98.18616378784179
5767168,1201.501,episode/v_loss,98.3011075592041
5767168,1234.033,eval/walltime,412.684232711792
5767168,1234.033,training/sps,7377.71089736732
5767168,1234.033,training/walltime,809.548442363739
5767168,1234.033,training/entropy_loss,-0.11392462253570557
5767168,1234.033,training/kl_mean,0.0003342922718729824
5767168,1234.033,training/learning_rate,0.0003000000142492354
5767168,1234.033,training/policy_dist_max_loc,0.9442452192306519
5767168,1234.033,training/policy_dist_max_std,1.4811623096466064
5767168,1234.033,training/policy_dist_mean_loc,-0.007300581783056259
5767168,1234.033,training/policy_dist_mean_std,0.6932918429374695
5767168,1234.033,training/policy_dist_min_loc,-1.112056016921997
5767168,1234.033,training/policy_dist_min_std,0.3114311695098877
5767168,1234.033,training/policy_loss,-0.000725495396181941
5767168,1234.033,training/total_loss,86.40384674072266
5767168,1234.033,training/v_loss,86.51849365234375
5767168,1234.033,eval/episode_reward,-94.97846984863281
5767168,1234.033,eval/episode_reward/ctrl,-0.21703830361366272
5767168,1234.033,eval/episode_reward/forward,339.792236328125
5767168,1234.033,eval/episode_reward/joint,-0.04968779906630516
5767168,1234.033,eval/episode_reward/orient,-434.5039367675781
5767168,1234.033,eval/episode_reward/total,-94.97846984863281
5767168,1234.033,eval/episode_state/forward_vel,-0.1002964973449707
5767168,1234.033,eval/episode_state/up_z,548.159423828125
5767168,1234.033,eval/episode_reward_std,748.759033203125
5767168,1234.033,eval/episode_reward/ctrl_std,0.002645097440108657
5767168,1234.033,eval/episode_reward/forward_std,27.837228775024414
5767168,1234.033,eval/episode_reward/joint_std,0.015230194665491581
5767168,1234.033,eval/episode_reward/orient_std,742.1488647460938
5767168,1234.033,eval/episode_reward/total_std,748.759033203125
5767168,1234.033,eval/episode_state/forward_vel_std,16.9688777923584
5767168,1234.033,eval/episode_state/up_z_std,380.32244873046875
5767168,1234.033,eval/avg_episode_length,1000.0
5767168,1234.033,eval/std_episode_length,0.0
5767168,1234.033,eval/epoch_eval_time,32.50850558280945
5767168,1234.033,eval/sps,984.3577681073612
6291456,1304.751,episode/sps,5077.868334384062
6291456,1304.751,episode/length,1000.0
6291456,1304.751,episode/reward/ctrl,-0.21722705215215682
6291456,1304.751,episode/reward/forward,342.1226220703125
6291456,1304.751,episode/reward/joint,-0.04848428199067712
6291456,1304.751,episode/reward/orient,-575.1532950115204
6291456,1304.751,episode/reward/total,-233.29644839763642
6291456,1304.751,episode/state/forward_vel,1.24921187274158
6291456,1304.751,episode/state/up_z,497.0205603027344
6291456,1304.751,episode/sum_reward,-233.29644839763642
6291456,1304.751,episode/entropy_loss,-0.11396969012916087
6291456,1304.751,episode/kl_mean,0.00033944506008992903
6291456,1304.751,episode/learning_rate,0.0003000000142492354
6291456,1304.751,episode/policy_dist_max_loc,0.9404149174690246
6291456,1304.751,episode/policy_dist_max_std,1.4804724061489105
6291456,1304.751,episode/policy_dist_mean_loc,-0.007038514793384821
6291456,1304.751,episode/policy_dist_mean_std,0.6934850609302521
6291456,1304.751,episode/policy_dist_min_loc,-1.0813171029090882
6291456,1304.751,episode/policy_dist_min_std,0.3154994648694992
6291456,1304.751,episode/policy_loss,-0.0008245043311035261
6291456,1304.751,episode/total_loss,89.23268962860108
6291456,1304.751,episode/v_loss,89.34748405456543
6291456,1336.949,eval/walltime,444.85928893089294
6291456,1336.949,training/sps,7412.945626888534
6291456,1336.949,training/walltime,880.2744433879852
6291456,1336.949,training/entropy_loss,-0.11394228041172028
6291456,1336.949,training/kl_mean,0.0003255580668337643
6291456,1336.949,training/learning_rate,0.0003000000142492354
6291456,1336.949,training/policy_dist_max_loc,0.9290831089019775
6291456,1336.949,training/policy_dist_max_std,1.482965111732483
6291456,1336.949,training/policy_dist_mean_loc,-0.009589124470949173
6291456,1336.949,training/policy_dist_mean_std,0.6934415102005005
6291456,1336.949,training/policy_dist_min_loc,-1.046067476272583
6291456,1336.949,training/policy_dist_min_std,0.3216742277145386
6291456,1336.949,training/policy_loss,-0.0007691341452300549
6291456,1336.949,training/total_loss,80.11695098876953
6291456,1336.949,training/v_loss,80.2316665649414
6291456,1336.949,eval/episode_reward,-170.8382568359375
6291456,1336.949,eval/episode_reward/ctrl,-0.2171315848827362
6291456,1336.949,eval/episode_reward/forward,353.82989501953125
6291456,1336.949,eval/episode_reward/joint,-0.050956375896930695
6291456,1336.949,eval/episode_reward/orient,-524.4002685546875
6291456,1336.949,eval/episode_reward/total,-170.8382568359375
6291456,1336.949,eval/episode_state/forward_vel,8.957736015319824
6291456,1336.949,eval/episode_state/up_z,516.0458984375
6291456,1336.949,eval/episode_reward_std,959.8192749023438
6291456,1336.949,eval/episode_reward/ctrl_std,0.0021832813508808613
6291456,1336.949,eval/episode_reward/forward_std,18.46099281311035
6291456,1336.949,eval/episode_reward/joint_std,0.011818761005997658
6291456,1336.949,eval/episode_reward/orient_std,962.8565063476562
6291456,1336.949,eval/episode_reward/total_std,959.8192749023438
6291456,1336.949,eval/episode_state/forward_vel_std,12.3607759475708
6291456,1336.949,eval/episode_state/up_z_std,464.5736999511719
6291456,1336.949,eval/avg_episode_length,1000.0
6291456,1336.949,eval/std_episode_length,0.0
6291456,1336.949,eval/epoch_eval_time,32.17505621910095
6291456,1336.949,eval/sps,994.5592567761536
6815744,1407.959,episode/sps,5079.897288887104
6815744,1407.959,episode/length,1000.0
6815744,1407.959,episode/reward/ctrl,-0.21781837120652198
6815744,1407.959,episode/reward/forward,340.93143188476563
6815744,1407.959,episode/reward/joint,-0.04828296041116118
6815744,1407.959,episode/reward/orient,-701.4681124210358
6815744,1407.959,episode/reward/total,-360.8028519839048
6815744,1407.959,episode/state/forward_vel,0.13936516396701337
6815744,1407.959,episode/state/up_z,409.3039246749878
6815744,1407.959,episode/sum_reward,-360.8028519839048
6815744,1407.959,episode/entropy_loss,-0.11388227552175521
6815744,1407.959,episode/kl_mean,0.00034228745673317465
6815744,1407.959,episode/learning_rate,0.0003000000142492354
6815744,1407.959,episode/policy_dist_max_loc,0.9329259276390076
6815744,1407.959,episode/policy_dist_max_std,1.4979189121723175
6815744,1407.959,episode/policy_dist_mean_loc,-0.009648933140560985
6815744,1407.959,episode/policy_dist_mean_std,0.693367651104927
6815744,1407.959,episode/policy_dist_min_loc,-1.09571146607399
6815744,1407.959,episode/policy_dist_min_std,0.31296913921833036
6815744,1407.959,episode/policy_loss,-0.0007661839739012067
6815744,1407.959,episode/total_loss,80.10603546142578
6815744,1407.959,episode/v_loss,80.22068439483643
6815744,1440.876,eval/walltime,477.7520112991333
6815744,1440.876,training/sps,7382.551240824705
6815744,1440.876,training/walltime,951.291627407074
6815744,1440.876,training/entropy_loss,-0.11376187205314636
6815744,1440.876,training/kl_mean,0.00034940766636282206
6815744,1440.876,training/learning_rate,0.0003000000142492354
6815744,1440.876,training/policy_dist_max_loc,0.9285745620727539
6815744,1440.876,training/policy_dist_max_std,1.5318474769592285
6815744,1440.876,training/policy_dist_mean_loc,-0.012521445751190186
6815744,1440.876,training/policy_dist_mean_std,0.6933165788650513
6815744,1440.876,training/policy_dist_min_loc,-1.130502700805664
6815744,1440.876,training/policy_dist_min_std,0.30829674005508423
6815744,1440.876,training/policy_loss,-0.000710959080606699
6815744,1440.876,training/total_loss,72.19197082519531
6815744,1440.876,training/v_loss,72.30644226074219
6815744,1440.876,eval/episode_reward,-15.65626335144043
6815744,1440.876,eval/episode_reward/ctrl,-0.2175247073173523
6815744,1440.876,eval/episode_reward/forward,337.58795166015625
6815744,1440.876,eval/episode_reward/joint,-0.05087345466017723
6815744,1440.876,eval/episode_reward/orient,-352.9757385253906
6815744,1440.876,eval/episode_reward/total,-15.65626335144043
6815744,1440.876,eval/episode_state/forward_vel,-1.1431934833526611
6815744,1440.876,eval/episode_state/up_z,578.6812744140625
6815744,1440.876,eval/episode_reward_std,658.361328125
6815744,1440.876,eval/episode_reward/ctrl_std,0.0014561413554474711
6815744,1440.876,eval/episode_reward/forward_std,32.11861801147461
6815744,1440.876,eval/episode_reward/joint_std,0.014180926606059074
6815744,1440.876,eval/episode_reward/orient_std,661.74072265625
6815744,1440.876,eval/episode_reward/total_std,658.361328125
6815744,1440.876,eval/episode_state/forward_vel_std,19.72698211669922
6815744,1440.876,eval/episode_state/up_z_std,342.4130554199219
6815744,1440.876,eval/avg_episode_length,1000.0
6815744,1440.876,eval/std_episode_length,0.0
6815744,1440.876,eval/epoch_eval_time,32.892722368240356
6815744,1440.876,eval/sps,972.8595779258962
7340032,1512.418,episode/sps,5019.103135244187
7340032,1512.418,episode/length,1000.0
7340032,1512.418,episode/reward/ctrl,-0.21751555904746056
7340032,1512.418,episode/reward/forward,339.971325378418
7340032,1512.418,episode/reward/joint,-0.050065667312592266
7340032,1512.418,episode/reward/orient,-593.1034232330322
7340032,1512.418,episode/reward/total,-253.39971143245697
7340032,1512.418,episode/state/forward_vel,-0.17757260195910932
7340032,1512.418,episode/state/up_z,484.46078050613403
7340032,1512.418,episode/sum_reward,-253.39971143245697
7340032,1512.418,episode/entropy_loss,-0.11383627451956273
7340032,1512.418,episode/kl_mean,0.0003595751104876399
7340032,1512.418,episode/learning_rate,0.0003000000142492354
7340032,1512.418,episode/policy_dist_max_loc,0.9229811108112336
7340032,1512.418,episode/policy_dist_max_std,1.500756504535675
7340032,1512.418,episode/policy_dist_mean_loc,-0.01231915749143809
7340032,1512.418,episode/policy_dist_mean_std,0.6933773750066757
7340032,1512.418,episode/policy_dist_min_loc,-1.092579235434532
7340032,1512.418,episode/policy_dist_min_std,0.3126041305065155
7340032,1512.418,episode/policy_loss,-0.0007654860756883863
7340032,1512.418,episode/total_loss,74.01794811248779
7340032,1512.418,episode/v_loss,74.13255027770997
7340032,1544.941,eval/walltime,510.2499077320099
7340032,1544.941,training/sps,7327.759796934628
7340032,1544.941,training/walltime,1022.8398241996765
7340032,1544.941,training/entropy_loss,-0.11378531157970428
7340032,1544.941,training/kl_mean,0.00038913305616006255
7340032,1544.941,training/learning_rate,0.0003000000142492354
7340032,1544.941,training/policy_dist_max_loc,0.9120746850967407
7340032,1544.941,training/policy_dist_max_std,1.4937100410461426
7340032,1544.941,training/policy_dist_mean_loc,-0.015380984172224998
7340032,1544.941,training/policy_dist_mean_std,0.6933697462081909
7340032,1544.941,training/policy_dist_min_loc,-1.106071949005127
7340032,1544.941,training/policy_dist_min_std,0.30789613723754883
7340032,1544.941,training/policy_loss,-0.0007273643277585506
7340032,1544.941,training/total_loss,67.99358367919922
7340032,1544.941,training/v_loss,68.10809326171875
7340032,1544.941,eval/episode_reward,19.879676818847656
7340032,1544.941,eval/episode_reward/ctrl,-0.21844029426574707
7340032,1544.941,eval/episode_reward/forward,346.2589416503906
7340032,1544.941,eval/episode_reward/joint,-0.05419075861573219
7340032,1544.941,eval/episode_reward/orient,-326.106689453125
7340032,1544.941,eval/episode_reward/total,19.879676818847656
7340032,1544.941,eval/episode_state/forward_vel,4.147823333740234
7340032,1544.941,eval/episode_state/up_z,631.5404052734375
7340032,1544.941,eval/episode_reward_std,665.8261108398438
7340032,1544.941,eval/episode_reward/ctrl_std,0.0022267946042120457
7340032,1544.941,eval/episode_reward/forward_std,27.322046279907227
7340032,1544.941,eval/episode_reward/joint_std,0.012493874877691269
7340032,1544.941,eval/episode_reward/orient_std,664.726806640625
7340032,1544.941,eval/episode_reward/total_std,665.8261108398438
7340032,1544.941,eval/episode_state/forward_vel_std,17.1961612701416
7340032,1544.941,eval/episode_state/up_z_std,350.66644287109375
7340032,1544.941,eval/avg_episode_length,1000.0
7340032,1544.941,eval/std_episode_length,0.0
7340032,1544.941,eval/epoch_eval_time,32.49789643287659
7340032,1544.941,eval/sps,984.6791181113837
7864320,1616.301,episode/sps,5046.924507281974
7864320,1616.301,episode/length,1000.0
7864320,1616.301,episode/reward/ctrl,-0.217824090719223
7864320,1616.301,episode/reward/forward,341.2356234741211
7864320,1616.301,episode/reward/joint,-0.05009860888123512
7864320,1616.301,episode/reward/orient,-666.8967015981674
7864320,1616.301,episode/reward/total,-325.92895098686216
7864320,1616.301,episode/state/forward_vel,0.6109019203856587
7864320,1616.301,episode/state/up_z,452.1586328125
7864320,1616.301,episode/sum_reward,-325.92895098686216
7864320,1616.301,episode/entropy_loss,-0.11376556873321533
7864320,1616.301,episode/kl_mean,0.0003848687862046063
7864320,1616.301,episode/learning_rate,0.0003000000142492354
7864320,1616.301,episode/policy_dist_max_loc,0.8991186648607254
7864320,1616.301,episode/policy_dist_max_std,1.4990644299983977
7864320,1616.301,episode/policy_dist_mean_loc,-0.015030397502705455
7864320,1616.301,episode/policy_dist_mean_std,0.6932863825559616
7864320,1616.301,episode/policy_dist_min_loc,-1.1086250990629196
7864320,1616.301,episode/policy_dist_min_std,0.3134489104151726
7864320,1616.301,episode/policy_loss,-0.0007738433084159623
7864320,1616.301,episode/total_loss,69.26904781341553
7864320,1616.301,episode/v_loss,69.38358722686768
7864320,1648.283,eval/walltime,542.207307100296
7864320,1648.283,training/sps,7346.429544219569
7864320,1648.283,training/walltime,1094.2061929702759
7864320,1648.283,training/entropy_loss,-0.11373218894004822
7864320,1648.283,training/kl_mean,0.0004067382833454758
7864320,1648.283,training/learning_rate,0.0003000000142492354
7864320,1648.283,training/policy_dist_max_loc,0.8564384579658508
7864320,1648.283,training/policy_dist_max_std,1.4708871841430664
7864320,1648.283,training/policy_dist_mean_loc,-0.017765045166015625
7864320,1648.283,training/policy_dist_mean_std,0.6931596994400024
7864320,1648.283,training/policy_dist_min_loc,-1.1006360054016113
7864320,1648.283,training/policy_dist_min_std,0.3225517272949219
7864320,1648.283,training/policy_loss,-0.0007979458896443248
7864320,1648.283,training/total_loss,66.3367691040039
7864320,1648.283,training/v_loss,66.4512939453125
7864320,1648.283,eval/episode_reward,-18.26026153564453
7864320,1648.283,eval/episode_reward/ctrl,-0.21757352352142334
7864320,1648.283,eval/episode_reward/forward,340.8254699707031
7864320,1648.283,eval/episode_reward/joint,-0.04754587262868881
7864320,1648.283,eval/episode_reward/orient,-358.8204345703125
7864320,1648.283,eval/episode_reward/total,-18.26026153564453
7864320,1648.283,eval/episode_state/forward_vel,-0.6416337490081787
7864320,1648.283,eval/episode_state/up_z,588.7734375
7864320,1648.283,eval/episode_reward_std,626.72412109375
7864320,1648.283,eval/episode_reward/ctrl_std,0.0020327449310570955
7864320,1648.283,eval/episode_reward/forward_std,25.642498016357422
7864320,1648.283,eval/episode_reward/joint_std,0.013496269471943378
7864320,1648.283,eval/episode_reward/orient_std,629.2734375
7864320,1648.283,eval/episode_reward/total_std,626.72412109375
7864320,1648.283,eval/episode_state/forward_vel_std,16.677066802978516
7864320,1648.283,eval/episode_state/up_z_std,351.4510192871094
7864320,1648.283,eval/avg_episode_length,1000.0
7864320,1648.283,eval/std_episode_length,0.0
7864320,1648.283,eval/epoch_eval_time,31.957399368286133
7864320,1648.283,eval/sps,1001.3330443827085
8388608,1719.637,episode/sps,5073.6217654862885
8388608,1719.637,episode/length,1000.0
8388608,1719.637,episode/reward/ctrl,-0.21737937837839127
8388608,1719.637,episode/reward/forward,339.302971496582
8388608,1719.637,episode/reward/joint,-0.05209622416645288
8388608,1719.637,episode/reward/orient,-433.5724876093864
8388608,1719.637,episode/reward/total,-94.53891832351684
8388608,1719.637,episode/state/forward_vel,-0.8168966811895371
8388608,1719.637,episode/state/up_z,571.7900819396973
8388608,1719.637,episode/sum_reward,-94.53891832351684
8388608,1719.637,episode/entropy_loss,-0.11370583087205886
8388608,1719.637,episode/kl_mean,0.0004768419949687086
8388608,1719.637,episode/learning_rate,0.0003000000142492354
8388608,1719.637,episode/policy_dist_max_loc,0.8707642197608948
8388608,1719.637,episode/policy_dist_max_std,1.4834209716320037
8388608,1719.637,episode/policy_dist_mean_loc,-0.01844955316744745
8388608,1719.637,episode/policy_dist_mean_std,0.6932820522785187
8388608,1719.637,episode/policy_dist_min_loc,-1.104781436920166
8388608,1719.637,episode/policy_dist_min_std,0.31536205917596816
8388608,1719.637,episode/policy_loss,-0.0008628634420165326
8388608,1719.637,episode/total_loss,60.3360876083374
8388608,1719.637,episode/v_loss,60.45065605163574
8388608,1752.235,eval/walltime,574.7815937995911
8388608,1752.235,training/sps,7347.032583972111
8388608,1752.235,training/walltime,1165.5667040348053
8388608,1752.235,training/entropy_loss,-0.11358381062746048
8388608,1752.235,training/kl_mean,0.000629825284704566
8388608,1752.235,training/learning_rate,0.0003000000142492354
8388608,1752.235,training/policy_dist_max_loc,0.8362628221511841
8388608,1752.235,training/policy_dist_max_std,1.4784588813781738
8388608,1752.235,training/policy_dist_mean_loc,-0.022829513996839523
8388608,1752.235,training/policy_dist_mean_std,0.6933057308197021
8388608,1752.235,training/policy_dist_min_loc,-1.099026083946228
8388608,1752.235,training/policy_dist_min_std,0.31755757331848145
8388608,1752.235,training/policy_loss,-0.0010050972923636436
8388608,1752.235,training/total_loss,45.76667785644531
8388608,1752.235,training/v_loss,45.881263732910156
8388608,1752.235,eval/episode_reward,144.55715942382812
8388608,1752.235,eval/episode_reward/ctrl,-0.2185528576374054
8388608,1752.235,eval/episode_reward/forward,344.27825927734375
8388608,1752.235,eval/episode_reward/joint,-0.05597011372447014
8388608,1752.235,eval/episode_reward/orient,-199.44656372070312
8388608,1752.235,eval/episode_reward/total,144.55715942382812
8388608,1752.235,eval/episode_state/forward_vel,2.231940746307373
8388608,1752.235,eval/episode_state/up_z,697.3653564453125
8388608,1752.235,eval/episode_reward_std,510.88458251953125
8388608,1752.235,eval/episode_reward/ctrl_std,0.002579438965767622
8388608,1752.235,eval/episode_reward/forward_std,20.6724853515625
8388608,1752.235,eval/episode_reward/joint_std,0.011844966560602188
8388608,1752.235,eval/episode_reward/orient_std,513.9789428710938
8388608,1752.235,eval/episode_reward/total_std,510.88458251953125
8388608,1752.235,eval/episode_state/forward_vel_std,13.718990325927734
8388608,1752.235,eval/episode_state/up_z_std,277.1634216308594
8388608,1752.235,eval/avg_episode_length,1000.0
8388608,1752.235,eval/std_episode_length,0.0
8388608,1752.235,eval/epoch_eval_time,32.574286699295044
8388608,1752.235,eval/sps,982.3699378409575
8912896,1824.103,episode/sps,5018.74238616219
8912896,1824.103,episode/length,1000.0
8912896,1824.103,episode/reward/ctrl,-0.2176924967765808
8912896,1824.103,episode/reward/forward,342.3231857299805
8912896,1824.103,episode/reward/joint,-0.052858393415808676
8912896,1824.103,episode/reward/orient,-487.9382446062565
8912896,1824.103,episode/reward/total,-145.88557554244994
8912896,1824.103,episode/state/forward_vel,1.4102324564754962
8912896,1824.103,episode/state/up_z,540.8384264755249
8912896,1824.103,episode/sum_reward,-145.88557554244994
8912896,1824.103,episode/entropy_loss,-0.1136417156457901
8912896,1824.103,episode/kl_mean,0.0005426509564858861
8912896,1824.103,episode/learning_rate,0.0003000000142492354
8912896,1824.103,episode/policy_dist_max_loc,0.8426962631940842
8912896,1824.103,episode/policy_dist_max_std,1.4930767011642456
8912896,1824.103,episode/policy_dist_mean_loc,-0.022434693574905396
8912896,1824.103,episode/policy_dist_mean_std,0.6934000462293625
8912896,1824.103,episode/policy_dist_min_loc,-1.123801020383835
8912896,1824.103,episode/policy_dist_min_std,0.3139443784952164
8912896,1824.103,episode/policy_loss,-0.0008805214871244971
8912896,1824.103,episode/total_loss,53.31073402404785
8912896,1824.103,episode/v_loss,53.42525608062744
8912896,1850.900,eval/walltime,601.5561890602112
8912896,1850.900,training/sps,7294.517620449092
8912896,1850.900,training/walltime,1237.4409563541412
8912896,1850.900,training/entropy_loss,-0.11358535289764404
8912896,1850.900,training/kl_mean,0.000587262911722064
8912896,1850.900,training/learning_rate,0.0003000000142492354
8912896,1850.900,training/policy_dist_max_loc,0.8285238146781921
8912896,1850.900,training/policy_dist_max_std,1.5258662700653076
8912896,1850.900,training/policy_dist_mean_loc,-0.02747284807264805
8912896,1850.900,training/policy_dist_mean_std,0.6937167048454285
8912896,1850.900,training/policy_dist_min_loc,-1.1714022159576416
8912896,1850.900,training/policy_dist_min_std,0.30196279287338257
8912896,1850.900,training/policy_loss,-0.0007654993096366525
8912896,1850.900,training/total_loss,45.49050521850586
8912896,1850.900,training/v_loss,45.6048583984375
8912896,1850.900,eval/episode_reward,133.80067443847656
8912896,1850.900,eval/episode_reward/ctrl,-0.21809838712215424
8912896,1850.900,eval/episode_reward/forward,338.810791015625
8912896,1850.900,eval/episode_reward/joint,-0.04799845069646835
8912896,1850.900,eval/episode_reward/orient,-204.74404907226562
8912896,1850.900,eval/episode_reward/total,133.80067443847656
8912896,1850.900,eval/episode_state/forward_vel,-1.518969178199768
8912896,1850.900,eval/episode_state/up_z,725.8942260742188
8912896,1850.900,eval/episode_reward_std,562.557861328125
8912896,1850.900,eval/episode_reward/ctrl_std,0.0026337341405451298
8912896,1850.900,eval/episode_reward/forward_std,27.491832733154297
8912896,1850.900,eval/episode_reward/joint_std,0.01552041620016098
8912896,1850.900,eval/episode_reward/orient_std,558.349853515625
8912896,1850.900,eval/episode_reward/total_std,562.557861328125
8912896,1850.900,eval/episode_state/forward_vel_std,15.882408142089844
8912896,1850.900,eval/episode_state/up_z_std,305.06396484375
8912896,1850.900,eval/avg_episode_length,1000.0
8912896,1850.900,eval/std_episode_length,0.0
8912896,1850.900,eval/epoch_eval_time,26.774595260620117
8912896,1850.900,eval/sps,1195.162791015757
9437184,1918.918,episode/sps,5529.574874485191
9437184,1918.918,episode/length,1000.0
9437184,1918.918,episode/reward/ctrl,-0.2181893914937973
9437184,1918.918,episode/reward/forward,334.7402360534668
9437184,1918.918,episode/reward/joint,-0.05080339476466179
9437184,1918.918,episode/reward/orient,-372.280819838047
9437184,1918.918,episode/reward/total,-37.80965680122375
9437184,1918.918,episode/state/forward_vel,-4.086536176204682
9437184,1918.918,episode/state/up_z,636.571166381836
9437184,1918.918,episode/sum_reward,-37.80965680122375
9437184,1918.918,episode/entropy_loss,-0.11362971559166908
9437184,1918.918,episode/kl_mean,0.0005915970294154249
9437184,1918.918,episode/learning_rate,0.0003000000142492354
9437184,1918.918,episode/policy_dist_max_loc,0.8126665472984314
9437184,1918.918,episode/policy_dist_max_std,1.5026184368133544
9437184,1918.918,episode/policy_dist_mean_loc,-0.026633755173534154
9437184,1918.918,episode/policy_dist_mean_std,0.6936944335699081
9437184,1918.918,episode/policy_dist_min_loc,-1.1299121850728988
9437184,1918.918,episode/policy_dist_min_std,0.3081174129247665
9437184,1918.918,episode/policy_loss,-0.0008955551170220133
9437184,1918.918,episode/total_loss,46.33951688766479
9437184,1918.918,episode/v_loss,46.45404224395752
9437184,1951.288,eval/walltime,633.8998441696167
9437184,1951.288,training/sps,7707.24379974653
9437184,1951.288,training/walltime,1305.46631193161
9437184,1951.288,training/entropy_loss,-0.1137174740433693
9437184,1951.288,training/kl_mean,0.0005506963934749365
9437184,1951.288,training/learning_rate,0.0003000000142492354
9437184,1951.288,training/policy_dist_max_loc,0.769538164138794
9437184,1951.288,training/policy_dist_max_std,1.5056560039520264
9437184,1951.288,training/policy_dist_mean_loc,-0.030548017472028732
9437184,1951.288,training/policy_dist_mean_std,0.6941273808479309
9437184,1951.288,training/policy_dist_min_loc,-1.1164956092834473
9437184,1951.288,training/policy_dist_min_std,0.30372342467308044
9437184,1951.288,training/policy_loss,-0.0008190845837816596
9437184,1951.288,training/total_loss,45.582000732421875
9437184,1951.288,training/v_loss,45.69654083251953
9437184,1951.288,eval/episode_reward,249.3007354736328
9437184,1951.288,eval/episode_reward/ctrl,-0.21701037883758545
9437184,1951.288,eval/episode_reward/forward,342.8304138183594
9437184,1951.288,eval/episode_reward/joint,-0.04677369445562363
9437184,1951.288,eval/episode_reward/orient,-93.26588439941406
9437184,1951.288,eval/episode_reward/total,249.3007354736328
9437184,1951.288,eval/episode_state/forward_vel,-0.1783551573753357
9437184,1951.288,eval/episode_state/up_z,810.632568359375
9437184,1951.288,eval/episode_reward_std,183.36923217773438
9437184,1951.288,eval/episode_reward/ctrl_std,0.0026237638667225838
9437184,1951.288,eval/episode_reward/forward_std,19.87723159790039
9437184,1951.288,eval/episode_reward/joint_std,0.010809763334691525
9437184,1951.288,eval/episode_reward/orient_std,191.06468200683594
9437184,1951.288,eval/episode_reward/total_std,183.36923217773438
9437184,1951.288,eval/episode_state/forward_vel_std,12.397117614746094
9437184,1951.288,eval/episode_state/up_z_std,194.40850830078125
9437184,1951.288,eval/avg_episode_length,1000.0
9437184,1951.288,eval/std_episode_length,0.0
9437184,1951.288,eval/epoch_eval_time,32.34365510940552
9437184,1951.288,eval/sps,989.3748833196782
9961472,2022.729,episode/sps,5050.38633873361
9961472,2022.729,episode/length,1000.0
9961472,2022.729,episode/reward/ctrl,-0.21790302246809007
9961472,2022.729,episode/reward/forward,346.5690121459961
9961472,2022.729,episode/reward/joint,-0.05070236982777715
9961472,2022.729,episode/reward/orient,-208.00167208075524
9961472,2022.729,episode/reward/total,138.29872014522553
9961472,2022.729,episode/state/forward_vel,3.1630136198550463
9961472,2022.729,episode/state/up_z,718.7938994979859
9961472,2022.729,episode/sum_reward,138.29872014522553
9961472,2022.729,episode/entropy_loss,-0.11377613261342048
9961472,2022.729,episode/kl_mean,0.000640750065795146
9961472,2022.729,episode/learning_rate,0.0003000000142492354
9961472,2022.729,episode/policy_dist_max_loc,0.7751829659938813
9961472,2022.729,episode/policy_dist_max_std,1.5061664640903474
9961472,2022.729,episode/policy_dist_mean_loc,-0.030474598351866007
9961472,2022.729,episode/policy_dist_mean_std,0.6942394602298737
9961472,2022.729,episode/policy_dist_min_loc,-1.135574899315834
9961472,2022.729,episode/policy_dist_min_std,0.30470113396644594
9961472,2022.729,episode/policy_loss,-0.0009029769207700156
9961472,2022.729,episode/total_loss,43.25875665664673
9961472,2022.729,episode/v_loss,43.373435974121094
9961472,2055.569,eval/walltime,666.717387676239
9961472,2055.569,training/sps,7338.046441260637
9961472,2055.569,training/walltime,1376.9142107963562
9961472,2055.569,training/entropy_loss,-0.11403553932905197
9961472,2055.569,training/kl_mean,0.0007268651970662177
9961472,2055.569,training/learning_rate,0.0003000000142492354
9961472,2055.569,training/policy_dist_max_loc,0.7241606712341309
9961472,2055.569,training/policy_dist_max_std,1.4925954341888428
9961472,2055.569,training/policy_dist_mean_loc,-0.03421790897846222
9961472,2055.569,training/policy_dist_mean_std,0.6949551105499268
9961472,2055.569,training/policy_dist_min_loc,-1.1200381517410278
9961472,2055.569,training/policy_dist_min_std,0.30744561553001404
9961472,2055.569,training/policy_loss,-0.0009863905142992735
9961472,2055.569,training/total_loss,38.52170944213867
9961472,2055.569,training/v_loss,38.63673400878906
9961472,2055.569,eval/episode_reward,112.35710144042969
9961472,2055.569,eval/episode_reward/ctrl,-0.21840935945510864
9961472,2055.569,eval/episode_reward/forward,339.19134521484375
9961472,2055.569,eval/episode_reward/joint,-0.045030854642391205
9961472,2055.569,eval/episode_reward/orient,-226.57080078125
9961472,2055.569,eval/episode_reward/total,112.35710144042969
9961472,2055.569,eval/episode_state/forward_vel,-2.7306861877441406
9961472,2055.569,eval/episode_state/up_z,769.8975219726562
9961472,2055.569,eval/episode_reward_std,639.6209106445312
9961472,2055.569,eval/episode_reward/ctrl_std,0.0021067671477794647
9961472,2055.569,eval/episode_reward/forward_std,22.235212326049805
9961472,2055.569,eval/episode_reward/joint_std,0.00969004351645708
9961472,2055.569,eval/episode_reward/orient_std,638.2863159179688
9961472,2055.569,eval/episode_reward/total_std,639.6209106445312
9961472,2055.569,eval/episode_state/forward_vel_std,13.582079887390137
9961472,2055.569,eval/episode_state/up_z_std,370.1153259277344
9961472,2055.569,eval/avg_episode_length,1000.0
9961472,2055.569,eval/std_episode_length,0.0
9961472,2055.569,eval/epoch_eval_time,32.817543506622314
9961472,2055.569,eval/sps,975.0882174816851
10485760,2126.659,episode/sps,5044.633188367417
10485760,2126.659,episode/length,1000.0
10485760,2126.659,episode/reward/ctrl,-0.21795167088508605
10485760,2126.659,episode/reward/forward,343.36434173583984
10485760,2126.659,episode/reward/joint,-0.04723390953615308
10485760,2126.659,episode/reward/orient,-192.23153029799462
10485760,2126.659,episode/reward/total,150.86757442474365
10485760,2126.659,episode/state/forward_vel,0.08016825050115585
10485760,2126.659,episode/state/up_z,788.5874069213867
10485760,2126.659,episode/sum_reward,150.86757442474365
10485760,2126.659,episode/entropy_loss,-0.11402979962527753
10485760,2126.659,episode/kl_mean,0.0007387384495814331
10485760,2126.659,episode/learning_rate,0.0003000000142492354
10485760,2126.659,episode/policy_dist_max_loc,0.7299510091543198
10485760,2126.659,episode/policy_dist_max_std,1.493569860458374
10485760,2126.659,episode/policy_dist_mean_loc,-0.034181552026420835
10485760,2126.659,episode/policy_dist_mean_std,0.6948214310407639
10485760,2126.659,episode/policy_dist_min_loc,-1.0995406407117843
10485760,2126.659,episode/policy_dist_min_std,0.31286938309669493
10485760,2126.659,episode/policy_loss,-0.0010047838914033491
10485760,2126.659,episode/total_loss,39.65578327178955
10485760,2126.659,episode/v_loss,39.77081802368164
10485760,2159.358,eval/walltime,699.3930470943451
10485760,2159.358,training/sps,7374.183320104376
10485760,2159.358,training/walltime,1448.01198220253
10485760,2159.358,training/entropy_loss,-0.11438364535570145
10485760,2159.358,training/kl_mean,0.0009148828685283661
10485760,2159.358,training/learning_rate,0.0003000000142492354
10485760,2159.358,training/policy_dist_max_loc,0.6828786134719849
10485760,2159.358,training/policy_dist_max_std,1.4796960353851318
10485760,2159.358,training/policy_dist_mean_loc,-0.03844807296991348
10485760,2159.358,training/policy_dist_mean_std,0.6954889297485352
10485760,2159.358,training/policy_dist_min_loc,-1.056110143661499
10485760,2159.358,training/policy_dist_min_std,0.3292374610900879
10485760,2159.358,training/policy_loss,-0.001139443600550294
10485760,2159.358,training/total_loss,34.03257751464844
10485760,2159.358,training/v_loss,34.14809799194336
10485760,2159.358,eval/episode_reward,237.890380859375
10485760,2159.358,eval/episode_reward/ctrl,-0.2177145928144455
10485760,2159.358,eval/episode_reward/forward,341.09326171875
10485760,2159.358,eval/episode_reward/joint,-0.0455181784927845
10485760,2159.358,eval/episode_reward/orient,-102.9398422241211
10485760,2159.358,eval/episode_reward/total,237.890380859375
10485760,2159.358,eval/episode_state/forward_vel,-1.4157474040985107
10485760,2159.358,eval/episode_state/up_z,863.307373046875
10485760,2159.358,eval/episode_reward_std,447.98870849609375
10485760,2159.358,eval/episode_reward/ctrl_std,0.0020725317299365997
10485760,2159.358,eval/episode_reward/forward_std,21.800561904907227
10485760,2159.358,eval/episode_reward/joint_std,0.009113674983382225
10485760,2159.358,eval/episode_reward/orient_std,441.9682922363281
10485760,2159.358,eval/episode_reward/total_std,447.98870849609375
10485760,2159.358,eval/episode_state/forward_vel_std,13.040887832641602
10485760,2159.358,eval/episode_state/up_z_std,248.2369842529297
10485760,2159.358,eval/avg_episode_length,1000.0
10485760,2159.358,eval/std_episode_length,0.0
10485760,2159.358,eval/epoch_eval_time,32.67565941810608
10485760,2159.358,eval/sps,979.3222407707038
11010048,2230.933,episode/sps,5027.977001496978
11010048,2230.933,episode/length,1000.0
11010048,2230.933,episode/reward/ctrl,-0.21777278929948807
11010048,2230.933,episode/reward/forward,340.35922668457033
11010048,2230.933,episode/reward/joint,-0.044675505626946686
11010048,2230.933,episode/reward/orient,-198.4110482740402
11010048,2230.933,episode/reward/total,141.68573627471923
11010048,2230.933,episode/state/forward_vel,-2.122434166520834
11010048,2230.933,episode/state/up_z,808.4205221557618
11010048,2230.933,episode/sum_reward,141.68573627471923
11010048,2230.933,episode/entropy_loss,-0.11435698412358761
11010048,2230.933,episode/kl_mean,0.0009370030937134288
11010048,2230.933,episode/learning_rate,0.0003000000142492354
11010048,2230.933,episode/policy_dist_max_loc,0.6890310961008071
11010048,2230.933,episode/policy_dist_max_std,1.45923259973526
11010048,2230.933,episode/policy_dist_mean_loc,-0.03800050508230925
11010048,2230.933,episode/policy_dist_mean_std,0.6955150699615479
11010048,2230.933,episode/policy_dist_min_loc,-1.080473574399948
11010048,2230.933,episode/policy_dist_min_std,0.319174539744854
11010048,2230.933,episode/policy_loss,-0.00106837893705233
11010048,2230.933,episode/total_loss,33.81026290893555
11010048,2230.933,episode/v_loss,33.92568845748902
11010048,2262.885,eval/walltime,731.3185288906097
11010048,2262.885,training/sps,7324.170550543751
11010048,2262.885,training/walltime,1519.5952415466309
11010048,2262.885,training/entropy_loss,-0.11472988873720169
11010048,2262.885,training/kl_mean,0.0011719432659447193
11010048,2262.885,training/learning_rate,0.0003000000142492354
11010048,2262.885,training/policy_dist_max_loc,0.6507848501205444
11010048,2262.885,training/policy_dist_max_std,1.3958193063735962
11010048,2262.885,training/policy_dist_mean_loc,-0.042082738131284714
11010048,2262.885,training/policy_dist_mean_std,0.696273148059845
11010048,2262.885,training/policy_dist_min_loc,-1.0558571815490723
11010048,2262.885,training/policy_dist_min_std,0.32385730743408203
11010048,2262.885,training/policy_loss,-0.001012118300423026
11010048,2262.885,training/total_loss,27.414348602294922
11010048,2262.885,training/v_loss,27.53009033203125
11010048,2262.885,eval/episode_reward,315.47265625
11010048,2262.885,eval/episode_reward/ctrl,-0.21792544424533844
11010048,2262.885,eval/episode_reward/forward,340.3161315917969
11010048,2262.885,eval/episode_reward/joint,-0.04017342999577522
11010048,2262.885,eval/episode_reward/orient,-24.58538055419922
11010048,2262.885,eval/episode_reward/total,315.47265625
11010048,2262.885,eval/episode_state/forward_vel,-2.6020987033843994
11010048,2262.885,eval/episode_state/up_z,913.0894775390625
11010048,2262.885,eval/episode_reward_std,58.245079040527344
11010048,2262.885,eval/episode_reward/ctrl_std,0.001817028969526291
11010048,2262.885,eval/episode_reward/forward_std,22.286256790161133
11010048,2262.885,eval/episode_reward/joint_std,0.007320623379200697
11010048,2262.885,eval/episode_reward/orient_std,49.133094787597656
11010048,2262.885,eval/episode_reward/total_std,58.245079040527344
11010048,2262.885,eval/episode_state/forward_vel_std,13.172297477722168
11010048,2262.885,eval/episode_state/up_z_std,78.12882995605469
11010048,2262.885,eval/avg_episode_length,1000.0
11010048,2262.885,eval/std_episode_length,0.0
11010048,2262.885,eval/epoch_eval_time,31.92548179626465
11010048,2262.885,eval/sps,1002.3341293394066
11534336,2333.958,episode/sps,5088.931752830183
11534336,2333.958,episode/length,1000.0
11534336,2333.958,episode/reward/ctrl,-0.21769078746438025
11534336,2333.958,episode/reward/forward,342.9358462524414
11534336,2333.958,episode/reward/joint,-0.043711036592721936
11534336,2333.958,episode/reward/orient,-149.67543575167656
11534336,2333.958,episode/reward/total,192.99905021667482
11534336,2333.958,episode/state/forward_vel,-0.7980041316151619
11534336,2333.958,episode/state/up_z,848.0380685424805
11534336,2333.958,episode/sum_reward,192.99905021667482
11534336,2333.958,episode/entropy_loss,-0.11469710573554039
11534336,2333.958,episode/kl_mean,0.0011464205288211815
11534336,2333.958,episode/learning_rate,0.0003000000142492354
11534336,2333.958,episode/policy_dist_max_loc,0.6513320857286453
11534336,2333.958,episode/policy_dist_max_std,1.411595152616501
11534336,2333.958,episode/policy_dist_mean_loc,-0.041499533616006376
11534336,2333.958,episode/policy_dist_mean_std,0.6962696325778961
11534336,2333.958,episode/policy_dist_min_loc,-1.0468920439481735
11534336,2333.958,episode/policy_dist_min_std,0.32525235816836356
11534336,2333.958,episode/policy_loss,-0.0010593460549716837
11534336,2333.958,episode/total_loss,28.836661567687987
11534336,2333.958,episode/v_loss,28.95241813659668
11534336,2365.925,eval/walltime,763.2619342803955
11534336,2365.925,training/sps,7375.944410855388
11534336,2365.925,training/walltime,1590.6760375499725
11534336,2365.925,training/entropy_loss,-0.11505886912345886
11534336,2365.925,training/kl_mean,0.001327364705502987
11534336,2365.925,training/learning_rate,0.0003000000142492354
11534336,2365.925,training/policy_dist_max_loc,0.609127938747406
11534336,2365.925,training/policy_dist_max_std,1.3519724607467651
11534336,2365.925,training/policy_dist_mean_loc,-0.044700875878334045
11534336,2365.925,training/policy_dist_mean_std,0.6971901655197144
11534336,2365.925,training/policy_dist_min_loc,-1.0238202810287476
11534336,2365.925,training/policy_dist_min_std,0.32516735792160034
11534336,2365.925,training/policy_loss,-0.0008969840127974749
11534336,2365.925,training/total_loss,24.057010650634766
11534336,2365.925,training/v_loss,24.17296600341797
11534336,2365.925,eval/episode_reward,258.17047119140625
11534336,2365.925,eval/episode_reward/ctrl,-0.2181166708469391
11534336,2365.925,eval/episode_reward/forward,344.6156921386719
11534336,2365.925,eval/episode_reward/joint,-0.041891179978847504
11534336,2365.925,eval/episode_reward/orient,-86.18525695800781
11534336,2365.925,eval/episode_reward/total,258.17047119140625
11534336,2365.925,eval/episode_state/forward_vel,0.6765581369400024
11534336,2365.925,eval/episode_state/up_z,901.125244140625
11534336,2365.925,eval/episode_reward_std,418.3463439941406
11534336,2365.925,eval/episode_reward/ctrl_std,0.0015162803465500474
11534336,2365.925,eval/episode_reward/forward_std,20.219711303710938
11534336,2365.925,eval/episode_reward/joint_std,0.007379314862191677
11534336,2365.925,eval/episode_reward/orient_std,427.2698059082031
11534336,2365.925,eval/episode_reward/total_std,418.3463439941406
11534336,2365.925,eval/episode_state/forward_vel_std,13.074013710021973
11534336,2365.925,eval/episode_state/up_z_std,225.1074676513672
11534336,2365.925,eval/avg_episode_length,1000.0
11534336,2365.925,eval/std_episode_length,0.0
11534336,2365.925,eval/epoch_eval_time,31.943405389785767
11534336,2365.925,eval/sps,1001.7717149916749
12058624,2436.674,episode/sps,5104.29078147191
12058624,2436.674,episode/length,1000.0
12058624,2436.674,episode/reward/ctrl,-0.21810435578227044
12058624,2436.674,episode/reward/forward,345.6217059326172
12058624,2436.674,episode/reward/joint,-0.042453768774867055
12058624,2436.674,episode/reward/orient,-139.2446235781908
12058624,2436.674,episode/reward/total,206.11655279159547
12058624,2436.674,episode/state/forward_vel,0.9848014599084854
12058624,2436.674,episode/state/up_z,866.2514790344238
12058624,2436.674,episode/sum_reward,206.11655279159547
12058624,2436.674,episode/entropy_loss,-0.11503063067793846
12058624,2436.674,episode/kl_mean,0.0012636750790989027
12058624,2436.674,episode/learning_rate,0.0003000000142492354
12058624,2436.674,episode/policy_dist_max_loc,0.6030951020121574
12058624,2436.674,episode/policy_dist_max_std,1.3504685926437379
12058624,2436.674,episode/policy_dist_mean_loc,-0.044131047166883944
12058624,2436.674,episode/policy_dist_mean_std,0.6971825343370438
12058624,2436.674,episode/policy_dist_min_loc,-1.0124357944726945
12058624,2436.674,episode/policy_dist_min_std,0.334671818614006
12058624,2436.674,episode/policy_loss,-0.0008830043254420162
12058624,2436.674,episode/total_loss,25.646402378082275
12058624,2436.674,episode/v_loss,25.762316131591795
12058624,2467.936,eval/walltime,794.5032360553741
12058624,2467.936,training/sps,7409.788765741457
12058624,2467.936,training/walltime,1661.4321706295013
12058624,2467.936,training/entropy_loss,-0.1153830736875534
12058624,2467.936,training/kl_mean,0.001235473551787436
12058624,2467.936,training/learning_rate,0.0003000000142492354
12058624,2467.936,training/policy_dist_max_loc,0.5431689620018005
12058624,2467.936,training/policy_dist_max_std,1.289475440979004
12058624,2467.936,training/policy_dist_mean_loc,-0.04610835015773773
12058624,2467.936,training/policy_dist_mean_std,0.6983172297477722
12058624,2467.936,training/policy_dist_min_loc,-0.9544099569320679
12058624,2467.936,training/policy_dist_min_std,0.3550962805747986
12058624,2467.936,training/policy_loss,-0.0005700666224583983
12058624,2467.936,training/total_loss,24.41839027404785
12058624,2467.936,training/v_loss,24.534343719482422
12058624,2467.936,eval/episode_reward,284.355712890625
12058624,2467.936,eval/episode_reward/ctrl,-0.21806594729423523
12058624,2467.936,eval/episode_reward/forward,346.5909423828125
12058624,2467.936,eval/episode_reward/joint,-0.041369955986738205
12058624,2467.936,eval/episode_reward/orient,-61.97584915161133
12058624,2467.936,eval/episode_reward/total,284.355712890625
12058624,2467.936,eval/episode_state/forward_vel,1.280820369720459
12058624,2467.936,eval/episode_state/up_z,920.4681396484375
12058624,2467.936,eval/episode_reward_std,297.1264343261719
12058624,2467.936,eval/episode_reward/ctrl_std,0.0018374142237007618
12058624,2467.936,eval/episode_reward/forward_std,26.16129493713379
12058624,2467.936,eval/episode_reward/joint_std,0.006000075023621321
12058624,2467.936,eval/episode_reward/orient_std,307.3905334472656
12058624,2467.936,eval/episode_reward/total_std,297.1264343261719
12058624,2467.936,eval/episode_state/forward_vel_std,16.956815719604492
12058624,2467.936,eval/episode_state/up_z_std,165.7816162109375
12058624,2467.936,eval/avg_episode_length,1000.0
12058624,2467.936,eval/std_episode_length,0.0
12058624,2467.936,eval/epoch_eval_time,31.241301774978638
12058624,2467.936,eval/sps,1024.2851027939241
12582912,2538.469,episode/sps,5150.402096436417
12582912,2538.469,episode/length,1000.0
12582912,2538.469,episode/reward/ctrl,-0.21845386907458306
12582912,2538.469,episode/reward/forward,348.29942932128904
12582912,2538.469,episode/reward/joint,-0.04207958886399865
12582912,2538.469,episode/reward/orient,-123.45756402820349
12582912,2538.469,episode/reward/total,224.58129760742187
12582912,2538.469,episode/state/forward_vel,2.3228772641718387
12582912,2538.469,episode/state/up_z,879.7573554229737
12582912,2538.469,episode/sum_reward,224.58129760742187
12582912,2538.469,episode/entropy_loss,-0.11530273862183094
12582912,2538.469,episode/kl_mean,0.0012926920573227108
12582912,2538.469,episode/learning_rate,0.0003000000142492354
12582912,2538.469,episode/policy_dist_max_loc,0.5547608402371407
12582912,2538.469,episode/policy_dist_max_std,1.301634031534195
12582912,2538.469,episode/policy_dist_mean_loc,-0.04605297982692719
12582912,2538.469,episode/policy_dist_mean_std,0.6983325296640396
12582912,2538.469,episode/policy_dist_min_loc,-0.9653515475988388
12582912,2538.469,episode/policy_dist_min_std,0.3446763226389885
12582912,2538.469,episode/policy_loss,-0.0007120929227676242
12582912,2538.469,episode/total_loss,22.63525237083435
12582912,2538.469,episode/v_loss,22.75126735687256
12582912,2570.244,eval/walltime,826.2542698383331
12582912,2570.244,training/sps,7432.501150156405
12582912,2570.244,training/walltime,1731.9720857143402
12582912,2570.244,training/entropy_loss,-0.11552854627370834
12582912,2570.244,training/kl_mean,0.0011833508033305407
12582912,2570.244,training/learning_rate,0.0003000000142492354
12582912,2570.244,training/policy_dist_max_loc,0.5026946663856506
12582912,2570.244,training/policy_dist_max_std,1.2516520023345947
12582912,2570.244,training/policy_dist_mean_loc,-0.047730762511491776
12582912,2570.244,training/policy_dist_mean_std,0.69969642162323
12582912,2570.244,training/policy_dist_min_loc,-0.9138870239257812
12582912,2570.244,training/policy_dist_min_std,0.354451447725296
12582912,2570.244,training/policy_loss,-0.0004934529424645007
12582912,2570.244,training/total_loss,18.816370010375977
12582912,2570.244,training/v_loss,18.932392120361328
12582912,2570.244,eval/episode_reward,340.7677001953125
12582912,2570.244,eval/episode_reward/ctrl,-0.21870426833629608
12582912,2570.244,eval/episode_reward/forward,347.221923828125
12582912,2570.244,eval/episode_reward/joint,-0.04175657033920288
12582912,2570.244,eval/episode_reward/orient,-6.1938157081604
12582912,2570.244,eval/episode_reward/total,340.7677001953125
12582912,2570.244,eval/episode_state/forward_vel,1.205685019493103
12582912,2570.244,eval/episode_state/up_z,950.1964111328125
12582912,2570.244,eval/episode_reward_std,22.54659080505371
12582912,2570.244,eval/episode_reward/ctrl_std,0.0022449223324656487
12582912,2570.244,eval/episode_reward/forward_std,22.190446853637695
12582912,2570.244,eval/episode_reward/joint_std,0.0058480375446379185
12582912,2570.244,eval/episode_reward/orient_std,5.741034984588623
12582912,2570.244,eval/episode_reward/total_std,22.54659080505371
12582912,2570.244,eval/episode_state/forward_vel_std,13.62943172454834
12582912,2570.244,eval/episode_state/up_z_std,25.687240600585938
12582912,2570.244,eval/avg_episode_length,1000.0
12582912,2570.244,eval/std_episode_length,0.0
12582912,2570.244,eval/epoch_eval_time,31.751033782958984
12582912,2570.244,eval/sps,1007.8412003446211
13107200,2641.243,episode/sps,5101.378313672146
13107200,2641.243,episode/length,1000.0
13107200,2641.243,episode/reward/ctrl,-0.21842047542333604
13107200,2641.243,episode/reward/forward,344.75294006347656
13107200,2641.243,episode/reward/joint,-0.04208773260936141
13107200,2641.243,episode/reward/orient,-71.2789295616746
13107200,2641.243,episode/reward/total,273.2135375976562
13107200,2641.243,episode/state/forward_vel,-0.0392814065515995
13107200,2641.243,episode/state/up_z,916.4237770080566
13107200,2641.243,episode/sum_reward,273.2135375976562
13107200,2641.243,episode/entropy_loss,-0.11550947599112987
13107200,2641.243,episode/kl_mean,0.001234315313049592
13107200,2641.243,episode/learning_rate,0.0003000000142492354
13107200,2641.243,episode/policy_dist_max_loc,0.5112748041749
13107200,2641.243,episode/policy_dist_max_std,1.2692989528179168
13107200,2641.243,episode/policy_dist_mean_loc,-0.047401847466826436
13107200,2641.243,episode/policy_dist_mean_std,0.6996291440725326
13107200,2641.243,episode/policy_dist_min_loc,-0.9133105236291885
13107200,2641.243,episode/policy_dist_min_std,0.35774416863918307
13107200,2641.243,episode/policy_loss,-0.0005888337777287234
13107200,2641.243,episode/total_loss,19.24060139656067
13107200,2641.243,episode/v_loss,19.35669976234436
13107200,2673.426,eval/walltime,858.4134485721588
13107200,2673.426,training/sps,7383.63188661612
13107200,2673.426,training/walltime,1802.978875875473
13107200,2673.426,training/entropy_loss,-0.11567293852567673
13107200,2673.426,training/kl_mean,0.0011539706028997898
13107200,2673.426,training/learning_rate,0.0003000000142492354
13107200,2673.426,training/policy_dist_max_loc,0.4812965393066406
13107200,2673.426,training/policy_dist_max_std,1.261283278465271
13107200,2673.426,training/policy_dist_mean_loc,-0.04857831448316574
13107200,2673.426,training/policy_dist_mean_std,0.7011672258377075
13107200,2673.426,training/policy_dist_min_loc,-0.8604856729507446
13107200,2673.426,training/policy_dist_min_std,0.3666720390319824
13107200,2673.426,training/policy_loss,-0.0005394379841163754
13107200,2673.426,training/total_loss,13.861326217651367
13107200,2673.426,training/v_loss,13.977538108825684
13107200,2673.426,eval/episode_reward,278.0904235839844
13107200,2673.426,eval/episode_reward/ctrl,-0.21975861489772797
13107200,2673.426,eval/episode_reward/forward,339.7248229980469
13107200,2673.426,eval/episode_reward/joint,-0.04195646196603775
13107200,2673.426,eval/episode_reward/orient,-61.37266159057617
13107200,2673.426,eval/episode_reward/total,278.0904235839844
13107200,2673.426,eval/episode_state/forward_vel,-3.2749123573303223
13107200,2673.426,eval/episode_state/up_z,928.1328735351562
13107200,2673.426,eval/episode_reward_std,320.8675842285156
13107200,2673.426,eval/episode_reward/ctrl_std,0.0018365194555372
13107200,2673.426,eval/episode_reward/forward_std,17.334638595581055
13107200,2673.426,eval/episode_reward/joint_std,0.006430666893720627
13107200,2673.426,eval/episode_reward/orient_std,313.60467529296875
13107200,2673.426,eval/episode_reward/total_std,320.8675842285156
13107200,2673.426,eval/episode_state/forward_vel_std,10.445996284484863
13107200,2673.426,eval/episode_state/up_z_std,167.70468139648438
13107200,2673.426,eval/avg_episode_length,1000.0
13107200,2673.426,eval/std_episode_length,0.0
13107200,2673.426,eval/epoch_eval_time,32.159178733825684
13107200,2673.426,eval/sps,995.0502861051531
13631488,2743.963,episode/sps,5104.070218845617
13631488,2743.963,episode/length,1000.0
13631488,2743.963,episode/reward/ctrl,-0.21909544453024865
13631488,2743.963,episode/reward/forward,350.09141845703124
13631488,2743.963,episode/reward/joint,-0.042408126313239335
13631488,2743.963,episode/reward/orient,-104.99682390213013
13631488,2743.963,episode/reward/total,244.83305603027344
13631488,2743.963,episode/state/forward_vel,3.339197397530079
13631488,2743.963,episode/state/up_z,892.7986785125732
13631488,2743.963,episode/sum_reward,244.83305603027344
13631488,2743.963,episode/entropy_loss,-0.11566045768558979
13631488,2743.963,episode/kl_mean,0.0012135469069471582
13631488,2743.963,episode/learning_rate,0.0003000000142492354
13631488,2743.963,episode/policy_dist_max_loc,0.47456355273723605
13631488,2743.963,episode/policy_dist_max_std,1.2533497607707977
13631488,2743.963,episode/policy_dist_mean_loc,-0.04825992498546839
13631488,2743.963,episode/policy_dist_mean_std,0.7011584526300431
13631488,2743.963,episode/policy_dist_min_loc,-0.8713671660423279
13631488,2743.963,episode/policy_dist_min_std,0.36508181363344194
13631488,2743.963,episode/policy_loss,-0.0005669667274923996
13631488,2743.963,episode/total_loss,16.34422290802002
13631488,2743.963,episode/v_loss,16.46045036315918
13631488,2776.854,eval/walltime,891.2758848667145
13631488,2776.854,training/sps,7432.0768021815775
13631488,2776.854,training/walltime,1873.5228185653687
13631488,2776.854,training/entropy_loss,-0.1158115565776825
13631488,2776.854,training/kl_mean,0.0012182591017335653
13631488,2776.854,training/learning_rate,0.0003000000142492354
13631488,2776.854,training/policy_dist_max_loc,0.4302769899368286
13631488,2776.854,training/policy_dist_max_std,1.245168685913086
13631488,2776.854,training/policy_dist_mean_loc,-0.0487329326570034
13631488,2776.854,training/policy_dist_mean_std,0.7029074430465698
13631488,2776.854,training/policy_dist_min_loc,-0.8300591111183167
13631488,2776.854,training/policy_dist_min_std,0.3756391406059265
13631488,2776.854,training/policy_loss,-0.0006140748737379909
13631488,2776.854,training/total_loss,15.052085876464844
13631488,2776.854,training/v_loss,15.168510437011719
13631488,2776.854,eval/episode_reward,314.54693603515625
13631488,2776.854,eval/episode_reward/ctrl,-0.22020593285560608
13631488,2776.854,eval/episode_reward/forward,346.5283203125
13631488,2776.854,eval/episode_reward/joint,-0.044183939695358276
13631488,2776.854,eval/episode_reward/orient,-31.716957092285156
13631488,2776.854,eval/episode_reward/total,314.54693603515625
13631488,2776.854,eval/episode_state/forward_vel,2.0086076259613037
13631488,2776.854,eval/episode_state/up_z,936.3572998046875
13631488,2776.854,eval/episode_reward_std,140.2064208984375
13631488,2776.854,eval/episode_reward/ctrl_std,0.001737346057780087
13631488,2776.854,eval/episode_reward/forward_std,22.32960319519043
13631488,2776.854,eval/episode_reward/joint_std,0.006286207120865583
13631488,2776.854,eval/episode_reward/orient_std,129.61349487304688
13631488,2776.854,eval/episode_reward/total_std,140.2064208984375
13631488,2776.854,eval/episode_state/forward_vel_std,14.66319751739502
13631488,2776.854,eval/episode_state/up_z_std,89.83426666259766
13631488,2776.854,eval/avg_episode_length,1000.0
13631488,2776.854,eval/std_episode_length,0.0
13631488,2776.854,eval/epoch_eval_time,32.862436294555664
13631488,2776.854,eval/sps,973.756166864033
14155776,2847.854,episode/sps,5046.5201282729095
14155776,2847.854,episode/length,1000.0
14155776,2847.854,episode/reward/ctrl,-0.21968522921204567
14155776,2847.854,episode/reward/forward,343.26409790039065
14155776,2847.854,episode/reward/joint,-0.043051062375307085
14155776,2847.854,episode/reward/orient,-88.58657784610986
14155776,2847.854,episode/reward/total,254.41472747802734
14155776,2847.854,episode/state/forward_vel,-0.8519653051719069
14155776,2847.854,episode/state/up_z,915.715399017334
14155776,2847.854,episode/sum_reward,254.41472747802734
14155776,2847.854,episode/entropy_loss,-0.1157832170277834
14155776,2847.854,episode/kl_mean,0.0011535877190181054
14155776,2847.854,episode/learning_rate,0.0003000000142492354
14155776,2847.854,episode/policy_dist_max_loc,0.4577028876543045
14155776,2847.854,episode/policy_dist_max_std,1.2641872668266296
14155776,2847.854,episode/policy_dist_mean_loc,-0.049314166121184826
14155776,2847.854,episode/policy_dist_mean_std,0.7027751874923706
14155776,2847.854,episode/policy_dist_min_loc,-0.8692733567953109
14155776,2847.854,episode/policy_dist_min_std,0.3693232309818268
14155776,2847.854,episode/policy_loss,-0.0005830433015944436
14155776,2847.854,episode/total_loss,15.848663892745972
14155776,2847.854,episode/v_loss,15.965030145645141
14155776,2880.814,eval/walltime,924.2131986618042
14155776,2880.814,training/sps,7383.699717946325
14155776,2880.814,training/walltime,1944.528956413269
14155776,2880.814,training/entropy_loss,-0.11588972061872482
14155776,2880.814,training/kl_mean,0.001015816698782146
14155776,2880.814,training/learning_rate,0.0003000000142492354
14155776,2880.814,training/policy_dist_max_loc,0.45565879344940186
14155776,2880.814,training/policy_dist_max_std,1.2881602048873901
14155776,2880.814,training/policy_dist_mean_loc,-0.050778746604919434
14155776,2880.814,training/policy_dist_mean_std,0.7045663595199585
14155776,2880.814,training/policy_dist_min_loc,-0.9145578145980835
14155776,2880.814,training/policy_dist_min_std,0.36884239315986633
14155776,2880.814,training/policy_loss,-0.0005415386403910816
14155776,2880.814,training/total_loss,18.047874450683594
14155776,2880.814,training/v_loss,18.164304733276367
14155776,2880.814,eval/episode_reward,196.5765380859375
14155776,2880.814,eval/episode_reward/ctrl,-0.2202608585357666
14155776,2880.814,eval/episode_reward/forward,345.9392395019531
14155776,2880.814,eval/episode_reward/joint,-0.042706605046987534
14155776,2880.814,eval/episode_reward/orient,-149.09983825683594
14155776,2880.814,eval/episode_reward/total,196.5765380859375
14155776,2880.814,eval/episode_state/forward_vel,1.688718557357788
14155776,2880.814,eval/episode_state/up_z,890.816650390625
14155776,2880.814,eval/episode_reward_std,626.7344360351562
14155776,2880.814,eval/episode_reward/ctrl_std,0.0016065184026956558
14155776,2880.814,eval/episode_reward/forward_std,23.598711013793945
14155776,2880.814,eval/episode_reward/joint_std,0.00723087415099144
14155776,2880.814,eval/episode_reward/orient_std,621.6605834960938
14155776,2880.814,eval/episode_reward/total_std,626.7344360351562
14155776,2880.814,eval/episode_state/forward_vel_std,14.901044845581055
14155776,2880.814,eval/episode_state/up_z_std,326.24749755859375
14155776,2880.814,eval/avg_episode_length,1000.0
14155776,2880.814,eval/std_episode_length,0.0
14155776,2880.814,eval/epoch_eval_time,32.93731379508972
14155776,2880.814,eval/sps,971.5424942992936
14680064,2951.828,episode/sps,5042.4638966739585
14680064,2951.828,episode/length,1000.0
14680064,2951.828,episode/reward/ctrl,-0.22001990258693696
14680064,2951.828,episode/reward/forward,345.1778894042969
14680064,2951.828,episode/reward/joint,-0.04254580775275826
14680064,2951.828,episode/reward/orient,-106.5795299770683
14680064,2951.828,episode/reward/total,238.33568817138672
14680064,2951.828,episode/state/forward_vel,0.7826008901000023
14680064,2951.828,episode/state/up_z,904.7271577262878
14680064,2951.828,episode/sum_reward,238.33568817138672
14680064,2951.828,episode/entropy_loss,-0.11583170697093009
14680064,2951.828,episode/kl_mean,0.0009669671906158328
14680064,2951.828,episode/learning_rate,0.0003000000142492354
14680064,2951.828,episode/policy_dist_max_loc,0.4482011780142784
14680064,2951.828,episode/policy_dist_max_std,1.274866716861725
14680064,2951.828,episode/policy_dist_mean_loc,-0.051413808465003964
14680064,2951.828,episode/policy_dist_mean_std,0.7041223984956742
14680064,2951.828,episode/policy_dist_min_loc,-0.8820627850294113
14680064,2951.828,episode/policy_dist_min_std,0.3683101737499237
14680064,2951.828,episode/policy_loss,-0.0005384974762273487
14680064,2951.828,episode/total_loss,17.820634756088257
14680064,2951.828,episode/v_loss,17.93700487136841
14680064,2985.260,eval/walltime,957.6211748123169
14680064,2985.260,training/sps,7382.156789114673
14680064,2985.260,training/walltime,2015.5499351024628
14680064,2985.260,training/entropy_loss,-0.1158064752817154
14680064,2985.260,training/kl_mean,0.0005301738856360316
14680064,2985.260,training/learning_rate,0.0003000000142492354
14680064,2985.260,training/policy_dist_max_loc,0.4621238112449646
14680064,2985.260,training/policy_dist_max_std,1.2933964729309082
14680064,2985.260,training/policy_dist_mean_loc,-0.05510251596570015
14680064,2985.260,training/policy_dist_mean_std,0.705187976360321
14680064,2985.260,training/policy_dist_min_loc,-0.9036118388175964
14680064,2985.260,training/policy_dist_min_std,0.3611469864845276
14680064,2985.260,training/policy_loss,-0.00036113878013566136
14680064,2985.260,training/total_loss,20.88385009765625
14680064,2985.260,training/v_loss,21.000019073486328
14680064,2985.260,eval/episode_reward,343.3074645996094
14680064,2985.260,eval/episode_reward/ctrl,-0.22086462378501892
14680064,2985.260,eval/episode_reward/forward,346.5740966796875
14680064,2985.260,eval/episode_reward/joint,-0.041910067200660706
14680064,2985.260,eval/episode_reward/orient,-3.0038304328918457
14680064,2985.260,eval/episode_reward/total,343.3074645996094
14680064,2985.260,eval/episode_state/forward_vel,1.9797828197479248
14680064,2985.260,eval/episode_state/up_z,966.3856201171875
14680064,2985.260,eval/episode_reward_std,14.376399993896484
14680064,2985.260,eval/episode_reward/ctrl_std,0.0018135231221094728
14680064,2985.260,eval/episode_reward/forward_std,15.35347843170166
14680064,2985.260,eval/episode_reward/joint_std,0.0063425153493881226
14680064,2985.260,eval/episode_reward/orient_std,2.4936273097991943
14680064,2985.260,eval/episode_reward/total_std,14.376399993896484
14680064,2985.260,eval/episode_state/forward_vel_std,9.676192283630371
14680064,2985.260,eval/episode_state/up_z_std,16.574798583984375
14680064,2985.260,eval/avg_episode_length,1000.0
14680064,2985.260,eval/std_episode_length,0.0
14680064,2985.260,eval/epoch_eval_time,33.407976150512695
14680064,2985.260,eval/sps,957.8550899291429
15204352,3057.285,episode/sps,4971.594286709413
15204352,3057.285,episode/length,1000.0
15204352,3057.285,episode/reward/ctrl,-0.2207638581097126
15204352,3057.285,episode/reward/forward,348.6487158203125
15204352,3057.285,episode/reward/joint,-0.043194547016173604
15204352,3057.285,episode/reward/orient,-98.06348546266555
15204352,3057.285,episode/reward/total,250.32117156982423
15204352,3057.285,episode/state/forward_vel,2.8096040089428427
15204352,3057.285,episode/state/up_z,916.3155833435059
15204352,3057.285,episode/sum_reward,250.32117156982423
15204352,3057.285,episode/entropy_loss,-0.11580331645905971
15204352,3057.285,episode/kl_mean,0.0007610865859896876
15204352,3057.285,episode/learning_rate,0.0003000000142492354
15204352,3057.285,episode/policy_dist_max_loc,0.4557452508807182
15204352,3057.285,episode/policy_dist_max_std,1.2855483412742614
15204352,3057.285,episode/policy_dist_mean_loc,-0.054573280923068526
15204352,3057.285,episode/policy_dist_mean_std,0.7048554700613022
15204352,3057.285,episode/policy_dist_min_loc,-0.9154104369878769
15204352,3057.285,episode/policy_dist_min_std,0.36280974924564363
15204352,3057.285,episode/policy_loss,-0.00047876818658551204
15204352,3057.285,episode/total_loss,20.36592661857605
15204352,3057.285,episode/v_loss,20.48220866203308
15204352,3091.137,eval/walltime,991.44824385643
15204352,3091.137,training/sps,7278.5264330975715
15204352,3091.137,training/walltime,2087.5820977687836
15204352,3091.137,training/entropy_loss,-0.11571358889341354
15204352,3091.137,training/kl_mean,0.0005541093414649367
15204352,3091.137,training/learning_rate,0.0003000000142492354
15204352,3091.137,training/policy_dist_max_loc,0.45180511474609375
15204352,3091.137,training/policy_dist_max_std,1.2763781547546387
15204352,3091.137,training/policy_dist_mean_loc,-0.058509957045316696
15204352,3091.137,training/policy_dist_mean_std,0.7049552202224731
15204352,3091.137,training/policy_dist_min_loc,-0.938602089881897
15204352,3091.137,training/policy_dist_min_std,0.35699403285980225
15204352,3091.137,training/policy_loss,-0.000456797715742141
15204352,3091.137,training/total_loss,22.809513092041016
15204352,3091.137,training/v_loss,22.925682067871094
15204352,3091.137,eval/episode_reward,301.55889892578125
15204352,3091.137,eval/episode_reward/ctrl,-0.22053900361061096
15204352,3091.137,eval/episode_reward/forward,347.5948181152344
15204352,3091.137,eval/episode_reward/joint,-0.044107649475336075
15204352,3091.137,eval/episode_reward/orient,-45.77117156982422
15204352,3091.137,eval/episode_reward/total,301.55889892578125
15204352,3091.137,eval/episode_state/forward_vel,1.8915941715240479
15204352,3091.137,eval/episode_state/up_z,949.9208984375
15204352,3091.137,eval/episode_reward_std,243.0865936279297
15204352,3091.137,eval/episode_reward/ctrl_std,0.002437268616631627
15204352,3091.137,eval/episode_reward/forward_std,18.864093780517578
15204352,3091.137,eval/episode_reward/joint_std,0.007857110351324081
15204352,3091.137,eval/episode_reward/orient_std,238.79397583007812
15204352,3091.137,eval/episode_reward/total_std,243.0865936279297
15204352,3091.137,eval/episode_state/forward_vel_std,11.488409042358398
15204352,3091.137,eval/episode_state/up_z_std,128.4397735595703
15204352,3091.137,eval/avg_episode_length,1000.0
15204352,3091.137,eval/std_episode_length,0.0
15204352,3091.137,eval/epoch_eval_time,33.82706904411316
15204352,3091.137,eval/sps,945.9879588819676
15728640,3162.804,episode/sps,4968.644008606811
15728640,3162.804,episode/length,1000.0
15728640,3162.804,episode/reward/ctrl,-0.22017558857798578
15728640,3162.804,episode/reward/forward,348.03463073730467
15728640,3162.804,episode/reward/joint,-0.043301807325333355
15728640,3162.804,episode/reward/orient,-105.17242890879511
15728640,3162.804,episode/reward/total,242.5986489868164
15728640,3162.804,episode/state/forward_vel,2.591930469572544
15728640,3162.804,episode/state/up_z,914.7712857055664
15728640,3162.804,episode/sum_reward,242.5986489868164
15728640,3162.804,episode/entropy_loss,-0.11574412062764168
15728640,3162.804,episode/kl_mean,0.0007760484764003195
15728640,3162.804,episode/learning_rate,0.0003000000142492354
15728640,3162.804,episode/policy_dist_max_loc,0.4700692963600159
15728640,3162.804,episode/policy_dist_max_std,1.289304519891739
15728640,3162.804,episode/policy_dist_mean_loc,-0.05829643659293651
15728640,3162.804,episode/policy_dist_mean_std,0.7052632206678391
15728640,3162.804,episode/policy_dist_min_loc,-0.9171171033382416
15728640,3162.804,episode/policy_dist_min_std,0.36040339261293414
15728640,3162.804,episode/policy_loss,-0.0004967245891748462
15728640,3162.804,episode/total_loss,19.776406478881835
15728640,3162.804,episode/v_loss,19.892647275924684
15728640,3190.116,eval/walltime,1018.7368273735046
15728640,3190.116,training/sps,7314.915308353817
15728640,3190.116,training/walltime,2159.2559282779694
15728640,3190.116,training/entropy_loss,-0.11570091545581818
15728640,3190.116,training/kl_mean,0.0010867597302421927
15728640,3190.116,training/learning_rate,0.0003000000142492354
15728640,3190.116,training/policy_dist_max_loc,0.49825575947761536
15728640,3190.116,training/policy_dist_max_std,1.3017457723617554
15728640,3190.116,training/policy_dist_mean_loc,-0.06205916404724121
15728640,3190.116,training/policy_dist_mean_std,0.7056418657302856
15728640,3190.116,training/policy_dist_min_loc,-0.9153125286102295
15728640,3190.116,training/policy_dist_min_std,0.3613673448562622
15728640,3190.116,training/policy_loss,-0.0005974716623313725
15728640,3190.116,training/total_loss,15.665200233459473
15728640,3190.116,training/v_loss,15.781497955322266
15728640,3190.116,eval/episode_reward,347.617919921875
15728640,3190.116,eval/episode_reward/ctrl,-0.22180992364883423
15728640,3190.116,eval/episode_reward/forward,350.280029296875
15728640,3190.116,eval/episode_reward/joint,-0.048119787126779556
15728640,3190.116,eval/episode_reward/orient,-2.3922104835510254
15728640,3190.116,eval/episode_reward/total,347.617919921875
15728640,3190.116,eval/episode_state/forward_vel,3.758624315261841
15728640,3190.116,eval/episode_state/up_z,973.5904541015625
15728640,3190.116,eval/episode_reward_std,21.668527603149414
15728640,3190.116,eval/episode_reward/ctrl_std,0.0025382735766470432
15728640,3190.116,eval/episode_reward/forward_std,21.218358993530273
15728640,3190.116,eval/episode_reward/joint_std,0.0066458312794566154
15728640,3190.116,eval/episode_reward/orient_std,2.0054776668548584
15728640,3190.116,eval/episode_reward/total_std,21.668527603149414
15728640,3190.116,eval/episode_state/forward_vel_std,13.227181434631348
15728640,3190.116,eval/episode_state/up_z_std,12.217439651489258
15728640,3190.116,eval/avg_episode_length,1000.0
15728640,3190.116,eval/std_episode_length,0.0
15728640,3190.116,eval/epoch_eval_time,27.288583517074585
15728640,3190.116,eval/sps,1172.6515588461182
16252928,3255.088,episode/sps,5681.277588559847
16252928,3255.088,episode/length,1000.0
16252928,3255.088,episode/reward/ctrl,-0.22152651146054267
16252928,3255.088,episode/reward/forward,346.1067776489258
16252928,3255.088,episode/reward/joint,-0.04624946903437376
16252928,3255.088,episode/reward/orient,-20.66327101185918
16252928,3255.088,episode/reward/total,325.17571228027344
16252928,3255.088,episode/state/forward_vel,1.5611847043782472
16252928,3255.088,episode/state/up_z,958.5205091857911
16252928,3255.088,episode/sum_reward,325.17571228027344
16252928,3255.088,episode/entropy_loss,-0.11565723262727261
16252928,3255.088,episode/kl_mean,0.0010710740403737872
16252928,3255.088,episode/learning_rate,0.0003000000142492354
16252928,3255.088,episode/policy_dist_max_loc,0.48255837738513946
16252928,3255.088,episode/policy_dist_max_std,1.2812844073772431
16252928,3255.088,episode/policy_dist_mean_loc,-0.06378687899559736
16252928,3255.088,episode/policy_dist_mean_std,0.7056786358356476
16252928,3255.088,episode/policy_dist_min_loc,-0.9068880987167358
16252928,3255.088,episode/policy_dist_min_std,0.36449375420808794
16252928,3255.088,episode/policy_loss,-0.0006865035941882525
16252928,3255.088,episode/total_loss,17.85805040359497
16252928,3255.088,episode/v_loss,17.97439414024353
16252928,3286.071,eval/walltime,1049.6963703632355
16252928,3286.071,training/sps,8068.652993253859
16252928,3286.071,training/walltime,2224.234308242798
16252928,3286.071,training/entropy_loss,-0.1155419796705246
16252928,3286.071,training/kl_mean,0.0016045286320149899
16252928,3286.071,training/learning_rate,0.0003000000142492354
16252928,3286.071,training/policy_dist_max_loc,0.5016680955886841
16252928,3286.071,training/policy_dist_max_std,1.269241452217102
16252928,3286.071,training/policy_dist_mean_loc,-0.07166852056980133
16252928,3286.071,training/policy_dist_mean_std,0.7064751386642456
16252928,3286.071,training/policy_dist_min_loc,-0.8671729564666748
16252928,3286.071,training/policy_dist_min_std,0.37306174635887146
16252928,3286.071,training/policy_loss,-0.0009942471515387297
16252928,3286.071,training/total_loss,14.696374893188477
16252928,3286.071,training/v_loss,14.812911033630371
16252928,3286.071,eval/episode_reward,231.87176513671875
16252928,3286.071,eval/episode_reward/ctrl,-0.2214794158935547
16252928,3286.071,eval/episode_reward/forward,348.0731201171875
16252928,3286.071,eval/episode_reward/joint,-0.05305537208914757
16252928,3286.071,eval/episode_reward/orient,-115.92682647705078
16252928,3286.071,eval/episode_reward/total,231.87176513671875
16252928,3286.071,eval/episode_state/forward_vel,2.8379836082458496
16252928,3286.071,eval/episode_state/up_z,922.0643310546875
16252928,3286.071,eval/episode_reward_std,645.984375
16252928,3286.071,eval/episode_reward/ctrl_std,0.0023787629324942827
16252928,3286.071,eval/episode_reward/forward_std,22.332517623901367
16252928,3286.071,eval/episode_reward/joint_std,0.008472919464111328
16252928,3286.071,eval/episode_reward/orient_std,633.264404296875
16252928,3286.071,eval/episode_reward/total_std,645.984375
16252928,3286.071,eval/episode_state/forward_vel_std,13.216997146606445
16252928,3286.071,eval/episode_state/up_z_std,321.1749572753906
16252928,3286.071,eval/avg_episode_length,1000.0
16252928,3286.071,eval/std_episode_length,0.0
16252928,3286.071,eval/epoch_eval_time,30.959542989730835
16252928,3286.071,eval/sps,1033.6069886630523
16777216,3353.001,episode/sps,5354.613139580101
16777216,3353.001,episode/length,1000.0
16777216,3353.001,episode/reward/ctrl,-0.22207346677780151
16777216,3353.001,episode/reward/forward,347.12211059570313
16777216,3353.001,episode/reward/joint,-0.050607158429920675
16777216,3353.001,episode/reward/orient,-74.52789540737868
16777216,3353.001,episode/reward/total,272.3214697265625
16777216,3353.001,episode/state/forward_vel,2.0856033724546434
16777216,3353.001,episode/state/up_z,936.8655714416504
16777216,3353.001,episode/sum_reward,272.3214697265625
16777216,3353.001,episode/entropy_loss,-0.11556745767593384
16777216,3353.001,episode/kl_mean,0.0013181610833271407
16777216,3353.001,episode/learning_rate,0.0003000000142492354
16777216,3353.001,episode/policy_dist_max_loc,0.5037029886245727
16777216,3353.001,episode/policy_dist_max_std,1.265291053056717
16777216,3353.001,episode/policy_dist_mean_loc,-0.06898325629532337
16777216,3353.001,episode/policy_dist_mean_std,0.7060868728160858
16777216,3353.001,episode/policy_dist_min_loc,-0.8844909292459487
16777216,3353.001,episode/policy_dist_min_std,0.37060399502515795
16777216,3353.001,episode/policy_loss,-0.0007950973360857461
16777216,3353.001,episode/total_loss,14.733319745063781
16777216,3353.001,episode/v_loss,14.84968225479126
16777216,3383.106,eval/walltime,1079.7800323963165
16777216,3383.106,training/sps,7832.499685713143
16777216,3383.106,training/walltime,2291.171814918518
16777216,3383.106,training/entropy_loss,-0.11545462161302567
16777216,3383.106,training/kl_mean,0.001287170685827732
16777216,3383.106,training/learning_rate,0.0003000000142492354
16777216,3383.106,training/policy_dist_max_loc,0.5171928405761719
16777216,3383.106,training/policy_dist_max_std,1.2192864418029785
16777216,3383.106,training/policy_dist_mean_loc,-0.07412993907928467
16777216,3383.106,training/policy_dist_mean_std,0.7062681913375854
16777216,3383.106,training/policy_dist_min_loc,-0.8610328435897827
16777216,3383.106,training/policy_dist_min_std,0.3800349831581116
16777216,3383.106,training/policy_loss,-0.0007347041391767561
16777216,3383.106,training/total_loss,12.883727073669434
16777216,3383.106,training/v_loss,12.999916076660156
16777216,3383.106,eval/episode_reward,344.1814880371094
16777216,3383.106,eval/episode_reward/ctrl,-0.22127321362495422
16777216,3383.106,eval/episode_reward/forward,346.8974914550781
16777216,3383.106,eval/episode_reward/joint,-0.05082951858639717
16777216,3383.106,eval/episode_reward/orient,-2.443958282470703
16777216,3383.106,eval/episode_reward/total,344.1814880371094
16777216,3383.106,eval/episode_state/forward_vel,1.3845655918121338
16777216,3383.106,eval/episode_state/up_z,974.93701171875
16777216,3383.106,eval/episode_reward_std,20.8924617767334
16777216,3383.106,eval/episode_reward/ctrl_std,0.002156318398192525
16777216,3383.106,eval/episode_reward/forward_std,20.386022567749023
16777216,3383.106,eval/episode_reward/joint_std,0.007802431937307119
16777216,3383.106,eval/episode_reward/orient_std,2.852576732635498
16777216,3383.106,eval/episode_reward/total_std,20.8924617767334
16777216,3383.106,eval/episode_state/forward_vel_std,12.34023666381836
16777216,3383.106,eval/episode_state/up_z_std,14.633713722229004
16777216,3383.106,eval/avg_episode_length,1000.0
16777216,3383.106,eval/std_episode_length,0.0
16777216,3383.106,eval/epoch_eval_time,30.083662033081055
16777216,3383.106,eval/sps,1063.7002890409974
17301504,3449.693,episode/sps,5422.239811321106
17301504,3449.693,episode/length,1000.0
17301504,3449.693,episode/reward/ctrl,-0.2213497678935528
17301504,3449.693,episode/reward/forward,348.42208221435544
17301504,3449.693,episode/reward/joint,-0.05126903688535094
17301504,3449.693,episode/reward/orient,-65.96283082306385
17301504,3449.693,episode/reward/total,282.18666763305663
17301504,3449.693,episode/state/forward_vel,3.173740243315697
17301504,3449.693,episode/state/up_z,943.3334269714355
17301504,3449.693,episode/sum_reward,282.18666763305663
17301504,3449.693,episode/entropy_loss,-0.11554066486656665
17301504,3449.693,episode/kl_mean,0.0014004446048056706
17301504,3449.693,episode/learning_rate,0.0003000000142492354
17301504,3449.693,episode/policy_dist_max_loc,0.5332987815141678
17301504,3449.693,episode/policy_dist_max_std,1.2725131976604462
17301504,3449.693,episode/policy_dist_mean_loc,-0.07205898240208626
17301504,3449.693,episode/policy_dist_mean_std,0.7067150157690049
17301504,3449.693,episode/policy_dist_min_loc,-0.8622707158327103
17301504,3449.693,episode/policy_dist_min_std,0.3712607130408287
17301504,3449.693,episode/policy_loss,-0.0007034156355075538
17301504,3449.693,episode/total_loss,14.411984786987304
17301504,3449.693,episode/v_loss,14.528228807449342
17301504,3479.918,eval/walltime,1109.9787979125977
17301504,3479.918,training/sps,7872.928876118386
17301504,3479.918,training/walltime,2357.76558303833
17301504,3479.918,training/entropy_loss,-0.1156022846698761
17301504,3479.918,training/kl_mean,0.0011744870571419597
17301504,3479.918,training/learning_rate,0.0003000000142492354
17301504,3479.918,training/policy_dist_max_loc,0.5829856991767883
17301504,3479.918,training/policy_dist_max_std,1.3228142261505127
17301504,3479.918,training/policy_dist_mean_loc,-0.07134547084569931
17301504,3479.918,training/policy_dist_mean_std,0.7074596881866455
17301504,3479.918,training/policy_dist_min_loc,-0.8560866117477417
17301504,3479.918,training/policy_dist_min_std,0.36162593960762024
17301504,3479.918,training/policy_loss,-0.00032212515361607075
17301504,3479.918,training/total_loss,15.055418968200684
17301504,3479.918,training/v_loss,15.171342849731445
17301504,3479.918,eval/episode_reward,150.28375244140625
17301504,3479.918,eval/episode_reward/ctrl,-0.22383545339107513
17301504,3479.918,eval/episode_reward/forward,349.76080322265625
17301504,3479.918,eval/episode_reward/joint,-0.05586643144488335
17301504,3479.918,eval/episode_reward/orient,-199.1973876953125
17301504,3479.918,eval/episode_reward/total,150.28375244140625
17301504,3479.918,eval/episode_state/forward_vel,3.0734519958496094
17301504,3479.918,eval/episode_state/up_z,878.5375366210938
17301504,3479.918,eval/episode_reward_std,772.77880859375
17301504,3479.918,eval/episode_reward/ctrl_std,0.002798184985294938
17301504,3479.918,eval/episode_reward/forward_std,18.75717544555664
17301504,3479.918,eval/episode_reward/joint_std,0.008818225003778934
17301504,3479.918,eval/episode_reward/orient_std,774.9297485351562
17301504,3479.918,eval/episode_reward/total_std,772.77880859375
17301504,3479.918,eval/episode_state/forward_vel_std,12.123560905456543
17301504,3479.918,eval/episode_state/up_z_std,392.42266845703125
17301504,3479.918,eval/avg_episode_length,1000.0
17301504,3479.918,eval/std_episode_length,0.0
17301504,3479.918,eval/epoch_eval_time,30.198765516281128
17301504,3479.918,eval/sps,1059.64596409571
17825792,3547.520,episode/sps,5359.340152850257
17825792,3547.520,episode/length,1000.0
17825792,3547.520,episode/reward/ctrl,-0.22174930199980736
17825792,3547.520,episode/reward/forward,351.24388610839844
17825792,3547.520,episode/reward/joint,-0.051123919039964674
17825792,3547.520,episode/reward/orient,-71.24236520081759
17825792,3547.520,episode/reward/total,279.7286428833008
17825792,3547.520,episode/state/forward_vel,4.527321816980839
17825792,3547.520,episode/state/up_z,940.6780197143555
17825792,3547.520,episode/sum_reward,279.7286428833008
17825792,3547.520,episode/entropy_loss,-0.11552785500884057
17825792,3547.520,episode/kl_mean,0.0012584413349395619
17825792,3547.520,episode/learning_rate,0.0003000000142492354
17825792,3547.520,episode/policy_dist_max_loc,0.556333364546299
17825792,3547.520,episode/policy_dist_max_std,1.2634082818031311
17825792,3547.520,episode/policy_dist_mean_loc,-0.0744901604950428
17825792,3547.520,episode/policy_dist_mean_std,0.7078742998838424
17825792,3547.520,episode/policy_dist_min_loc,-0.87099276304245
17825792,3547.520,episode/policy_dist_min_std,0.37358999371528623
17825792,3547.520,episode/policy_loss,-0.0006148064247099682
17825792,3547.520,episode/total_loss,13.638498640060424
17825792,3547.520,episode/v_loss,13.754641246795654
17825792,3578.691,eval/walltime,1141.1263766288757
17825792,3578.691,training/sps,7754.571663262496
17825792,3578.691,training/walltime,2425.3757648468018
17825792,3578.691,training/entropy_loss,-0.11552391946315765
17825792,3578.691,training/kl_mean,0.0010412067640572786
17825792,3578.691,training/learning_rate,0.0003000000142492354
17825792,3578.691,training/policy_dist_max_loc,0.5726197957992554
17825792,3578.691,training/policy_dist_max_std,1.250236988067627
17825792,3578.691,training/policy_dist_mean_loc,-0.0779101550579071
17825792,3578.691,training/policy_dist_mean_std,0.7100523710250854
17825792,3578.691,training/policy_dist_min_loc,-0.8868141174316406
17825792,3578.691,training/policy_dist_min_std,0.38065826892852783
17825792,3578.691,training/policy_loss,-0.0006199717172421515
17825792,3578.691,training/total_loss,12.665721893310547
17825792,3578.691,training/v_loss,12.781866073608398
17825792,3578.691,eval/episode_reward,192.00506591796875
17825792,3578.691,eval/episode_reward/ctrl,-0.22422713041305542
17825792,3578.691,eval/episode_reward/forward,348.4717712402344
17825792,3578.691,eval/episode_reward/joint,-0.057251960039138794
17825792,3578.691,eval/episode_reward/orient,-156.18515014648438
17825792,3578.691,eval/episode_reward/total,192.00506591796875
17825792,3578.691,eval/episode_state/forward_vel,2.932203769683838
17825792,3578.691,eval/episode_state/up_z,898.63037109375
17825792,3578.691,eval/episode_reward_std,666.5628662109375
17825792,3578.691,eval/episode_reward/ctrl_std,0.0022541319485753775
17825792,3578.691,eval/episode_reward/forward_std,21.769865036010742
17825792,3578.691,eval/episode_reward/joint_std,0.007290308363735676
17825792,3578.691,eval/episode_reward/orient_std,658.3112182617188
17825792,3578.691,eval/episode_reward/total_std,666.5628662109375
17825792,3578.691,eval/episode_state/forward_vel_std,13.31433391571045
17825792,3578.691,eval/episode_state/up_z_std,338.23236083984375
17825792,3578.691,eval/avg_episode_length,1000.0
17825792,3578.691,eval/std_episode_length,0.0
17825792,3578.691,eval/epoch_eval_time,31.147578716278076
17825792,3578.691,eval/sps,1027.3671764822104
18350080,3645.845,episode/sps,5332.172554990812
18350080,3645.845,episode/length,1000.0
18350080,3645.845,episode/reward/ctrl,-0.22324878856539726
18350080,3645.845,episode/reward/forward,349.1415826416016
18350080,3645.845,episode/reward/joint,-0.05647453047335148
18350080,3645.845,episode/reward/orient,-55.83726873509586
18350080,3645.845,episode/reward/total,293.0245806884766
18350080,3645.845,episode/state/forward_vel,3.4449605917185546
18350080,3645.845,episode/state/up_z,949.5111708068848
18350080,3645.845,episode/sum_reward,293.0245806884766
18350080,3645.845,episode/entropy_loss,-0.11557216763496399
18350080,3645.845,episode/kl_mean,0.0010859178376267664
18350080,3645.845,episode/learning_rate,0.0003000000142492354
18350080,3645.845,episode/policy_dist_max_loc,0.5709630686044693
18350080,3645.845,episode/policy_dist_max_std,1.2781547594070435
18350080,3645.845,episode/policy_dist_mean_loc,-0.07616305753588676
18350080,3645.845,episode/policy_dist_mean_std,0.7096171516180039
18350080,3645.845,episode/policy_dist_min_loc,-0.8904571264982224
18350080,3645.845,episode/policy_dist_min_std,0.36896295338869095
18350080,3645.845,episode/policy_loss,-0.0004805779272282962
18350080,3645.845,episode/total_loss,14.831437649726867
18350080,3645.845,episode/v_loss,14.94749032974243
18350080,3676.155,eval/walltime,1171.415804862976
18350080,3676.155,training/sps,7806.477792035622
18350080,3676.155,training/walltime,2492.536399126053
18350080,3676.155,training/entropy_loss,-0.11561457067728043
18350080,3676.155,training/kl_mean,0.000890839786734432
18350080,3676.155,training/learning_rate,0.0003000000142492354
18350080,3676.155,training/policy_dist_max_loc,0.5624441504478455
18350080,3676.155,training/policy_dist_max_std,1.269310474395752
18350080,3676.155,training/policy_dist_mean_loc,-0.07937921583652496
18350080,3676.155,training/policy_dist_mean_std,0.71169513463974
18350080,3676.155,training/policy_dist_min_loc,-0.9207406044006348
18350080,3676.155,training/policy_dist_min_std,0.3645375370979309
18350080,3676.155,training/policy_loss,-0.00038983175181783736
18350080,3676.155,training/total_loss,16.776866912841797
18350080,3676.155,training/v_loss,16.892871856689453
18350080,3676.155,eval/episode_reward,351.98492431640625
18350080,3676.155,eval/episode_reward/ctrl,-0.22477971017360687
18350080,3676.155,eval/episode_reward/forward,354.3231201171875
18350080,3676.155,eval/episode_reward/joint,-0.05853966623544693
18350080,3676.155,eval/episode_reward/orient,-2.0548574924468994
18350080,3676.155,eval/episode_reward/total,351.98492431640625
18350080,3676.155,eval/episode_state/forward_vel,6.38313102722168
18350080,3676.155,eval/episode_state/up_z,979.885009765625
18350080,3676.155,eval/episode_reward_std,19.881223678588867
18350080,3676.155,eval/episode_reward/ctrl_std,0.002524440409615636
18350080,3676.155,eval/episode_reward/forward_std,18.90871810913086
18350080,3676.155,eval/episode_reward/joint_std,0.010166402906179428
18350080,3676.155,eval/episode_reward/orient_std,3.5376570224761963
18350080,3676.155,eval/episode_reward/total_std,19.881223678588867
18350080,3676.155,eval/episode_state/forward_vel_std,12.430670738220215
18350080,3676.155,eval/episode_state/up_z_std,9.827407836914062
18350080,3676.155,eval/avg_episode_length,1000.0
18350080,3676.155,eval/std_episode_length,0.0
18350080,3676.155,eval/epoch_eval_time,30.289428234100342
18350080,3676.155,eval/sps,1056.4742177593787
18874368,3743.422,episode/sps,5373.076094916658
18874368,3743.422,episode/length,1000.0
18874368,3743.422,episode/reward/ctrl,-0.22415101632475853
18874368,3743.422,episode/reward/forward,348.82572570800784
18874368,3743.422,episode/reward/joint,-0.05675800148397684
18874368,3743.422,episode/reward/orient,-52.66202921383083
18874368,3743.422,episode/reward/total,295.8827392578125
18874368,3743.422,episode/state/forward_vel,2.7951377406716347
18874368,3743.422,episode/state/up_z,951.384478149414
18874368,3743.422,episode/sum_reward,295.8827392578125
18874368,3743.422,episode/entropy_loss,-0.11550677664577962
18874368,3743.422,episode/kl_mean,0.0015344066655961796
18874368,3743.422,episode/learning_rate,0.0003000000142492354
18874368,3743.422,episode/policy_dist_max_loc,0.5753561836481095
18874368,3743.422,episode/policy_dist_max_std,1.2590072393417358
18874368,3743.422,episode/policy_dist_mean_loc,-0.08140498444437981
18874368,3743.422,episode/policy_dist_mean_std,0.7115596199035644
18874368,3743.422,episode/policy_dist_min_loc,-0.9027085304260254
18874368,3743.422,episode/policy_dist_min_std,0.36772970110177994
18874368,3743.422,episode/policy_loss,-0.0006586468422028702
18874368,3743.422,episode/total_loss,13.156184222698212
18874368,3743.422,episode/v_loss,13.272349638938904
18874368,3774.054,eval/walltime,1202.0237271785736
18874368,3774.054,training/sps,7793.218934101
18874368,3774.054,training/walltime,2559.8112959861755
18874368,3774.054,training/entropy_loss,-0.11536078155040741
18874368,3774.054,training/kl_mean,0.0025528427213430405
18874368,3774.054,training/learning_rate,0.0003000000142492354
18874368,3774.054,training/policy_dist_max_loc,0.5921615958213806
18874368,3774.054,training/policy_dist_max_std,1.257718801498413
18874368,3774.054,training/policy_dist_mean_loc,-0.0880771204829216
18874368,3774.054,training/policy_dist_mean_std,0.7132744193077087
18874368,3774.054,training/policy_dist_min_loc,-0.9104496240615845
18874368,3774.054,training/policy_dist_min_std,0.3596295118331909
18874368,3774.054,training/policy_loss,-0.0009224796667695045
18874368,3774.054,training/total_loss,9.746794700622559
18874368,3774.054,training/v_loss,9.863079071044922
18874368,3774.054,eval/episode_reward,339.1180419921875
18874368,3774.054,eval/episode_reward/ctrl,-0.22616223990917206
18874368,3774.054,eval/episode_reward/forward,341.20050048828125
18874368,3774.054,eval/episode_reward/joint,-0.06543852388858795
18874368,3774.054,eval/episode_reward/orient,-1.7908577919006348
18874368,3774.054,eval/episode_reward/total,339.1180419921875
18874368,3774.054,eval/episode_state/forward_vel,-1.5841248035430908
18874368,3774.054,eval/episode_state/up_z,983.0181884765625
18874368,3774.054,eval/episode_reward_std,21.80206298828125
18874368,3774.054,eval/episode_reward/ctrl_std,0.0023123121354728937
18874368,3774.054,eval/episode_reward/forward_std,21.17605209350586
18874368,3774.054,eval/episode_reward/joint_std,0.00680603738874197
18874368,3774.054,eval/episode_reward/orient_std,2.6574206352233887
18874368,3774.054,eval/episode_reward/total_std,21.80206298828125
18874368,3774.054,eval/episode_state/forward_vel_std,12.121057510375977
18874368,3774.054,eval/episode_state/up_z_std,7.580158710479736
18874368,3774.054,eval/avg_episode_length,1000.0
18874368,3774.054,eval/std_episode_length,0.0
18874368,3774.054,eval/epoch_eval_time,30.607922315597534
18874368,3774.054,eval/sps,1045.4809598001716
19398656,3843.398,episode/sps,5244.130435135349
19398656,3843.398,episode/length,1000.0
19398656,3843.398,episode/reward/ctrl,-0.2249148178100586
19398656,3843.398,episode/reward/forward,348.9659106445313
19398656,3843.398,episode/reward/joint,-0.05886613201349974
19398656,3843.398,episode/reward/orient,-29.08987852461636
19398656,3843.398,episode/reward/total,319.5922225952148
19398656,3843.398,episode/state/forward_vel,3.5894830261170863
19398656,3843.398,episode/state/up_z,966.0019158935547
19398656,3843.398,episode/sum_reward,319.5922225952148
19398656,3843.398,episode/entropy_loss,-0.11540611304342746
19398656,3843.398,episode/kl_mean,0.0017645572125911712
19398656,3843.398,episode/learning_rate,0.0003000000142492354
19398656,3843.398,episode/policy_dist_max_loc,0.574022170305252
19398656,3843.398,episode/policy_dist_max_std,1.2750253248214722
19398656,3843.398,episode/policy_dist_mean_loc,-0.08639543451368809
19398656,3843.398,episode/policy_dist_mean_std,0.7133742427825928
19398656,3843.398,episode/policy_dist_min_loc,-0.9162604278326034
19398656,3843.398,episode/policy_dist_min_std,0.3631855344772339
19398656,3843.398,episode/policy_loss,-0.0006403006560867652
19398656,3843.398,episode/total_loss,12.44032212972641
19398656,3843.398,episode/v_loss,12.556368527412415
19398656,3877.152,eval/walltime,1235.7519056797028
19398656,3877.152,training/sps,7559.902797083574
19398656,3877.152,training/walltime,2629.1624522209167
19398656,3877.152,training/entropy_loss,-0.1152341440320015
19398656,3877.152,training/kl_mean,0.0017924760468304157
19398656,3877.152,training/learning_rate,0.0003000000142492354
19398656,3877.152,training/policy_dist_max_loc,0.568274736404419
19398656,3877.152,training/policy_dist_max_std,1.2948975563049316
19398656,3877.152,training/policy_dist_mean_loc,-0.09245546162128448
19398656,3877.152,training/policy_dist_mean_std,0.7154552936553955
19398656,3877.152,training/policy_dist_min_loc,-0.9239120483398438
19398656,3877.152,training/policy_dist_min_std,0.3637123703956604
19398656,3877.152,training/policy_loss,-0.0005329365376383066
19398656,3877.152,training/total_loss,10.788237571716309
19398656,3877.152,training/v_loss,10.90400505065918
19398656,3877.152,eval/episode_reward,326.7105712890625
19398656,3877.152,eval/episode_reward/ctrl,-0.22928893566131592
19398656,3877.152,eval/episode_reward/forward,345.20703125
19398656,3877.152,eval/episode_reward/joint,-0.07336615025997162
19398656,3877.152,eval/episode_reward/orient,-18.193737030029297
19398656,3877.152,eval/episode_reward/total,326.7105712890625
19398656,3877.152,eval/episode_state/forward_vel,0.5287964344024658
19398656,3877.152,eval/episode_state/up_z,971.4749755859375
19398656,3877.152,eval/episode_reward_std,98.4337387084961
19398656,3877.152,eval/episode_reward/ctrl_std,0.0025782708544284105
19398656,3877.152,eval/episode_reward/forward_std,20.027050018310547
19398656,3877.152,eval/episode_reward/joint_std,0.007861772552132607
19398656,3877.152,eval/episode_reward/orient_std,94.15077209472656
19398656,3877.152,eval/episode_reward/total_std,98.4337387084961
19398656,3877.152,eval/episode_state/forward_vel_std,11.729450225830078
19398656,3877.152,eval/episode_state/up_z_std,63.027008056640625
19398656,3877.152,eval/avg_episode_length,1000.0
19398656,3877.152,eval/std_episode_length,0.0
19398656,3877.152,eval/epoch_eval_time,33.72817850112915
19398656,3877.152,eval/sps,948.7615822161492
19922944,3948.145,episode/sps,5005.301432981165
19922944,3948.145,episode/length,1000.0
19922944,3948.145,episode/reward/ctrl,-0.22628479942679405
19922944,3948.145,episode/reward/forward,343.7728744506836
19922944,3948.145,episode/reward/joint,-0.0643412084877491
19922944,3948.145,episode/reward/orient,-13.12870599374175
19922944,3948.145,episode/reward/total,330.3535186767578
19922944,3948.145,episode/state/forward_vel,0.04726698338985443
19922944,3948.145,episode/state/up_z,976.5252767944336
19922944,3948.145,episode/sum_reward,330.3535186767578
19922944,3948.145,episode/entropy_loss,-0.11504077389836312
19922944,3948.145,episode/kl_mean,0.002297013567003887
19922944,3948.145,episode/learning_rate,0.0003000000142492354
19922944,3948.145,episode/policy_dist_max_loc,0.5821214529871941
19922944,3948.145,episode/policy_dist_max_std,1.2890792036056518
19922944,3948.145,episode/policy_dist_mean_loc,-0.09640160247683525
19922944,3948.145,episode/policy_dist_mean_std,0.7164514154195786
19922944,3948.145,episode/policy_dist_min_loc,-0.9367797416448593
19922944,3948.145,episode/policy_dist_min_std,0.3583614259958267
19922944,3948.145,episode/policy_loss,-0.0007580884032358881
19922944,3948.145,episode/total_loss,10.662232390642167
19922944,3948.145,episode/v_loss,10.77803128838539
19922944,3981.774,eval/walltime,1269.3603699207306
19922944,3981.774,training/sps,7384.420081252947
19922944,3981.774,training/walltime,2700.1616632938385
19922944,3981.774,training/entropy_loss,-0.11445349454879761
19922944,3981.774,training/kl_mean,0.002603561617434025
19922944,3981.774,training/learning_rate,0.0003000000142492354
19922944,3981.774,training/policy_dist_max_loc,0.5896545052528381
19922944,3981.774,training/policy_dist_max_std,1.3200035095214844
19922944,3981.774,training/policy_dist_mean_loc,-0.11058077216148376
19922944,3981.774,training/policy_dist_mean_std,0.7211061716079712
19922944,3981.774,training/policy_dist_min_loc,-0.9815528988838196
19922944,3981.774,training/policy_dist_min_std,0.34836703538894653
19922944,3981.774,training/policy_loss,-0.0007666361634619534
19922944,3981.774,training/total_loss,10.740012168884277
19922944,3981.774,training/v_loss,10.855232238769531
19922944,3981.774,eval/episode_reward,278.8785400390625
19922944,3981.774,eval/episode_reward/ctrl,-0.23276415467262268
19922944,3981.774,eval/episode_reward/forward,342.67364501953125
19922944,3981.774,eval/episode_reward/joint,-0.0807623416185379
19922944,3981.774,eval/episode_reward/orient,-63.481536865234375
19922944,3981.774,eval/episode_reward/total,278.8785400390625
19922944,3981.774,eval/episode_state/forward_vel,-0.9138256311416626
19922944,3981.774,eval/episode_state/up_z,948.5993041992188
19922944,3981.774,eval/episode_reward_std,335.4696044921875
19922944,3981.774,eval/episode_reward/ctrl_std,0.0018850937485694885
19922944,3981.774,eval/episode_reward/forward_std,14.982566833496094
19922944,3981.774,eval/episode_reward/joint_std,0.0050988891161978245
19922944,3981.774,eval/episode_reward/orient_std,333.2511291503906
19922944,3981.774,eval/episode_reward/total_std,335.4696044921875
19922944,3981.774,eval/episode_state/forward_vel_std,9.663762092590332
19922944,3981.774,eval/episode_state/up_z_std,175.14569091796875
19922944,3981.774,eval/avg_episode_length,1000.0
19922944,3981.774,eval/std_episode_length,0.0
19922944,3981.774,eval/epoch_eval_time,33.60846424102783
19922944,3981.774,eval/sps,952.1410966745608
20447232,4053.235,episode/sps,4988.964636604648
20447232,4053.235,episode/length,1000.0
20447232,4053.235,episode/reward/ctrl,-0.22969477385282516
20447232,4053.235,episode/reward/forward,342.7541452026367
20447232,4053.235,episode/reward/joint,-0.07415390007197857
20447232,4053.235,episode/reward/orient,-17.05140304714441
20447232,4053.235,episode/reward/total,325.3988362121582
20447232,4053.235,episode/state/forward_vel,-0.9053929316997528
20447232,4053.235,episode/state/up_z,973.2550144958497
20447232,4053.235,episode/sum_reward,325.3988362121582
20447232,4053.235,episode/entropy_loss,-0.11459308214485646
20447232,4053.235,episode/kl_mean,0.0025740208744537084
20447232,4053.235,episode/learning_rate,0.0003000000142492354
20447232,4053.235,episode/policy_dist_max_loc,0.5921669235825539
20447232,4053.235,episode/policy_dist_max_std,1.318203775882721
20447232,4053.235,episode/policy_dist_mean_loc,-0.10627396926283836
20447232,4053.235,episode/policy_dist_mean_std,0.7198369771242141
20447232,4053.235,episode/policy_dist_min_loc,-0.9711662393808365
20447232,4053.235,episode/policy_dist_min_std,0.35113348081707957
20447232,4053.235,episode/policy_loss,-0.0008042013391968794
20447232,4053.235,episode/total_loss,8.461989187598228
20447232,4053.235,episode/v_loss,8.577386485934257
20447232,4086.436,eval/walltime,1302.533887386322
20447232,4086.436,training/sps,7335.921484732906
20447232,4086.436,training/walltime,2771.6302580833435
20447232,4086.436,training/entropy_loss,-0.11399433761835098
20447232,4086.436,training/kl_mean,0.0031677070073783398
20447232,4086.436,training/learning_rate,0.0003000000142492354
20447232,4086.436,training/policy_dist_max_loc,0.6195780038833618
20447232,4086.436,training/policy_dist_max_std,1.3482195138931274
20447232,4086.436,training/policy_dist_mean_loc,-0.11810082197189331
20447232,4086.436,training/policy_dist_mean_std,0.7236858606338501
20447232,4086.436,training/policy_dist_min_loc,-1.0142326354980469
20447232,4086.436,training/policy_dist_min_std,0.3381844758987427
20447232,4086.436,training/policy_loss,-0.0010444954968988895
20447232,4086.436,training/total_loss,3.5304770469665527
20447232,4086.436,training/v_loss,3.6455156803131104
20447232,4086.436,eval/episode_reward,290.1195373535156
20447232,4086.436,eval/episode_reward/ctrl,-0.23248952627182007
20447232,4086.436,eval/episode_reward/forward,349.44097900390625
20447232,4086.436,eval/episode_reward/joint,-0.0823049396276474
20447232,4086.436,eval/episode_reward/orient,-59.006629943847656
20447232,4086.436,eval/episode_reward/total,290.1195373535156
20447232,4086.436,eval/episode_state/forward_vel,3.7308175563812256
20447232,4086.436,eval/episode_state/up_z,951.260009765625
20447232,4086.436,eval/episode_reward_std,326.8415222167969
20447232,4086.436,eval/episode_reward/ctrl_std,0.002453313674777746
20447232,4086.436,eval/episode_reward/forward_std,19.57160758972168
20447232,4086.436,eval/episode_reward/joint_std,0.006124340929090977
20447232,4086.436,eval/episode_reward/orient_std,320.1983947753906
20447232,4086.436,eval/episode_reward/total_std,326.8415222167969
20447232,4086.436,eval/episode_state/forward_vel_std,13.461997985839844
20447232,4086.436,eval/episode_state/up_z_std,165.46607971191406
20447232,4086.436,eval/avg_episode_length,1000.0
20447232,4086.436,eval/std_episode_length,0.0
20447232,4086.436,eval/epoch_eval_time,33.17351746559143
20447232,4086.436,eval/sps,964.6248708232813
20971520,4157.985,episode/sps,5005.121330612729
20971520,4157.985,episode/length,1000.0
20971520,4157.985,episode/reward/ctrl,-0.23211108922958373
20971520,4157.985,episode/reward/forward,343.55265625
20971520,4157.985,episode/reward/joint,-0.08102947972714901
20971520,4157.985,episode/reward/orient,-2.383787909001112
20971520,4157.985,episode/reward/total,340.8557168579102
20971520,4157.985,episode/state/forward_vel,-0.2911192238330841
20971520,4157.985,episode/state/up_z,979.8660125732422
20971520,4157.985,episode/sum_reward,340.8557168579102
20971520,4157.985,episode/entropy_loss,-0.11407824330031872
20971520,4157.985,episode/kl_mean,0.0028055573196616025
20971520,4157.985,episode/learning_rate,0.0003000000142492354
20971520,4157.985,episode/policy_dist_max_loc,0.601311192214489
20971520,4157.985,episode/policy_dist_max_std,1.3601969063282013
20971520,4157.985,episode/policy_dist_mean_loc,-0.11655773833394051
20971520,4157.985,episode/policy_dist_mean_std,0.7229280996322632
20971520,4157.985,episode/policy_dist_min_loc,-0.9952989757061005
20971520,4157.985,episode/policy_dist_min_std,0.3481589610874653
20971520,4157.985,episode/policy_loss,-0.0008125395663955714
20971520,4157.985,episode/total_loss,8.274032062888146
20971520,4157.985,episode/v_loss,8.38892282664776
20971520,4190.961,eval/walltime,1335.4858281612396
20971520,4190.961,training/sps,7327.073735781525
20971520,4190.961,training/walltime,2843.1851541996
20971520,4190.961,training/entropy_loss,-0.11364501714706421
20971520,4190.961,training/kl_mean,0.002575160237029195
20971520,4190.961,training/learning_rate,0.0003000000142492354
20971520,4190.961,training/policy_dist_max_loc,0.5976608395576477
20971520,4190.961,training/policy_dist_max_std,1.4188348054885864
20971520,4190.961,training/policy_dist_mean_loc,-0.12379847466945648
20971520,4190.961,training/policy_dist_mean_std,0.7247507572174072
20971520,4190.961,training/policy_dist_min_loc,-0.9935195446014404
20971520,4190.961,training/policy_dist_min_std,0.35609084367752075
20971520,4190.961,training/policy_loss,-0.000539042754098773
20971520,4190.961,training/total_loss,10.07836627960205
20971520,4190.961,training/v_loss,10.192550659179688
20971520,4190.961,eval/episode_reward,347.490234375
20971520,4190.961,eval/episode_reward/ctrl,-0.23510277271270752
20971520,4190.961,eval/episode_reward/forward,349.00714111328125
20971520,4190.961,eval/episode_reward/joint,-0.08863822370767593
20971520,4190.961,eval/episode_reward/orient,-1.1932058334350586
20971520,4190.961,eval/episode_reward/total,347.490234375
20971520,4190.961,eval/episode_state/forward_vel,3.155627489089966
20971520,4190.961,eval/episode_state/up_z,981.1392822265625
20971520,4190.961,eval/episode_reward_std,15.546835899353027
20971520,4190.961,eval/episode_reward/ctrl_std,0.002351305214688182
20971520,4190.961,eval/episode_reward/forward_std,15.447759628295898
20971520,4190.961,eval/episode_reward/joint_std,0.004940064158290625
20971520,4190.961,eval/episode_reward/orient_std,0.8942264914512634
20971520,4190.961,eval/episode_reward/total_std,15.546835899353027
20971520,4190.961,eval/episode_state/forward_vel_std,9.739096641540527
20971520,4190.961,eval/episode_state/up_z_std,5.30191707611084
20971520,4190.961,eval/avg_episode_length,1000.0
20971520,4190.961,eval/std_episode_length,0.0
20971520,4190.961,eval/epoch_eval_time,32.9519407749176
20971520,4190.961,eval/sps,971.1112379868623
21495808,4263.936,episode/sps,4948.399796790675
21495808,4263.936,episode/length,1000.0
21495808,4263.936,episode/reward/ctrl,-0.23260055020451545
21495808,4263.936,episode/reward/forward,348.3006872558594
21495808,4263.936,episode/reward/joint,-0.08356333963572979
21495808,4263.936,episode/reward/orient,-48.23573519647121
21495808,4263.936,episode/reward/total,299.74870727539064
21495808,4263.936,episode/state/forward_vel,3.405701675415039
21495808,4263.936,episode/state/up_z,955.6940389347077
21495808,4263.936,episode/sum_reward,299.74870727539064
21495808,4263.936,episode/entropy_loss,-0.11363506086170673
21495808,4263.936,episode/kl_mean,0.0028423033183207734
21495808,4263.936,episode/learning_rate,0.0003000000142492354
21495808,4263.936,episode/policy_dist_max_loc,0.6093013814091682
21495808,4263.936,episode/policy_dist_max_std,1.391731435060501
21495808,4263.936,episode/policy_dist_mean_loc,-0.1252461238205433
21495808,4263.936,episode/policy_dist_mean_std,0.7251183748245239
21495808,4263.936,episode/policy_dist_min_loc,-1.0067330884933472
21495808,4263.936,episode/policy_dist_min_std,0.3464545711874962
21495808,4263.936,episode/policy_loss,-0.0007758380900486372
21495808,4263.936,episode/total_loss,8.129007249474526
21495808,4263.936,episode/v_loss,8.243418155312538
21495808,4296.300,eval/walltime,1367.8230786323547
21495808,4296.300,training/sps,7183.6637007356685
21495808,4296.300,training/walltime,2916.168526172638
21495808,4296.300,training/entropy_loss,-0.11315980553627014
21495808,4296.300,training/kl_mean,0.0027738818898797035
21495808,4296.300,training/learning_rate,0.0003000000142492354
21495808,4296.300,training/policy_dist_max_loc,0.6137052774429321
21495808,4296.300,training/policy_dist_max_std,1.4158879518508911
21495808,4296.300,training/policy_dist_mean_loc,-0.1355799436569214
21495808,4296.300,training/policy_dist_mean_std,0.7273035645484924
21495808,4296.300,training/policy_dist_min_loc,-1.0126886367797852
21495808,4296.300,training/policy_dist_min_std,0.3450533151626587
21495808,4296.300,training/policy_loss,-0.0006818687543272972
21495808,4296.300,training/total_loss,10.623442649841309
21495808,4296.300,training/v_loss,10.737284660339355
21495808,4296.300,eval/episode_reward,350.06573486328125
21495808,4296.300,eval/episode_reward/ctrl,-0.23595216870307922
21495808,4296.300,eval/episode_reward/forward,351.78411865234375
21495808,4296.300,eval/episode_reward/joint,-0.08891323208808899
21495808,4296.300,eval/episode_reward/orient,-1.3935431241989136
21495808,4296.300,eval/episode_reward/total,350.06573486328125
21495808,4296.300,eval/episode_state/forward_vel,5.266638278961182
21495808,4296.300,eval/episode_state/up_z,979.48583984375
21495808,4296.300,eval/episode_reward_std,16.261205673217773
21495808,4296.300,eval/episode_reward/ctrl_std,0.0017512255581095815
21495808,4296.300,eval/episode_reward/forward_std,16.47566032409668
21495808,4296.300,eval/episode_reward/joint_std,0.004159074742347002
21495808,4296.300,eval/episode_reward/orient_std,1.123867154121399
21495808,4296.300,eval/episode_reward/total_std,16.261205673217773
21495808,4296.300,eval/episode_state/forward_vel_std,11.165692329406738
21495808,4296.300,eval/episode_state/up_z_std,6.489278316497803
21495808,4296.300,eval/avg_episode_length,1000.0
21495808,4296.300,eval/std_episode_length,0.0
21495808,4296.300,eval/epoch_eval_time,32.33725047111511
21495808,4296.300,eval/sps,989.5708365367564
22020096,4366.449,episode/sps,5114.363054466186
22020096,4366.449,episode/length,1000.0
22020096,4366.449,episode/reward/ctrl,-0.23584304615855217
22020096,4366.449,episode/reward/forward,348.84946807861326
22020096,4366.449,episode/reward/joint,-0.08907408423721791
22020096,4366.449,episode/reward/orient,-43.73871148630977
22020096,4366.449,episode/reward/total,304.78580657958986
22020096,4366.449,episode/state/forward_vel,3.0105953230708837
22020096,4366.449,episode/state/up_z,957.5511483383178
22020096,4366.449,episode/sum_reward,304.78580657958986
22020096,4366.449,episode/entropy_loss,-0.11338922530412673
22020096,4366.449,episode/kl_mean,0.0027082270494429394
22020096,4366.449,episode/learning_rate,0.0003000000142492354
22020096,4366.449,episode/policy_dist_max_loc,0.6123341777920723
22020096,4366.449,episode/policy_dist_max_std,1.4092198288440705
22020096,4366.449,episode/policy_dist_mean_loc,-0.1324760328233242
22020096,4366.449,episode/policy_dist_mean_std,0.7271099108457565
22020096,4366.449,episode/policy_dist_min_loc,-1.0743808680772782
22020096,4366.449,episode/policy_dist_min_std,0.34463875576853753
22020096,4366.449,episode/policy_loss,-0.0006293256697244942
22020096,4366.449,episode/total_loss,10.477202363014221
22020096,4366.449,episode/v_loss,10.591220934391021
22020096,4398.401,eval/walltime,1399.7530624866486
22020096,4398.401,training/sps,7473.195184852744
22020096,4398.401,training/walltime,2986.3243279457092
22020096,4398.401,training/entropy_loss,-0.11328019201755524
22020096,4398.401,training/kl_mean,0.0025160417426377535
22020096,4398.401,training/learning_rate,0.0003000000142492354
22020096,4398.401,training/policy_dist_max_loc,0.6179989576339722
22020096,4398.401,training/policy_dist_max_std,1.3972543478012085
22020096,4398.401,training/policy_dist_mean_loc,-0.14003261923789978
22020096,4398.401,training/policy_dist_mean_std,0.7297466993331909
22020096,4398.401,training/policy_dist_min_loc,-1.230797290802002
22020096,4398.401,training/policy_dist_min_std,0.336061954498291
22020096,4398.401,training/policy_loss,-0.0005453788908198476
22020096,4398.401,training/total_loss,11.496879577636719
22020096,4398.401,training/v_loss,11.610705375671387
22020096,4398.401,eval/episode_reward,333.2254638671875
22020096,4398.401,eval/episode_reward/ctrl,-0.2374037206172943
22020096,4398.401,eval/episode_reward/forward,335.22235107421875
22020096,4398.401,eval/episode_reward/joint,-0.09116463363170624
22020096,4398.401,eval/episode_reward/orient,-1.6684179306030273
22020096,4398.401,eval/episode_reward/total,333.2254638671875
22020096,4398.401,eval/episode_state/forward_vel,-5.113341808319092
22020096,4398.401,eval/episode_state/up_z,979.340087890625
22020096,4398.401,eval/episode_reward_std,22.790773391723633
22020096,4398.401,eval/episode_reward/ctrl_std,0.0017394099850207567
22020096,4398.401,eval/episode_reward/forward_std,21.9405517578125
22020096,4398.401,eval/episode_reward/joint_std,0.005556122399866581
22020096,4398.401,eval/episode_reward/orient_std,1.7805304527282715
22020096,4398.401,eval/episode_reward/total_std,22.790773391723633
22020096,4398.401,eval/episode_state/forward_vel_std,13.085658073425293
22020096,4398.401,eval/episode_state/up_z_std,6.206334114074707
22020096,4398.401,eval/avg_episode_length,1000.0
22020096,4398.401,eval/std_episode_length,0.0
22020096,4398.401,eval/epoch_eval_time,31.929983854293823
22020096,4398.401,eval/sps,1002.1928024149865
22544384,4465.772,episode/sps,5278.626142519657
22544384,4465.772,episode/length,1000.0
22544384,4465.772,episode/reward/ctrl,-0.23711773708462716
22544384,4465.772,episode/reward/forward,347.31231018066404
22544384,4465.772,episode/reward/joint,-0.09203927300870418
22544384,4465.772,episode/reward/orient,-14.958744773566723
22544384,4465.772,episode/reward/total,332.02438743591307
22544384,4465.772,episode/state/forward_vel,1.5409661602973939
22544384,4465.772,episode/state/up_z,973.6031658935547
22544384,4465.772,episode/sum_reward,332.02438743591307
22544384,4465.772,episode/entropy_loss,-0.11324878059327602
22544384,4465.772,episode/kl_mean,0.0028161176462890582
22544384,4465.772,episode/learning_rate,0.0003000000142492354
22544384,4465.772,episode/policy_dist_max_loc,0.6231298783421516
22544384,4465.772,episode/policy_dist_max_std,1.4289286458492279
22544384,4465.772,episode/policy_dist_mean_loc,-0.13854123875498772
22544384,4465.772,episode/policy_dist_mean_std,0.7296851217746735
22544384,4465.772,episode/policy_dist_min_loc,-1.1026177144050597
22544384,4465.772,episode/policy_dist_min_std,0.34404838845133784
22544384,4465.772,episode/policy_loss,-0.00063316178318928
22544384,4465.772,episode/total_loss,9.371792085170746
22544384,4465.772,episode/v_loss,9.485674049854278
22544384,4500.529,eval/walltime,1434.486140012741
22544384,4500.529,training/sps,7781.177567152559
22544384,4500.529,training/walltime,3053.7033326625824
22544384,4500.529,training/entropy_loss,-0.11326958239078522
22544384,4500.529,training/kl_mean,0.0030243736691772938
22544384,4500.529,training/learning_rate,0.0003000000142492354
22544384,4500.529,training/policy_dist_max_loc,0.6412396430969238
22544384,4500.529,training/policy_dist_max_std,1.4742552042007446
22544384,4500.529,training/policy_dist_mean_loc,-0.141561359167099
22544384,4500.529,training/policy_dist_mean_std,0.7324686050415039
22544384,4500.529,training/policy_dist_min_loc,-1.0833659172058105
22544384,4500.529,training/policy_dist_min_std,0.35002025961875916
22544384,4500.529,training/policy_loss,-0.0006000276771374047
22544384,4500.529,training/total_loss,6.172962188720703
22544384,4500.529,training/v_loss,6.286831855773926
22544384,4500.529,eval/episode_reward,350.7301025390625
22544384,4500.529,eval/episode_reward/ctrl,-0.23755547404289246
22544384,4500.529,eval/episode_reward/forward,353.18902587890625
22544384,4500.529,eval/episode_reward/joint,-0.09603308141231537
22544384,4500.529,eval/episode_reward/orient,-2.125342607498169
22544384,4500.529,eval/episode_reward/total,350.7301025390625
22544384,4500.529,eval/episode_state/forward_vel,5.371386528015137
22544384,4500.529,eval/episode_state/up_z,980.026611328125
22544384,4500.529,eval/episode_reward_std,13.74986743927002
22544384,4500.529,eval/episode_reward/ctrl_std,0.0021306064445525408
22544384,4500.529,eval/episode_reward/forward_std,14.857708930969238
22544384,4500.529,eval/episode_reward/joint_std,0.0060340906493365765
22544384,4500.529,eval/episode_reward/orient_std,5.256226539611816
22544384,4500.529,eval/episode_reward/total_std,13.74986743927002
22544384,4500.529,eval/episode_state/forward_vel_std,10.014299392700195
22544384,4500.529,eval/episode_state/up_z_std,10.294455528259277
22544384,4500.529,eval/avg_episode_length,1000.0
22544384,4500.529,eval/std_episode_length,0.0
22544384,4500.529,eval/epoch_eval_time,34.73307752609253
22544384,4500.529,eval/sps,921.311967704579
23068672,4577.222,episode/sps,4704.213762198663
23068672,4577.222,episode/length,1000.0
23068672,4577.222,episode/reward/ctrl,-0.23797688081860544
23068672,4577.222,episode/reward/forward,341.3524142456055
23068672,4577.222,episode/reward/joint,-0.09420397780835628
23068672,4577.222,episode/reward/orient,-44.29091552987695
23068672,4577.222,episode/reward/total,296.7292744445801
23068672,4577.222,episode/state/forward_vel,-1.6643743422627448
23068672,4577.222,episode/state/up_z,958.4624685668946
23068672,4577.222,episode/sum_reward,296.7292744445801
23068672,4577.222,episode/entropy_loss,-0.11330513522028923
23068672,4577.222,episode/kl_mean,0.0029121965312515386
23068672,4577.222,episode/learning_rate,0.0003000000142492354
23068672,4577.222,episode/policy_dist_max_loc,0.6509135609865189
23068672,4577.222,episode/policy_dist_max_std,1.4138975656032562
23068672,4577.222,episode/policy_dist_mean_loc,-0.1404893882572651
23068672,4577.222,episode/policy_dist_mean_std,0.7318780195713043
23068672,4577.222,episode/policy_dist_min_loc,-1.124852882027626
23068672,4577.222,episode/policy_dist_min_std,0.3477748066186905
23068672,4577.222,episode/policy_loss,-0.0006789953525731107
23068672,4577.222,episode/total_loss,8.411211841106415
23068672,4577.222,episode/v_loss,8.525196039676667
23068672,4611.699,eval/walltime,1468.9384589195251
23068672,4611.699,training/sps,6835.574577299175
23068672,4611.699,training/walltime,3130.4032492637634
23068672,4611.699,training/entropy_loss,-0.11338873207569122
23068672,4611.699,training/kl_mean,0.0029886807315051556
23068672,4611.699,training/learning_rate,0.0003000000142492354
23068672,4611.699,training/policy_dist_max_loc,0.6963011026382446
23068672,4611.699,training/policy_dist_max_std,1.3703279495239258
23068672,4611.699,training/policy_dist_mean_loc,-0.14017897844314575
23068672,4611.699,training/policy_dist_mean_std,0.7339158058166504
23068672,4611.699,training/policy_dist_min_loc,-1.0780668258666992
23068672,4611.699,training/policy_dist_min_std,0.35786402225494385
23068672,4611.699,training/policy_loss,-0.0007849492831155658
23068672,4611.699,training/total_loss,7.036314010620117
23068672,4611.699,training/v_loss,7.150487422943115
23068672,4611.699,eval/episode_reward,308.3966064453125
23068672,4611.699,eval/episode_reward/ctrl,-0.2390662431716919
23068672,4611.699,eval/episode_reward/forward,339.11822509765625
23068672,4611.699,eval/episode_reward/joint,-0.09555460512638092
23068672,4611.699,eval/episode_reward/orient,-30.387102127075195
23068672,4611.699,eval/episode_reward/total,308.3966064453125
23068672,4611.699,eval/episode_state/forward_vel,-2.772634506225586
23068672,4611.699,eval/episode_state/up_z,965.509521484375
23068672,4611.699,eval/episode_reward_std,156.260009765625
23068672,4611.699,eval/episode_reward/ctrl_std,0.0014161994913592935
23068672,4611.699,eval/episode_reward/forward_std,22.582351684570312
23068672,4611.699,eval/episode_reward/joint_std,0.005417534150183201
23068672,4611.699,eval/episode_reward/orient_std,162.0613555908203
23068672,4611.699,eval/episode_reward/total_std,156.260009765625
23068672,4611.699,eval/episode_state/forward_vel_std,14.494270324707031
23068672,4611.699,eval/episode_state/up_z_std,88.47925567626953
23068672,4611.699,eval/avg_episode_length,1000.0
23068672,4611.699,eval/std_episode_length,0.0
23068672,4611.699,eval/epoch_eval_time,34.45231890678406
23068672,4611.699,eval/sps,928.8199173640771
23592960,4689.334,episode/sps,4676.4748142624
23592960,4689.334,episode/length,1000.0
23592960,4689.334,episode/reward/ctrl,-0.23927001371979714
23592960,4689.334,episode/reward/forward,347.0364779663086
23592960,4689.334,episode/reward/joint,-0.09665407992899418
23592960,4689.334,episode/reward/orient,-41.63322073668242
23592960,4689.334,episode/reward/total,305.0672894287109
23592960,4689.334,episode/state/forward_vel,2.0950090220570563
23592960,4689.334,episode/state/up_z,958.2531491088868
23592960,4689.334,episode/sum_reward,305.0672894287109
23592960,4689.334,episode/entropy_loss,-0.11334852084517479
23592960,4689.334,episode/kl_mean,0.0029230000128154642
23592960,4689.334,episode/learning_rate,0.0003000000142492354
23592960,4689.334,episode/policy_dist_max_loc,0.6959356582164764
23592960,4689.334,episode/policy_dist_max_std,1.4141666996479034
23592960,4689.334,episode/policy_dist_mean_loc,-0.1408896516263485
23592960,4689.334,episode/policy_dist_mean_std,0.7341958403587341
23592960,4689.334,episode/policy_dist_min_loc,-1.085144128203392
23592960,4689.334,episode/policy_dist_min_std,0.3434139174222946
23592960,4689.334,episode/policy_loss,-0.0006456644353602315
23592960,4689.334,episode/total_loss,7.584368140697479
23592960,4689.334,episode/v_loss,7.698362357616425
23592960,4724.416,eval/walltime,1503.9936151504517
23592960,4724.416,training/sps,6752.597268337059
23592960,4724.416,training/walltime,3208.04567027092
23592960,4724.416,training/entropy_loss,-0.11340083926916122
23592960,4724.416,training/kl_mean,0.0026800725609064102
23592960,4724.416,training/learning_rate,0.0003000000142492354
23592960,4724.416,training/policy_dist_max_loc,0.7573182582855225
23592960,4724.416,training/policy_dist_max_std,1.3944916725158691
23592960,4724.416,training/policy_dist_mean_loc,-0.14073467254638672
23592960,4724.416,training/policy_dist_mean_std,0.7366229891777039
23592960,4724.416,training/policy_dist_min_loc,-1.0855518579483032
23592960,4724.416,training/policy_dist_min_std,0.3228570222854614
23592960,4724.416,training/policy_loss,-0.00047106968122534454
23592960,4724.416,training/total_loss,9.016884803771973
23592960,4724.416,training/v_loss,9.130757331848145
23592960,4724.416,eval/episode_reward,342.3960266113281
23592960,4724.416,eval/episode_reward/ctrl,-0.2406120002269745
23592960,4724.416,eval/episode_reward/forward,344.119384765625
23592960,4724.416,eval/episode_reward/joint,-0.09526453167200089
23592960,4724.416,eval/episode_reward/orient,-1.3874752521514893
23592960,4724.416,eval/episode_reward/total,342.3960266113281
23592960,4724.416,eval/episode_state/forward_vel,0.25166642665863037
23592960,4724.416,eval/episode_state/up_z,979.6390380859375
23592960,4724.416,eval/episode_reward_std,18.013652801513672
23592960,4724.416,eval/episode_reward/ctrl_std,0.0019231366459280252
23592960,4724.416,eval/episode_reward/forward_std,17.959455490112305
23592960,4724.416,eval/episode_reward/joint_std,0.0046386378817260265
23592960,4724.416,eval/episode_reward/orient_std,1.2874923944473267
23592960,4724.416,eval/episode_reward/total_std,18.013652801513672
23592960,4724.416,eval/episode_state/forward_vel_std,11.042661666870117
23592960,4724.416,eval/episode_state/up_z_std,6.2124176025390625
23592960,4724.416,eval/avg_episode_length,1000.0
23592960,4724.416,eval/std_episode_length,0.0
23592960,4724.416,eval/epoch_eval_time,35.055156230926514
23592960,4724.416,eval/sps,912.8471654554721
24117248,4802.332,episode/sps,4639.813779123851
24117248,4802.332,episode/length,1000.0
24117248,4802.332,episode/reward/ctrl,-0.2408978621661663
24117248,4802.332,episode/reward/forward,348.00303161621093
24117248,4802.332,episode/reward/joint,-0.09738909490406514
24117248,4802.332,episode/reward/orient,-55.120458572506905
24117248,4802.332,episode/reward/total,292.54425979614257
24117248,4802.332,episode/state/forward_vel,2.601645641028881
24117248,4802.332,episode/state/up_z,950.2146417236328
24117248,4802.332,episode/sum_reward,292.54425979614257
24117248,4802.332,episode/entropy_loss,-0.11350332096219062
24117248,4802.332,episode/kl_mean,0.002904599843895994
24117248,4802.332,episode/learning_rate,0.0003000000142492354
24117248,4802.332,episode/policy_dist_max_loc,0.7363334155082703
24117248,4802.332,episode/policy_dist_max_std,1.3837224304676057
24117248,4802.332,episode/policy_dist_mean_loc,-0.14035153210163118
24117248,4802.332,episode/policy_dist_mean_std,0.7369487726688385
24117248,4802.332,episode/policy_dist_min_loc,-1.0660222029685975
24117248,4802.332,episode/policy_dist_min_std,0.33166854113340377
24117248,4802.332,episode/policy_loss,-0.0005863902720011538
24117248,4802.332,episode/total_loss,8.878035407066346
24117248,4802.332,episode/v_loss,8.992125129699707
24117248,4837.897,eval/walltime,1539.5342991352081
24117248,4837.897,training/sps,6728.294465677427
24117248,4837.897,training/walltime,3285.968538045883
24117248,4837.897,training/entropy_loss,-0.11372841894626617
24117248,4837.897,training/kl_mean,0.002942718332633376
24117248,4837.897,training/learning_rate,0.0003000000142492354
24117248,4837.897,training/policy_dist_max_loc,0.7617817521095276
24117248,4837.897,training/policy_dist_max_std,1.3883562088012695
24117248,4837.897,training/policy_dist_mean_loc,-0.14016735553741455
24117248,4837.897,training/policy_dist_mean_std,0.7409056425094604
24117248,4837.897,training/policy_dist_min_loc,-1.0327422618865967
24117248,4837.897,training/policy_dist_min_std,0.31282487511634827
24117248,4837.897,training/policy_loss,-0.0004360536695457995
24117248,4837.897,training/total_loss,11.060222625732422
24117248,4837.897,training/v_loss,11.174386978149414
24117248,4837.897,eval/episode_reward,292.8367614746094
24117248,4837.897,eval/episode_reward/ctrl,-0.24028386175632477
24117248,4837.897,eval/episode_reward/forward,348.5165710449219
24117248,4837.897,eval/episode_reward/joint,-0.09156935662031174
24117248,4837.897,eval/episode_reward/orient,-55.34791564941406
24117248,4837.897,eval/episode_reward/total,292.8367614746094
24117248,4837.897,eval/episode_state/forward_vel,3.3170642852783203
24117248,4837.897,eval/episode_state/up_z,950.46484375
24117248,4837.897,eval/episode_reward_std,229.1739959716797
24117248,4837.897,eval/episode_reward/ctrl_std,0.0019589599687606096
24117248,4837.897,eval/episode_reward/forward_std,17.605701446533203
24117248,4837.897,eval/episode_reward/joint_std,0.006045394577085972
24117248,4837.897,eval/episode_reward/orient_std,225.2617950439453
24117248,4837.897,eval/episode_reward/total_std,229.1739959716797
24117248,4837.897,eval/episode_state/forward_vel_std,11.155627250671387
24117248,4837.897,eval/episode_state/up_z_std,122.27951049804688
24117248,4837.897,eval/avg_episode_length,1000.0
24117248,4837.897,eval/std_episode_length,0.0
24117248,4837.897,eval/epoch_eval_time,35.54068398475647
24117248,4837.897,eval/sps,900.3765941512245
24641536,4915.093,episode/sps,4649.53981229117
24641536,4915.093,episode/length,1000.0
24641536,4915.093,episode/reward/ctrl,-0.24032705575227736
24641536,4915.093,episode/reward/forward,344.3597988891602
24641536,4915.093,episode/reward/joint,-0.09143514975905419
24641536,4915.093,episode/reward/orient,-59.363082636594775
24641536,4915.093,episode/reward/total,284.66487796783446
24641536,4915.093,episode/state/forward_vel,0.5490258202701807
24641536,4915.093,episode/state/up_z,948.9755274963379
24641536,4915.093,episode/sum_reward,284.66487796783446
24641536,4915.093,episode/entropy_loss,-0.11377496890723705
24641536,4915.093,episode/kl_mean,0.002757108065416105
24641536,4915.093,episode/learning_rate,0.0003000000142492354
24641536,4915.093,episode/policy_dist_max_loc,0.7560772162675857
24641536,4915.093,episode/policy_dist_max_std,1.3826228296756744
24641536,4915.093,episode/policy_dist_mean_loc,-0.13900525271892547
24641536,4915.093,episode/policy_dist_mean_std,0.7397654408216476
24641536,4915.093,episode/policy_dist_min_loc,-1.0372209531068801
24641536,4915.093,episode/policy_dist_min_std,0.3243674758076668
24641536,4915.093,episode/policy_loss,-0.0005314582437858917
24641536,4915.093,episode/total_loss,9.177159659862518
24641536,4915.093,episode/v_loss,9.29146607041359
24641536,4950.778,eval/walltime,1575.193746805191
24641536,4950.778,training/sps,6791.006977196398
24641536,4950.778,training/walltime,3363.171816110611
24641536,4950.778,training/entropy_loss,-0.11424034833908081
24641536,4950.778,training/kl_mean,0.0023806318640708923
24641536,4950.778,training/learning_rate,0.0003000000142492354
24641536,4950.778,training/policy_dist_max_loc,0.7457058429718018
24641536,4950.778,training/policy_dist_max_std,1.364047884941101
24641536,4950.778,training/policy_dist_mean_loc,-0.13606593012809753
24641536,4950.778,training/policy_dist_mean_std,0.7423686981201172
24641536,4950.778,training/policy_dist_min_loc,-0.9812307357788086
24641536,4950.778,training/policy_dist_min_std,0.3341602087020874
24641536,4950.778,training/policy_loss,-0.0005551193607971072
24641536,4950.778,training/total_loss,7.713595390319824
24641536,4950.778,training/v_loss,7.828391075134277
24641536,4950.778,eval/episode_reward,315.8087158203125
24641536,4950.778,eval/episode_reward/ctrl,-0.2402791529893875
24641536,4950.778,eval/episode_reward/forward,352.1221923828125
24641536,4950.778,eval/episode_reward/joint,-0.08805382996797562
24641536,4950.778,eval/episode_reward/orient,-35.985015869140625
24641536,4950.778,eval/episode_reward/total,315.8087158203125
24641536,4950.778,eval/episode_state/forward_vel,4.9170050621032715
24641536,4950.778,eval/episode_state/up_z,962.1292114257812
24641536,4950.778,eval/episode_reward_std,200.98460388183594
24641536,4950.778,eval/episode_reward/ctrl_std,0.0019973115995526314
24641536,4950.778,eval/episode_reward/forward_std,16.569955825805664
24641536,4950.778,eval/episode_reward/joint_std,0.005488272290676832
24641536,4950.778,eval/episode_reward/orient_std,193.52296447753906
24641536,4950.778,eval/episode_reward/total_std,200.98460388183594
24641536,4950.778,eval/episode_state/forward_vel_std,10.684207916259766
24641536,4950.778,eval/episode_state/up_z_std,105.26945495605469
24641536,4950.778,eval/avg_episode_length,1000.0
24641536,4950.778,eval/std_episode_length,0.0
24641536,4950.778,eval/epoch_eval_time,35.65944766998291
24641536,4950.778,eval/sps,897.3778925616022
25165824,5027.348,episode/sps,4670.501157880402
25165824,5027.348,episode/length,1000.0
25165824,5027.348,episode/reward/ctrl,-0.24019795089960097
25165824,5027.348,episode/reward/forward,347.4529067993164
25165824,5027.348,episode/reward/joint,-0.08778753340244293
25165824,5027.348,episode/reward/orient,-14.910563389062881
25165824,5027.348,episode/reward/total,332.2143295288086
25165824,5027.348,episode/state/forward_vel,2.4181866016983986
25165824,5027.348,episode/state/up_z,972.3345266723633
25165824,5027.348,episode/sum_reward,332.2143295288086
25165824,5027.348,episode/entropy_loss,-0.11415387354791165
25165824,5027.348,episode/kl_mean,0.002608394218259491
25165824,5027.348,episode/learning_rate,0.0003000000142492354
25165824,5027.348,episode/policy_dist_max_loc,0.7702587425708771
25165824,5027.348,episode/policy_dist_max_std,1.3724647641181946
25165824,5027.348,episode/policy_dist_mean_loc,-0.13649922013282775
25165824,5027.348,episode/policy_dist_mean_std,0.7420871704816818
25165824,5027.348,episode/policy_dist_min_loc,-1.044273594021797
25165824,5027.348,episode/policy_dist_min_std,0.3245668920874596
25165824,5027.348,episode/policy_loss,-0.0005980613469728269
25165824,5027.348,episode/total_loss,7.815562821030617
25165824,5027.348,episode/v_loss,7.930314716100693
25165824,5062.718,eval/walltime,1610.5390801429749
25165824,5062.718,training/sps,6846.498383296987
25165824,5062.718,training/walltime,3439.7493555545807
25165824,5062.718,training/entropy_loss,-0.11458957195281982
25165824,5062.718,training/kl_mean,0.002332238480448723
25165824,5062.718,training/learning_rate,0.0003000000142492354
25165824,5062.718,training/policy_dist_max_loc,0.8019297122955322
25165824,5062.718,training/policy_dist_max_std,1.358994960784912
25165824,5062.718,training/policy_dist_mean_loc,-0.13262370228767395
25165824,5062.718,training/policy_dist_mean_std,0.7433618307113647
25165824,5062.718,training/policy_dist_min_loc,-1.1084812879562378
25165824,5062.718,training/policy_dist_min_std,0.32933858036994934
25165824,5062.718,training/policy_loss,-0.000723233912140131
25165824,5062.718,training/total_loss,4.301333427429199
25165824,5062.718,training/v_loss,4.4166460037231445
25165824,5062.718,eval/episode_reward,241.5494842529297
25165824,5062.718,eval/episode_reward/ctrl,-0.2394537776708603
25165824,5062.718,eval/episode_reward/forward,344.57623291015625
25165824,5062.718,eval/episode_reward/joint,-0.08328530192375183
25165824,5062.718,eval/episode_reward/orient,-102.70372772216797
25165824,5062.718,eval/episode_reward/total,241.5494842529297
25165824,5062.718,eval/episode_state/forward_vel,0.211264967918396
25165824,5062.718,eval/episode_state/up_z,926.4522705078125
25165824,5062.718,eval/episode_reward_std,326.4350891113281
25165824,5062.718,eval/episode_reward/ctrl_std,0.0015725592384114861
25165824,5062.718,eval/episode_reward/forward_std,19.146509170532227
25165824,5062.718,eval/episode_reward/joint_std,0.004717420786619186
25165824,5062.718,eval/episode_reward/orient_std,318.5447998046875
25165824,5062.718,eval/episode_reward/total_std,326.4350891113281
25165824,5062.718,eval/episode_state/forward_vel_std,11.030771255493164
25165824,5062.718,eval/episode_state/up_z_std,174.09828186035156
25165824,5062.718,eval/avg_episode_length,1000.0
25165824,5062.718,eval/std_episode_length,0.0
25165824,5062.718,eval/epoch_eval_time,35.34533333778381
25165824,5062.718,eval/sps,905.3528989014319
25690112,5139.307,episode/sps,4682.876887294339
25690112,5139.307,episode/length,1000.0
25690112,5139.307,episode/reward/ctrl,-0.23943391010165216
25690112,5139.307,episode/reward/forward,349.08280059814456
25690112,5139.307,episode/reward/joint,-0.08227827772498131
25690112,5139.307,episode/reward/orient,-21.207483193576337
25690112,5139.307,episode/reward/total,327.55355072021484
25690112,5139.307,episode/state/forward_vel,3.446897932216525
25690112,5139.307,episode/state/up_z,969.1956170654297
25690112,5139.307,episode/sum_reward,327.55355072021484
25690112,5139.307,episode/entropy_loss,-0.11467624895274639
25690112,5139.307,episode/kl_mean,0.0024231565769878218
25690112,5139.307,episode/learning_rate,0.0003000000142492354
25690112,5139.307,episode/policy_dist_max_loc,0.7750125247240066
25690112,5139.307,episode/policy_dist_max_std,1.3545850241184234
25690112,5139.307,episode/policy_dist_mean_loc,-0.1310665688663721
25690112,5139.307,episode/policy_dist_mean_std,0.7434862852096558
25690112,5139.307,episode/policy_dist_min_loc,-1.057793030142784
25690112,5139.307,episode/policy_dist_min_std,0.33202547758817674
25690112,5139.307,episode/policy_loss,-0.000606459576447378
25690112,5139.307,episode/total_loss,6.092784817814827
25690112,5139.307,episode/v_loss,6.2080674850940705
25690112,5175.235,eval/walltime,1646.4405455589294
25690112,5175.235,training/sps,6844.783125050767
25690112,5175.235,training/walltime,3516.346084833145
25690112,5175.235,training/entropy_loss,-0.11530321836471558
25690112,5175.235,training/kl_mean,0.002340145641937852
25690112,5175.235,training/learning_rate,0.0003000000142492354
25690112,5175.235,training/policy_dist_max_loc,0.7791683077812195
25690112,5175.235,training/policy_dist_max_std,1.3387036323547363
25690112,5175.235,training/policy_dist_mean_loc,-0.12344395369291306
25690112,5175.235,training/policy_dist_mean_std,0.7449314594268799
25690112,5175.235,training/policy_dist_min_loc,-1.0911991596221924
25690112,5175.235,training/policy_dist_min_std,0.3349683880805969
25690112,5175.235,training/policy_loss,-0.0005013123154640198
25690112,5175.235,training/total_loss,5.638945579528809
25690112,5175.235,training/v_loss,5.754749774932861
25690112,5175.235,eval/episode_reward,347.0260925292969
25690112,5175.235,eval/episode_reward/ctrl,-0.23941849172115326
25690112,5175.235,eval/episode_reward/forward,349.4661865234375
25690112,5175.235,eval/episode_reward/joint,-0.07520277053117752
25690112,5175.235,eval/episode_reward/orient,-2.1254119873046875
25690112,5175.235,eval/episode_reward/total,347.0260925292969
25690112,5175.235,eval/episode_state/forward_vel,3.5918664932250977
25690112,5175.235,eval/episode_state/up_z,978.1004638671875
25690112,5175.235,eval/episode_reward_std,20.208328247070312
25690112,5175.235,eval/episode_reward/ctrl_std,0.002254922641441226
25690112,5175.235,eval/episode_reward/forward_std,20.109825134277344
25690112,5175.235,eval/episode_reward/joint_std,0.007498185150325298
25690112,5175.235,eval/episode_reward/orient_std,2.553551197052002
25690112,5175.235,eval/episode_reward/total_std,20.208328247070312
25690112,5175.235,eval/episode_state/forward_vel_std,12.804105758666992
25690112,5175.235,eval/episode_state/up_z_std,7.58917236328125
25690112,5175.235,eval/avg_episode_length,1000.0
25690112,5175.235,eval/std_episode_length,0.0
25690112,5175.235,eval/epoch_eval_time,35.90146541595459
25690112,5175.235,eval/sps,891.3285190241627
26214400,5251.889,episode/sps,4656.911932146209
26214400,5251.889,episode/length,1000.0
26214400,5251.889,episode/reward/ctrl,-0.2395572279393673
26214400,5251.889,episode/reward/forward,349.8466616821289
26214400,5251.889,episode/reward/joint,-0.0760850615799427
26214400,5251.889,episode/reward/orient,-15.350764516592026
26214400,5251.889,episode/reward/total,334.1802346801758
26214400,5251.889,episode/state/forward_vel,4.242745644152165
26214400,5251.889,episode/state/up_z,971.5407034301758
26214400,5251.889,episode/sum_reward,334.1802346801758
26214400,5251.889,episode/entropy_loss,-0.11520624168217182
26214400,5251.889,episode/kl_mean,0.002322145996149629
26214400,5251.889,episode/learning_rate,0.0003000000142492354
26214400,5251.889,episode/policy_dist_max_loc,0.8094655442237854
26214400,5251.889,episode/policy_dist_max_std,1.3321478044986725
26214400,5251.889,episode/policy_dist_mean_loc,-0.12509785510599614
26214400,5251.889,episode/policy_dist_mean_std,0.7449211168289185
26214400,5251.889,episode/policy_dist_min_loc,-1.054999396800995
26214400,5251.889,episode/policy_dist_min_std,0.32984301060438154
26214400,5251.889,episode/policy_loss,-0.0005362019668245921
26214400,5251.889,episode/total_loss,7.465955865979194
26214400,5251.889,episode/v_loss,7.581698236465454
26214400,5287.019,eval/walltime,1681.5459167957306
26214400,5287.019,training/sps,6839.004041528743
26214400,5287.019,training/walltime,3593.0075397491455
26214400,5287.019,training/entropy_loss,-0.1158391535282135
26214400,5287.019,training/kl_mean,0.002172089647501707
26214400,5287.019,training/learning_rate,0.0003000000142492354
26214400,5287.019,training/policy_dist_max_loc,0.8563402891159058
26214400,5287.019,training/policy_dist_max_std,1.2966300249099731
26214400,5287.019,training/policy_dist_mean_loc,-0.11783899366855621
26214400,5287.019,training/policy_dist_mean_std,0.7467709183692932
26214400,5287.019,training/policy_dist_min_loc,-0.9769740104675293
26214400,5287.019,training/policy_dist_min_std,0.32521310448646545
26214400,5287.019,training/policy_loss,-0.0002974586677737534
26214400,5287.019,training/total_loss,12.206208229064941
26214400,5287.019,training/v_loss,12.322345733642578
26214400,5287.019,eval/episode_reward,354.74835205078125
26214400,5287.019,eval/episode_reward/ctrl,-0.24128498136997223
26214400,5287.019,eval/episode_reward/forward,356.13079833984375
26214400,5287.019,eval/episode_reward/joint,-0.07458096742630005
26214400,5287.019,eval/episode_reward/orient,-1.0665624141693115
26214400,5287.019,eval/episode_reward/total,354.74835205078125
26214400,5287.019,eval/episode_state/forward_vel,7.968676567077637
26214400,5287.019,eval/episode_state/up_z,981.24365234375
26214400,5287.019,eval/episode_reward_std,21.66121482849121
26214400,5287.019,eval/episode_reward/ctrl_std,0.0020717589650303125
26214400,5287.019,eval/episode_reward/forward_std,21.61475944519043
26214400,5287.019,eval/episode_reward/joint_std,0.005627162288874388
26214400,5287.019,eval/episode_reward/orient_std,0.8032509088516235
26214400,5287.019,eval/episode_reward/total_std,21.66121482849121
26214400,5287.019,eval/episode_state/forward_vel_std,13.701228141784668
26214400,5287.019,eval/episode_state/up_z_std,4.776676654815674
26214400,5287.019,eval/avg_episode_length,1000.0
26214400,5287.019,eval/std_episode_length,0.0
26214400,5287.019,eval/epoch_eval_time,35.10537123680115
26214400,5287.019,eval/sps,911.541421514843
26738688,5363.346,episode/sps,4703.990023442587
26738688,5363.346,episode/length,1000.0
26738688,5363.346,episode/reward/ctrl,-0.24038748010993005
26738688,5363.346,episode/reward/forward,348.3141879272461
26738688,5363.346,episode/reward/joint,-0.0737672308832407
26738688,5363.346,episode/reward/orient,-38.52614434868097
26738688,5363.346,episode/reward/total,309.47386627197267
26738688,5363.346,episode/state/forward_vel,3.032481755167246
26738688,5363.346,episode/state/up_z,960.2479119873046
26738688,5363.346,episode/sum_reward,309.47386627197267
26738688,5363.346,episode/entropy_loss,-0.11557794503867626
26738688,5363.346,episode/kl_mean,0.0021949011590913867
26738688,5363.346,episode/learning_rate,0.0003000000142492354
26738688,5363.346,episode/policy_dist_max_loc,0.8420245552062988
26738688,5363.346,episode/policy_dist_max_std,1.311449909210205
26738688,5363.346,episode/policy_dist_mean_loc,-0.12239277005195617
26738688,5363.346,episode/policy_dist_mean_std,0.7476439887285232
26738688,5363.346,episode/policy_dist_min_loc,-1.0337715065479278
26738688,5363.346,episode/policy_dist_min_std,0.33012412279844283
26738688,5363.346,episode/policy_loss,-0.0005128849947504933
26738688,5363.346,episode/total_loss,8.867929251194
26738688,5363.346,episode/v_loss,8.984020020961761
26738688,5398.535,eval/walltime,1716.7075142860413
26738688,5398.535,training/sps,6868.328064709898
26738688,5398.535,training/walltime,3669.341691970825
26738688,5398.535,training/entropy_loss,-0.11569288372993469
26738688,5398.535,training/kl_mean,0.0018556874711066484
26738688,5398.535,training/learning_rate,0.0003000000142492354
26738688,5398.535,training/policy_dist_max_loc,0.8916492462158203
26738688,5398.535,training/policy_dist_max_std,1.293285608291626
26738688,5398.535,training/policy_dist_mean_loc,-0.12464176118373871
26738688,5398.535,training/policy_dist_mean_std,0.7516665458679199
26738688,5398.535,training/policy_dist_min_loc,-1.0227200984954834
26738688,5398.535,training/policy_dist_min_std,0.33028125762939453
26738688,5398.535,training/policy_loss,-0.0006051391828805208
26738688,5398.535,training/total_loss,9.227622985839844
26738688,5398.535,training/v_loss,9.34391975402832
26738688,5398.535,eval/episode_reward,353.1357727050781
26738688,5398.535,eval/episode_reward/ctrl,-0.24158714711666107
26738688,5398.535,eval/episode_reward/forward,354.6414794921875
26738688,5398.535,eval/episode_reward/joint,-0.07433874160051346
26738688,5398.535,eval/episode_reward/orient,-1.189779281616211
26738688,5398.535,eval/episode_reward/total,353.1357727050781
26738688,5398.535,eval/episode_state/forward_vel,6.918417930603027
26738688,5398.535,eval/episode_state/up_z,981.6102294921875
26738688,5398.535,eval/episode_reward_std,18.456253051757812
26738688,5398.535,eval/episode_reward/ctrl_std,0.0022136482875794172
26738688,5398.535,eval/episode_reward/forward_std,18.3695125579834
26738688,5398.535,eval/episode_reward/joint_std,0.004413538612425327
26738688,5398.535,eval/episode_reward/orient_std,1.3087676763534546
26738688,5398.535,eval/episode_reward/total_std,18.456253051757812
26738688,5398.535,eval/episode_state/forward_vel_std,11.842341423034668
26738688,5398.535,eval/episode_state/up_z_std,5.164307594299316
26738688,5398.535,eval/avg_episode_length,1000.0
26738688,5398.535,eval/std_episode_length,0.0
26738688,5398.535,eval/epoch_eval_time,35.16159749031067
26738688,5398.535,eval/sps,910.0837926609593
27262976,5474.440,episode/sps,4719.308166255262
27262976,5474.440,episode/length,1000.0
27262976,5474.440,episode/reward/ctrl,-0.24142011374235153
27262976,5474.440,episode/reward/forward,352.4522360229492
27262976,5474.440,episode/reward/joint,-0.07472457505762577
27262976,5474.440,episode/reward/orient,-14.578538290560246
27262976,5474.440,episode/reward/total,337.55751739501954
27262976,5474.440,episode/state/forward_vel,5.72732629776001
27262976,5474.440,episode/state/up_z,973.4198162841797
27262976,5474.440,episode/sum_reward,337.55751739501954
27262976,5474.440,episode/entropy_loss,-0.11580582775175571
27262976,5474.440,episode/kl_mean,0.0021688762385747395
27262976,5474.440,episode/learning_rate,0.0003000000142492354
27262976,5474.440,episode/policy_dist_max_loc,0.8826145458221436
27262976,5474.440,episode/policy_dist_max_std,1.292578126192093
27262976,5474.440,episode/policy_dist_mean_loc,-0.12132469832897186
27262976,5474.440,episode/policy_dist_mean_std,0.7498589414358139
27262976,5474.440,episode/policy_dist_min_loc,-1.033858711719513
27262976,5474.440,episode/policy_dist_min_std,0.32853177964687347
27262976,5474.440,episode/policy_loss,-0.0005503714369842782
27262976,5474.440,episode/total_loss,9.354350180625916
27262976,5474.440,episode/v_loss,9.47070635318756
27262976,5509.085,eval/walltime,1751.3239197731018
27262976,5509.085,training/sps,6906.462092006676
27262976,5509.085,training/walltime,3745.2543652057648
27262976,5509.085,training/entropy_loss,-0.11594754457473755
27262976,5509.085,training/kl_mean,0.0023166374303400517
27262976,5509.085,training/learning_rate,0.0003000000142492354
27262976,5509.085,training/policy_dist_max_loc,0.9132099747657776
27262976,5509.085,training/policy_dist_max_std,1.2810213565826416
27262976,5509.085,training/policy_dist_mean_loc,-0.12089253962039948
27262976,5509.085,training/policy_dist_mean_std,0.7515604496002197
27262976,5509.085,training/policy_dist_min_loc,-1.0765116214752197
27262976,5509.085,training/policy_dist_min_std,0.3264567255973816
27262976,5509.085,training/policy_loss,-0.0006239296635612845
27262976,5509.085,training/total_loss,6.97807502746582
27262976,5509.085,training/v_loss,7.094646453857422
27262976,5509.085,eval/episode_reward,354.14141845703125
27262976,5509.085,eval/episode_reward/ctrl,-0.241815447807312
27262976,5509.085,eval/episode_reward/forward,355.96685791015625
27262976,5509.085,eval/episode_reward/joint,-0.07232285290956497
27262976,5509.085,eval/episode_reward/orient,-1.511297583580017
27262976,5509.085,eval/episode_reward/total,354.14141845703125
27262976,5509.085,eval/episode_state/forward_vel,7.741492748260498
27262976,5509.085,eval/episode_state/up_z,982.9391479492188
27262976,5509.085,eval/episode_reward_std,17.448108673095703
27262976,5509.085,eval/episode_reward/ctrl_std,0.0017025490524247289
27262976,5509.085,eval/episode_reward/forward_std,17.408653259277344
27262976,5509.085,eval/episode_reward/joint_std,0.00431597838178277
27262976,5509.085,eval/episode_reward/orient_std,1.8130637407302856
27262976,5509.085,eval/episode_reward/total_std,17.448108673095703
27262976,5509.085,eval/episode_state/forward_vel_std,11.714134216308594
27262976,5509.085,eval/episode_state/up_z_std,5.354972839355469
27262976,5509.085,eval/avg_episode_length,1000.0
27262976,5509.085,eval/std_episode_length,0.0
27262976,5509.085,eval/epoch_eval_time,34.61640548706055
27262976,5509.085,eval/sps,924.4171816730495
27787264,5584.812,episode/sps,4750.163782473823
27787264,5584.812,episode/length,1000.0
27787264,5584.812,episode/reward/ctrl,-0.2419190602004528
27787264,5584.812,episode/reward/forward,348.0588647460938
27787264,5584.812,episode/reward/joint,-0.0730384373292327
27787264,5584.812,episode/reward/orient,-4.4059603698551655
27787264,5584.812,episode/reward/total,343.3379328918457
27787264,5584.812,episode/state/forward_vel,2.6301546421647073
27787264,5584.812,episode/state/up_z,979.9570654296875
27787264,5584.812,episode/sum_reward,343.3379328918457
27787264,5584.812,episode/entropy_loss,-0.11585004396736621
27787264,5584.812,episode/kl_mean,0.0019833425345132127
27787264,5584.812,episode/learning_rate,0.0003000000142492354
27787264,5584.812,episode/policy_dist_max_loc,0.9190168154239654
27787264,5584.812,episode/policy_dist_max_std,1.283425874710083
27787264,5584.812,episode/policy_dist_mean_loc,-0.12249853700399399
27787264,5584.812,episode/policy_dist_mean_std,0.7517727160453797
27787264,5584.812,episode/policy_dist_min_loc,-1.067433522939682
27787264,5584.812,episode/policy_dist_min_std,0.32547430604696276
27787264,5584.812,episode/policy_loss,-0.000593198256319738
27787264,5584.812,episode/total_loss,8.242286348342896
27787264,5584.812,episode/v_loss,8.358729627132416
27787264,5619.909,eval/walltime,1786.3979704380035
27787264,5619.909,training/sps,6922.667026234395
27787264,5619.909,training/walltime,3820.989338159561
27787264,5619.909,training/entropy_loss,-0.11591315269470215
27787264,5619.909,training/kl_mean,0.0016734650125727057
27787264,5619.909,training/learning_rate,0.0003000000142492354
27787264,5619.909,training/policy_dist_max_loc,0.9629641771316528
27787264,5619.909,training/policy_dist_max_std,1.272202968597412
27787264,5619.909,training/policy_dist_mean_loc,-0.12215835601091385
27787264,5619.909,training/policy_dist_mean_std,0.7524269819259644
27787264,5619.909,training/policy_dist_min_loc,-1.1122819185256958
27787264,5619.909,training/policy_dist_min_std,0.315671443939209
27787264,5619.909,training/policy_loss,-0.0005136991385370493
27787264,5619.909,training/total_loss,7.8932342529296875
27787264,5619.909,training/v_loss,8.009660720825195
27787264,5619.909,eval/episode_reward,293.36016845703125
27787264,5619.909,eval/episode_reward/ctrl,-0.2422766536474228
27787264,5619.909,eval/episode_reward/forward,350.4277038574219
27787264,5619.909,eval/episode_reward/joint,-0.07316411286592484
27787264,5619.909,eval/episode_reward/orient,-56.752044677734375
27787264,5619.909,eval/episode_reward/total,293.36016845703125
27787264,5619.909,eval/episode_state/forward_vel,4.593635559082031
27787264,5619.909,eval/episode_state/up_z,951.72802734375
27787264,5619.909,eval/episode_reward_std,322.4614562988281
27787264,5619.909,eval/episode_reward/ctrl_std,0.0022296439856290817
27787264,5619.909,eval/episode_reward/forward_std,25.48309326171875
27787264,5619.909,eval/episode_reward/joint_std,0.005844061262905598
27787264,5619.909,eval/episode_reward/orient_std,308.6489562988281
27787264,5619.909,eval/episode_reward/total_std,322.4614562988281
27787264,5619.909,eval/episode_state/forward_vel_std,15.774304389953613
27787264,5619.909,eval/episode_state/up_z_std,164.9242706298828
27787264,5619.909,eval/avg_episode_length,1000.0
27787264,5619.909,eval/std_episode_length,0.0
27787264,5619.909,eval/epoch_eval_time,35.07405066490173
27787264,5619.909,eval/sps,912.3554135713813
28311552,5696.069,episode/sps,4712.407239214622
28311552,5696.069,episode/length,1000.0
28311552,5696.069,episode/reward/ctrl,-0.2422155646979809
28311552,5696.069,episode/reward/forward,348.90352294921877
28311552,5696.069,episode/reward/joint,-0.0737771214544773
28311552,5696.069,episode/reward/orient,-42.7302526140213
28311552,5696.069,episode/reward/total,305.85723205566404
28311552,5696.069,episode/state/forward_vel,3.4962662017345427
28311552,5696.069,episode/state/up_z,960.4695616149902
28311552,5696.069,episode/sum_reward,305.85723205566404
28311552,5696.069,episode/entropy_loss,-0.11607727579772473
28311552,5696.069,episode/kl_mean,0.0020854148489888756
28311552,5696.069,episode/learning_rate,0.0003000000142492354
28311552,5696.069,episode/policy_dist_max_loc,0.9725355750322342
28311552,5696.069,episode/policy_dist_max_std,1.2623721849918366
28311552,5696.069,episode/policy_dist_mean_loc,-0.11871144965291024
28311552,5696.069,episode/policy_dist_mean_std,0.752705112695694
28311552,5696.069,episode/policy_dist_min_loc,-1.0448808443546296
28311552,5696.069,episode/policy_dist_min_std,0.31970485001802446
28311552,5696.069,episode/policy_loss,-0.000558475439393078
28311552,5696.069,episode/total_loss,7.493493115901947
28311552,5696.069,episode/v_loss,7.610128886699677
28311552,5731.306,eval/walltime,1821.609678030014
28311552,5731.306,training/sps,6883.390105056388
28311552,5731.306,training/walltime,3897.1564581394196
28311552,5731.306,training/entropy_loss,-0.11640733480453491
28311552,5731.306,training/kl_mean,0.0021863505244255066
28311552,5731.306,training/learning_rate,0.0003000000142492354
28311552,5731.306,training/policy_dist_max_loc,1.0419175624847412
28311552,5731.306,training/policy_dist_max_std,1.2290645837783813
28311552,5731.306,training/policy_dist_mean_loc,-0.1124446839094162
28311552,5731.306,training/policy_dist_mean_std,0.7542253136634827
28311552,5731.306,training/policy_dist_min_loc,-0.9428693056106567
28311552,5731.306,training/policy_dist_min_std,0.3160019516944885
28311552,5731.306,training/policy_loss,-0.00044759782031178474
28311552,5731.306,training/total_loss,7.466042518615723
28311552,5731.306,training/v_loss,7.582897186279297
28311552,5731.306,eval/episode_reward,346.35638427734375
28311552,5731.306,eval/episode_reward/ctrl,-0.24295446276664734
28311552,5731.306,eval/episode_reward/forward,351.38525390625
28311552,5731.306,eval/episode_reward/joint,-0.07245413959026337
28311552,5731.306,eval/episode_reward/orient,-4.713522911071777
28311552,5731.306,eval/episode_reward/total,346.35638427734375
28311552,5731.306,eval/episode_state/forward_vel,5.028486251831055
28311552,5731.306,eval/episode_state/up_z,978.7702026367188
28311552,5731.306,eval/episode_reward_std,27.24427032470703
28311552,5731.306,eval/episode_reward/ctrl_std,0.0023130690678954124
28311552,5731.306,eval/episode_reward/forward_std,22.13957405090332
28311552,5731.306,eval/episode_reward/joint_std,0.0046081580221652985
28311552,5731.306,eval/episode_reward/orient_std,17.11172103881836
28311552,5731.306,eval/episode_reward/total_std,27.24427032470703
28311552,5731.306,eval/episode_state/forward_vel_std,13.67813777923584
28311552,5731.306,eval/episode_state/up_z_std,17.04921531677246
28311552,5731.306,eval/avg_episode_length,1000.0
28311552,5731.306,eval/std_episode_length,0.0
28311552,5731.306,eval/epoch_eval_time,35.2117075920105
28311552,5731.306,eval/sps,908.788644128715
28835840,5800.091,episode/sps,5040.159274088596
28835840,5800.091,episode/length,1000.0
28835840,5800.091,episode/reward/ctrl,-0.24212128937244415
28835840,5800.091,episode/reward/forward,350.7055551147461
28835840,5800.091,episode/reward/joint,-0.07120901234447956
28835840,5800.091,episode/reward/orient,-22.38184382878244
28835840,5800.091,episode/reward/total,328.010373840332
28835840,5800.091,episode/state/forward_vel,4.8627836336195465
28835840,5800.091,episode/state/up_z,969.9568829345703
28835840,5800.091,episode/sum_reward,328.010373840332
28835840,5800.091,episode/entropy_loss,-0.11624459266662597
28835840,5800.091,episode/kl_mean,0.0019406550067651552
28835840,5800.091,episode/learning_rate,0.0003000000142492354
28835840,5800.091,episode/policy_dist_max_loc,1.0177859461307526
28835840,5800.091,episode/policy_dist_max_std,1.2571901857852936
28835840,5800.091,episode/policy_dist_mean_loc,-0.1161138368397951
28835840,5800.091,episode/policy_dist_mean_std,0.7545874375104904
28835840,5800.091,episode/policy_dist_min_loc,-1.0300710892677307
28835840,5800.091,episode/policy_dist_min_std,0.3159582218527794
28835840,5800.091,episode/policy_loss,-0.0006165543168754084
28835840,5800.091,episode/total_loss,6.725562303066254
28835840,5800.091,episode/v_loss,6.842423458099365
28835840,5834.029,eval/walltime,1855.5254509449005
28835840,5834.029,training/sps,7621.325296093674
28835840,5834.029,training/walltime,3965.948693037033
28835840,5834.029,training/entropy_loss,-0.11645279079675674
28835840,5834.029,training/kl_mean,0.0018111167009919882
28835840,5834.029,training/learning_rate,0.0003000000142492354
28835840,5834.029,training/policy_dist_max_loc,1.0619252920150757
28835840,5834.029,training/policy_dist_max_std,1.2689738273620605
28835840,5834.029,training/policy_dist_mean_loc,-0.11280984431505203
28835840,5834.029,training/policy_dist_mean_std,0.7573765516281128
28835840,5834.029,training/policy_dist_min_loc,-1.028175711631775
28835840,5834.029,training/policy_dist_min_std,0.31630638241767883
28835840,5834.029,training/policy_loss,-0.0007691088248975575
28835840,5834.029,training/total_loss,4.734029769897461
28835840,5834.029,training/v_loss,4.851251602172852
28835840,5834.029,eval/episode_reward,310.3387145996094
28835840,5834.029,eval/episode_reward/ctrl,-0.24254675209522247
28835840,5834.029,eval/episode_reward/forward,348.77459716796875
28835840,5834.029,eval/episode_reward/joint,-0.06998861581087112
28835840,5834.029,eval/episode_reward/orient,-38.12331008911133
28835840,5834.029,eval/episode_reward/total,310.3387145996094
28835840,5834.029,eval/episode_state/forward_vel,3.7819910049438477
28835840,5834.029,eval/episode_state/up_z,959.0338134765625
28835840,5834.029,eval/episode_reward_std,147.22068786621094
28835840,5834.029,eval/episode_reward/ctrl_std,0.0025168333668261766
28835840,5834.029,eval/episode_reward/forward_std,19.703514099121094
28835840,5834.029,eval/episode_reward/joint_std,0.004548175726085901
28835840,5834.029,eval/episode_reward/orient_std,140.70123291015625
28835840,5834.029,eval/episode_reward/total_std,147.22068786621094
28835840,5834.029,eval/episode_state/forward_vel_std,12.748891830444336
28835840,5834.029,eval/episode_state/up_z_std,82.17198181152344
28835840,5834.029,eval/avg_episode_length,1000.0
28835840,5834.029,eval/std_episode_length,0.0
28835840,5834.029,eval/epoch_eval_time,33.915772914886475
28835840,5834.029,eval/sps,943.5138064022833
29360128,5910.504,episode/sps,4748.450638084037
29360128,5910.504,episode/length,1000.0
29360128,5910.504,episode/reward/ctrl,-0.24241204112768172
29360128,5910.504,episode/reward/forward,350.1784457397461
29360128,5910.504,episode/reward/joint,-0.07087546400725842
29360128,5910.504,episode/reward/orient,-11.373094271421433
29360128,5910.504,episode/reward/total,338.4920150756836
29360128,5910.504,episode/state/forward_vel,4.3645480410754685
29360128,5910.504,episode/state/up_z,976.2736224365234
29360128,5910.504,episode/sum_reward,338.4920150756836
29360128,5910.504,episode/entropy_loss,-0.1164991394430399
29360128,5910.504,episode/kl_mean,0.002085046542051714
29360128,5910.504,episode/learning_rate,0.0003000000142492354
29360128,5910.504,episode/policy_dist_max_loc,1.0535615396499634
29360128,5910.504,episode/policy_dist_max_std,1.261573522090912
29360128,5910.504,episode/policy_dist_mean_loc,-0.11090831480920314
29360128,5910.504,episode/policy_dist_mean_std,0.7559640592336655
29360128,5910.504,episode/policy_dist_min_loc,-1.0120269131660462
29360128,5910.504,episode/policy_dist_min_std,0.3174171459674835
29360128,5910.504,episode/policy_loss,-0.0006464478492853231
29360128,5910.504,episode/total_loss,5.904734669923783
29360128,5910.504,episode/v_loss,6.021880235671997
29360128,5945.180,eval/walltime,1890.1795437335968
29360128,5945.180,training/sps,6854.944797055598
29360128,5945.180,training/walltime,4042.4318764209747
29360128,5945.180,training/entropy_loss,-0.11668040603399277
29360128,5945.180,training/kl_mean,0.0020720725879073143
29360128,5945.180,training/learning_rate,0.0003000000142492354
29360128,5945.180,training/policy_dist_max_loc,1.068668246269226
29360128,5945.180,training/policy_dist_max_std,1.2868585586547852
29360128,5945.180,training/policy_dist_mean_loc,-0.10640445351600647
29360128,5945.180,training/policy_dist_mean_std,0.7565896511077881
29360128,5945.180,training/policy_dist_min_loc,-1.068446159362793
29360128,5945.180,training/policy_dist_min_std,0.318913996219635
29360128,5945.180,training/policy_loss,-0.0007089976570568979
29360128,5945.180,training/total_loss,5.219195365905762
29360128,5945.180,training/v_loss,5.336584091186523
29360128,5945.180,eval/episode_reward,336.74566650390625
29360128,5945.180,eval/episode_reward/ctrl,-0.24276961386203766
29360128,5945.180,eval/episode_reward/forward,343.2140808105469
29360128,5945.180,eval/episode_reward/joint,-0.0703912079334259
29360128,5945.180,eval/episode_reward/orient,-6.15521764755249
29360128,5945.180,eval/episode_reward/total,336.74566650390625
29360128,5945.180,eval/episode_state/forward_vel,0.3575986623764038
29360128,5945.180,eval/episode_state/up_z,978.3800048828125
29360128,5945.180,eval/episode_reward_std,42.23344802856445
29360128,5945.180,eval/episode_reward/ctrl_std,0.0021791255567222834
29360128,5945.180,eval/episode_reward/forward_std,24.803251266479492
29360128,5945.180,eval/episode_reward/joint_std,0.005335046909749508
29360128,5945.180,eval/episode_reward/orient_std,27.003511428833008
29360128,5945.180,eval/episode_reward/total_std,42.23344802856445
29360128,5945.180,eval/episode_state/forward_vel_std,15.24022102355957
29360128,5945.180,eval/episode_state/up_z_std,21.935056686401367
29360128,5945.180,eval/avg_episode_length,1000.0
29360128,5945.180,eval/std_episode_length,0.0
29360128,5945.180,eval/epoch_eval_time,34.65409278869629
29360128,5945.180,eval/sps,923.4118519598926
29884416,6020.580,episode/sps,4762.945356569049
29884416,6020.580,episode/length,1000.0
29884416,6020.580,episode/reward/ctrl,-0.24255653858184814
29884416,6020.580,episode/reward/forward,349.3236233520508
29884416,6020.580,episode/reward/joint,-0.07032949209213257
29884416,6020.580,episode/reward/orient,-14.947957105189563
29884416,6020.580,episode/reward/total,334.0627264404297
29884416,6020.580,episode/state/forward_vel,4.118197922855615
29884416,6020.580,episode/state/up_z,975.0781414794922
29884416,6020.580,episode/sum_reward,334.0627264404297
29884416,6020.580,episode/entropy_loss,-0.11659367248415947
29884416,6020.580,episode/kl_mean,0.0019703557522734627
29884416,6020.580,episode/learning_rate,0.0003000000142492354
29884416,6020.580,episode/policy_dist_max_loc,1.1061648404598237
29884416,6020.580,episode/policy_dist_max_std,1.2669862759113313
29884416,6020.580,episode/policy_dist_mean_loc,-0.10897324539721012
29884416,6020.580,episode/policy_dist_mean_std,0.7570908063650131
29884416,6020.580,episode/policy_dist_min_loc,-1.0563272160291672
29884416,6020.580,episode/policy_dist_min_std,0.3072213001549244
29884416,6020.580,episode/policy_loss,-0.0007423141672916244
29884416,6020.580,episode/total_loss,5.405689373016357
29884416,6020.580,episode/v_loss,5.523025352954864
29884416,6056.169,eval/walltime,1925.742491722107
29884416,6056.169,training/sps,6952.673338658411
29884416,6056.169,training/walltime,4117.839992761612
29884416,6056.169,training/entropy_loss,-0.11666236817836761
29884416,6056.169,training/kl_mean,0.0018318546935915947
29884416,6056.169,training/learning_rate,0.0003000000142492354
29884416,6056.169,training/policy_dist_max_loc,1.1917097568511963
29884416,6056.169,training/policy_dist_max_std,1.2469061613082886
29884416,6056.169,training/policy_dist_mean_loc,-0.10743556916713715
29884416,6056.169,training/policy_dist_mean_std,0.7574502825737
29884416,6056.169,training/policy_dist_min_loc,-1.0861462354660034
29884416,6056.169,training/policy_dist_min_std,0.28487321734428406
29884416,6056.169,training/policy_loss,-0.0007045193924568594
29884416,6056.169,training/total_loss,6.066909313201904
29884416,6056.169,training/v_loss,6.184276580810547
29884416,6056.169,eval/episode_reward,257.280517578125
29884416,6056.169,eval/episode_reward/ctrl,-0.24285024404525757
29884416,6056.169,eval/episode_reward/forward,348.92254638671875
29884416,6056.169,eval/episode_reward/joint,-0.07047715783119202
29884416,6056.169,eval/episode_reward/orient,-91.32836151123047
29884416,6056.169,eval/episode_reward/total,257.280517578125
29884416,6056.169,eval/episode_state/forward_vel,4.27210807800293
29884416,6056.169,eval/episode_state/up_z,936.6419677734375
29884416,6056.169,eval/episode_reward_std,503.91290283203125
29884416,6056.169,eval/episode_reward/ctrl_std,0.0024674581363797188
29884416,6056.169,eval/episode_reward/forward_std,19.878530502319336
29884416,6056.169,eval/episode_reward/joint_std,0.0059340232983231544
29884416,6056.169,eval/episode_reward/orient_std,501.5434875488281
29884416,6056.169,eval/episode_reward/total_std,503.91290283203125
29884416,6056.169,eval/episode_state/forward_vel_std,12.666674613952637
29884416,6056.169,eval/episode_state/up_z_std,257.6996154785156
29884416,6056.169,eval/avg_episode_length,1000.0
29884416,6056.169,eval/std_episode_length,0.0
29884416,6056.169,eval/epoch_eval_time,35.56294798851013
29884416,6056.169,eval/sps,899.8129179374762
30408704,6131.575,episode/sps,4723.536289434744
30408704,6131.575,episode/length,1000.0
30408704,6131.575,episode/reward/ctrl,-0.24315036565065384
30408704,6131.575,episode/reward/forward,348.15540618896483
30408704,6131.575,episode/reward/joint,-0.0709042291343212
30408704,6131.575,episode/reward/orient,-13.514151055514812
30408704,6131.575,episode/reward/total,334.3271795654297
30408704,6131.575,episode/state/forward_vel,3.423752697855234
30408704,6131.575,episode/state/up_z,975.0372467041016
30408704,6131.575,episode/sum_reward,334.3271795654297
30408704,6131.575,episode/entropy_loss,-0.11665386483073234
30408704,6131.575,episode/kl_mean,0.0021049887072877027
30408704,6131.575,episode/learning_rate,0.0003000000142492354
30408704,6131.575,episode/policy_dist_max_loc,1.1353567886352538
30408704,6131.575,episode/policy_dist_max_std,1.2680239844322205
30408704,6131.575,episode/policy_dist_mean_loc,-0.10759238556027412
30408704,6131.575,episode/policy_dist_mean_std,0.757571210861206
30408704,6131.575,episode/policy_dist_min_loc,-1.0543421304225922
30408704,6131.575,episode/policy_dist_min_std,0.30166377291083335
30408704,6131.575,episode/policy_loss,-0.0007599847043456976
30408704,6131.575,episode/total_loss,5.886148607730865
30408704,6131.575,episode/v_loss,6.003562471866608
30408704,6166.773,eval/walltime,1960.9146800041199
30408704,6166.773,training/sps,6952.202311108282
30408704,6166.773,training/walltime,4193.253218173981
30408704,6166.773,training/entropy_loss,-0.116630919277668
30408704,6166.773,training/kl_mean,0.002258752938359976
30408704,6166.773,training/learning_rate,0.0003000000142492354
30408704,6166.773,training/policy_dist_max_loc,1.1545343399047852
30408704,6166.773,training/policy_dist_max_std,1.2682955265045166
30408704,6166.773,training/policy_dist_mean_loc,-0.10861852765083313
30408704,6166.773,training/policy_dist_mean_std,0.7586487531661987
30408704,6166.773,training/policy_dist_min_loc,-1.01338529586792
30408704,6166.773,training/policy_dist_min_std,0.30060750246047974
30408704,6166.773,training/policy_loss,-0.0008135996758937836
30408704,6166.773,training/total_loss,6.600709438323975
30408704,6166.773,training/v_loss,6.7181549072265625
30408704,6166.773,eval/episode_reward,311.8853759765625
30408704,6166.773,eval/episode_reward/ctrl,-0.2433474361896515
30408704,6166.773,eval/episode_reward/forward,350.41778564453125
30408704,6166.773,eval/episode_reward/joint,-0.07277500629425049
30408704,6166.773,eval/episode_reward/orient,-38.21620559692383
30408704,6166.773,eval/episode_reward/total,311.8853759765625
30408704,6166.773,eval/episode_state/forward_vel,4.718242645263672
30408704,6166.773,eval/episode_state/up_z,959.1767578125
30408704,6166.773,eval/episode_reward_std,166.03817749023438
30408704,6166.773,eval/episode_reward/ctrl_std,0.0023262714967131615
30408704,6166.773,eval/episode_reward/forward_std,22.816585540771484
30408704,6166.773,eval/episode_reward/joint_std,0.0037921287585049868
30408704,6166.773,eval/episode_reward/orient_std,169.50120544433594
30408704,6166.773,eval/episode_reward/total_std,166.03817749023438
30408704,6166.773,eval/episode_state/forward_vel_std,13.82226848602295
30408704,6166.773,eval/episode_state/up_z_std,92.91950225830078
30408704,6166.773,eval/avg_episode_length,1000.0
30408704,6166.773,eval/std_episode_length,0.0
30408704,6166.773,eval/epoch_eval_time,35.17218828201294
30408704,6166.773,eval/sps,909.8097548955975
30932992,6242.911,episode/sps,4709.080092376756
30932992,6242.911,episode/length,1000.0
30932992,6242.911,episode/reward/ctrl,-0.24321183770895005
30932992,6242.911,episode/reward/forward,351.3882699584961
30932992,6242.911,episode/reward/joint,-0.07077944871038198
30932992,6242.911,episode/reward/orient,-11.028162150979043
30932992,6242.911,episode/reward/total,340.04611236572265
30932992,6242.911,episode/state/forward_vel,5.469918730854988
30932992,6242.911,episode/state/up_z,976.2301553344727
30932992,6242.911,episode/sum_reward,340.04611236572265
30932992,6242.911,episode/entropy_loss,-0.1166386654227972
30932992,6242.911,episode/kl_mean,0.002133376672572922
30932992,6242.911,episode/learning_rate,0.0003000000142492354
30932992,6242.911,episode/policy_dist_max_loc,1.1723668140172958
30932992,6242.911,episode/policy_dist_max_std,1.2521808624267579
30932992,6242.911,episode/policy_dist_mean_loc,-0.1076186615228653
30932992,6242.911,episode/policy_dist_mean_std,0.7583640909194946
30932992,6242.911,episode/policy_dist_min_loc,-1.0668211734294892
30932992,6242.911,episode/policy_dist_min_std,0.29771060779690744
30932992,6242.911,episode/policy_loss,-0.000801550626201788
30932992,6242.911,episode/total_loss,5.942462694644928
30932992,6242.911,episode/v_loss,6.0599029099941255
30932992,6277.341,eval/walltime,1995.3201122283936
30932992,6277.341,training/sps,6885.454870419301
30932992,6277.341,training/walltime,4269.397497653961
30932992,6277.341,training/entropy_loss,-0.11662565171718597
30932992,6277.341,training/kl_mean,0.0022183360997587442
30932992,6277.341,training/learning_rate,0.0003000000142492354
30932992,6277.341,training/policy_dist_max_loc,1.1816301345825195
30932992,6277.341,training/policy_dist_max_std,1.2378641366958618
30932992,6277.341,training/policy_dist_mean_loc,-0.10663697123527527
30932992,6277.341,training/policy_dist_mean_std,0.7590606212615967
30932992,6277.341,training/policy_dist_min_loc,-1.0906115770339966
30932992,6277.341,training/policy_dist_min_std,0.3057156205177307
30932992,6277.341,training/policy_loss,-0.0007826270302757621
30932992,6277.341,training/total_loss,5.2936296463012695
30932992,6277.341,training/v_loss,5.411037445068359
30932992,6277.341,eval/episode_reward,304.67340087890625
30932992,6277.341,eval/episode_reward/ctrl,-0.24296551942825317
30932992,6277.341,eval/episode_reward/forward,345.02166748046875
30932992,6277.341,eval/episode_reward/joint,-0.07271948456764221
30932992,6277.341,eval/episode_reward/orient,-40.032554626464844
30932992,6277.341,eval/episode_reward/total,304.67340087890625
30932992,6277.341,eval/episode_state/forward_vel,1.9805124998092651
30932992,6277.341,eval/episode_state/up_z,959.21240234375
30932992,6277.341,eval/episode_reward_std,178.98057556152344
30932992,6277.341,eval/episode_reward/ctrl_std,0.002146050799638033
30932992,6277.341,eval/episode_reward/forward_std,23.74039077758789
30932992,6277.341,eval/episode_reward/joint_std,0.005544966086745262
30932992,6277.341,eval/episode_reward/orient_std,175.3009033203125
30932992,6277.341,eval/episode_reward/total_std,178.98057556152344
30932992,6277.341,eval/episode_state/forward_vel_std,14.3889741897583
30932992,6277.341,eval/episode_state/up_z_std,95.35354614257812
30932992,6277.341,eval/avg_episode_length,1000.0
30932992,6277.341,eval/std_episode_length,0.0
30932992,6277.341,eval/epoch_eval_time,34.40543222427368
30932992,6277.341,eval/sps,930.085685057123
